大輔さんのスケートが見たい…&gt;_&lt;
アモの衣装凝ってる！
ナム君可愛い
ジー素敵だけど、胸の顔がコワイ…ごめんなさい
ナム君はくまモンなのね
ナム君とジーの優しい気遣い…
テン様素敵！品があるわ
西岡さんのコメントが素晴らしい
はにゅ〜！がんばれ！
あぁ…
いい曲だなぁ
氷上が黄色い…
素晴らしかった！でも大輔さんのスケートが見たいと思って切なくなる…
ハビ‼︎がんばれっ‼︎‼︎
ハビ凄い〜！
やったね‼︎これはキタかな…
オーサーコーチ凄いなぁ
ハビおめでとう‼︎ そして可愛いわ
リステリン21日間チャレンジ、3日目 「毎日掃除をする」を始めて今日で3日が経ちました！ 今日は床掃除(^_^) #listerine21day https://t.co/QMUetPwVza
ハーゲンダッツ ハッピーイースター CRISPY MAGICキャンペーンに参加しました！｜タルトをまわして当たりが出たら、1000名様に『白桃とベリーのタルト』6個セットをプレゼント！ #crispymagic http://t.co/LPK3SAxJeL
リステリン21日間チャレンジ、4日目 2階の本を片付けた♪ #listerine21day https://t.co/QMUetPwVza
リステリン21日間チャレンジ、5日目 紙類のお片づけをしました✨ #listerine21day https://t.co/QMUetPwVza
リステリン21日間チャレンジ、6日目 トイレ掃除を軽くしました✨ #listerine21day https://t.co/QMUetPwVza
RT @nekoatsume_tw: iOS版ver.1.2はApp Storeの審査待ちです。もうしばらくお待ちください。 http://t.co/41wzv9qlvN
リステリン21日間チャレンジ、8日目 玄関の掃除をした✨ #listerine21day https://t.co/QMUetPwVza
リステリン21日間チャレンジ、9日目 洗面所の掃除をした✨ #listerine21day https://t.co/QMUetPwVza
RT @iFigureSkatingc: Wow! This is quite impressive! 10 incredible skating footworks that will leave you speechless: http://t.co/TVbY5rhtm5 …
リステリン21日間チャレンジ、10日目 洗面所の掃除をした✨ #listerine21day https://t.co/QMUetPwVza
リステリン21日間チャレンジ、11日目 リビングの片付けをした✨ #listerine21day https://t.co/QMUetPwVza
リステリン21日間チャレンジ、12日目 棚の片付けをした✨ #listerine21day https://t.co/QMUetPwVza
リステリン21日間チャレンジ、13日目 書類を片付けた✨ #listerine21day https://t.co/QMUetPfkHC
リステリン21日間チャレンジ、14日目 「毎日掃除をする」を始めて今日で2週間が経ちました！ #listerine21day https://t.co/QMUetPwVza
リステリン21日間チャレンジ、16日目 トイレの掃除をしっかりした✨ #listerine21day https://t.co/QMUetPwVza
リステリン21日間チャレンジ、17日目 洗面所の掃除をした✨ #listerine21day https://t.co/QMUetPfkHC
リステリン21日間チャレンジ、18日目 リビングの片付けをした✨ #listerine21day https://t.co/QMUetPfkHC
リステリン21日間チャレンジ、19日目 トイレの掃除をした #listerine21day https://t.co/QMUetPfkHC
リステリン21日間チャレンジ、20日目 キッチンの片付けをした✨ #listerine21day https://t.co/QMUetPfkHC
リステリン21日間チャレンジ、21日目 「毎日掃除をする」を始めて今日で3週間が経ちました！ #listerine21day https://t.co/QMUetPwVza
リステリン21日間チャレンジ、1日目 今日から「毎日早寝早起き」を始めました！ 健康とお肌の為にがんばるっ✨ #listerine21day https://t.co/QMUetPwVza
リステリン21日間チャレンジ、2日目 2日目にして寝坊した… 今夜は早く寝るぞ〜☆ #listerine21day https://t.co/QMUetPwVza
リステリン21日間チャレンジ、3日目 「毎日早寝早起き」を始めて今日で3日が経ちました！ #listerine21day https://t.co/QMUetPwVza
リステリン21日間チャレンジ、4日目 今夜も1時には寝たい… #listerine21day https://t.co/QMUetPwVza
リステリン21日間チャレンジ、5日目 早寝早起きって難しい… でもいつもより早起きできました #listerine21day https://t.co/QMUetPwVza
リステリン21日間チャレンジ、6日目 今日も少しだけ早起きした☀️ #listerine21day https://t.co/QMUetPwVza
デジャヴュの「塗るつけまつげ」はパンダ目にならない！！ http://t.co/3pmiITEh6J http://t.co/zeVwNUXS4V
デジャヴュの「塗るつけまつげ」は連結力の高いフィルム採用でかんたんお湯オフ！ http://t.co/3pmiITEh6J http://t.co/ULJSsgN5AB
「塗るつけまつげ」ファイバーウィッグは発売から14年多くの人に愛され続ける超ロングセラー商品☆ http://t.co/3pmiITEh6J http://t.co/fs55Dxrt9D
デジャヴュ「塗るつけまつげ」はマスカラ売上史上No.1！ http://t.co/3pmiITEh6J http://t.co/63nBwfJtqw
「塗るつけまつげ」の累計売上本数の長さは東京スカイツリー10252本分！！ http://t.co/3pmiITEh6J http://t.co/u3B1OgAV35
「塗るつけまつげ」女学院の授業を受けて一番印象に残ったポイントは？自由に答えてね！ http://t.co/3pmiITEh6J http://t.co/W5eAgug9B5理科のフィルムについての動画が分かりやすかった！
リステリン21日間チャレンジ、9日目 眠いから早く寝ます！ #listerine21day https://t.co/QMUetPwVza
リステリン21日間チャレンジ、10日目 眠い… #listerine21day https://t.co/QMUetPwVza
リステリン21日間チャレンジ、11日目 今夜は早く寝るぞ〜(^^) #listerine21day https://t.co/QMUetPwVza
リステリン21日間チャレンジ、12日目 今夜も早寝する⭐️ #listerine21day https://t.co/QMUetPwVza
リステリン21日間チャレンジ、13日目 休みなのに早起きした(^_^) #listerine21day https://t.co/QMUetPwVza
リステリン21日間チャレンジ、14日目 「毎日早寝早起き」を始めて今日で2週間が経ちました！ #listerine21day https://t.co/QMUetPwVza
リステリン21日間チャレンジ、15日目 少し早起きしました☀️ #listerine21day https://t.co/QMUetPwVza
リステリン21日間チャレンジ、16日目 #listerine21day https://t.co/QMUetPwVza
リステリン21日間チャレンジ、17日目 早起きできた〜☀️ #listerine21day https://t.co/QMUetPwVza
リステリン21日間チャレンジ、18日目 少し早起きしました☀️ #listerine21day https://t.co/QMUetPwVza
リステリン21日間チャレンジ、20日目 早起きして眠い… #listerine21day https://t.co/QMUetPfkHC
リステリン21日間チャレンジ、21日目 「毎日早寝早起き」を始めて今日で3週間が経ちました！ #listerine21day https://t.co/QMUetPwVza
リステリン21日間チャレンジ、3日目 「毎日ストレッチ」を始めて今日で3日が経ちました！ #listerine21day https://t.co/QMUetPwVza
RT @singingallstars: 先ほどのツイートに誤字があったため改定いたしました、盗難被害にあった楽器まとめです。#楽器盗難 #拡散希望 #バリトンサックス #トランペット #スネアドラム http://t.co/2glIhIPDC6
RT @singingallstars: 【拡散希望】 被害にあった楽器は未だ進展はありませんが、トランペットは4本分借りるツテが見つかりました。 ただ今バリトンサックスを貸し出ししてくださる方を探しております。心当たりのある方はTwitter、FB、HP（http://t.c…
リステリン21日間チャレンジ、6日目 ラジオ体操でストレッチ⁉︎ #listerine21day https://t.co/QMUetPwVza
@minminimum こんにちは(*^_^*)少し前からフォローさせていただいてます♪綿の国星懐かしい！大好きでした☆
@minminimum minさんのイラスト大好きです♡こちらこそよろしくお願いします
@minminimum 萩尾望都先生♡ツボです
リステリン21日間チャレンジ、8日目 風邪引きました… #listerine21day https://t.co/QMUetPwVza
リステリン21日間チャレンジ、9日目 でもストレッチはしよう(*^_^*) #listerine21day https://t.co/QMUetPwVza
@minminimum キター‼︎リクエストしようかと思ってましたよ♡
リステリン21日間チャレンジ、21日目 「毎日ストレッチ」を始めて今日で3週間が経ちました！ #listerine21day https://t.co/QMUetPwVza
ペトロールズの はのうた が切なくて好き
RT @seiji_kameda: Mステのくだりは感動的。 https://t.co/2XnxlFbcVC
RT @StationCDRKelly: #Goodevening #Japan. Showing @Astro_Kimiya how to take pictures of #Earth at night. #YearInSpace http://t.co/0UpTnVtdVK
RT @StationCDRKelly: #GoodMorning #USA and #Canada! You were very colorful this morning. #YearInSpace http://t.co/F9VWxHGEm5
RT @nagoya_planet: ちなみにこの日(7/31)は今月2回めの満月＝ブルームーンです。ブルームーンという言葉は、めったにないことという意味に使われますので、めったにない日にめったにないことが起きるという、めっためったな夜ですw
RT @StationCDRKelly: #TGIF Here's a preview of tonight's rare celestial surprise. #BlueMoon on the rise. #YearInSpace http://t.co/WnKNWHTwOe
私、エッセンシャルを試したい女ですが、本当にするする髪になるのか、「朝イチ、するする髪チャレンジ！」に参加します！#朝するする http://t.co/ayIsn8tuby http://t.co/3mpSO3hEgU
私、エッセンシャルを試したい女ですが、本当にするする髪になるのか、「朝イチ、するする髪チャレンジ！」に参加します！#朝するする http://t.co/ayIsn8tuby http://t.co/tgtg2B377A
【抽選で50,000名様に！】発売前に6缶が当たる！ザ・モルツＵＭＡＭＩ実感キャンペーン！8月19日(水)9時まで実施中！ http://t.co/0GwZl4Y5E6 http://t.co/FUUXJNEqQe
RT @appa1247: その時の自分の底まで行ってタッチする。正直に向き合う 。おざなりにしていた本当の自分に出会うチャンスだとする。RT @ka0rin555: @appa1247 落ち込んだ時は伊澤さんはどうしてますか？
RT @Yano_Akiko: レクサスが作った本当に浮いてるホバーボード。Back to the future 思い出す。かなりむずかしそうですが、なんで君たちはヘルメットをかぶらんのかね！怒 ！ https://t.co/0nfYbczM9P
RT @Astro_Kimiya: 皆さんは、皆さん自身が思っている以上に能力・才能があります。苦しいときは、その才能を磨く機会が来たのだと思って頑張って下さい。「頑張れば頑張っただけ、自分の気づかないところで、将来の可能性が拡がっている。」防衛大学校の先輩の言葉でしたが、本当…
RT @umusicrock: 【#椎名林檎】「長く短い祭」Mステ出演記念！本ツイートをRTすると抽選で10名様に「長く短い祭」特製手ぬぐいをプレゼント！http://t.co/zqdWk9f3z4 #Mステ #長く短い祭 http://t.co/QTeOCkZYiz
@toshiki_hata 楽しそう♪
RT @StationCDRKelly: Day 135. #MilkyWay. You're old, dusty, gassy and warped. But beautiful. Good night from @space_station! #YearInSpace h…
@funassyi ふなっしーも何時も笑顔でいられますように( ^_^)/
RT @StationCDRKelly: #GoodMorning to those in the western #USA. Looks like there's a lot going on down there. #YearInSpace http://t.co/Zeab…
@minminimum 息子さんが早く良くなられますように🍀
RT @kenichiromogi: 東京オリンピック２０２０のエンブレム、もとのこれでいいんじゃないかと私は思う。きれいだし、かわいいし、オリジナルだし、周囲に聞くと、みんなこれが好き。 http://t.co/tTrHY2Nz0l
RT @StationCDRKelly: Happy #WorldPhotographyDay! Traveling our world 250 mi above Earth at 17,500 mph is a visionary dream. #YearInSpace ht…
北海道に行った事がないので、北海道限定を飲んでみたい♪ #ボス #レボマン #ご当地レボマン http://t.co/6Hk7UloIKe http://t.co/tOvRlUcvf6
RT @toshiki_hata: テケツが余ってます（笑）地味に凹みます。興味ある人はぜひぜひ。 https://t.co/0Jf04fxFP4
RT @Astro_Kimiya: 私が信じる、根拠のない説を聞いてもらって良いですか？「人は皆、生涯の終わりに気付くと、心が美しくなっていく。そして、自分の一生を振り返る。」美しい心で自分の行動を振返った時に、幸せと満足を覚えられればいいなぁ。と思いながら、生活しています。私…
RT @StationCDRKelly: Clear skies over much of the USA today. #GoodMorning from @Space_Station! #YearInSpace http://t.co/lahhgn5cie
@Yano_Akiko わぁ🎵懐かしいです
RT @caa_shohishacho: 【リコール速報】100円ショップSeriaを展開する(株)セリアが販売した延長コードから発煙・発火のおそれ！！すみやかに事業者に連絡を！対象製品はこちら⇒ http://t.co/aZyUHRefAc http://t.co/ghhYw…
RT @Astro_Kimiya: Egypt &amp; Orion. ナイル川はその流域が明るいので、夜でも位置がわかります。４千年以上の歴史をもつ、エジプトのピラミッドの上をISSで通過すると、とても不思議な気がします。「当時から人間は挑戦し続けて、今があるんだなぁ～」 http…
RT @Astro_Kimiya: Nagoya and Osaka) I visited these cities many times ;) やっと名古屋の写真を皆さんにお見せ出来ます。名古屋には、様々な思い出があります。楽しかった事も辛かった事も。でも大好きです！ htt…
RT @Astro_Kimiya: U.K. One of the country, which I really want to visit. ラグビー日本代表、やりましたね！本当に素晴らしい！昨日の夜、イングランドの上からシリウスと一緒に、日本の勝利を祈ったんです！ htt…
蜜柑 「妄想冬の本搾り(TM)」http://t.co/kmIuN6Hveb #本搾りなう http://t.co/NWzRnaYGdd
旦那さんが名古屋シティマラソンのエントリーに苦戦してる(T_T) エントリーできた人がうらやましいなぁ
@ravesgirl わ〜ん(&gt;_&lt;)ありがとうございます！旦那さんは未だPCの前で、トイレを我慢しながらジタバタしてますよ…
1時7分名古屋シティマラソンのエントリー受付できました！ 旦那さんお疲れ様( ´ ▽ ` )ﾉ
@ravesgirl やっとエントリーできました！夜分にお返事いただき、嬉しかったです♪旦那さんからもよろしく伝えてとの事( ´ ▽ ` )ﾉ 本当にありがとうございました
@ravesgirl ありがとうございます♡おやすみなさい
@Eguchinn 明日伺います( ´ ▽ ` )ﾉ
RT @awwcuteness: A tree full of baby bears. http://t.co/Lh14GvK56v
RT @awwcuteness: Koalas sleep cuddled in their young to protect them at all times http://t.co/6l3kwhQZWy
@Yano_Akiko チーズとディル、アボカドスライスなど如何です？
@KAGAYA_11949 素敵なお写真ありがとうございます☆ 自分が船の上で寝転んでいるように思えます( ´ ▽ ` )
邦和スポーツランドの会員イベントであっこちゃんの愛の讃歌を見て泣きそうでした
名港水上芸術花火大会、今まで見た花火大会の中で一番素晴らしかった✲ﾟ｡.(✿╹◡╹)ﾉ☆.｡₀:*ﾟ✲ﾟ*:₀｡ https://t.co/qaA9wo0vMw
RT @KAGAYA_11949: 今、望遠鏡で撮影した十五夜満月です。 今日もお疲れ様でした。明日も素敵な一日になりますように。 https://t.co/7g7sz2ib63
RT @seiji_kameda: 「そんなこともわからないの？」なんて言う前に「そんなこともわかってもらえない」自分の未熟さを反省しようぜ！😎
明日の人 ばかり聴いている（´-`）.｡oO
Happy Merry Christmas☆
@minminimum いつもながら素敵です♪ Merry Christmas！minさん( ´ ▽ ` )ﾉ
慎也君よびがかわいい
桜島っていつも噴火してるじゃん、って思ったら凄いことに(O_O)！
香りが良くて飲みやすい、伊右衛門が好き♪ #春の伊右衛門 https://t.co/DrVy6tepWY
香りが良くて飲みやすい、伊右衛門が好き♪ #春の伊右衛門 https://t.co/Ue50BGypqU
バイト終わりの昼ラテ派！ #プレボスからフレッシュラテ出ます https://t.co/ASwywQj878 https://t.co/e5DNXxSNDz
【アサヒもぎたて モニター2万名大募集】@asahibeer_jpをフォローしてこのツイートをするだけ！https://t.co/UUxUATCGTR #2万人もぎたて先行ゲット
【アサヒもぎたて モニター2万名大募集】@asahibeer_jpをフォローしてこのツイートをするだけ！https://t.co/UUxUATCGTR #2万人もぎたて先行ゲット
RT @ILOHAS: 10,000リツイート達成！ お礼に1,000名様に、#いろはす新製品 を3/14の発売日にプレゼント！&lt;応募&gt;①この投稿をリツイート②応募フォームに入力くだサイ！⇒https://t.co/yOmYIeo6Nc　#いろはすの森🌲 https://t.c…
キリッとスッキリした喉越しを期待します‼︎ #極キレ #後口キレさっぱり #食事に合う https://t.co/bJ9EH8vub3 https://t.co/RVPWdv99g1
キリッとスッキリした喉越しの期待します！ #極キレ #後口キレさっぱり #食事に合う https://t.co/bJ9EH8vub3 https://t.co/cbO6DqW5FG
私には何ができるのか… でも、忘れない！#5年目
RT @hayano: 2016/3/11 福島民報 ．1面 と32面 ぶち抜き．世界へのメッセージ掲載． https://t.co/we9AX2SEcN
発売記念 コンビニ限定！8万人に当たる！アサヒもぎたて 実感キャンペーン #アサヒもぎたて実感 https://t.co/OYlZI4NrOT https://t.co/UpqGhXOlvB
RT @michinara3: 这是一个严重事件。以下展览并无通过本人同意而举行。换句话说，这不是一个官方的展览。  これは自分と無関係でオフィシャルな展覧会ではありません！  https://t.co/12DhkeKYOe
RT @michinara3: This is an unauthorized exhibition and public relations is infringe the copyright. これは自分と無関係でオフィシャルな展覧会ではありません！  https://t.…
RT @amass_jp: 伝説のテクノポップバンド、PLASTICSが結成40周年を機に再結成ライヴを開催します。5月10日にブルーノート東京にて行われます。参加メンバーは立花ハジメ、中西俊夫、島武実ほか　https://t.co/TcqjxwflGF
ハーゲンダッツ『マカデミアナッツ』に夢中！ 冷凍庫に入る数だけGETしたい! #ハーゲンダッツ #マカデミマニア https://t.co/DQKNLU5vpE
【「クリアハイボール」モニター1万名大募集】@nikka_jpをフォローしてこのツイートをするだけ！ https://t.co/IkYLoCrZS0 #ブラックニッカクリアハイボール
@seiji_kameda トロン岬が大好きでした♪
RT @MILKWALKEE: 何で泣いとんねんって思ったけ強化選手育成のために教師やめて私財投じて、足が棒になるまでスポンサー探して、国内にバドミントンの基礎を築いた立役者なのに違法カジノなんかに手を染めてたらそら泣くわ https://t.co/rtGMbxNP93
じつは、相当なマカデミマニアです。 冷凍庫に入る数だけGETしたい! #ハーゲンダッツ #マカデミマニア https://t.co/DQKNLU5vpE
https://t.co/j7rB8pgURp
RT @asahibeer_jp: 熊本地震の被害に遭われた皆様には、心よりお見舞いを申し上げます。アサヒグループホールディングス株式会社は被災地の支援活動にお役立ていただくために、義援金1億円を寄付することを決定いたしました。被災地の一日も早い復旧を祈念いたします。 http…
RT @miori0: 小樽にはそれはもう様々なガラス細工がある。 その中でなぜこれをガラスで作ったしw部門第一位はコレ、もやし。 https://t.co/q1nWf8O153
RT @bokusonn_ryu: うわw騙されるとこだったw  今までで一番説得力のある迷惑メールだったな。  URLで気づけた。 https://t.co/18jZE9zbvl
RT @RioNiy: 現在素人に出来ることは無い。 https://t.co/gUZCxgT1do
RT @sasakisakiU: 正直、自分がこういうものを投稿したところで被災地の方々のお腹も膨れないし、喉も潤いません。意味のないことかもしれませんが、このツイートを見た人が1人でも熊本の方へ何かしよう！という気持ちにつながれば、と思います  #くまモン頑張れ絵 https…
RT @kanahei_: 自分に出来ることは絵を描くことと寄付だけですが、できることで全力応援していきます…！現地の皆さんが一日も早く日常に戻れますように…！#くまモン頑張れ絵 https://t.co/vl9ds3GBZo
RT @umegrafix: 彼は、現場に居るんじゃないかと思ってしまうんですよ。熊本がんばれ。 #くまモン頑張れ絵 https://t.co/Z3kN6e9cz9
RT @SayuriTatsuyama: どうか地震で迷子になった犬や猫たちが無事に家族の元に帰れますように。 家族の方も諦めず探してくれますように。 くまモンのご加護がありますように。#くまモン頑張れ絵 https://t.co/aLTXHJdOWT
RT @motomikyosuke: すいません私のくまモンちょっと顔こわくなっちゃったんですけど、皆さんのと同じく心は優しくて超強いですから…。 被災地と周辺の皆さまに一日も早く安全と安心が戻りますよう、心から祈っています。 #くまモン頑張れ絵 https://t.co/nd…
RT @haruharuko_haru: 自分が被災したとして、古着をもらって喜べるパターンを一生懸命考えたら、嵐からだったら嬉しいかなと思った。これから古着送ろうとしてる方は、ご自身が嵐であるかを考えてからにしてほしい。
RT @kanahei_tweet: おとうさんっこ(パラパラアニメ)【@kanahei_】 https://t.co/3w1mdz2QG7
RT @abe_naomi_: 東日本大震災のあとにメモしていた画像がでてきた！なにか役に立てばいいんですが…とどけ！熊本に！  ＃熊本　#震災時に役に立ったもの https://t.co/F8GVfnLSuq
スミノフから新商品が登場！？フレーバーを予想して、発売前に世界一速いテイスティングを楽しむチャンス！詳しくは、こちらから。 https://t.co/I5G5D3wuto
S&amp;Bゴールデンカレー　クランチスパイスだと思う！ https://t.co/SQ054OPCod #夏季限定ゴールデンカレー新商品
RT @asahibeer_jp: ＼プレミアムビール好き、集まれ！／ ドライプレミアム豊醸モニター2,000名様大募集！ @asahibeer_jp をフォローしてこのツイートをRTするだけ！ #ドライプレミアム豊醸  https://t.co/FG27GOq23u http…
RT @zion3104: Amazonからアカウントが一時的に閉鎖されましたとのメールが届いた。ログイン画面をクリックしたら個人情報入力する画面。危うく入力するところだった。URLを確認した自分えらい。今日は頭が回ってた。危なかった😨 https://t.co/5QA4JLi…
濃密ヨーグルト！食べてみたい‼︎  食べたくなったらその場で投稿！パルテノ1,000名様にプレゼント！https://t.co/hEQ9lmk7Uo #ギリシャヨーグルト #はじめてのパルテノ体験キャンペーン https://t.co/3rScq8QHZP
RT @DTRoadtoSochi: https://t.co/Tij8mgM46y
RT @carrieCdel: 猫の体を借りた心配性のお母さん。 6コマ目のふくよかな猫の仕草や表情が、妙に人間の “お母さん” くさくて、ぐっとくる。 #よまわりねこのどのコマ #夜廻り猫 https://t.co/to2vFKbsx6
RT @Snoopy: Friends since day one! https://t.co/Cp3WeHDw5C
お母さんの事を歌ったのかな…こころに染みる歌です#花束を君に
RT @Haagen_Dazs_JP: 【@Haagen_Dazs_JP】をフォロー、この投稿をRTすると抽選で100名様に新商品≪アルフォンソマンゴー＆クリーム≫4個と交換できるギフト券をプレゼント♪　＃濃厚ジューシー https://t.co/8jnDujFCoc http…
RT @caa_shohishacho: 【注目リコール情報】EUPA(ユーパ)「カーボンヒーター」(2005年～2009年製)で火災が発生! 詳しくはこちらを　=&gt;https://t.co/iRUDjcDjW7 https://t.co/ELTFBcsJXz
たまたま仕事が休みで、たまたまPON!見てたら、岡崎体育君が出てる(◎_◎)♪
RT @Haagen_Dazs_JP: 【@Haagen_Dazs_JP】をフォロー、この投稿をリツイートすると抽選で100名様に新商品ミニカップ≪ソルティバニラ＆キャラメル≫4個と交換できるギフト券をプレゼント♪ ＃ハーゲンの塩バニラ https://t.co/P2Uwvlx…
子ども達が寝て、のんびりした時間に。 #マスターズドリーム　#どんな時に飲む https://t.co/tZhecQr3lI https://t.co/cppUYnwfUW
【“おいしい水プラス 「カルピス」の乳酸菌”先行体験キャンペーン】≪抽選で1,000名様にプレゼント≫@asahiinryo_jpをフォローし、この投稿をリツイートして応募しようhttps://t.co/iw8ua0OQHV #おいしい水プラス #カルピスの乳酸菌 #運命の出会い
https://t.co/VtHLIh8VUf #ヒカルパイセンに聞け カップヌードルで好きな味は？
RT @AQUARIUS_SPORTS: ＼新発売／ #アクエリアスウォーター 本日デビュー！1000名に当たる♪  ①フォロー ②この投稿をRT ③当選結果が返信で届く！  ▼詳細 https://t.co/fQWv6Ml5VI #毎日挑戦 #アクエリアスから水がでた htt…
【“地元イキイキ十六茶セット”プレゼントキャンペーン☆】≪抽選で1,000名様にプレゼント！≫@asahiinryo_jpをフォローし、この投稿をリツイートして応募しよう！《https://t.co/uuuhkiwnOq》 #十六茶ご当地素材ブレンド
RT @AQUARIUS_SPORTS: あなたのアクティブな毎日をサポートする #アクエリアスウォーター 新発売！1000名に当たる！ ①フォロー ②この投稿をRT で結果が届く！ https://t.co/fQWv6Ml5VI #毎日挑戦 #アクエリアスから水がでた htt…
RT @AQUARIUS_SPORTS: ＼爽やかな柑橘のおいしさ／ 1000名にその場で当たる！新発売 #アクエリアスウォーター ①フォロー ②RT ③結果がすぐにわかる！ ▼詳細 https://t.co/fQWv6Ml5VI #毎日挑戦 #アクエリアスから水がでた htt…
RT @AQUARIUS_SPORTS: アクエリアスからの新提案！ #アクエリアスウォーター もう飲んだ？ 1000名に当たる！  ①フォロー ②RT ③当選結果はすぐ届く！  詳細 https://t.co/fQWv6Ml5VI #毎日挑戦 #アクエリアスから水がでた ht…
#ドクターグリップ25周年 キャンペーン実施中 https://t.co/iAIeqtX59B
RT @AQUARIUS_SPORTS: ＼1000名様に今すぐ当たる／ #アクエリアスウォーター  大人気！応募は簡単！フォローした後にこの投稿をRTするだけ♪  ▼詳細 https://t.co/fQWv6Ml5VI #毎日挑戦 #アクエリアスから水がでた https://…
RT @asahibeerkanpai: 🍺ドドーンと10万円分当たる🍺 ビール好きに“極上のKANPAI”を！このツイートをRT ＆ @asahibeerkanpai フォローで応募完了！https://t.co/wiWATFSzVS #七夕に極上の乾杯あげちゃう #七夕 h…
【KANPAI倶楽部Twitter公式アカウント開設記念】@asahibeerkanpaiをフォローしてツイートするだけ！https://t.co/XzLtI75LLT #七夕に極上の乾杯あげちゃう
＼灯台で消えた風車を発見！／ 消えた風車は、#いろはすの森 の眺めのいい灯台で見つかりました！ #いろはすの森 で消えた風車を見つけると、#いろはす が1000名様に当たる！ ▼応募 https://t.co/I7fLBTzCC0 https://t.co/LtwENC41qx
RT @AQUARIUS_SPORTS: ＼あと1週間／ 毎日当たる！ #アクエリアスウォーター フォローしてRTするだけで応募完了。結果がすぐにわかる♪フォローを忘れずに！  ▼詳細 https://t.co/fQWv6Ml5VI #毎日挑戦 #アクエリアスから水がでた ht…
RT @AQUARIUS_SPORTS: フォロー&amp;RTで毎日当たる！#アクエリアスウォーター ミネラル(ナトリウム)が、アクエリアスと同じ濃度！飲みやすいから日常にぴったり♪  詳細 https://t.co/fQWv6Ml5VI #毎日挑戦 #アクエリアスから水がでた ht…
オレンジ、グレープフルーツ、キウイでフレンチポンチする！ #オランジーナでフレンチポンチ https://t.co/128x072CTX
私が飲みたいのは、「香ばしくやさしい　お～いお茶 ほうじ茶」｜子どもと一緒に飲めるから♪ #1万人に限定パッケージプレゼント #秋を先取りお～いお茶 https://t.co/RFmHsUvSbt
ポケモンGOで子どもとお散歩だぁ！って思ったらつながらないとか…
ポケモンGOのお陰で、家族でお散歩できました♪ 夜風が気持ちよかった( ´ ▽ ` )
RT @happyturnkameda: やっターン！ちょっと特別でおしゃれな #ハッピーターン のお店「ハッピーターンズ」の 6 種類アソートセット(60個入)が10 名様に当たる！フォロー＆この投稿をRTで応募してね！ https://t.co/8s4skhd0KQ htt…
RT @CocaColaJapan: ＼金メダルおめでとう！／ RTで賞賛の気持ちを伝えよう！ このツイートのRT数だけ、Coke ONでコカ･コーラをプレゼント！ 詳細→https://t.co/YaJFZ7F4bi #THATSGOLD #GOLD #rio2016 htt…
＼がんばれ！ニッポン！／ 頑張っているみんなを見ていると涙がこぼれます。 私も頑張ろうって思えたよ！  #みんなでカンパイ https://t.co/PFcGto20bI
＼がんばれ！ニッポン！／ 日本は暑くて倒れそうだけど、 スーパードライ片手に応援してるよ〜‼︎  #みんなでカンパイ https://t.co/PFcGto20bI
＼がんばれ！ニッポン！／ 日本は暑くて倒れそうだけど、 スーパードライ片手に応援してるよ‼︎  #みんなでカンパイ https://t.co/PFcGto20bI
＼がんばれ！ニッポン！／ スーパードライ片手に応援してるよ‼︎  #みんなでカンパイ https://t.co/PFcGto20bI
RT @asahibeerkanpai: ＼今すぐＲＴで応募／ このツイートをリツイート＆ @asahibeerkanpai をフォロー！リオ2016日本代表選手団を応援しよう！目標数達成で豪華賞品当たる! #みんなでカンパイ https://t.co/ZAMhzk89bc h…
RT @nakaji_55: 椎名林檎の新曲『ジユーダム』の参加ミュージシャン  vox 椎名林檎 piano &amp; vox　 伊澤一葉 guitar &amp; vox 浮雲 bass 　 亀田誠治 drums 刄田綴色 他  おおおおおおおおーい！2020年待たずに事変復活かーい！…
すべての夜にカンパイ！「夜」といわれて、何を想像しますか？キャンペーン 【夜のどごし 9/6発売！】質問に答えて、抽選で200名様に「キリン 夜のどごし」350ml×6缶パックが当たる！ https://t.co/WALTvpgOi3
私は「餅をつく兎」を想像しました。すべての夜にカンパイ！「夜」といわれて、何を想像しますか？キャンペーン！質問に答えて「キリン 夜のどごし」を当てよう！ #夜のどごし #のどごし生  https://t.co/rw3O1JUMrs https://t.co/03D0VjWHak
#ビターズ で、いい夜を。#ビターズすだち 新発売記念キャンペーン！ https://t.co/pxq2bWAHIa https://t.co/5mCgeGmlUI
＼10,000名様に今だけ当たる！／ @asahiinryo_jpをフォロー＆このツイートをリツイートで非売品の「特別なモーニングショット」「特別な金の微糖」が当たる!　#非売品ワンダ 詳しくは、こちら→https://t.co/b6Bd6KCOuF
アッコちゃんとSMAPのひとつだけ…素敵すぎて涙出た…
20年間のミンティアの粒数は　「1087億粒！」　 #動画を見て当てようミンティア1年分キャンペーン #ミンティアコース #ミンティア特製BIGクッション入りミンティア1年分 https://t.co/Ijwcqttmrj
RT @missmakinomiya: リオパラリンピック閉会式で”東京は夜の七時”が流れてビックリ！嬉しかったなぁ〜♪
【先着8万本】シェアするだけで、先着順に氷結®を１本ゲットできるけど #絶対押すなよ #氷結ゲット #氷結 #あたらしくいこう  https://t.co/yuY4geuzr5
これから通勤！もちろん階段は一段飛ばし♪では行ってきま～す！ #アクエリアスウォーター を飲めば、毎日がちょっとアクティブ！ ▼今なら豪華グッズ当たる！ https://t.co/CRtguCb5xF #ミネラルおいしさプラスした水 https://t.co/Xqlh7JmVNG
RT @suntory: ＼#ラテベース☕と #ハーゲンダッツ🍨が1年分🙄⁉／ @suntory をフォロー＆このツイートをRTするだけで3名様に当たる😍 #365日カフェラテフロート三昧 https://t.co/CMkyHdwSnx https://t.co/48Cn50U…
未知との遭遇だ！ #レインボーマウンテンは私にとって #新レボマン発売 https://t.co/S7DEBpWfNr https://t.co/IUTIMHnjHR
未知との遭遇だ！ #レインボーマウンテンは私にとって #新レボマン発売 https://t.co/S7DEBpWfNr https://t.co/LQavpTbvgn
RT @juiceuppaint: ＼ジュースアップ&amp;ジュースペイント発売キャンペーン実施中♪／新感覚の濃くやわらかな書き味の激細ボールペンと六角形で握りやすいカラフルマーカーだよ★今ならなんと1,000名にジュースアップ3本+白黒パンダノートが当たるよ!!https://t.…
Juice up＆Juice Paint 発売記念キャンペーン！白黒パンダノートを1000名にプレゼント中！ https://t.co/mrLPH4oH0U #カラフル鮮やかジュースアップジュースペイント
今だけプレゼント!新質感ルージュ登場! オペラ リップティント「甘すぎない 王道コーラルピンク」05 コーラルピンク/人気モデルのオススメカラーをシェアして現品GET! https://t.co/S7vdMab07d #OPERACOSMETICS #リップティント
RT @suntory: ＼あと6日！その場で当たる／ フォロー＆リツイートで #年末プレモルスクラッチ に挑戦✨ 100名様にザ・プレミアム・モルツ冬の特選5種セットプレゼント🍻 毎日17時にチャレンジOK！ https://t.co/zTtSWazn3O https://t…
RT @CocaColaJapan: 体についた脂肪を減らす ＼#からだ巡茶Advance／ 1/30新登場！Twitterユーザー限定で 1万名様に発売前にプレゼント。 応募は12/20まで！ ①この投稿をリツイート ②応募フォームに入力→ https://t.co/gxfb…
RT @suntory: ＼残り14日！／ 🎊今年の締めは🎊  #サントリー年末運試し 💪  何が当たるかお楽しみ😊 豪華詰め合わせがその場で当たる🎁🎁🎁  フォロー＆リツイートでいますぐチャレンジ✨ https://t.co/85l6D5cezL https://t.co/B…
RT @suntory: ＼残り11日！／ 🎊今年の締めは🎊  #サントリー年末運試し 💪  何が当たるかお楽しみ😊 豪華詰め合わせがその場で当たる🎁🎁🎁  フォロー＆リツイートでいますぐチャレンジ✨ https://t.co/VkXYG9MMLS https://t.co/p…
RT @shimamura_gr: 毎日チャレンジ🎌 1,000円分の #しまむら グループ共通商品券を1,000名様にプレゼント🎁 応募はとっても簡単🎅❗🎄 ①しまむら公式アカウントをフォロー ②本投稿をリツイート ③しまうさサンタから結果がすぐに届くよ(°∞°)  #しまむ…
RT @shimamura_gr: 🎄しまむらグループ共通商品券が1,000名様に当たる🎄 @shimamura_grをフォローしてこの投稿をリツイート❗ すぐに結果が届くよ💌12/25(日)まで🎅  ❄☃お得情報公開中☃❄ https://t.co/KIPRIF3mND  #…
RT @naturie_imju: ＼合計365名！フォロー＆ＲＴで毎日当たる！／ ナチュリエからのクリスマスプレゼント♪ ハトムギ化粧水＆ハトムギ保湿ジェルがセットで当たる！この季節にうれしいうるぷる感をGETしよう● #ハトムギ化粧水に願いを　#クリスマスボックス http…
RT @Panasonic_cp: 🎄#パナソニックに願いを🎄 豪華賞品が毎日200名以上に当たる🎁 4Kビエラが当たるかも ①フォロー ②本投稿をリツイート ③すぐに結果が届く 規約はこちら https://t.co/urSR53WkeC #クラパナコイン https://t…
RT @asahiinryo_jp: みんなでRT数を達成して豪華賞品をGETしよう！ @asahiinryo_jp をフォロー＆この投稿をRTするだけで応募完了！年末年始にピッタリな豪華賞品が当たる！#Wのトクホで健康を応援 #アサヒ飲料に願いを ▽詳細はこちら▽ https…
RT @GalaxyMobileJP: 🎁リツイートするだけでハワイ旅行、カリフォルニア旅行などが当たるチャンス🎁 ①フォロー ②リツイート ③結果がすぐに届く！ #Galaxyに願いを #クリスマスボックス 詳細👉https://t.co/0Iy8ECgoyM https:/…
RT @iRobot_Style: ☆iRobotからのクリスマスプレゼント☆ ＜ぞうきん掛けのスッキリ感、毎日つづく。＞ 12/11までに@iRobot_Styleをフォロー&amp;RTしてくれた方の中からブラーバ ジェットが当たる！ #ルンバとブラーバに願いを　#クリスマスボック…
RT @KITKATJapan: ＼🎄フォロー＆RTで2000名様にその場で当たる🎅／ "キットカット 毎日の贅沢"と"キットカット ショコラトリー"の詰め合わせをプレゼント🎁フォロー後にリツイートしてくださいね！結果はすぐにわかります。 #キットカットに願いを https:/…
RT @takarakuji_qoo: ＼結果がすぐわかる！／ @takarakuji_qooをフォローしてリツイートするだけ！ 詳しくは⇒https://t.co/weq2jVQM0L #年末ジャンボプチに願いを #クリスマスボックス https://t.co/tOBiuki…
RT @ranmaru_movie: ＼抱腹絶倒のギャグ満載映画❗／ 『TRICK』『SPEC』『20世紀少年』の堤幸彦監督最高傑作❗（※多分）ついに公開！公式をフォロー＆本ツイートをRTしてくれた人の中から抽選で20名に温泉旅行券が当たります！ #RANMARUに願いを #ク…
食洗機用洗剤ジョイ ジェルタブを今だけ現品プレゼント！ ジェルタブは、1粒で3つの効果！食器の強力洗浄だけでなく、食洗機の強力洗浄、除菌も！ さらにお友達に紹介すると、ストウブのココットが当たるチャンスも！ 応募はこちら → https://t.co/tTmv4o9gpE、
RT @CocaColaJapan: #ひと味違う新フレーバー は【しょうが】 “コカ･コーラ ジンジャー”登場を記念して、抽選でさらに1,000名様に発売前にプレゼント！ この投稿をリツイート＆フォーム入力https://t.co/4xq8g2nFQOで応募しよう♪12/26…
RT @pockypretz11: #ピスケとうさぎのポッキー劇場 第3話 イチゴコスプレしたけど、ピスケの反応を見られずつまらなそうなうさぎ。RTして、イチゴうさぎの姿をピスケに届けよう！抽選で #ポッキーミディ を10箱プレゼント♪ #目指せ1111RT 詳しくは⇒http…
林檎ちゃん！事変‼︎ 素晴らし過ぎて、嬉し過ぎて泣く˚‧º·(˚ ˃̣̣̥⌓˂̣̣̥ )‧º·˚✲ﾟ｡.☆.｡₀:*ﾟ✲ﾟ*:₀｡
RT @CocaColaJapan: ＼コカ･コーラ ジンジャー 本日発売／ キレ味するどい大人のフレーバー、#ひと味違うコカコーラジンジャー！ 発売を記念して、なんと１ケースを50名様にプレゼント！ フォロー＆リツイートで応募してね♪ 2/5(日)締切！ 詳細：https:/…
RT @Fanta_Japan: #大人のファンタ Twitter先行解禁✨  #大人のファンタピーチ🍑を発売前にオリジナルグラス🍷で味わえる、 テイスティング体験キットを100名様に。  ▼応募は1/29まで ①フォロー②この投稿をリツイート #大人のファンタ解禁 https…
夕食を作り終えたら飲みたい！ #こくしぼりプレミアム　#プレミアムな時間のお供に  https://t.co/OYbwDAf0Al https://t.co/wfMGT7tUPK
夕食を作り終えたら飲みたい！ #こくしぼりプレミアム　#プレミアムな時間のお供に  https://t.co/OYbwDAf0Al https://t.co/0PHcntXivk
夕食を作り終えた時！ #果実感アップ #新ストロングゼロ https://t.co/Lc0acPHLjE https://t.co/KojlE8YUNQ
RT @Fanta_Japan: 今日は菅田将暉さん24歳の誕生日🎉 と同時に... ファンタも大人になりました！ 味わいリッチな #大人のファンタピーチ 新発売🍑 ▼Twitter限定1ケースプレゼント！ ①フォロー②リツイート https://t.co/BCOCH9F3xR…
RT @SokenbichaJapan: ＼ #カフェインゼロでわたしらしく／ 運動・食・睡眠をテーマに、爽健美茶がヘルシーライフ情報をお届け♪ 記事を読んでみんなにも紹介しよう！ この投稿をリツイートすると #爽健美茶 1ケースがあたるキャンペーン実施中！ https://t…
RT @asahibeer_jp: ＼平日毎日１０名様に当たる！／ #エクストラハード をプレゼント！締切は３／２５　午前９時５９分まで！ ①@asahibeer_jp をフォロー ②この投稿をリツイート 詳しくは⇒ https://t.co/eKcyTvxXTs https:…
サントリー天然水から「PREMIUM MORNING TEA レモン」が新発売！最大150,000名様に当たる！ | プレモノ https://t.co/Oiwh0sA9dZ
エレカシきたー！
RT @Kirin_Brewery: ＼新商品　旅する氷結®があたるCP実施中！／ アップルオレンジサングリア、マンマレモンチーノ、カリビアンモヒートの３商品からなる旅する氷結®が新発売！フォロー＆RTでCPへ応募できます！ #旅する氷結 #旅する氷結キャンペーン 詳細→htt…
RT @asahi_mogitate: ＼抽選結果がリプライですぐわかる／ 毎日挑戦できる「もぎたてスロット」実施中！！ 　①アカウントをフォロー 　②この投稿をRT 期間中合計1,000名様にプレゼント！今すぐチャレンジ(｡･ω･)ﾉ #新もぎたてプレゼント https://…
https://t.co/p3h827SIId
RT @asahibeer_jp: ＼国産ワイン新発売／ 1,000名様に #摘みたての贅沢 が当たる！ 応募は４／１８　午前１０時まで！  ①@asahibeer_jp をフォロー ②この投稿をリツイートで応募完了！ 詳しくは⇒ https://t.co/qCwPyPf1tr…
RT @asahi_mogitate: 【リプライで当たりがわかる】 毎日挑戦できる「もぎたてスロット」キャンペーン実施中！！ ①アカウントをフォロー ②この投稿をRT レッツチャレンジ(｡･ω･)ﾉ #期間中合計1000名様に当たる #新もぎたてプレゼント https://t…
RT @noritamaxxx: 名翻訳と言われるものは数あれど、楽曲の和名ほどうっとりするものはないんではなかろうか。翻訳者不明なのもわりとときめきポイント。 https://t.co/HzsBG7z3nb
RT @ddizumi: 日本で飛行機がオーバーブッキングになった時はどういう対応になるかというのを昔、安住アナがラジオで熱く語ってたんだけど、超面白いのでまぁみんなこの書き起こし読んでよ。 ／ 安住紳一郎が語る 空港で人々を動揺させる館内放送と対処方法 https://t.c…
https://t.co/CMQ2qYwJdW #香るエール #プレモルにしてかろやか
RT @asahi_mogitate: レッツチャレンジ(｡･ω･)ﾉ  ＼リプライで当たりがわかる／ 毎日挑戦できる「もぎたてスロット」キャンペーン実施中！ ▼応募方法▼ ①アカウントをフォロー ②この投稿をRT #期間中合計1000名様に当たる #新もぎたてプレゼント ht…
顔が赤くならないように、ランチタイムに飲みたいです(^ ^) #ゼロイチはじめる  https://t.co/3LV0u8rXEB https://t.co/vPTDzT2B58
RT @asahibeer_jp: ＼抽選結果がリプライですぐわかる／ 毎日挑戦できる「金黒スロット」実施中！！ 　①アカウントをフォロー 　②この投稿をRT 期間中合計100名様にプレゼント！今すぐチャレンジ！ #金黒プレゼント https://t.co/7PbfOFXrTK…
＼目指したのは、ギュッと搾ったお店のチューハイ。／ 「本搾り(TM) 6缶セット」が抽選で300名様に当たるCP実施中！#本搾り https://t.co/P8N8VtdGDI https://t.co/7IzTjAP3Vx
地震？
#プライムリッチ プライムリッチモニター総計5万名大募集！ https://t.co/UqFVjWdmrg https://t.co/XDEezOOORu
あさいちが楽しそうで楽しい
南国のパイナップルのお酒を氷結(R)流にアレンジ。 「旅する氷結(R)6缶セット」が抽選で300名様に当たる！ #旅する氷結  https://t.co/iMKqpOMwil https://t.co/bfFvQbIUpc
折り紙ロボットが有能かつ可愛すぎる(^ ^)
いまの気分は『😊』アクエリアス クリアウォーター飲んだらすっきり 🌇 #アクエリアスクリアウォーター新登場　#すっきり味が新しい https://t.co/smnvhwRbuU https://t.co/Mcvy402BMw
もう、言葉はいらないかも？ #ステッカーで話そう とツイートしよう。 @Apple https://t.co/xfrSv1Zejh
RT @ILOHAS: ＼リニューアルした #いろはす からプレゼント！／ 今なら1,000名様に全国の採水地い･ろ･は･す6本セットや、各水源の映像をVRでダイナミックに体験できるキットが当たる！ ①フォロー&amp;この投稿をRT ②応募フォームに入力 https://t.co/0…
RT @Haagen_Dazs_JP: 【@Haagen_Dazs_JP】をフォロー、この投稿をリツイートすると抽選で100名様に新商品ミニカップ≪ヨーグルト仕立て ピーチミルク≫4個と交換できるギフト券2枚をプレゼント♪　#粗ごしピーチ https://t.co/d7DYp8…
RT @asahibeer_jp: ＼平日毎日１０名様に当たる！／ #ジャパンスペシャルプレゼント ！締切は５／２６　午前９時５９分まで！ ①@asahibeer_jp をフォロー ②この投稿をリツイート 詳しくは⇒ https://t.co/uD65gTeIva https:…
RT @okazaki_taiiku: 【MV大公開！】 大変お待たせ致しました！ 来月発売のアルバム「XXL」より 「Natural Lips」のMVを！ たった今公開しました！  外国語に聞こえる日本語詞を！ あなたは聞き取れるか！？  https://t.co/SPHQt…
