横須賀中央にロックアップがあったなんて知らなかった...  行ってみたいとこNo,1だな(° ꈊ °)✧
@CreepOyuki ゆきちゃん明日暇？
@CreepOyuki あした！！！あお！！！1時集合でええ？
@CreepOyuki リプ送った瞬間睡魔に倒されたｼｭｯ =͟͟͞͞ (¦3[▓▓] ゆきちゃんゆきちゃんゆきちゃんゆきちゃん 12時にバイトおわるからそしたらまた追って連絡する→
@a_kjn8 クラTみたいにカラーTも作るのかい💪( ᐛ💪 )？
@a_kjn8 ええなぁ、楽しそうだい☆♫ ٩( ´ᆺ｀)۶♫ ★
@fu97ball 風我きょう誕生日なの!?おめでとう(´&gt;∀&lt;｀)
@taisei_jojo 御殿場のどっかにあったよ
@taisei_jojo そんなときは、ふぁぁぁぁぁぁ (┓^ω^)┛))ﾖｲｻﾖｲｻ♪
@taisei_jojo ダンボールに入れて送ったる☆
@taisei_jojo 手続き苦手だから こんどその辺の美味しいとこいくぞ
中々久々スシローなうwithまゆか http://t.co/2NEop9oNJz
@taisei_jojo なんだ可愛いな全く
@NaoCalpis どうした
@taisei_jojo よし、美味しいとこさがしとくwwwwww
@taisei_jojo なにげにスシロー2時間もいるで
@akiomixxx えwwwwwww
@taisei_jojo 僕は6皿(のうち2皿スイーツ
@akiomixxx すいません、顔分からなくてチキりましたw
@taisei_jojo だろ☆
@taisei_jojo 普段からこんなwww
@akiomixxx よくわかったねw
@taisei_jojo すいぱらいこ
世界は恋に落ちている♪♪ 光の矢 胸を刺す 君をわかりたいんだよ ねぇーーーーーお し え て (┓^ω^)┛))
@taisei_jojo さあさぁ甘い誘惑うおおおおおお
@taisei_jojo デブ
@FSasuka これ、お菓子のほうはコンビニあるよ(° ꈊ °)✧˖°ｵﾎｯ!ファイルは配布おわっちゃった...
赤ストラトくん、いままでありがとう。 青レスポールくん、これからよろしく。 http://t.co/bTSZEzImHM
...実際いますごくテンション高い  わぁあぁぁあぁぁぁあぁぁぁぁ！！！！かっこいいいいいいい！！！！！  文化祭、このふたりと一緒に出るよう！！！！ http://t.co/elTgnRPc32
@3s_aiu ちょんぽん可愛いww
@3s_aiu さすがwww
@DasIYoSi さ、さすがに片付けだと思いますよ(இдஇ; )...やりたいですけどねww
@DasIYoSi 26日は校内祭なのですΣd(≧ω≦*)
@DasIYoSi ありがとうございます(*´∀｀*)
米が浜 火災くさい、 火事あったのかな
ぶっ倒れるかと思った
なんかもう僕のiPhone液晶、悪魔の侵食がえげつねぇ... http://t.co/KrzDmF0joJ
@kiseki_fl 最高峰の液晶、そう、iPhoneならね
@m1s0_s 険しい人生を歩いた証拠だよ(嘘です雑なだけです
@kiseki_fl 懐かしの放射状液晶割れ
@m1s0_s 次の子は大切にするよ( ･ิω･ิ)
@kiseki_fl なかなかショックでかいよなw
@taichan997 それは鬼畜の極み南無阿弥陀仏(おしゃかしゃま
@taichan997 まってよ、、あとすこし...一緒にいさせてくれ...
@kiseki_fl 最初の一撃から落とすにつれ割れが増えるね
3連休 最高になりそうだから来週から自分分改革していこうと思う、頑張る💪( ᐛ💪 )ｾｲｯ
週末はチャリかっ飛ばして7分、バイトいってきます。
@m1s0_s わぁお、ありがとうΣd(≧ω≦*) ｸﾞｯ
ごめんね、青レスポールくん、 こんなつもりじゃなかったよ... これから頑張ろうね
@naorex L・DKいいですよね٩( 'ω' )و僕も揃え中です！
集合時間の10分前に着いたよ、まだ2人とも来ないようぇーーん。僕→泉純→朋佳の順で着くよ、安定だね(╭☞•́⍛•̀)╭☞
チャリで旧校舎側まわってきたらテニスとアーチェリ頑張ってた、部活いいねぇ
@aosumisan すみかちゃんふぁぼはやい(突然のリプ
がっつりお部屋を模様替えしてみた◎ http://t.co/NqX7ffDOCW
@taisei_jojo やめて爽やかなお部屋にしたのにブッシャーーーー
@taisei_jojo 恐怖恐怖恐怖恐怖逃げっ
@taisei_jojo あの墨汁カッコイイよなぁ、一度書いてみたい
@erriad_03 でそでそ♪♪汚れ目立つから掃除機駆使w
@azutinn0 りさぁ！ありがとう♪♪
@taisei_jojo レスポール守る、部屋も、、、まもるよ!?!? お気に入りだからね、アムネシアのケントも貼ろうかな(白目
@s1410002 ありがとう✋( 'ω' )👌
@erriad_03 えりす今度おいで、みんなで遊ぼう✌('ω'✌ )三✌('ω')✌三( ✌'ω')✌
@erriad_03 横須賀٩( 'ω' )و(横浜の下らへん
@erriad_03 なかなか遠いか(･ω･`(-ω-`)..
@taisei_jojo 薄桜鬼あんましらん
@taisei_jojo (･ω･`(-ω-`)？？？
@erriad_03 いつか、交通費と時間に余裕あるときおいで♪♪美味しいごはん作れるようにしとく✌('ω'✌ )三✌('ω')✌三( ✌'ω')✌
@taisei_jojo もしかして・・・#ホモ
@taisei_jojo さすがっす、先輩...org
@kyojinnohoshi13 フォローありがとう♪耀太のお友達だよね？
今日はいろいろあったけど、なんだかんだ幸せな一日になりました◎  しゃっ、頑張っていこう╭( ･ㅂ･)و ̑̑
最近お菓子食べすぎてて顔がぷにぷにしてきてる(ﾉ)･ω･(ヾ)ﾑﾆﾑﾆ  ...超ほっぺ伸びるo&lt; ´･ω･` &gt;oﾋﾞﾛｰﾝ
@sasorinodanna3 頑張りますww
@sasorinodanna3 いま伸ばしてますよ☆高校のうちはもうショートしないつもりです(たぶん
@pon_chaka ぽんちゃか おめでとう！これからもお幸せにね( *´艸｀)画像見ていつも幸せ分けてもらってます♡♡
せっかく走っていつもの電車間に合いそうだったのに弁当忘れて帰るという屈辱_(┐「ε:)_
@smtylhcyvt このぴフォロバありがとう٩( 'ω' )و
@3s_aiu にじかんじゅぎょう...!?
@3s_aiu は、はじめて知った(先生のお話聞いてない...
@3s_aiu さいり氏すばらしいっす (┓^ω^)┛))ﾖｲｻﾖｲｻ♪
@3s_aiu あっ！！三者面談週間か！！！！！！
@3s_aiu ありがとう٩( 'ω' )و
@SMURAI_JPN 孔明ひさびさ！フォローありがとう！
@SMURAI_JPN あたり！
文化部は今が1番忙しいね(´･ω･`) 今日CAD室とベイとBラウンジを何回往復したんだろう...
@e4ri14 えりちゃん!!! ありがとう!!!多分えりちゃんのほうが忙しいよ、お疲れ様(´◦ω◦｀) 大丈夫よ、時間空いたら来てくれれば余裕♪♪
@e4ri14 わぁ、ええ子やぁ...いろいろ頑張ろうねΣd(≧ω≦*) ｸﾞｯ
@izm_q2o 辻村、僕の4日後誕生日Σd(≧ω≦*) ｸﾞｯ
@izm_q2o いぇす◎
@Chat_yuu フォローありがとうございます٩( 'ω' )و
泉純お誕生日おめでとう、生まれてきて、出会えて、楽しいとき過ごせて。これからも一緒にいよう、たくさん笑おう#izumi#誕生日#大好き http://t.co/TewSBVc2G8
終電ギリギリ、眠気爆発(覚めかけてきた..)。  堀ノ内止まりだから家まで長いぜ...
泉純が超喜んでくれて、本当に嬉しかった。素敵な誕生日にできたかな？  次の誕生日はバイト休んでな？ww
@izm_q2o 泉純のいい顔見れたよwww
@taichan997 突然だけどさ、寝癖、どうしたの http://t.co/8bP0GObL1E
@taichan997 いま、ゆきちゃんとアルバム見てて、とても気になったwwwww あほげっ
@takeaki__y フォローありがとうございます٩( 'ω' )و
@2pomPom1 誕生日なのね、おめでとうヽ('∀'*)ﾉ
@izm_q2o そう急かすでない、なかなか面倒なのである
@taichan997 文化祭いけなかった(ʘ言ʘ╬)ちゃらばし見れてないよ(ʘ言ʘ╬)
@taichan997 次いくわ(1年後
@taichan997 PPは個性派横総の中でも個性強いからな、楽しいだろ(白目
@taichan997 僕PPのうちでまともな部類だとおもうよ..::(´◦ω◦｀)::..
@taichan997 一位だと！？僕つええやん！！！すばらしいっす◎...嬉しくねぇwwwww 文化祭、丸いホットケーキ食べきてね、写真部もきてね、
@taichan997 とっ捕まえにいくから、待ってろ石橋
@taichan997 殴りたい☆
@taichan997 おれつよい
@taichan997  お、おぬし、デスガン!?
@taichan997 うっうわあぁぁぁぁ▂▅▇█▓▒░(’ω’)░▒▓█▇▅▂ →→→ｵﾌﾄｩﾝ( ˘ω˘ )ｽﾔｧ…
RT @WBC0518: デブくんなう http://t.co/smJK3kieip
@nagibass それ！買おうか迷ってた！！！ww
こやつ、なんかしとったよ。 http://t.co/FzgeHpRTWs
@sasorinodanna3 ありますよ┏( ┏ ᐛ)┓
今日結構忙しかったけど明日のほうが大変だな_(┐「ε:)_ 今日もとても楽しかった(2100拝みたかった
@sasorinodanna3 愛してるばんざーい (┓^ω^)┛))ﾖｲｻﾖｲｻ♪ iTunesの中のアルバムなんですけど、一曲だけ出します？それともアルバムごとですか？
@sasorinodanna3 そうです٩( 'ω' )وiPod自体を貸す形でもいいですがww
@sasorinodanna3 了解ですΣd(≧ω≦*)
あアイフォン壊れました。使えないです。把握よろしくお願いします
@O731Hajime もうね、画面が見えない。
そしてLINE使えない不便さな...
@BomberYasu 詰んでる、PC使うけど通知とか開かないと出ないしなｗｗ
@taichan997 ぼく9：30から演奏するで来て
@taichan997 あとは10：00から30分　写真部の受付するで来て（黒目
@Himagon0502 うしろのとよPにジワる
今日も楽しかったから明日はもっといい日にしよう(/・ω・)/
iPhone6に進化しました(✿´ ꒳ ` ) 連絡とれます♪♪
@uchisuke_bot 曲がる...ですと！？
@O731Hajime ありがとさん
@annnamotono ありがとうございます(´｡✪ω✪｡｀)お疲れ様でした♡
ささっきーに撮ってもらった◎ 文化祭、一緒に撮ってくれた人ありがとう！幸せ！#文化祭#izumi http://t.co/4QZCJjmw70
@0530saeka さえがぁぁあぁ(┓^ω^)┛))ﾖｲｻﾖｲｻ♪鼻血吸い込めうぇぇぇ _(´ ཀ`」 ∠):_
@0530saeka じゃあイチゴも用意しとこっか💪( ᐛ💪 )ｾｲｯ
@a_kjn8 @Homyuhomyu0701 @5pyoco6  一緒に写真とってくれてありがとう(*´∀｀*)ﾉ またお待ちしてます♪ww http://t.co/t2SpIgAsUn
@LoveeightBaske めいあちゃん、ありがとう(*´∀｀*) http://t.co/ItGjC1I81f
@624Ball ありがとうヽ(•̀ω•́ )ゝ http://t.co/wKky9exBUV
泉純にホルモン回されて胃がおかしくなりましたよ _(´ ཀ`」 ∠):_  でも楽しかった！6組ありがとう！ 泉純また家おいで！
@izm_q2o お腹は平気でも胃はつらいっす。 朋佳お待ちしております◎
チャリ旅した！楽しかった！筋肉痛確定◎ http://t.co/VzVU4ayhg3
@sasorinodanna3 @aosumisan とても坂が急なとこですww
@m1s0_s めっちゃ急な坂のぼったとこのトンネル！多分田浦！
@ARingo930 かりんさん！お誕生日なのね！おめでとう(┓^ω^)┛))ﾖｲｻﾖｲｻ♪楽しんで♪♪ http://t.co/0Pq6kiyPFT
今日、アスナの誕生日でもあるのか！ おめでとうヽ(•̀ω•́ )ゝ
@S15silviaTaku 久里浜→関内までかっ飛ばしてきたよww往復約65km...ありがとうw
@S15silviaTaku もうなんか力尽きたw
@ayaka1127dance @Tomoka0429 🙋
@ayaka1127dance @Tomoka0429 確定な、いつ行こう。12月の何日休みかな(せっかち
@d12_and_14d まじで！？怖くね(´◦ω◦｀)
今日まで我慢してたiPhoneいれられるやーつかったヽ(•̀ω•́ )ゝ http://t.co/M4ax5ntgyN
@d12_and_14d 昼間でも暗いし冷たかった(´◦ω◦｀)w
@sasorinodanna3 @d12_and_14d 坂きついですし！w
@sasorinodanna3 @d12_and_14d 清々しかったです！ひゅーん♪♪
@sasorinodanna3 @d12_and_14d そうですね(´◦ω◦｀)w
@0ma_yu ふぁっ！エレアコ！いけめん！わぁ！
@u_muttered 髪型が神型
@u_muttered まっしゅ素敵です(┓^ω^)┛))ﾖｲｻﾖｲｻ♪
@u_muttered 意識高い系バンドマン...見習わなきゃ💪( ᐛ💪 )ｾｲｯ
@Himagon0502 @0ma_yu まって、こちらおいくら万円
@u_muttered そやそや！結局あの日行けなかったからな...行きますぜ！！話しますぜ！
RT @syota7217: RTした人雑に紹介する
すごく幸せな夢を見たww あれ？これ、夢だよね？現実ではないよね？ 現実にありそうでない夢でした(´◦ω◦｀)
@0ma_yu やゔぁい、ガチもんだ(僕¥8000掻き鳴らすよww
@0ma_yu お互いがんばろう💪( ᐛ💪 )ｾｲｯ
@O731Hajime すんごいどうでもいいことなんだけどさ、トプ画のはじめちゃん、白い靴じゃん？その下に影じゃん？TLにいるのみると、なんか白い長めの靴下はいて、黒い靴はいてるように見えるからなんか劇とかの衣装みたい
@0ma_yu 楽しかったね(┓^ω^)┛))またお話しよ！弾こ！w
@O731Hajime な、長い長いあはははま(長い靴下ダサいとか思ったなんていえない
@O731Hajime そうwwルーズソックスみたいwww
悩み事のこたえが見つからない(´◦ω◦｀) なんか虚しいねw星見に行きたいなぁ
@taisei_jojo さすが。りゅう座について少し調べとこ。みにいこう
@sasorinodanna3 最近ずっと考えてたことですww
@taisei_jojo へいよー、ありがとう！また中央公園いくヽ(•̀ω•́ )ゝ
@sasorinodanna3 意外ですか？w そうですね、晴れの夜きてほしいです(´◦ω◦｀)
@taisei_jojo あぉぁぁぁぁぁぁぁぁぁぁぁぁ(ウェルチじゃない http://t.co/fnYZ1ZpddB
@taisei_jojo さっき飲んだうまうま
@sasorinodanna3 どこにですか!?w
@sasorinodanna3 たぶん明後日の今は寝てますw
@taisei_jojo ないすあいでぃーあ
@sasorinodanna3 ご、ご自由に？ww
ついに、、、あのはな、買ってしまった(´｡✪ω✪｡｀) http://t.co/a8UhSB0iNa
@9315arato フォローありがとうございますヽ(•̀ω•́ )ゝ
暇なときはお掃除してるから、どんどん綺麗になってく(*ΦωΦ*)  たまにはクッキー作ったよ http://t.co/hAHNKGb0Tv
実は15こくらい作ったんだ、半分以上食べちゃった(´◦ω◦｀)
明日の夜は台風過ぎて空が綺麗なはず...！ 大好きな場所行こうかな(┓^ω^)┛))ﾖｲｻﾖｲｻ♪
@sasorinodanna3 何回行っても飽きませんよw
@sasorinodanna3 え、あ、はい。w
@WBC0518 10日だったはず
@S15silviaTaku @WBC0518 いまから頑張れば平気っしょ(´◦ω◦｀)ww 柴ちゃんお誕生日おめでとう、祝ってもらいなwwww
@S15silviaTaku @WBC0518 待ってろよっ💪( ᐛ💪 )ｾｲｯ
@wam_onster ドールカルチャー展いくの！？
起きたら素晴らしい空が広がってたヽ(•̀ω•́ )ゝ あそびにいこっかな http://t.co/0Esg97Q21B
@izm_q2o なになに、あなた、中央？わたし、いたよ
とっても欲しかった 星座ヘアゴムかえた！ ああああ！やぎ座だよ！！！可愛い！！！ http://t.co/2cbhiTR20u
@izm_q2o 誘えばよかた
@izm_q2o また今度いこうな
@wam_onster いいなぁ(´◦ω◦｀)楽しかったかい？
@wam_onster りかちゃんも沢山？
@re_rena07 1080円だったけど、モアーズで20%引き券つかったから買えた(┓^ω^)┛))ﾖｲｻﾖｲｻ♪ほんとかわいい！！！
@nagiise かわいいよね！やぎ座生まれなのですぁ(´｡✪ω✪｡｀)
@nagiise おお！同じ♪♪誕生日いつ？
@re_rena07 だよね☆この機会にぜひモアーズ1階のお店へ(謎の宣伝
@nagiise うおおお！ニアピン！ぼく1/5だよ (⌯¤̴̶̷̀ω¤̴̶̷́)✧
@nagiise こちらこそ(ﾉ≧ڡ≦)
七香愛されてるなあ  最近会ってない会いたいね(´◦ω◦｀)
@m7tf108 なるほどwwwあなたいつ暇よ？w
@wam_onster おおおおお！かわいい(´｡✪ω✪｡｀)まだやってるようだったら見にいくわ！ありがと♪
@Samoa3055 フォローありがとうヽ(•̀ω•́ )ゝ
皆既月食は雲で見えなかったけど、今日もいい日だったヽ(•̀ω•́ )ゝ 明日もたい焼き食べよっと💪( ᐛ💪 )ｾｲｯ
@saxNao 虫酸が走る かなw
@kaitodduck わぁい！ありがとう！もちろんヽ(•̀ω•́ )ゝ
@saxNao まったく、素直じゃないなぁ(*´･ω･)(･ω･｀*)♪
@s_16ki あとスタンプ1個で溜まりますよヽ(•̀ω•́ )ゝ
@KNika1030 ふぁん？チビだと？150cm超えたからチビ脱却だぞグルァ(ʘ言ʘ╬)♪ おうよ！カレーたべたい◎
RT @POPUFO_Z: チョコミントにはまったからチョコミント食べたい
@POPUFO_Z ファミマにはチョコミントドリンク、feel mintの新商品あるぜヽ(•̀ω•́ )ゝ 美味しいよう♪♪
朋佳とバイバイしたあと、全力でチャリこいでたら久里浜→家まで20分で着いたわヽ(•̀ω•́ )ゝ 僕 どんだけ吹っ飛ばしたかったんだwwww
@Tomoka0429 こちらこそ、ありがとう(ﾉ≧ڡ≦) 一瞬壊れたけど、直ったよ♪ww
撮影後の加工なしでもこんな綺麗に撮れた◎ 朋佳とデートしたよ٩( 'ω' )و楽しかった！ http://t.co/L5uFzaUn6P
@3510_mikoto_ お魚？
@3510_mikoto_ ええなぁ( ﾟ∀ﾟ)o彡ﾟ
@taichan997 おまえさん、バイト決まったんね
@izm_q2o こっちがにやけたわぁwww現在あなたはそわそわしながら信じつつ待っていますね◎ww
@taichan997 温野菜ホカホカぁwwww ごめんww バイト決定おめでとう◎
@Tomoka0429 @izm_q2o 来なさいよ😋💓ってもう今日は終わってまったからまた近々集まるぞ？
@izm_q2o ぱっぱらっぽぅヘイヘイヨォォウ🙊
@taichan997 いくわぁ♪*(野菜は....
@izm_q2o なんでアイス僕が _(´ ཀ`」 ∠):_
@ochanshi うおお！おめでとうございます(´｡✪ω✪｡｀)
今日楽しかったヽ(•̀ω•́ )ゝ バイト→スタジアム→ランドマーク→ダイエー！！  カメラについてもっと学ぼうと思いました◎ http://t.co/4RR9FaYIvw
@m1s0_s 中央のはま寿司前ファミマおいでww
@m1s0_s 6時から10じまでいるよ☆w
@m1s0_s いぇすヽ(•̀ω•́ )ゝ そっか！おぬし久里浜だ(´◦ω◦｀)ww
ズボンに穴空いてた いつだったかチャリで転んだんだった(´◦ω◦｀)
@S15silviaTaku ありがとうwwwwハイr....あれれ？ハイr...(ﾉ≧ڡ≦)
@satorinaction りなちゃん！！！フォロバありがとう(´,,•ω•,,｀)
元気100倍きゃのんです٩( 'ω' )و お友達と漫画に助言された◎ww ありがとう！  メランコリーキッチン聴いて寝よう♪ 明日会えたらその時は素直になれたらいいな♪♪
@poppin_tamaki @wami0530 ぐお！おめでとう(´｡✪ω✪｡｀)
久々のゆきちゃん楽しかった◎ いろんなお話してきた♪  いろんな人に会えたから 元気でたヽ(•̀ω•́ )ゝ
今乗ってる電車、小手指行きだwww 去年の数1の時間思い出すねwwww
@haruki112011206 ケータイかえたん？
@haruki112011206 もいっこアカウント作ったのかヽ(•̀ω•́ )ゝ
@taka103061 フォローありがとうございます٩( 'ω' )و
今日、朝からいままで楽しいことばっかりだった！ とてもいい日だ (⌯¤̴̶̷̀ω¤̴̶̷́)✧
@PECO_kerokero あなたお誕生日なのね！おめでとう(ﾉ≧ڡ≦) 花魁応援しとるで！
明日 飴いっぱい持ってくから... キャラメルもあるから... Trick a Treat言ってほしい💪( ᐛ💪 )ｾｲｯ
@haruki112011206 どっか星見えるとこあるる？
@haruki112011206 ふぎゃwww
@haruki112011206 今度あそぼ(┓^ω^)┛))ﾖｲｻﾖｲｻ♪
電車のってた男の子のTシャツがじわる
ZIPのバカッコイイの選曲STAY GOLDやん。かっこよwwwww
@POPUFO_Z 歯磨きしてた時見ててブフォなったで🙋
@haanaa03 はなちゃん！誕生日おめでとう！！素敵なマネさんこれからも頑張ってね(┓^ω^)┛))ﾖｲｻﾖｲｻ♪楽しんで♪♪
@a03_y 唯ちゃん！！お誕生日おめでとう(ﾉ≧ڡ≦)地学頭揺れてるし眠いけど頑張ろう💪( ᐛ💪 )ｾｲｯww17歳ハッピーに過ごしてね☆ｷﾗｯ
@EpikKill 琴乃ちゃん！フォローありがと( ﾟ∀ﾟ)o彡ﾟ
@0ma_yu なぬ！？お誕生日だったんか!?おめでとう( ﾟ∀ﾟ)o彡ﾟ
@0ma_yu あらっ！おととーい！w明日お楽しみに☆ww
RT @eigacom: [映画ニュース] RADWIMPS・野田洋次郎、手塚治虫の病床日記に着想得た新作で映画初主演！ http://t.co/C5i7NmbjNT #映画 #eiga http://t.co/uDcEn9BXWs
えっ？洋次郎さん？？俳優デビュー？？👉RT
@3s_aiu 超健康的( ﾟ∀ﾟ)o彡ﾟ www
@baseball_t_1108 たなかたくみはっぴーばーすでヽ(•̀ω•́ )ゝ
@taku1108a あっくん誕生日おめでとう( ﾟ∀ﾟ)o彡ﾟ
@baseball_t_1108 ありがとwwwwwwwwww
@nagiise 今日モアーズでなぎさちゃん達見かけたヽ(•̀ω•́ )ゝけど遠かったから声かけなかったw
@nagiise 歩いてた方向逆だったからさww次見たら声かけるだ(*´･ω･)(･ω･｀*)ﾈｰ
@nagiise はいよ♪ そんでもって 4ヶ月おめでとう✋👶👌
@tmtmtmtmtmtmtm_ おまえさん、結局どうなったん？平気やったの？
@tmtmtmtmtmtmtm_ あら、なら良かったけど他大変なのね
@0530saeka ああああ！さえか殿も米津さん好きなのね(´｡✪ω✪｡｀)！バイトふぁいと◎
@0530saeka さえかに可愛いとか言われたんだけど。吐血しとこ _(´ ཀ`」 ∠):_  おおおああ！いい歌作るよね、米津さん◎好き好き
@2162Sa さきちゃん誕生日おめでとう(´,,•ω•,,｀)たまに久里浜で会うよね♪w ライブハウスとかでも(┓^ω^)┛))♪素敵な日をお過ごしください♪♪
徳冨なう( •᷄ὤ•᷅)
ツムツムでちょうど350コインやるやつ難しいね(´◦ω◦｀)
なんで僕のこと怒らなかったんだろう。斬らなかったんだろう。 なぜ そんなに優しいのですか？
ノーヒットノーランってすごいね！
せっかく家着いて玄関あけたのに、駅にチャリ忘れたこと気づいて中央まで逆戻り=͟͟͞͞(=͟͟͞͞(=͟͟͞͞(  °ω°)。。。
前髪増やせた！！！ 前よりも進化した久々の直線的( •̀ω•́)✂︎
たくさん時間ほしいね、 お友達とワイワイしてる時間(*´･ω･)(･ω･｀*)ﾈｰ
@NaoCalpis @Himagon0502 SORENA
”おはよ”と”楽しい”と”寒い”を連発する日々です( ᐛ👈)  こんにちはって 長いから おはよ  が好き (⌯¤̴̶̷̀ω¤̴̶̷́)✧
@PrestSeason さきちゃん！！誕生日おめでとう (┓^ω^)┛))ﾖｲｻﾖｲｻ♪お互い挨拶するけどちゃんと話したことないね、話す機会欲しいね( *´艸｀) 風船かわいかったよ！w 17歳楽しんでください💫
とてもいい漫画見つけた◎ 二眼レフ可愛い！！！ああ！！！ カメラもっと使おっと💪( ᐛ💪 ) http://t.co/l57DtbJCBr
@CreepOyuki ゆきちゃん遊ぼ 会いたい いつ空いてるかな？
@CreepOyuki へいきよ！！！
@0ma_yu ダルマ最高っす、シザースタンドもいいで、いや、ものもらいも...何十年後か(ryも！！！全部好き！
ものすごい勢いでチョコミントたべてた http://t.co/5sH2JxpgJ7
バウムクーヘン作ったwwww 食感:ふわっふわwwwww 新手のスポンジケーキだ、美味い💫 http://t.co/8BZh2apZ38
@10131013Risa この3連休、出かけないで勉強するつもりが出かけないでツムツムしてたのはこちらのアカウント◎
@10131013Risa おかげさまで最高記録だせました💪( ᐛ💪 )ｾｲｯ
@10131013Risa ありがとう！www
ささっきーが撮ってくれた体育祭の時の僕の写真見つけてとても気に入ったのでヘッダーにしたった ⁽⁽◝( •௰• )◜⁾⁾≡₍₍◞( •௰• )◟₎₎
言うて今までの僕的ハイライト、これ http://t.co/q0CGgSNdzT
@riku020324 フォロバありがとうございます٩( 'ω' )و
@kiseki_fl おまえさん！いま見たで！ありがとうฅ(๑•̀ω•́๑)ฅ また迷いごとしたら相談乗るで、ご飯いこ！カメラも買いにいこか(ง ˙o˙)ว
@mikurin04 みくちゃん！お誕生日おめでとう٩(ˊᗜˋ*)و！楽しい毎日過ごしてね✨バスケ応援してますぜ💪( ᐛ💪 )ｾｲｯ
今日も泉純頑張ってました(ง ˙o˙)ว サンクスの前でお話するだけして離れましたwwまた今度みかん あげるさ🍊  楽しい日になりましたとさ(人 •͈ᴗ•͈)
@Masaya_Rugby4 あれ食べたの？
@butamotoberunda だああああ꒰•̫͡•ོ꒱変人るいちゃんハッピーバースディ(ง •ૅ౪•᷄)ว これからもﾜｲﾜｲしようさ💫うささんとこれからも仲良くね🐰💗🐷
@CreepOyuki ぼく今のゆきちゃんの写真好き☃
@hotadeko おぬし誘惑に負けたな？w僕も食べたい٩(ˊᗜˋ*)وw
@yu2831m ゆうなちゃん！！お久しぶりだね٩(ˊᗜˋ*)وフォローしてくれてたのね！ありがとう☆
今日なにも暗記できなかったから明日頑張らなあかんな(´･×･`) 今日も幸せでしたぜ٩(ˊᗜˋ*)و
ほんとにSnapJet欲しい。 iPhoneケースになった時がきたら確実に買うで(° ꈊ °)✧ http://t.co/pHqmPK81FG
ベイにいると本当に楽しいね、これこそ学校好きになる理由よ٩(ˊᗜˋ*)و  明日も長居するだろうな(*•̀ᴗ•́*)و ̑̑ ちゃんとお勉強しなきゃwwww
@ayaka1127dance うひゃおっ！よかった、気づいてくれた‧⁺◟( ᵒ̴̶̷̥́ ·̫ ᵒ̴̶̷̣̥̀ )✨おめでとん٩(ˊᗜˋ*)وそしてテスト頑張ろ😀💭
@mayu722star ありがとう、覚えた╰(‘ω’ )╯三
@mayu722star まゆちゃんのツイートで覚える作戦開始してまうで(° ꈊ °)✧ｷﾗｰﾝ
@mayu722star もう2世やら8世やら覚えられんから詰んでる(乂 ټ ) www
@mayu722star まぁ できるだけ頑張るっか(*•̀ᴗ•́*)و ̑̑お互いやってやりましょうぜ(*ゝω・*)ﾉww
僕自身の不器用さに改めてビックリしたね、今日は寒かったね☃  みなさまも風邪ひかないようにね٩(๑òωó๑)۶
RT @nextbeeeat: 12/14 @北久里浜リバーブサウンド  ticket¥1000drink¥500 15:30Open16:00Start  久しぶりのLIVEです！今年最後のLIVEになります！ぜひ来てください！  出演者は次のツイートにて。
RT @nextbeeeat: 続き-  unl!m!ted sheep cloud/Quake-Walk /hangover/idiot/GOGOにゃんちゅー /ぶりき船/REBEL 門星ENA☆G/Raie/NextBeat/ BOUNCE/surpassfate
ふふふ。かったった٩(ˊᗜˋ*)و http://t.co/xn9hqZ9mxC
@1205_ms お誕生日おめどとう💪( ᐛ💪 )ｾｲｯマネさんお姉さんお母さんもなさん٩( 'ω' )وへいっ！ 楽しく過ごしてね！7組また遊びいくで(´｡✪ω✪｡｀)
すごいね、2分で県大前の坂ついて、5分で駅ついた٩( 'ω' )و 朝食が出てきそう
@s_hing_o24 ありがとうございます！頑張ります(° ꈊ °)✧ｷﾗｰﾝ
@reina_ysh れいなちゃん！お誕生日なのね！おめでとう٩(ˊᗜˋ*)و これからも かりんとう応援してまっせ(*•̀ᴗ•́*)و ̑̑楽しく過ごしてね✨
@ABC_Xo7 あかさまっ！お誕生日おめでとう٩(ˊᗜˋ*)！１日遅れてごめん。会ったとき「こーしゃん！」って笑顔で声かけてくれて嬉しいよ(´艸`)これからもよろしく！楽しい毎日過ごしてね★≡＝
冬の怖さは、チョコの消費量増加するとこ🍫1日1箱以上が普通やわ/( .-.)\   既にラミー、メルティキスを完食🐒💫
ラッスンゴレライ面白いな、ダンソンとかリズムいいネタ好き(っ'ヮ'c)✨
@Himagon0502 ちょと待ってちょと待ってお兄さぁん↑↑
@motyamotya2 もっちゃん!?誕生日!?おめでとう(*•̀ᴗ•́*)و ̑̑ いまだに もっちゃんはホモだと思ってるよ🐷17歳楽しんで＼(^ω^)／
@takemomo_kiri ひとりでそんな行ったの!?
@takemomo_kiri いいなぁ(∗•ω•∗)お疲れ様！ありがとう＼(^ω^)／ﾀﾉｼﾐ
@SyoPri あなたなのねwwwはろー
@taichan997 いま、バッカス1箱を30分以内で食べきってたんだけど。そんなことしたらこれと同じような後悔が生まれるぞ
@taichan997 それな、ラミーも好き
@taichan997 ハッシュポテト、ファミマでTｶｰﾄﾞお持ちの方は70円で買えるよ
@taichan997 ど、どんまい(´•ω•̥`)
@taichan997 ちと遠いかな♡
@taichan997 吹き飛ぶね/( .-.)\ ︵╰(«○»益«○»)╯︵ /(.□. /)
RT @nextbeeeat: NextBeatの写真はすべてstaffのこのみちゃんがとってくれてます！ いつもありがとう！！！！ http://t.co/dVdnGxmDRA
カメラ、もっと頑張るよ📷
こじょびーむ
チョコ禁1日目🍫 関澤のｱﾙﾌｫｰﾄ誘惑も堪えたった🐵  いま、かなり複雑な気分だ(›´ω`‹ ) こんな時チョコ食べたい(我慢
@Ume_7mouse ﾌｫﾛﾊﾞありがとうございます٩(｡•ω•｡)و💫
@seiya_bossun フォローありがとう٩( 'ω' )و 委員会同じ人かな？w
@seiya_bossun だよね✨せいやくんな！覚えた！w
@mana1kato フォロバありがとうございます(*•̀ᴗ•́*)و ̑̑💫 ちなみに窓のとよPは ご想像通りのあのとよPです！w(多分
@mana1kato コミュ英の時間に使ってますヾ(*´∀｀*)ﾉ
さっきパン屋さんのおばさんとの会話  店「中学生？高校生？」 僕「高校生です！」 店「ですよね！中学生にしてはしっかりしてると思ったのよ〜」
ほら、小学生と言われなくなった((　・´ｰ・｀)ﾄﾞﾔ
短かったけど ちゃんとお話きけたし、やっぱり大好きです。  ゆきちゃんありがとう٩(｡•ω•｡)و
@Himagon0502 雨さんさんだね☔
@Himagon0502 位置情報に注目🐭 たのしんで✨
@DasIYoSi いま起きましたが ファミマいってます٩( 'ω' )و
@0ma_yu まゆみんもチョコ禁か...チョコ禁すると他のもの 沢山食べちゃうからダメってことに気づいた最近🐵🍫
これ、多分中2のときのやつ。 掃除してたら出てきた😀....。 この時からだいぶ変わったかなぁ http://t.co/nKnd9n5Exn
@s_tennis5788 うぉう！ありがとう٩(ˊᗜˋ*)و出た襷委員ww話そ！w写真も！ww
冬休み始まったばかりだが毎日が最高に楽しい幸せ ありがとう🐵✨  昨日見たけど、ハスラー可愛い🐒 ミニクーパー好きだけどお出かけ派にはハスラーのがいいね(ง ˙ω˙)ว http://t.co/YqruTVj1vD
@yukiko133 ありがとう٩(ˊᗜˋ*)و写真褒められるのほんと嬉しい！！これからもよろしく🐒💫
@nii12_5789 ヒルズでティムバートン展、ミッドタウンでイルミネーションやってる！ ティムバートンすごいよヾ(*´∀｀*)ﾉwww
@nii12_5789 そかそか！w ほんと発想すごいよね(° ꈊ °)✧ｷﾗｰﾝ
@abe_abebebe @technical_metal おめでとう٩(ˊᗜˋ*)وお幸せに💫
@keitwo120 けーともおめでとう(*ﾟ▽ﾟ)ﾉお幸せに！
@abe_abebebe @technical_metal ほんとびっくりした🐵！あれ、あの後ろ姿、けんと...あっ、デートやぁぁぁあってなwww
@e4ri14 おおお！軽いよね！！！
@1216Niko よかった！一安心やな٩(｡•ω•｡)و
@gummi_calligra ゆうりちゃん！フォロバありがとぅん٩(｡•ω•｡)و
RT @misachim0408: みんなCDJで騒いでるから 個人的に会いたい人貼る← かなえ、ちかタグつけれないw http://t.co/bdKltxeahC
@misachim0408 みさちゃまぁ！会いたいよ(٭°̧̧̧ω°̧̧̧٭)
超高速で、まとめてみた2014年 http://t.co/JhpN7G8toO
@NaoCalpis 写真多過ぎたが人生出会いBMGに使ったところしっくりきたからさwww 菜生との写真少なかった(°д°)ｱﾚ
@NaoCalpis 来年の目標:写真写り向上wwwwwwww
@WBC0518 俺どっかでギター弾いてた
@NaoCalpis よし、腕磨いたる！被写体も磨きかけといてな(๑¯ω¯๑)ニヤニヤ
@WBC0518 @mcz_kyla あ、ももくろ好きな子だ(いい表情してるなぁ
@NaoCalpis @WBC0518 そーれ限界突破！！綺麗になって米倉涼子になったれ！
@WBC0518 @mcz_kyla わぁwww目頭にキラキラついてそう👀✨ww
@0312_oyuki ありがとうଘ(੭ˊ꒳​ˋ)੭✧いつでもお話しよ！
#2014年もあとちょっとだからふぁぼしてくれた人に一言
@m1s0_s  へいたくぽん、最近結構仲良くさせていただいてます🐒 ただのキチガイかと思いきや 優しい子だったねw 相談乗ってくれてありがとう！これからもよろしく！
@Samoa3055 大石懐かしいなwwいつだったか電車で会って軽くお話したねw まだヨットやってるのかな？また会ったとき話そう💫 #2014年
@re_rena07 れなちゃん！会ったとき挨拶してくれる！礼儀正しい人好きですぜ！来年こそはお話してみたいな🐵 #2014年
@yukiko133 ゆきこちゃん！保健委員のときから話すようになったね！ノリよかったり、おはよーって返してくれたり☀️ゆきこちゃん ハキハキした話し方してて好きよ💫来年もよろしく！ #2014年
@HiromiKagoshima 鹿子島！日本史のとき 楽しませてくれてありがとう！wうるさいし、よくわかんない人だけど意外と優しかったり信頼してます。またいろいろ聞きたいな、これからもよろしく🐒
@s527x さえっ！さえ可愛いなぁ、普段優しいけどたまに毒づいたりして何気に面白かったり、プーさんだったり🐻🍯wwたまにはマックいくね！これからもよろしく٩(ˊᗜˋ*)و
@izm_q2o 泉純！もうあなたは安定な。お互いに対して色々思ったり、嫌なとことかあっても、やっぱり大切な存在でして、離れられませんぜ。自由人で、破天荒で、可愛くて、感情豊かな泉純が大好き。大好き！！これからもよろしく🐵✨
@aaa_tkhs 純くん！って初めて呼んだわwwフォローしてくれたけど全然絡んだことないね、でもチョコミント好きなのかな？そしたら仲間だね🍫💫ww よろしくっ！
@pon_chaka ぽんちゃか！大切な壁モッシュのアイドルやな。可愛くて、彼氏さんと幸せそうで、可愛くて、可愛くて、、、ああああ！会いたい！！いつ会えるかな！？ 2015は ちゃんと会おう！！これからもよろしく💖✨
@0312_oyuki ゆきちゃん！幼馴染ですな、かなり僕にとって重要な存在でしたぜ。いろいろ助けてくれてありがとう！お話してくれてありがとう！今年はあんまり会えなかった気がするなぁ、お暇なとき呼んでくださいな♪これからもよろしく✨
@0ma_yu まゆみん！普段の声からは到底想像できないほどの歌唱力。そして驚きの画力。まゆみんの芸術力リスペクトだわ😳💫これからもよろしく！アコギがんばろ🎸
@hotadeko ほたる！ほたるのノリ最高っすよ、わんたん、はんぺん、肉団子🍖💖たまに超ﾃﾞﾚﾃﾞﾚになるね、あれ可愛くて好きよ！手越の次に僕のこと好きよね💖？wこれからもよろしく！
@1017_ren11 蓮！なかなかいたずらっ子だよねww地学の時とか楽しいぞ！そういえば最近 蓮のお母さん見たよ、目が似てるね！wwこれからもよろしく🏀
@nagiise なぎさちゃん！しっかり挨拶もしてくれて、色白だし可愛いのに淫夢厨ってイメージが...😨wwこれからもお幸せにね！そして部活でもよろしく💫
@ray59723 麗！あなたほんと美人なのに変顔がっつりキマッてたり、僕の寒いギャグで笑ってくれたり、なんてよくできた子なのかしら💖また笑ってね♪wwこれからもよろしく！
@y_horn_punko ゆか！いつだったっけ、モアーズでばったり会って話した以来会ってないね(°д°) 吹奏楽部頑張ってるみたいだね！応援してまっせ😎👍これからもよろしく！
@yuuki0206nano1 宍戸さん！"あなど"が"あなご"って聞こえるよwwwいつもペコって挨拶してくれたり、話したり、なかなか面白いって印象だなっ！これからもよろしく！また7組お邪魔するで🐒✨
@EVOLVE_MMXIV しらいくん！リア充リア充リア充リア充リア充...SiMなかなか良いな、結構ハマりつつあるのでまた伝授お願いします👌 えっ？の言い方面白いし、口のとじ方おかしいしwwこれからもよろしく！
@a_kjn8 あいりちゃん！文化祭のとき会ったね♪♪会ったときは毎回笑顔で声かけてくれて、お話してくれて 関内のライブ行ったとき 先帰ってごめんね(懐かしいな。  また機会あったらライブいこ🎤これからもよろしく！
@gummi_calligra ゆうりちゃん！菜生と仲良くてお友達なったね✨しっかりしつつ「なおさーん」って呼ぶとき本当に可愛くて おおおおおってなるよ♪ これからもよろしくね🐵👌
@JungYongHwa0519 ことのちゃん！かっこいい！イケメン😎✨エラノラ繋がりだね！さっぱりしててカッコ良くて 彼氏にしたい(あれっ？w 声かけてくれてありがとう！これからもよろしく☆
@f6m17 みゆちゃん！音楽の趣味合うね！keytalkいいねぇ、いつかライブ行ける機会あったら一緒行こ、そして文化祭か何かでコラボしようさ！これからもよろしく😊👌
@NaoCalpis 菜生！今年1番頼ったし、菜生のおかげで成長したこともたくさんあった！今年のキーパーソン🐵👍いろんなこと頑張ってて、涙腺弱くて、頼りになって...菜生大好きだ！！！相談してくれて、させてくれてありがとう！これからもがっつり頼らせていただくぜ、よろしく✨
@KNika1030 ニカ！クラス変わってから絡みドーンと減ったね、いまじゃ知らないこと多いくらいさ。最近なんか気まずいけど あの空気はなんだろうww とりあえこれからもよろしく💫🐒💫
@abe_abebebe さくらちゃん！お淑やかな美人さんだよな！ファボ毎回嬉しいよ！wちょっと下ネタついていけないところまでいってるけど楽しそうで何よりですぜ🐒 ドラム叩くときの表情いいね！これからもよろしく！そしてお幸せに！
@ropeargekllove ようた！初めてあったとき、ほんとｲｶﾂｲなぁって思ってたけど話してみたらとても優しくて友達想いでほんといい子！！w またヘアアレンジお願いします💇これからもよろしく！
@0728_saku さくらちゃん！今年は全然絡まなかったね、、あれかな、文化祭のときが最後かなってくらい！はりぼーのアクセサリー作ってるよね？あれすごい可愛い♡来年もよろしく💫
@Cattleya_1220 ありさちゃん！さささ氏にはクラスでも写真などでもお世話になっております。朝 登校してるとこたまーに見かけるよ！これからも、末永くお幸せにね💖来年もよろしく！
@YuiAoi1303 あおいちゃん！未だにキャラがつかめないw なかなか興味深い人物でありんすなぁww 来年は学校休まず来てね🏫✨wこれからもよろしく！
@3s_aiu さいりちゃん！「このみ先輩！」ってさいりちゃんから気づいて声かけてくれてほんと嬉しい🐵💖 お好み焼き行きたいね！先輩たちと また今度いこっか！wこれからもよろしく！
@M614Hearts まりなっ！まりなの口癖「すてきっ」これ大好き🐒💫 ベイ遊びに行ったりするとき、相手してくれてありがとう！これからもたくさんベイ遊びいくね♪wこれからもよろしく！
@rem9788_flower りゅうせい！最後にあったのは文化祭だね！弟くん可愛かった！w りゅうせいって前から思ってたけど、なかなかオシャレだよね😎💫また今度あそぼ！これからもよろしく！
@maruchan_yuuki まるちゃん！めっちゃゆるキャラだよね！勝手な想像だけど緑茶似合う🍵w のくせに！とてもギターうまい！あああ！これからも、応援してますぜ！来年もよろしく🎸
@giants_ht 田國！いろいろ相談乗ってもらったり、お世話になりましたwwあと、一時期ずーっと惚気けてて張り倒してやりたいくらいでしたよwwwこれからもよろしく！お幸せに💖
@naoki_nh 直生くん！ポリドンのイメージが抜けませんwwwほんと面白い！会ったらちゃんと挨拶してくれるし、優しいっす！実際ちゃんと話したことないね...これからもよろしく🏀
@060Giants とっくん♪とっくん♪とっくんって呼び方ほんと可愛い！w人見知りとっくん♪来年は人見知り挽回でちゃんと話してくれるかな？wこれからもよろしく⚾️
@0411Momoka ももちゃん！僕のマドンナ(勝手に命名 ツボが良くわからないあたり親近感が湧いてたり🐵💭w マネさん応援してますぜ！これからもよろしく！
@41_kye こと！ふわっふわしてるねぇ、たくさん手振ってくれて嬉しい٩(ˊᗜˋ*)و 僕の中で天然ってイメージがあるのだが、あってるかな？来年はもっと話そ！これからもよろしく💫
@saya_427 さやちゃん！笑顔で挨拶してくれる！嬉しい！毎回笑顔に癒されてます😊✨電車であった時は気まずかったねwwwお幸せに！これからも、よろしく♪
@taichan997 いっしー！あれ！？最近遊んでないな！？あれれ！？また遊び行こ！温野菜くん🍅今度ロックアップいこ！  ってすぐ声かけられるくらい仲良し。これからもよろしく！
@sasorinodanna3 峰さん！いまだに謎の多い人物ですね。今年はたくさんたくさんお世話になりました。想い出ありすぎて！うぉう！ここには書けない！これからも お願いいたします！
@apjvjjwjjs 伊吹！伊吹のゆるーい雰囲気大好き🐵💖 猫かと思いきや少年だったという想い出は忘れられないwwほんと笑ったわぁwwまた近々まったりしようさ！これからもよろしく！
@s_tennis5788 そうた！エラノラのこと教えてくれたり！あの時はお世話になりました！w襷委員同じだよね！あれ結構退屈だけどがんばろ！これからもよろしく🎾
@tatsuki00000 たつき！おまえさん純粋すぎるぜ！w恥ずかしい、、、😳とか可愛すぎっすよ！wほら！2015年こそ克服して目指せ彼女ゲット！wこれからもよろしく！
@RaKeGe12_2 かなえ！会いたい！！あ！keytalkのやつありがとう！(今更かw ほんと会いたい！結局ディズニー行けてないし...2015年こそ！行こうね🐵💫これからもよろしく！
@1997Takeru たけるくん！政経のとき挨拶返してくれてありがとう！あの授業眠いよね😪会うたび 爽やかだなぁとか思ってますwwこれからもよろしく⚾️
@kiseki_fl まゆか！今年なかなか仲良ししたねwまゆかかなり成長したよな、そんな気がしてるよ, また遊び行こ！次も寿司いくか🍣ww悩んだらまた相談のるぜ。これからもよろしく！
@Nasuyasu_Bass なーすやーすくん！いつのまにかアイスケーキからいろんな名前になってたりするねwww楽器オールマイティってすごいよね！がんばれ！これからもよろしく！
@elio2515 えりちゃん！エラノラのときありがとう！オーラから声から全てほわぁぁぁんって感じで、優しいっすな😊✨これからもよろしく！そしてお幸せに！
@Masaya_Rugby4 まさや！お母さん同士、仲良くさせていただいてますww また今度出かけるんじゃないかな？wわかんないけどw  ラグビーふぁいと、これからもよろしく🏉
@yua_mof りなぼん！全然会わないね!?どこにいるだってくらい会わなくなったね(°д°)来年はベイ近くなるかな？また突然絡むよ✨これからもよろしく！
@yuki0531girl ゆきちゃん！名前呼んで挨拶してくれるのとても嬉しいよ🐵✨そういえば授業かぶってるのないね！来年に期待だ！wこれからもよろしく！
@0221Mmm まこちゃん！wiperだよね💖なにで知り合ったんだっけ？とりあえずいつか遊びたいなぁなんて思ってたりします♪ これからもよろしく！
@vistlip922 はるき！授業被り率高いwwなんであんなに睡眠学習うまくできるのか謎です、コツを！コツを教えてください✏頭よくなりたいっす！たまに話聞いてくれてありがとう！これからもよろしく！
@giants_ht ふっ、とっても嬉しいくせに(・∀・)ニヤニヤ
@Tomoka0429 朋佳！7組にあなたに会いにいくの日課ですよwwはい安定。たくさん話聞いてくれて、言ってくれて。たくさん遊んでとても幸せ。困ったとき 朋佳のもとへ行けば元気出そうって頑張れる。大好きだよ！これからもずっと！！2015年はキモイっていう数減らしてね♡
@basuke5127 千石くん！けんだま上手い！意外にもふわふわした話し方して可愛いなぁって印象だな🐵👍 RAD仲間だね！またいろいろ話そ！いつでも6組お越しください💫w
@mayu722star まゆちゃん！世界史の件はお世話になりましたwwおかげで過去最高点でしたぜ٩(｡•ω•｡)وツムツムどうやったらあんなに点数高く取れるの？？？w.来年もよろしく🎮
@FSasuka あすかぁ！今年は風磨って名前が全然聞こえないと思ったら あすかと全然会ってなかった(´･×･`)来年はなんか授業かぶるといいね！よろしく🐵✨
@butamotoberunda るいちゃん！あなたはキチガイです(」’ω’)」ｵｫｵｫｵ!!!ｳｳｩｩｱｱｫｵ!!!!!!ハイ任命。 るいちゃんと話すとほんといい反応してくれて楽しいぜっ！これからもよろしく🎄🐒💫お幸せに🐷🐰
@Nextbeat_bass たつやくん！たつやくんの頭の回転の速さ 羨ましい🐵💨💨ギャグ線高すぎですよ！！wwベースうまいし 優しいし、たのしいです！カメラ技術高めときます！これからも宜しくお願いします💫
@mkt28J 田丸くん！5組みの人ってイメージから3組みの人になっちゃったね！w全然絡まなかったね、文化祭のときのサイリウム...💫これからもよろしく！
@dikc083185 大吉さん！ラブライバーってイメージつよいですw全然話さない人かと思ってましたがたくさんお話しできて楽しかったです！またお好み焼きとかいきたいです🍳これからも宜しくお願いします！
@ayaka1127dance 彩花！いつも変な子だけど、相談とかの時は自分以上に悩んでくれて 自分以上に喜んでくれて、とても純粋で素直で本当に優しい子だよ、大好き！！またたくさんお話するね、彩花の2015の抱負は自信をもつこと！これ決定！wもっと自信持ってこ💫これからもよろしく
@S15silviaTaku しばちゃん！会ったときはニコニコしてくれて、生物の時のかまちょ楽しくてwww悩んでたりしたとき聞いてくれてありがとう、ミスチルちょこちょこ聞いてるぜ！wこれからもよろしく🐒🍬
@kaitodduck かいとくん！ディズニー好きだよね！そしてのぞみちゃんと幸せそうで羨ましくもありとても微笑ましい😊👍あんまり話したことないね、機会あったらはなそ！これからもよろしく！
@e4ri14 えりちゃん！とてもしっかりしてて、生徒会も頑張っててカメラも頑張ってるよき後輩さん♪ これからもたくさん写真撮っていこ📷 2015もよろしく！
@hcivu57 はる！オシャレやなぁ😎🍬 かっこいい握手、いまだにできないorz...次あったときバシッと決めたいぜ！w練習しとこっ♪これからもよろしく！憧れカップル💖お幸せに💫
@katsumiururu かっつみーさん！いつもとても幸せそうな笑顔で僕まで笑顔になれますよ😊 歌うときも楽しそうで撮るの好きです音符これからもよろしくお願いいたします★≡＝
@ippo_pom 噂のかずほくん！w 小上馬と同じ扱いになりつつある..wwつまりは可愛い！笑顔！ということさ😏✨w 何気に結構話すよね！これからもよろしく♪
@rin_run_ran りんちゃん！りんちゃん！りんちゃん！ww生物の時間とても楽しませていただいてます🐸 臭くならないといいね！wwこれからもよろしく！
@WBC0518 亨介！本気で心配なのだが...やっぱりホモだよね？隠さなくても大丈夫だよ？wなんであんな頭キレッキレなの？回転早いなぁ、その点尊敬🐵💭また漫才やってくれるの楽しみにしてます！wこれからもよろしく！
@READER1630 とうま！フォローありがとう٩(ˊᗜˋ*)و
@maashii319 まーしぃさん！生粋のいじられキャラですね🐵✨みててとても楽しいです♪それから、不意打ちにはご注意を👌wwドラムもしっかり撮れるよう頑張ります！これからもよろしくお願いいたします！
@abe_abebebe うぉ！ありがとう！仲良くよろしく♪
@len_yome おぬしいろいろ考え過ぎワロタwwwwwおもろいなwww
@1017_ren11 おおぅwwwありがとうww
@1205_ms ありがとうଘ(੭ˊ꒳​ˋ)੭✧たくさんお邪魔させていただきます(∩´∀`∩)♡
@3s_aiu ありがとう٩(｡•ω•｡)وカメラ極める✨
@hcivu57 ありがとう🐒💫食べ過ぎて緑とかwwwチャーリーとチョコレート工場のガム好きな子みたい🐵🍫よろしくみんと♪
@0411Momoka ありがとう😍ももちゃんなかなかドMですなଘ(੭ˊ꒳​ˋ)੭✧wwよいお年を！
@dikc083185 おおおお！ありがとうございます٩(ˊᗜˋ*)و謎多きやつですwww
@vistlip922 ずっちーな🐷🚃💢💖👴💩👪💏💋🌏🚂🚊🚉🚎🚆🚄🚈🚇🚝🚋🚃🚎🚚🔄⚾️🍔🍻🍙🍚🍜🍮🍰🍭🏩💒🏥🌄🏣🌅🌃🚷🚳🚭♿♊🅾️🆚🏧🕙➰💯💮㊗️🔟4⃣🅿️
@WBC0518 オタクとかwww間違っちゃないww女の子狩りな！w
@S15silviaTaku ありがとう！しばちゃん たくさん頼らせてもらっちゃったよ、今年もたくさんよろしく✨🐵
@vistlip922 さて、これは誰でしょう？ww
@vistlip922 ひんと:㊗️のうしろ
あけましておめでとうございます🐑✨ 2015年も笑顔で過ごしましょう♪  幸せなカウントダウンでした！もっとみんなと居たかったなぁ😳💭 一緒に過ごしてくれてありがとう٩(ˊᗜˋ*)و
@Soccer8Fk ありがとう！今年は話す機会あるといいね٩(｡•ω•｡)و
@mkt28J ありがとうଘ(੭ˊ꒳​ˋ)੭✧今年はベイ近くなるから話せるかもね(b・ω・d)イｪｧ♪
@IkumiYfm いくみちゃんっ！ありがとう🐒💫すんぎょい嬉しいこと言ってくれるねぇ🙈💓お話しよ！！！よろしく⛄
@missyvuong Happy birthday Missy🎂💕
@SyoPri ななちゃん！！！2014は一回しかあそばなかったね....今年はもっと遊ぼ🐒💫奢らないけど！！wwよろしくっ！
@O731Hajime はじめちゃん！いろいろお世話になりました🐒 いろいろ頑張ってな！今年も楽しもう！！これからもよろしく٩(ˊᗜˋ*)و
@grape_777 ゆうやくん！フォロバありがとう٩(｡•ω•｡)وあけおめ！ww
@vistlip922 あったりー(*･∀･)／＼(･∀･*)wwwってヒントほぼ答えだわwww
@tatsuki00000 ありがとうε＝┏(･ω･)┛
@DAREKAKOROSITE_ お前さん髪切った!?とぷ画くそ可愛いんだけど!?
@DAREKAKOROSITE_ はいその髪型で学校来てね
@READER1630 坊主！？
instax mini8ଘ(੭ˊ꒳​ˋ)੭✧ これからたくさん撮りますぜ🐒✨ http://t.co/oJaUKBkgNM
@READER1630 なるほどwwびっくりしたww
RT @plasticboyphoto: カメラから広がる交友関係。 わかってたことだけど、こう図式化されると面白いねw http://t.co/0pTaWsU2f1
@0728_saku うぎょあ！さくぽん！！ありがとうଘ(੭ˊ꒳​ˋ)੭ デートしよしよ🐒💫
@nagiise なぎさちゃん！ありがとう✨Ct.応援してまっせ(┓^ω^)┛))ﾖｲｻﾖｲｻ♪
@re_rena07 玲奈ちゃん！ありがとう(*ﾟ▽ﾟ)ﾉ挨拶ちゃんとしてくれてとても幸せよ🙈💫こちらこそよろしく！
@abe_abebebe さくらちゃん！ありがとう😊✨
@1216Niko いぇす٩(ˊᗜˋ*)و念願のチェキ💫
@m1s0_s そそ✨どうしても欲しくてね＼(^ω^)／
@Nasuyasu_Bass なーすやーすくん！ありがとう٩(｡•ω•｡)و
@Himagon0502 しるばー!?カッコ良いの持ってるなぁ＼(^ω^)／
@Cattleya_1220 ありさちゃん ありがとう🙈💕米津さんは全てと言っていいくらい素晴らしい曲ばかりよ✨wメランコリーキッチンのテンポは最高ですね٩(ˊᗜˋ*)و
@Himagon0502 ささっきー(° ꈊ °)✧ありがとう！テンション高いのお互いｻﾏｰｳｨｨｨｨｨｨｨｨｨｨwwwwwwwwwwwww
@wam_onster ふたつにわかれてた！！ww萌々！ありがとう(o´艸`)こちらこそいろんな面でよろしくね🙈✨チェキ撮ろଘ(੭ˊ꒳​ˋ)੭✧とよぴのピンショは1毎1000円くらいかな💕？ww
@sakatomo914 さかともちゃん！！ありがとう😊💫僕もちゃんと話してみたかったの！たくさん話そ😄いろいろ頑張るで♪
@poppin_tamaki たまきっଘ(੭ˊ꒳​ˋ)੭✧とても嬉しいこと言ってくれますなぁ、僕もたまき大好きよ🙈💕ありがとう٩(ˊᗜˋ*)و
@1216Niko 関澤！ありがとうଘ(੭ˊ꒳​ˋ)੭✧
@my_g825 そそ(*ﾟ▽ﾟ)ﾉ
@BirthdayList うお！？びっくりしました😳！でもとても嬉しいです！ありがとうございます😊💫
@3s_aiu さいりちゃん！ありがとう🙈✨ごはんいこ！！！
@PECO_kerokero まやーーー！ありがとうƪ(•̃͡ε•̃͡)∫ʃ💫まっしゅありがとうƪ(•̃͡ε•̃͡)∫ʃ💫
@trueotrueo53 まおちゃん！お誕生日おめでとうଘ(੭ˊ꒳​ˋ)੭✧懐かしい写真しかなかったwww お互い楽しもう(o´艸`) http://t.co/xmgdsqOPeA
@0ma_yu まゆみん！ありがとう😊✨めっちゃ歌うまいよね！！僕こそまゆみん目指して頑張る(*ﾟ▽ﾟ)ﾉ
@baseball_t_1108 田中匠！！wありがとうଘ(੭ˊ꒳​ˋ)੭✧そうじゃん！遅くなりました！ごめんね！学校始まったら渡す٩(｡•ω•｡)و
@fu97ball ふうが久々！最近会ったけどね(o´艸`)wありがとう！！よろしく٩(ˊᗜˋ*)و💫
@fu97ball また暇なときにでもwww
@smtylhcyvt このぴ！！ありがとう∩(´∀｀❤)これからもよろしくっ♪
@1205_ms もなちゃん✨ありがとう(o´艸`)
@koshiro375 幸四郎🎉ありがとう(° ꈊ °)✧ｷﾗｰﾝ
@flower_0202 はなちゃん🐵💕ありがとう(☆∀☆)
@EVOLVE_MMXIV しらいくん👶✨ありがとう(⊙ꇴ⊙)
@izm_q2o わーーーーー！泉純(⊙ꇴ⊙)💕ありがとう！！！
@HiromiKagoshima 鹿子島🐒ありがとう꒰ ´͈ω`͈꒱なんだこのふてぶてしい顔www
@0321_misaki みさきちゃん✨ありがとう٩(๑òωó๑)۶💕
@wami0530 榮倉奈n....あっ、わみちゃん😳💕wwありがとう♪これからもよろしく(o´艸`)
@yuki0531girl 優希ちゃん😄🌻ありがとう！！これからもたくさん挨拶する(☆∀☆)
@Homyuhomyu0701 ほみゅちゃん😍✨ありがとう∩(´∀｀❤)うぉ!?いたの!?気づかなかった😱声かけ待ってます🙈💫w
@Homyuhomyu0701 まっ、真後ろ!!羽ついてる靴で両隣の人背高かったらそれは確実に僕じゃヾ(*´∀｀*)ﾉ
@Eponine02 えぽにーぬヾ(*´∀｀*)ﾉありがとう🙈✨よろしくね🎉😊
@technical_metal けんと！ありがとう🐒💫ごめん、部長じゃないwww
@anrila0715 あさみん🙈✨ありがとうヾ(*´∀｀*)ﾉ
@maruchan_yuuki まるちゃん😌ありがとう🐒💫
@LuckyNarumi なるみちゃん٩(๑òωó๑)۶💕ありがとう！これからも笑顔で行きまっせ😊✨
@yzryu427 りゅうじさん！ありがとうございます😄💫大晦日にドトールの近く通ったら勤務してましたね🐵✨
@d12_and_14d あかねちゃんっ(ㆁᴗㆁ✿)💫ありがとう🐒💕こちらこそよろしく(☆∀☆)
@ayaka1127dance だーーーー！彩花ぁぁぁ(´•ω•̥`)大好きだよ！！ありがとう🙈💫💭これからも、もっと楽しいことしよ😊💕
@M614Hearts まりなちゃん🐒💫ありがとう∩(´∀｀❤)∩ﾜｧｲ♪たくさんお話しよ😍✨
@saya_427 さやちゃん꒰ ´͈ω`͈꒱ありがとう🙈💕来年ありますように願っとく🙏🌟
@0530saeka さえかぁ😍💫ありがとう🙈✨ 遊ぶぞ、誘っちゃうぞ？←イケボ 楽しんでいきまっせ☺
@42skn さきの！！ありがとう🙈💕また会いたいな٩(ˊᗜˋ*)و
@vistlip922 晴樹🐒💫ありがとう٩(๑òωó๑)۶
@yua_mof りなぼんଘ(੭ˊ꒳​ˋ)੭✧これからもたくさん頑張りまっせ🙈💕よろしくね＼＼\(۶•̀ᴗ•́)۶//／／
@motyamotya2 あらあら、もっちゃんではないですか🐖🐎そうなのですよ、ありがとう👶🌟
@s527x さえっ🙈💕ありがとう(ㆁᴗㆁ✿)僕も優しくて可愛いさえ大好き😍✨
@O731Hajime はじめちゃん！ありがとう＼＼\(۶•̀ᴗ•́)۶//／／
@f6m17 みゆちゃんありがとう😌💕ライブな！行きたいなヾ(*´∀｀*)ﾉ練習するで♪
@zawako_hegw あゆみちゃん！ハッピーバースディ🙈✨誕生日一緒だね!ww17最近楽しんでいこう🐒💫
@natsuh0614 夏音ちゃん🙈💕ありがとう＼＼\(۶•̀ᴗ•́)۶//／／仲良くなりたいっ😍突然話しかけるねヾ(*´∀｀*)ﾉｷｬｯｷｬ
@s_tennis5788 そうた✨ありがとうଘ(੭ˊ꒳​ˋ)੭✧
@Soccer8Fk いそふくん✨ありがとう🐵🙏
@YuiAoi1303 葵ちゃん✨ありがとう(ㆁᴗㆁ✿)掴むの頑張りますww
@tatsuki00000 たつき🐵💫ありがとう＼＼\(۶•̀ᴗ•́)۶//／／
@arakai891 新井くん🐒🎉ありがとう(*ﾟ▽ﾟ)ﾉ楽しんでこうっଘ(੭ˊ꒳​ˋ)੭✧
@J_tomo617 フォローありがとう٩(｡•ω•｡)و💫
@J_tomo617 ありがとう🙈✨そのうち突然話しかけますわ！ww
@technical_metal 平社員でございますが んなの関係なく たくさん撮っていきますぜww
@41_kye ことちゃん😊✨ありがとう🙈💕17歳でパワーアップしまっせ( ´艸｀)
@aaa_tkhs 純くんありがとう(*ﾟ▽ﾟ)ﾉ楽しむで🐵💫
@a03_y ゆいちゃん😊✨ありがとう🐒💕仲良くなろ🙈💫ww
@mkt28J 田丸くん😃🌟ありがとう＼＼\(۶•̀ᴗ•́)۶//／／
@technical_metal ありがとうございますww
@_xx923 東條くん😌🎉ありがとう🐒💫
@aosumisan すみかちゃん(o´艸`)ありがとう🌜✨
@Headphone_EDM 誕生日です٩( ᐛ )و✨あっちゃんありがとう🐵🎉
@reina_ysh れいなちゃん🐒💕ありがとう٩꒰ ´ᆺ`꒱۶💫
@ARingo930 かりんさーーん(ㆁᴗㆁ✿)💫ありがとう！！こちらこそよろしく🙈🌟
@PrestSeason さきちゃん😊💕ありがとう٩(ˊᗜˋ*)و
@yokosomk みきてぃ😍✨ありがとう💫いまだにこじょびーむ続いてまっせ👦👉👈🐒
@KNika1030 ニカ🐵🙏ありがとう＼＼\(۶•̀ᴗ•́)۶//／／✨
@0117nahe なほちゃん😊✨ありがとう🙈🌟思う存分たのしむ٩(ˊᗜˋ*)و
@73M703 みなみちゃん٩(๑òωó๑)۶💕ありがとう💫みなみちゃんの雰囲気とか好きだったり(たくさん話したい🙈✨
@gummi_calligra ゆうりちゃん(o´艸`)🎵ありがとう🙈💕よろしくねっ∩(´∀｀❤)
@1997Takeru たけるくん ありがとう🐒💫
@WBC0518 誕生日でしたの、、、亨介ありがとう😇🙏
@shuntaro0407 しゅんたろさん٩(｡•ω•｡)و✨ありがとう🐵🌟
@IkumiYfm いくみちゃん😍✨ありがとう꒰⑅•ᴗ•⑅꒱ キラキラしていくぜっ🐒✨✨✨✨
@a_kjn8 あいりちゃん🙈💕ありがとう꒰ ´͈ω`͈꒱💫 またどっかのライブ一緒いきたいな🙏✨写真もっとがんばる(☆∀☆)
@yotakotteri 建部！ありがとう٩(๑òωó๑)۶🌟
ディズニーシー🙈✨ https://t.co/uW8qzUDJDT
@naoki_nh なおきくん٩(๑òωó๑)۶ありがとう🐒💫
@butamotoberunda るいぴゃん🙈💕 わぁ....キチガイイイｨ....ﾄﾞｺﾄﾞｺ┗(^o^)┛ﾄﾞｺﾄﾞｺ┏(^o^)┓ﾄﾞｺﾄﾞｺ┗(^o^)┛ﾄﾞｺﾄﾞｺ┏(^o^)┓ﾄﾞｺﾄﾞｺ┗( これからもそのキャラ待ってます😍ありがとう(o´艸`)
@rin_run_ran りんちゃん₍₍ ◝(•̀ㅂ•́)◟ ⁾⁾ありがとう💫たくさん写真撮ったるで📷✨✨
@y1m2g2c1 みゆきっ！突然会えて嬉しかったで🙈💫ありがとう∩(´∀｀❤)∩ﾜｧｲ♪
なにやってんだ。inディズニーシー https://t.co/qjFqhmjBNO
@sooooo1018 フォローありがとうございます٩(ˊᗜˋ*)و
@hayama0120 フォローありがとうございます🐒💫
@sooooo1018 おお！米津さんの曲、面白いですよね💫
@cm_mc03 えりす大丈夫かい😷？
@cm_mc03 よく寝て早く治るといいね、お大事に💫
@sooooo1018 大好き！！メランコリーキッチンもいい！！！
@cm_mc03 ((♡ㆁᴗㆁ)っハンカチ
@smtylhcyvt このぴ！！ありがとう∩(´∀｀❤)∩ﾜｧｲ♪たくさん呼びまっせ٩(๑òωó๑)۶🌟
@cm_mc03 それは返却不要よ💕むしろちゃんと捨てなさい（ﾟдﾟlll）
@haanaa03 はなちゃん！！ありがとう🙈💕まだまだたくさん遊び行って、お話するだ٩(๑òωó๑)۶ よろしくっ∩(´∀｀❤)∩ﾜｧｲ♪
@rkbbs4u2lovery フォローありがとうございます( ﾟ∀ ﾟ)🌟
RT @natalie_mu: 米津玄師、花の壁を表現した幻想的なPV公開 http://t.co/9xI5AI2k21 http://t.co/xtUF52ntWQ
米津さん、、素敵ですなぁ、、🌼🌷🌻
@kokoperiy いいですよね(ㆁᴗㆁ✿)今回のシングル、ライブの先行抽選に応募できるコード入ってるので買うか迷ってます🙈💫
@conformnack なかそんフォロバありがとう(ㆁᴗㆁ✿)
@kokoperiy よし、お年玉も貰ったので買います٩(｡•ω•｡)وにっしー先輩もぜひ✨✨
@nagiise なぎさちゃん！誕生日おめでとう🐵💫楽しく過ごしてね♪これからもお幸せに💕
@ryotashibuya フォロバありがとう٩(ˊᗜˋ*)و
あーたんは反抗期#彩花 https://t.co/dQJVkpCbol
@maruchan_yuuki まるちゃん誕生日おめでとう٩(ˊᗜˋ*)وなんかふわふわしてて可愛いよね！w16歳たのしんで🐒✨
flowerwallを手に入れた🙈💕 今日もいい一日だったから明日も頑張る📷✨ http://t.co/WAEmg7e3mn
@Cattleya_1220 ライブの先行受付もあったから買ったよ(´｡✪ω✪｡｀)💫 さぁ買っちゃお٩(ˊᗜˋ*)وw
ついに手に入れた、クリップレンズ📷💫 1月はお買い物たくさんしてるわ🐵💴 http://t.co/v98qgBXqtu
@Himagon0502 僕の視界に入ってきたよ 欲しくなったよ2000円あったよイェイin Loft🐵✨
@ayaka1127dance もっちろんଘ(੭ˊ꒳​ˋ)੭✧楽しみにしとって🙈💕
@WBC0518 腕が筋肉痛
@WBC0518 ふぁいとだ
@WBC0518 やってるうち発狂するよ(半分くらい？
煌めくざわちん http://t.co/8CaG90EdKr
@taichan997 殴ってこーい(´｡✪ω✪｡｀)
@taichan997 はいナイスショット(^q^三^p^)
@taichan997 ざわちんやわぁwwww本物どぁぁぁwww
@taichan997 http://t.co/FdpR15zu3C
@taichan997 特に意味はない(そのうち削除されちゃうコース
@taichan997 ガンバルネ٩(ˊᗜˋ*)و
チョコ食べたい🙈🍫🍫🍫 あああああチョコ、、、ミントチョコもフルーツチョコも生チョコも全て好きだぁぁ🍫💫 http://t.co/N0nhpkZFki
@000194maezawa うひょぁぁぁぁΣ(ﾟДﾟ)ｽｹﾞｪ!!食べたいっ🙈🍫
初のコンタクトですぜଘ(੭ˊ꒳​ˋ)੭✧ すごいのな、星が綺麗に見える🐵✨ http://t.co/D6yeXTJKy0
@cm_mc03 0.1と0.3だった( ﾟ∀ ﾟ)
@1216niko ふふふ、併用してくぜ٩(｡•ω•｡)و
@O731Hajime 全然いたくないぞ！
@O731Hajime 夢の中wwww痛くないよってお伝えくださいwwww
@greensmoon114 今日はお疲れ様でした！定期見つかってよかったですね٩(ˊᗜˋ*)و
@greensmoon114 とても楽しそうに歌ってるので撮ってて楽しかったです📷✨ 次も素晴らしい演奏まってます(ㆁᴗㆁ✿)
あと1センチの恋 見てきたଘ(੭ˊ꒳​ˋ)੭✧ かなりいい映画でした🙈💕 よく分かり合える人って やっぱりいいものだね、とても楽しかった🐒💫 http://t.co/tTYDMsnDDp
RT @RADWIMPS: 明日から一週間だけ原宿で味噌汁カフェオープンするからきてね！ とポールが連絡してきた。 行こうかな。。   くわ http://t.co/WAndo7CZ0i
新しいリュック買った🐒🎒 これは使いやすい、いい買い物したଘ(੭ˊ꒳​ˋ)੭✧ http://t.co/EL5dzYHbgU
@PnyYuuuu ゆな先輩！お誕生日ですか！おめでとうございます🙈💕たくさん楽しいことしてください😄💫
@DAREKAKOROSITE_  @motyamotya2 吐きそうなお二人さんナイスタイミング http://t.co/sHZEhMS2zj
@motyamotya2 前世、生き別れた妹かもよ🐷💫👧
@u_cmrpic 写真撮るのとても上手だね（*'∀'人）
@3510_mikoto_ 惑星型だと、、！？どこにあったん？？
@3510_mikoto_ ありがとう（*'∀'人）♥*+
@SyoPri あらま、見たいなぁ、がっつりかい？
@0728_saku @DAREKAKOROSITE_ みおりんて身長何センチくらい？？
@yamato_1419 横総に、、、！！
@yamato_1419 あんまり見てないので分からないですが 文化祭前には既存してました🐒💫
RT @KanipanMoka: .@underbair 全然わかんない https://t.co/x8TUHC7ugk
@READER1630 とうまのダンスシーン http://t.co/OtbNSU28z6
@READER1630 シャッター切るタイミング悪かったなwwかっこよかったから大丈夫よ🐵✨
@READER1630 ワロタwww楽しい人だな( ﾟ∀ ﾟ)
@0728_saku @DAREKAKOROSITE_ ほぉう！、、かわいっ🙈
えんじょい しんがぽー http://t.co/PrALPhhkxJ
@yuuki0206nano ハッピーバースディ！
シンガポールから帰宅🏠✨ とても、とても楽しかったଘ(੭ˊ꒳​ˋ)੭✧ 初めて知ったこともたくさんあった、もっと仲良くなれた！！幸せだぁぁぁ🐒💕  迷惑いっぱいかけたけど 想い出深い修学旅行になりました！！ありがとう🐵 http://t.co/hFM9nbyLFa
@WBC0518 おい牛肉ズラ
@WBC0518 楽しかったよ、おつかれぃ(・∀・)ニヤニヤ
@chihanaaa_ いきました🙈🎵 ハイエナとかホワイトライオンカッコよかったです╰(⸝⸝⸝´꒳`⸝⸝⸝)╯❣╰(⸝⸝⸝´꒳`⸝⸝⸝)╯
@mkt28J 田丸くん誕生日おめでとう٩(ˊᗜˋ*)و写真撮ってなかったね( ･ᴗ･̥̥̥ ) 17さいたのしんで！！
@doggy_choco お隣で買いてたやつ！！！うんまぁぁぁ😍
@READER1630 中二病でも恋がしたい
@READER1630 うーん、ご注文はうさぎですか？とか( ﾟ∀ ﾟ)
@1017_ren11 同じく。マダガスカルも借りにいくでww
@haanaa03 ありがとう🐵💗 http://t.co/PvoS8C1IRr
@1205_ms もなちゃんThankyou🐒💗 http://t.co/HbTChwxG3V
@daichi_kojo こじょ！！ピノびーーむ🐵👉✨✨ http://t.co/teiqzIKkHC
@arakai891 新井くん誕生日おめでとう✨Singaporeの写真なかったからお気に入りを（*'∀'人）*+17さいたのしんで꒰•̫͡•ོ꒱ http://t.co/SQiivGtIyP
トランスフォーマー🎉🎉 わーい お父さんもってた🎉🎉 汐入のTSUTAYAなくなってたの忘れてた🎉🎉 http://t.co/bGUIVn19BZ
@m1s0_s たくぽん今日頑張れよっ(ㆁᴗㆁ✿)
@Tomoka0429 お泊りしよ
@2tKyooka フォロバありがとう(ㆁᴗㆁ✿)
@READER1630 ふっふっふっ、ちゃんと付けてな？ww
久々に集中してRAD聴いてるけど、やはり歌詞とか雰囲気とか素晴らしい👏  今日はお部屋の模様替えしました🐵
@Himagon0502 それ！僕も買いたかったけど諦めたやつ、、可愛いよなぁ🎂
@yukiko133 ゆきこちゃん誕生日おめでとう🎉(　´∀｀)🎉 毎朝ベイで会って挨拶してくれるからとても嬉しいよ🙈💕17歳楽しく過ごそう٩(｡•ω•｡)و
チェキ越しに撮ってみたら結構楽しかった( ﾟ∀ ﾟ) http://t.co/y70pExYWf3
@taichan997 @flute_mm 為が気になる、、(偽じゃね？...
@miyabooooou @taichan997 @flute_mm そんな日もあるよ,ってか三人とも返信はやっ
@miyabooooou @taichan997 @flute_mm いじられ乙🐵✌
今日は一気に落ちたりしたけど助けられたり、やっぱり毎日幸せですな🐵✨ ありがとう( ᐛ🙏)勉強しなきゃな...
@0312_oyuki テスト終わったら会いにいく！！ゆきちゃん大好きだようおおおおお( ；∀；)( ；∀；)( ；∀；)
左腕と右足が筋肉痛💥💪 やっぱり僕はお勉強に向いてないよ🐵💭ww 人生楽しんでいかなきゃ💫
米津さんの声聴くと感情的になるね素敵だ
@mic_makita えぐいの聴くねぇ( ﾟ∀ ﾟ)いいねぇ
@technical_metal はっぴーバースデー！
@miamia_01 あるあるやな🍫
@miamia_01 ほんと麻薬的だわ(僕もチョコで胃もたれなう
@miamia_01 いぇすwwベッドに置くとなかなかツライ😦ww
@dikc083185 いりますか？ww
@dikc083185 な、なかなか存在感が、、、w
@pnd_39 きららお誕生日おめでとう🎉✨中2以降会ってないね😳 17歳楽しんで✨
@tattu310 お誕生日おめでとう🎉！一日遅れごめん🐵これからも さきのと楽しく過ごしてね👍
@taichan997 お前が一番好きだからひとりよにんじんたべた！   好きだけどひとりだし、にんじんたべたらしい。
何気にこの子とｵﾄﾏﾘ初めてなんですの(・∀・)朋佳いぇええええい👏✨ https://t.co/BpyqFXE3QD
@flowergarden_u2 近所やわ
@flowergarden_u2 緑目立つよ(通学路 いつかやりたいねぇ｜∀･)))
@flowergarden_u2 いぇす(・∀・)
@flute_mm LINE見ろや🙊金曜日お暇かい？
@flute_mm ひぃ、、了解👍
@tupeko_yui @​natsuh0614 @Nrw6721 おつかれ⚽✨ http://t.co/NHdVBOuj9m
@Cattleya_1220 ありさちゃん！ありがとう🐵✨
@IkumiYfm @lh_cyvtty 今日お疲れ様🏀ツーショットです🐵👍 http://t.co/NrHG49dBBh
@73M703 @ayaka1127dance  @wam_onster @KOOTO310 お疲れ様🏀✨今日の写真です📷 http://t.co/Cne8bVo7SA
@IkumiYfm いくみちゃん誕生日おめでとう🎉✨
こてさし(๑¯ω¯๑)💭 http://t.co/gHaGYsgosy
@_SENYASA_ @mee9150 お疲れ様です✨ http://t.co/EwzYfRsL9w
@_SENYASA_ http://t.co/rrehz4rlUC
@Blacksteel18 お疲れ様です👏 http://t.co/CYckErHCiI
ゆきちゃん本当にありがとう すごく助けてもらったし、頑張ろうってなったし、何より元気出たよ💪 カラオケ楽しみにしているで🙏 @0312_oyuki http://t.co/BZKIAvC22h
@annnamotono あんな先輩💗💗ありがとうございます💫豆乳のみましょ👏
@abe_abebebe さくらちゃん誕生日おめでとう🎉 楽しくやっていこう👍✨
モテキの選曲素晴らしいね、ハマるね  そのうち全部見よう🐵💭
@Nextbeat_bass それこそエイプリルフール
@yuho_0401 ゆうほくん誕生日か！おめでとう🎉
@42skn さきの誕生日おめでとう🎉 そのうちあそびたいね🙈💫
@Eponine02 ありがとう🙈✨こちらこそよろしくね💫
@O731Hajime はっはっは、楽しんでいこうぜ🙉🎉
@taichan997 表へ出ろっ！チャリ旅するぞ！
@taichan997 歩き旅でもいいよ、とりあえず動きたいのだあああ！
@taichan997 老化( ﾟ∀ ﾟ)
@taichan997 じゃあ葬式のときには全力で般若心経ロックうたうね🎉
@taichan997 ぼーっとしてたら2時間たってたんだが。なんでかな
@taichan997 わ、おっさん進化しおったな
@taichan997 それは否めない👏君もう春休み暇ない？
@taichan997 ふぁww多忙やな🙏
@taichan997 ヒント：中村氏撲滅
@3104722 芳原くんフォロバありがと✨
@KNika1030 うおwwありがとう! また青春しようぜっ☆
@KNika1030 暇なとき見に行こう！
名前： 呼び方： 呼ばれ方： 関係： 第一印象： 今の印象： 好きなところ： 思い出： ひとこと：  #ふぁぼしたひとにやる
@juamero  名前：じゅあ 呼び方：じゅあ 呼ばれ方：こーしゃん 関係：友達🙏 第一印象：わっ、やばい可愛い 今の印象：大人っぽくなった気がする✨ 好きなところ：ワイワイできるところ 思い出：ゆきちゃんの誕生日 ひとこと：近々遊ぼう🐵👍  #ふぁぼしたひとにやる
@rem9788_flower  名前：りゅうせい 呼び方：りゅうせい 呼ばれ方：このみ 関係：友達🙏 第一印象：細い！髪型かっこえ！ 今の印象：コミュ力高いなぁ(尊敬 好きなところ：気遣いができるとこ 思い出：高1の夏かな ひとこと：海でも行こうぜ🌊  #ふぁぼしたひとにやる
@UJ_o_Ryoto  呼び方：りょうとくん 呼ばれ方：ない！w 関係：バンド繋がり 第一印象：歌い方えもい 今の印象：何気に人見知り？ 好きなところ：歌い方 思い出：関内the top ひとこと：たまーに見かける気がするw  #ふぁぼしたひとにやる
@re_rena07  呼び方：れなちゃん 呼ばれ方：このみ先輩だっけ？ 関係：PP🎸 第一印象：セーラー服！ 今の印象：目大きい👀 好きなところ：挨拶してくれるとこ！ 思い出：夏ライブかな ひとこと：白ワンピと花冠似合いそう🌸ライブのときにでも..期待  #ふぁぼしたひとにやる
@bmxtomoya  名前：いしいともや 呼び方：いっしー 呼ばれ方：なんだっけ？w 関係：お友達🙏 第一印象：背高っ 今の印象：BMXと筋肉とホモっぽい 好きなところ：意外と話しやすい 思い出：7組のベイ ひとこと：たまに7組あそびいくね✨  #ふぁぼしたひとにやる
@fu97ball  名前：あおきふうが 呼び方：ふうが 呼ばれ方：このみ 関係：友達🙏 第一印象：どんな人だろう 今の印象：目ヂカラ強い😎 好きなところ：優しくて接しやすい！ 思い出：アメブロだな ひとこと：たまーに会うよねwまたお話でもしよう💫  #ふぁぼしたひとにやる
@KNika1030  名前：にかどりけんた 呼び方：ニカ 呼ばれ方：このみ 関係：お友達🙏兄 第一印象：ヒーロー感 今の印象：やっぱりいい人だよ 好きなところ：ｳｻﾞｲけど憎めないドヤ顔 思い出：たくさん遊んだ ひとこと：海と星見に行くの強制な！  #ふぁぼしたひとにやる
@0ma_yu  名前：みやべまゆみ 呼び方：まゆみん 呼ばれ方：このみさん？ 関係：PP🎸 第一印象：いい笑顔するねぇ 今の印象：歌うま！声かっこよ🎉 好きなところ：地声と歌声のギャップ 思い出：夏ライブ ひとこと：弾き語り企画一緒にやろう👏  #ふぁぼしたひとにやる
@m1s0_s  名前：すずきたくほ 呼び方：たくぽん 呼ばれ方：このみさん 関係：PP🎸 第一印象：この子やばそう 今の印象：とっても親しみやすい！ 好きなところ：相談乗ってくれるとこ 思い出：ベイとか横浜とか ひとこと：またたくさんお話しようよ🐵👍  #ふぁぼしたひとにやる
@1205_ms  名前：すずきもなみ 呼び方：もなちゃん 呼ばれ方：このみちゃん 関係：お友達🙏 第一印象：大人っぽい！ 今の印象：何気毒舌あるとこ💫 好きなところ：お姉さんっぽいとこ👩 思い出：7組のべい ひとこと：呼び捨てでいいで🎉w  #ふぁぼしたひとにやる
@0411Momoka  名前：いわさきももか 呼び方：ももちゃん 呼ばれ方：このみちゃん 関係：お友達🙏 第一印象：姫降臨！(一目惚れ(･∀･) 今の印象：おっと少々キチガイ👏 好きなところ：よく笑うところ 思い出：生物の時間 ひとこと：変顔好きよ💕  #ふぁぼしたひとにやる
@Tomoka0429  名前：つじともか 呼び方：ともか 呼ばれ方：このみ 関係：心の支え🙏 第一印象：優等生 今の印象：大好き🙊ﾊﾞｰｶ 好きなところ：ちゃわいいい👶wwww 思い出：多過ぎ書けない ひとこと：いつもありがと末永くよろしく😎  #ふぁぼしたひとにやる
@f6m17  名前：ふじわらみゆ 呼び方：ふじみ、みゆちゃん 呼ばれ方：このみん 関係：お友達🙏 第一印象：大人感やばい！ 今の印象：バンド趣味合うねぇ🎸 好きなところ：バンドトーク出来るとこ 思い出：7組のベイ ひとこと：なんかのライブ行こうね！  #ふぁぼしたひとにやる
@Eponine02  名前：ひぐちゆみか 呼び方：えぽ 呼ばれ方：このみちゃん 関係：お友達🙏 第一印象：歩き方いいねぇ🚶 今の印象：個性的🎉 好きなところ：表情豊かなとこ！ 思い出：球技大会 ひとこと：勝手に少し仲良くなったとか思ってます💫w  #ふぁぼしたひとにやる
@KNika1030 そうなのよ色々話したいの！だぁ暇なときよろしく！
@tatsuki00000  名前：おおくぼたつき 呼び方：たつき 呼ばれ方：ちび助 関係：友達🙏 第一印象：笑顔いいねぇ 今の印象：照れ屋!?可愛いな！w 好きなところ：一途なとこ 思い出：修学旅行以降 もっと仲良くなったね ひとこと：(＾ω＾)はぁい  #ふぁぼしたひとにやる
@mkt28J  名前：たまるまこと 呼び方：たまるくん 呼ばれ方：なんて呼んでる？ 関係：お友達🙏 第一印象：美形だな 今の印象：サッカー部だけど美白 好きなところ：話し方落ち着いてる 思い出：後夜祭でｻｲﾘｳﾑ撒いてた ひとこと：あんま会わないね！w  #ふぁぼしたひとにやる
@TRUSTxxVOICE  呼び方：のぶさん 呼ばれ方：このみ 関係：バンド繋がり🎸 第一印象：すごい！高い声綺麗！ 今の印象：憧れの存在 好きなところ：会った時「このみ！」って話してくれたとこ 思い出：谷Pのライブ ひとこと：また会いたいです✨  #ふぁぼしたひとにやる
@ray59723  名前：うえだれい 呼び方：れい 呼ばれ方：このみ 関係：お友達🙏 第一印象：とても美人じゃん 今の印象：毒舌だが優しさがある！w 好きなところ：れいの変顔好きよ💫 思い出：匠ラーメン..www ひとこと：また遊び行こうよ🐵💕  #ふぁぼしたひとにやる
@a_kjn8  名前：かやまあいり 呼び方：あいりちゃん 呼ばれ方：このみちゃん 関係：お友達🙏 第一印象：笑顔かわいいっ！ 今の印象：現音部楽しそう✨ 好きなところ：親しみやすさ🙏 思い出：関内the top！ ひとこと：なんかのライブ一緒行こう🙈💭  #ふぁぼしたひとにやる
@abe_abebebe  名前：あべさくら 呼び方：さくらちゃん 呼ばれ方：このみ先輩 関係：PP🎸 第一印象：サラサラロングの美人 今の印象：社交的で優しい✨ 好きなところ：真顔で凄いこと言うとこ👍 思い出：イオンかな ひとこと：Ct応援してます🙏  #ふぁぼしたひとにやる
@1205_ms いぇーい😎👍✨
@Himagon0502 @tatsuki00000 不意打ちのｽｽｽ (名前変えおったな
@s_tennis5788  名前：つかごしそうた 呼び方：そうた 呼ばれ方：このみ 関係：友達🙏 第一印象：友達に似てるw 今の印象：話しやすい！ 好きなところ：会うたび挨拶してくれる 思い出：１年の最後遊んだね👍 ひとこと：ＮＺ楽しんで&amp;頑張れよっ🎉  #ふぁぼしたひとにやる
@Samoa3055  名前：大石颯 呼び方：おおいし 呼ばれ方：さしはた 関係：同中🙏 第一印象：細い(小1の印象 今の印象：背伸びたよね！ 好きなところ：ヨット頑張ってる 思い出：電車で会った ひとこと：ちなみにおすすめの車は？ww  #ふぁぼしたひとにやる
@Nasuyasu_Bass  呼び方：なーすやーす 呼ばれ方：このみ先輩 関係：PP🎸 第一印象：最初わからなかった！w 今の印象：楽器オールマイティやん！ 好きなところ：音楽への熱意 思い出：一時期電車の時間一緒だったねw ひとこと：楽器マスター！w  #ふぁぼしたひとにやる
@Himagon0502  名前：ささきりょう 呼び方：ささっきー 呼ばれ方：ちびすけ 関係：友達🙏 第一印象：好青年 今の印象：(’ω’)ｳｳｩｩｱｱｫｵ!! 好きなところ：キチガイ 思い出：部活どっちも📷🎸 ひとこと：なにかと仲良しいぇーい  #ふぁぼしたひとにやる
@butamotoberunda  名前：よこやまるい 呼び方：るいちゃん 呼ばれ方：このみちゃん 関係：お友達🙏 第一印象：可愛いなぁ 今の印象：極度キチガイ🐽 好きなところ：うっひゃおううってとこ 思い出：中学時代 ひとこと：ラーメンたべ行こう🍜  #ふぁぼしたひとにやる
@3104722  名前：よしはらさとし 呼び方：よしはらくん 呼ばれ方：なんて呼んでる？ 関係：友達🙏 第一印象：８組の人(梨だっけ 今の印象：なんか可愛い 好きなところ：手振り返してくれる👋 思い出：生物の授業 ひとこと：最初せいじくんかと思ってた🐵  #ふぁぼしたひとにやる
@Cattleya_1220  名前：おかありさ 呼び方：ありさちゃん 呼ばれ方：このみちゃん 関係：友達🙏 第一印象：清楚女子 今の印象：ビバ抹茶🍵 好きなところ：可愛いとこ💕w 思い出：1年の頃 ひとこと：ななずぐりんてぃ一緒に行きませんか(ﾅﾝﾊﾟ  #ふぁぼしたひとにやる
@Samoa3055 カマロとかミニとかハスラーとかww
@saya_427  名前：ふじもりさや 呼び方：さやちゃん 呼ばれ方：このみちゃん 関係：お友達🙏 第一印象：女の子っぽい！ 今の印象：テコンドーｶｯｺｲｲ 好きなところ：笑顔で手振ってくれる👍 思い出：作ろ💫w ひとこと：一緒にパン作りしたいなぁ💭  #ふぁぼしたひとにやる
@TokoRoten_reina  名前：たしろれいな 呼び方：れいな 呼ばれ方：こーしゃん 関係：友達🙏 第一印象：白いぜ細いぜ 今の印象：テンション高め🎉 好きなところ：ピュア女子や 思い出：塾だね ひとこと：れいな！！久々遊びたい😎💕  #ふぁぼしたひとにやる
@3104722 Oh! 父さんか！ww惜しいなww
@M614Hearts  名前：ひらのまりな 呼び方：まりな 呼ばれ方：このみん？ 関係：お友達🙏 第一印象：アリス好き♠️ 今の印象：お話しやすい😎💫 好きなところ：ナチュラルに話入れてくれるとこ 思い出：7組のべい ひとこと：まだ遊んだことない遊ぼ👍  #ふぁぼしたひとにやる
@maruchan_yuuki  呼び方：まるちゃん 呼ばれ方：なんて呼んでる？w 関係：PP🎸 第一印象：おとなしい 今の印象：仕草とか可愛いね👏 好きなところ：女装似合うところ👍w 思い出：ライブかな ひとこと：挨拶してくれるの嬉しいで🐵✨  #ふぁぼしたひとにやる
@popotan_mirei  名前：なつせこりゅうせい 呼び方：なつせこくん 呼ばれ方：なんて呼んでる？ 関係：友達🙏 第一印象：世界史同じ 今の印象：未だ掴めないw 好きなところ：まだわからない！ 思い出：少し話したこと有 ひとこと：仲良くなろう👍w  #ふぁぼしたひとにやる
@pon_chaka  呼び方：ぽんちゃか 呼ばれ方：このみ 関係：壁モッシュ🎉 第一印象：わぁあ可愛い💕 今の印象：彼氏さん大事にしてる👍✨ 好きなところ：ぽんちゃか全て← 思い出：やっぱりRADのライブだね ひとこと：壁モッシュ遊びたいようおお🙈💕  #ふぁぼしたひとにやる
@1216niko  名前：せきざわたくま 呼び方：せきざわ 呼ばれ方：ちびすけ 関係：友達🙏 第一印象：めがね 今の印象：何気仲良くなってます✨ 好きなところ：話聞いてくれる 思い出：修学旅行やなw ひとこと：マスク消費量やばいよね  #ふぁぼしたひとにやる
@kyojinnohoshi13  名前：まつだこうた 呼び方：こうた 呼ばれ方：このみ？ 関係：友達🙏 第一印象：バスケ青年 今の印象：テンション高い🎉 好きなところ：初対面でも普通に話せるとこ 思い出：浦賀 ひとこと：そいえば遊んだことないね🙊  #ふぁぼしたひとにやる
@kaitodduck  名前：すずきかいと 呼び方：かいとくん 呼ばれ方：なんて呼んでる？ 関係：友達🙏 第一印象：意外と声低い！ 今の印象：ディズニー✨ 好きなところ：ディズニー愛💕 思い出：帰り、のぞみちゃん待ってるとき ひとこと：年パス持ってる？  #ふぁぼしたひとにやる
@kakison211  名前：いがかずき 呼び方：いが 呼ばれ方：さしはた 関係：ほぼ幼なじみよなw 第一印象：ノースリーブ短パンw 今の印象：ベーシスト💫 好きなところ：いいやつ👏 思い出：小3らへん！ ひとこと：いやあたまに会うねぇwww  #ふぁぼしたひとにやる
@miyabooooou  名前：みやきたいすけ 呼び方：みやき 呼ばれ方：さしはた 関係：友達🙏 第一印象：みさの仲良しの人 今の印象：みや凡ブランド 好きなところ：楽しい 思い出：修学旅行から帰宅した日の「おかえり」 ひとこと：あれは結構嬉しかったw  #ふぁぼしたひとにやる
@yuuji0610chopp  名前：さとうゆうじ 呼び方：ゆうじ 呼ばれ方：さしはた？ 関係：友達👏 第一印象：しろめがね！！ 今の印象：くろめがね！！ww 好きなところ：話し方面白い💫 思い出：中二の頃仲良かった ひとこと：しろめがね復活希望😎  #ふぁぼしたひとにやる
@Nextbeat_bass  名前：ばばたつや 呼び方：たつやくん 呼ばれ方：このみちゃん 関係：Nextbeat 第一印象：白い細いベーシスト 今の印象：ドS🙉 好きなところ：何気優しさあるとこ 思い出：ライブ前(一番楽しい ひとこと：不意打ちの👌←  #ふぁぼしたひとにやる
@nagisasansan  名前：うちやまなぎさ 呼び方：なぎさちゃん 呼ばれ方：このみ先輩？ 関係：PP🎸 第一印象：ふぁぼ☆ 今の印象：大地の彼女👧💕 好きなところ：挨拶してくれる 思い出：ライブだね🎉 ひとこと：赤リップすごく似合うよね！(羨まし  #ふぁぼしたひとにやる
@RaKeGe12_2  呼び方：かなもん 呼ばれ方：このみ 関係：壁モッシュ 第一印象：お姉さん❤(迎えきてくれた 今の印象：ぼわっ 好きなところ：気遣いできるとこ 思い出：カラオケ✨w ひとこと：就職おめでと🎉遊びたいよ！集まりたい💕  #ふぁぼしたひとにやる
@nagisasansan おぅふ、、申し訳ない、、大智か！ありがとう🎉
@sy_27xxx  名前：やまもとさえ 呼び方：さえ 呼ばれ方：このみ 関係：友達🙏 第一印象：ちっちゃい←ごめんw 今の印象：乙女！可愛い💕💕 好きなところ：一途🙊ﾆﾔ 思い出：ベイで話したこと ひとこと：こんなたくさんお話できる仲になれて嬉しいよ💫  #ふぁぼしたひとにやる
@haanaa03  名前：しらさきはな 呼び方：はなちゃん 呼ばれ方：このみん？ 関係：友達🙏 第一印象：お淑やかそう✨ 今の印象：かなり楽しい👏 好きなところ：優しさと気配りできる女子スキル 思い出：7組のベイ ひとこと：DSやってる時楽しそうだた😎  #ふぁぼしたひとにやる
@tsuntama_hh  呼び方：あくつくん 呼ばれ方：なんて呼んでる？ 関係：PP✨ 第一印象：ギターうまいなぁ 今の印象：ギター覚醒しすぎ！ 好きなところ：ミステリアスっぽいとこ 思い出：3月のライブ ひとこと：写真使ってくれてて嬉しい📷💫  #ふぁぼしたひとにやる
@1128_14  名前：平野恭崇 呼び方：やすくん 呼ばれ方：このみ 関係：友達 第一印象：笑顔やばい💕 今の印象：大人っぽくなった🎉 好きなところ：優しさ,キチガイ(’ω’) 思い出：月食見に行った🌙 ひとこと：天体観測行こう(ちなみに明日は皆既月食  #ふぁぼしたひとにやる
@HiromiKagoshima  名前：かごしまひろみ 呼び方：かごしま 呼ばれ方：このみ,さしはた 関係：友達💫 第一印象：声でかい、、 今の印象：謎の人物www 好きなところ：相談のってくれる 思い出：日本史の授業 ひとこと：彼女大切にしろよ🎉  #ふぁぼしたひとにやる
@tsujimura7  名前：辻村ゆうき 呼び方：つじむら 呼ばれ方：このみ 関係：友達🐵 第一印象：眉毛困ってる 今の印象：はーげ😎 好きなところ：なんだかんだ優しい 思い出：星空の夜にw ひとこと：後夜祭の時カメラ準備手伝ってくれたの嬉しかった👏  #ふぁぼしたひとにやる
@Im_mayuka  名前：たかぎまゆか 呼び方：まゆか 呼ばれ方：このみ 関係：友達💗 第一印象：リボンふりふりピンク 今の印象：多趣味 かなり💫 好きなところ：意外と可愛い 思い出：あそびいったり ひとこと：何気仲良しだね🎉食べ過ぎ注意。ww  #ふぁぼしたひとにやる
@0530saeka  呼び方：さえか 呼ばれ方：こーしゃん 関係：友達✨ 第一印象：美人やん！！ 今の印象：ワイワイできる楽しい🙈💕 好きなところ：テンション高いのいけるとこ 思い出：ゆきちゃんと3人で遊んだ ひとこと：カラオケいきたいだ🙏💫  #ふぁぼしたひとにやる
@JungYongHwa0519  名前：山口琴乃 呼び方：ことのちゃん 呼ばれ方：なんて呼んでる？ 関係：友達👍 第一印象：イケメンや 今の印象：やっぱイケメンや😚 好きなところ：「おはよ」の言い方w 思い出：オーストラリア ひとこと：挨拶嬉しいで😎  #ふぁぼしたひとにやる
@aaa_tkhs  名前：たかはしじゅん 呼び方：じゅんくん 呼ばれ方：なんて呼んでる？ 関係：友達✨ 第一印象：あったことない 今の印象：上記 好きなところ：上記 思い出：上記 ひとこと：ごめん ろくに書けない wいつか会えるといいね👍  #ふぁぼしたひとにやる
@tsujimura7 どういたしまして http://t.co/pu9dHWD7Fz
@yua_mof  名前：山西りな 呼び方：りなぼん 呼ばれ方：このみちゃん 関係：友達✨ 第一印象：坂中の人かぁ 今の印象：りなぼんワールド🎉 好きなところ：服装可愛かったで😎 思い出：多分入学式の日に話した！w ひとこと：楽しくやってこう👍  #ふぁぼしたひとにやる
@ARingo930  名前：福島かりん 呼び方：かりんさん 呼ばれ方：このみん？んん？w 関係：お友達👍 第一印象：目ヂカラ👀 今の印象：ちょっと変な子💗w 好きなところ：心が広すぎるとこ 思い出：7組のベイ✨ ひとこと：かりんさん優しさやばい💫w  #ふぁぼしたひとにやる
@uLh6zagNjqHSfyb  名前：かわちさやか 呼び方：さや 呼ばれ方：こーしゃん先輩 関係：バスケ部🏀 第一印象：双子や！ 今の印象：毒舌なww 好きなところ：サバサバしてるとこ💫 思い出：中学の部活 ひとこと：会わないね、、元気してるかい？  #ふぁぼしたひとにやる
@060Giants  名前：もりひらひろと 呼び方：とっくん 呼ばれ方：なんて呼んでる？ 関係：友達👍 第一印象：背高いな人見知り👏 今の印象：可愛い💕 好きなところ：会話してくれるようになったとこ 思い出：帰りの電車 ひとこと：とっくんとーっくん🙈✨  #ふぁぼしたひとにやる
@cake_satsuki  名前：おおたさつき 呼び方：さっちゃん 呼ばれ方：こーしゃん？ 関係：友達👏 第一印象：小1(記憶... 今の印象：頭良い✏ 好きなところ：会ったとき笑顔😚 思い出：小3の頃のクラスかな ひとこと：長年お世話になってます🎉  #ふぁぼしたひとにやる
@0117nahe  名前：とくだなほ 呼び方：なへ 呼ばれ方：このみちゃん？ 関係：友達✨ 第一印象：塾で隣の席 今の印象：さっぱりしてる！ 好きなところ：話しやすい💫 思い出：専門学校いったこと👍 ひとこと：中3の塾で既にあってたこと記憶にある😎  #ふぁぼしたひとにやる
@READER1630  呼び方：とーま 呼ばれ方：このみさん？ 関係：友達👍 第一印象：おお元気な人だ 今の印象：笑顔がいいね✨ 好きなところ：会うと手振ってくれる、話しやすい 思い出：文化祭 ひとこと：またダンスの写真撮りたいな📷  #ふぁぼしたひとにやる
@KOOTO310  名前：てらやまこと 呼び方：こと 呼ばれ方：このみん？(前はちびすけ 関係：友達💗 第一印象：にかと仲良し 今の印象：どこか抜けた感じが最高👍 好きなところ：毎回手振ってくれる 思い出：テスト勉強会 ひとこと：また家おいで🎉  #ふぁぼしたひとにやる
@0728_saku  名前：とのおかさくら 呼び方：さくぽん 呼ばれ方：このみちゃん 関係：友達💫 第一印象：背高い(野比中時代 今の印象：なんか面白い人やん！ 好きなところ：美黒なところ😎w 思い出：温野菜 ひとこと：またいっしーの働き姿みにいこ！w  #ふぁぼしたひとにやる
@kaitodduck ありがとう👍line持ってないwたくさん撮りますぜ📷
@nozomi966 ありがとう🙈💕してる！よろしくね(∗•ω•∗)
@arakai891  名前：あらいかいと 呼び方：あらいくん 呼ばれ方：なんだっけ？ 関係：友達💫 第一印象：好青年オーラ 今の印象：かなりいじられキャラ✨ 好きなところ：声が聞きやすい 思い出：壮行会のギター練習 ひとこと：今年のヲタ芸やるのかな🎉  #ふぁぼしたひとにやる
@1201aya_ku13 あやフォローありがとう💫
@arakai891 楽しみじゃ👏
@0728_saku ありがとう👏あそぼ(♡´艸`)
@f6m17 ありがとう🎉いぇあ💫💫
@1219star フォロバありがとうございます🐵✨
@Im_mayuka まゆかありがと😎大阪泊りがけ💫
@Cattleya_1220 ありさちゃんありがとう🎉米津さんщ(ﾟДﾟщ)ｶﾓｫｫｫﾝ
@wam_onster 萌々ありがと🍑メンタルっ👏
@Cattleya_1220 そうなのよ！小栗くん(･∀･)📷👦
@hcivu57 はる誕生日おめでとう🎉最近全然握手してなかったね😯💭ww 18歳楽しんで👍
松岡修造でかれこれ20分くらい笑ってる( ﾟ∀ ﾟ) ほんと元気になったわ！w 僕の名前欲しかったwww
@0411Momoka ももちゃん誕生日おめでとう🎉やっぱり姫だわ(･∀･)変な子だけど💗w 若かりし1年の頃の写真発見！w これからも楽しく過ごそう🐵👍 http://t.co/TfOuDASbgl
とても楽しかった🎉 みなさまありがとう🐵💕 http://t.co/jDBSkRISC1
@1205_ms もなみ🎉こちらこそありがとう💕またお願いしやすଘ(੭ˊ꒳​ˋ)੭✧
@krkr_raky フォロバありがとう🐵
@1997Takeru 誕生日おめでとう🎉
木曜日は2,3時間目しかないから まったりできるね🐵  練習しなきゃ
@m1s0_s 来年に期待大🎉
@s_16ki ちょ、焦って確認しちゃったじゃないデスカ( ；∀；) http://t.co/QedxgMfQEP
@s_16ki 定年ですが再任用でいらっしゃいます🎉
明日弾き語りします、Canonです！ 楽しいバンドもたくさん出ますのでぜひ見に来てね！ http://t.co/K7wuOGLW3I
@Tomoka0429 17時かなぁ、16時始まりの3番目！w
初の遅刻フラグだけど、 駅でゆきちゃんに会えたから今日は最高の１日になります🐵👍(確信
ライブ終了🎉 みんな素晴らしかったなぁ、お疲れ様です🎸 弾き語りは緊張で超暴走したが笑顔で歌えた！ たくさんの友達に 頑張れ！って言ってもらえて本当に幸せ🐵 ありがとうございました！次は落ち着いて弾けるようになるので成長期待しておいて下さい😎✨
@naoki_nh はせなおくん誕生日おめでとう🎉
@mori_nikkori2 フォローありがとう✨
@KaraageSeiya フォロバありがとう👏iPhoneカバーのセンスいいね
@naoki_nh そうだねwwそれはラッキーデーだ🎉
@mori_nikkori2 わぁ！嬉しい！ありがとう👏ごめんね最後とか失敗してもうたわ！ アコギやろう！さぁPPへ✨
@KaraageSeiya お疲れ様！ありがとう🎉次はもっと上手に弾けるようにします👍
@FAKE_color フォローありがとう🎉PPよろしくね😎
@tsumugutakatani フォローありがとう🐵💫
@tsumugutakatani ありがとう！ぜひPPでやりましょう🎸♪
@Headphone_EDM わ、家近い
@Headphone_EDM いぇい🐵👍
@MKtkms の隣です🐵
@ao_zawa_7 フォローありがと🎉
http://t.co/JsPnLIqKCB
@Tomoka0429 いこ👏
@LuckyNarumi なるみちゃん誕生日おめでとう🎉手振り返してくれるの嬉しいで😎夢詰まった18歳楽しんで✨
@SHINDEKURE__ だってあなたのこと好きだもん
@taichan997 ✋
バイト楽しくない🙉 というか僕の生活サイクルに合ってない 早朝がいい( ´•௰•`)
@taichan997 明日なら！
@taichan997 おぅふ、、、んまぁ、大体暇だからいけると思うで👏
@taichan997 どんとまいんどぅ🐵
@yotakotteri いこうぜ
@saya06051 ごめんなさい！！！いま普通に人違いしてリプ送ってしまいました( ；∀；)
@taichan997 わしも
@saya06051 ありがとうございます👏
@taichan997 だうと
@taichan997 かなりのガチ勢やな、、、
多分ものもらい出来たわ👀 まばたきの度に痛いっす という訳で今日は朝からこれ☞ http://t.co/dhdM1aqpjn
@abe_abebebe さくらちゃん女王蜂好きなん!?
@abe_abebebe おおおお！ヴィーナスかっこええよな!!LINEのひとことが それだったから うおお！？ってなった🐵💭
@abe_abebebe 好きよ😎6月はライブいくで！
@abe_abebebe 一般発売まだだからワンチャン🐵👍
RT @Tomoka0429: このみと汐入で待機中〜。 http://t.co/1AqzumjFTM
@43Pika フォローありがとう🎉
@_BRANcz フォローありがとう🐵スタジオお疲れ様！これから頑張ってね🎸
@ryumaaaaaaa0806 フォローありがとう🙉💫
@Im_mayuka 握力皆無かよwww
@Im_mayuka http://t.co/eyLr0WvMiI
@Im_mayuka ば、バカっていう方がばかなんだいっ🙉 あなたいつ暇よ泊まりしようぜ
@Im_mayuka 末期を感じた、、、りょ！テキトーなとき誘うわ
@Tomoka0429 楽しんできてね😎
早口なの直したいなぁ🙊💭 次の成長目標はゆっくり話せるようになることやな👏
@NaoCalpis あらほんと🙊!? そう言ってくれる人もいるのね 有難き👏
@2162Sa summerの作者様やん、つい最近はまった🙈
@2162Sa 鉄コン筋クリートな！覚えとく🙊✨
@rin_run_ran 凛ちゃんはっぴーばーすでい🎉またいつか電車で会った時みたいにお話しよう👏素敵な18歳を💫
@wami0530 わみちゃん誕生日おめでとう🎉割と階段とかでの遭遇率高いね😎話してみると意外とふわふわしてて可愛いなぁなんて思ってます🙊💭 18ｻｲ楽しんでいこう！！
写真袋で送ると画質落ちまくりやな🙊... もっとサッと綺麗に送れるような方法ないかなぁ
@koshiro375 いえいえ👍お疲れ様！多少高画質の方も成功したら送れるかも！
@yuuki0206nano64 こちらこそありがとう！明日も頑張ってね🏀✨
@Ume_7mouse お誕生日おめでとうございました🎉(過去形でごめんなさい🙊 ななこさん 眉上前髪すごく似合ってて密かに憧れてます🐵💭素敵な19歳を過ごせますように💫
明日は休校とかならないでください🙏 そして僕の体調も戻ってきてください🙏 バイトもあるので元気をください🙉
@Headphone_EDM @abe_abebebe どんまい👏 http://t.co/FfjdYebROA
@Headphone_EDM 元AKBで現在Ct.に所属中のあっちゃんよ(°°)👍 ペットは七面鳥という大胆さ
地元愛を感じるTLですな👏
@k_d_y_s_ あれ減っちゃったよね..いま1000系のアルミ車しかないからレア感🚃💭
うめやそば食べて幸せ🙏 今日も楽しくていい日だった🐵💫
@WBC0518 亨介おめでとう🔞覇気のある目になりますようにって願ってるね👀 http://t.co/1xzRb4IcYB
@TRUSTxxVOICE この曲モテキで流れてました🎧 かっこいい
@TRUSTxxVOICE そうです！ドラマです！
@rina_0125s 間違ってないよ(本日は久里浜にて京急鉄道フェス🚃
@rina_0125s 珍しく久里浜が混むね👏
これチャリで行ったほうが早く着きそう
@gleek_3104 久里浜だからね、30分ありゃ充分(言うて帰らなかった
堀ノ内までこれたと思ったらどっちも浦賀行きだったから歩き旅します👏
まさかのよくみたら目の前で京急久里浜行き走ってました
@2162Sa さきはんDead pop何日目やい？
@2162Sa もしよければ11日いっしょに居てよいかな🙊💭
@2162Sa わぁぁぁ！嬉しき🙈💫 よしゃ、行こう🎉
RT @tanikawapopgori: 【PV】 谷川POPゴリラ - Borderless Party (OFFICIAL VIDEO)  https://t.co/aSiDYG9VAZ  PV、新アーティスト写真公開です！！  【めちゃ拡フィーバー求ム(•ө•)！！】 h…
@pon_chaka あああ！ぽんちゃか可愛いいい🙈💕
@SHINDEKURE__ そっちじゃないww激鯖のほうよ👏 そちら様にも聞いてみよか？
@SHINDEKURE__ そ、そうなんか、、まぁひとそれぞれやな👏
@haanaa03 好きなＣＭとその内容となぜ好きなのかってやつよ🐵💫
@haanaa03 いぇーい😎👍
@juamero ！？じゅあ！？前髪ある！？かわええええ！！！
@yuki0531girl ゆきはんお誕生日おめでとう🎉✨ あのウェディングアルバム盛大ににやけたわぁw 18歳楽しんでいこう😎👍
@WBC0518 打ち師
@WBC0518 真剣に考えると不動産屋さん。話すのうまいから説得力ある
@WBC0518 会社のプレゼンとかは向いてなさそう🙊
@WBC0518 否めない..大学進学するんやし、まだたくさん悩む時間あるさ 頑張りぃ👍
@WBC0518 ってまず君世界史だっけ http://t.co/pf693ay5CB
@WBC0518 ナポレオン
@WBC0518 ( ´•௰•`)
@usaaaa0541 よしかはんおめでとう🎉🎉18禁ふぁぃいいいい🙊🔞🔞🔞🔞🔞
松岡修造🐵♪♪ http://t.co/YdlRfMALGK
@nozomi966 のぞみちゃん誕生日おめでとう🐵🎉🎉 18歳楽しんでいこうっ(✿´꒳`)ﾉ°+.*
RT @nextbeeeat: うるまが少しネタバレをしてたけどNextBeat初のアー写を撮ってきました！！まだまだこれからも突っ走っていくのでこれからもよろしくお願いします！！！ http://t.co/mH18AQAQd0
線香花火ええな🐵👍 夏ですなぁ http://t.co/TTB9X9lfhi
@SHINDEKURE__ ヒント：夏休み
@SHINDEKURE__ いっしょに花火わんちゃん
@yotakotteri 建部誕生日おめでとう👏👏またカラオケ行こうぜ！18禁エリア入り浸りな🎉
@M614Hearts まりなお誕生日おめでとう🎉✨これからもたくさん7組遊び行くので構ってね🐵👍18禁楽しんで🔞
@SHINDEKURE__ ヒント:明日
@SHINDEKURE__ たくさん寝るのね、いいと思う
@J_tomo617 ともしげくんお誕生日か！おめでとう🎉🎉 たまに話してくれるし会う度挨拶してくれて嬉しいで🐵👍次の羅針発表だね、、何気楽しみ💭18歳たのしもう🌱
@ARingo930 今日僕もフラフラしたで👏 ちゃん前髪!?
@ARingo930 おさなちゃん明日楽しみやわ😎💭
学ランって最高にカッコイイと思う🐵💭
@taichan997 紫組にこうご期待を👏
@basuke5127 お疲れ様！ http://t.co/LndyrbjIEb
@yuuki0206nano64 どうぞ👍 http://t.co/58Peyx4z8E
@basuke5127 そんな小さかったか、悔しいな。やる気はあるので悪しからず。頑張ります👏
@basuke5127 ありがとう！必ず成長しまっせ🐵💫
@basuke5127 そんなことないよ！良きアドバイスよ😎
@73M703 みなみちゃん誕生日おめでとう🎉 普通な顔して吹っ飛んだ事言う感じ好きよ🐵👍今更だが体育祭写真🐵💫 http://t.co/frLzxGpH15
曲歌い終わった後の「ありがとう」の語調が堪らなく好きです。 美しい言葉で出来た曲があると思えば下ネタたっぷりな曲もあったりww とにかく生み出す全てが素晴らしい。 僕はずっと聴き続けるんだろうなぁ。 洋次郎さん誕生日おめでとう🎉 http://t.co/rcYzjoVI7c
🎋みんなと仲良く居られますように🎋  p.s.明日は雨ふらせないでください
野球部の練習着、とてもカッコイイ⚾️✨ ユニフォームもだけど なんでこんなにカッコイイのでしょう🐵💕
@Im_mayuka なにっ!?www最初の文一緒なツイートしやがったwww
@Im_mayuka あ、いや、謝るなやww怒ってたわけじゃないよwww
訂正: 練習着☞練習試合ユニフォーム⚾️
@2162Sa わわわわ！ごめん！連絡してなかったね👏 オープンからいく？
@2162Sa おっけい！じゃあぼくもそれに合わせて乗るね(中央から乗るで🚃
dead pop fes ｲ゛ｪｱ゛ｧ゛ｧ゛ｧ゛ｧ゛ｧｧｧ💀💕 http://t.co/7K6M2qODJW
@mfs_kana @k_d_y_s_ うお、同じく(・∀・)
フェスとか初めてだったけど 音楽がもっと好きになりました👏最高に楽しかった！汗と熱気も素晴らしい！ありがとう！！  #DPF2015 http://t.co/zt5Ea61G5L
そして明日は誰よりも声出すから。勝ってくれると信じています🙈💫
@m9ei11mi ファボありがとうございますwＤＰＦお疲れ様です💫まほちゃんのお友達ですか？
野球部 初戦突破おめでとう！！  とてもかっこよかった⚾️💫 次も頑張りましょ┗=͟͟͞͞( ˙∀˙)=͟͟͞͞┛
@43Pika @m1s0_s 悔しいわ少し共感してしまったわ、、
@43Pika @m1s0_s こんなかんじに見える http://t.co/wy1E3RWoBk
@43Pika いぇあ👍
@kaitodduck 誕生日おめでとう🎉(遅れてごめん 応援頑張ろうね⚾️💫今日は羅針おつかれ！w
@Headphone_EDM 留学するのか！
@Headphone_EDM 大型スーパーめっさ楽しいから いっぱい回らせてもらいな😎
ゆきちゃん会ってきたからとても元気元気🎉 なかなか久々だったけどたくさん騒いだwww 明日晴れますように🐵💭 http://t.co/0QG43JwJCp
@3104722 13:30だよ⚾️
@3104722 いぇい🐵👍
やっぱり横総って素晴らしい⚾️💫
昨日早く寝たからとても元気🐵👍 今日の空も綺麗だから大丈夫、いぇあ！🎉 http://t.co/B0m4SxLTsP
@koshiro375 幸四郎誕生日だったんね！おめでとう🎉 応援団楽しんでいこうぜっ🐵💫
RT @HiromiKagoshima: トレンド入りなう！ http://t.co/bPDrGtjLSc
@grape_777 ゆうやくん誕生日なん!?おめでとう！今日はお疲れ様！ http://t.co/aAHZTRN2wo
@kaito_syouronpo かいとくん誕生日おめでとう！！
野球部お疲れ様でした！ いままででこんなにスポーツで熱くなったことも、悔しい思いしたこともなかったです！横総野球部13期生の応援団になって初めて体感しました。みんなかっこよかった。本当にいいチームだなって。あぁ幸せな時間ありがとう！ http://t.co/xyWY93MX5X
Wonder runsさんみたいな写真が撮れるようになりたい📷💭
@sasorinodanna3 ずっと外に居たんですか!?w
@sasorinodanna3 あらwww行ってらっしゃーいwww
あぁぁ海行きたい！！！ 泳げないけど浮かんでいたい🌊 とりあえず運動不足になりそうだからお外に出ましょう🐵👍
@tatsuki00000 たつきお疲れさん！
@yokosomk みきてぃ誕生日おめでとう🎉いぇーーい(・∀・)✨18歳楽しんで🐵
@mayu722star まゆちゃん誕生日おめでとう🐵セーラームーンへの熱意素晴らしいね、IT'S DEMOで特集してたよ🌛💫
@yokosomk わぉぁ！！ありがとう(๑¯ω¯๑)✨みきてぃも お疲れ様💫
@erishu37 @RaKeGe12_2 お二人とも楽しんでね┗=͟͟͞͞( ˙∀˙)=͟͟͞͞┛
@m___________a_t へ？てんかんってやばい病気なの？
@ray59723 麗お誕生日おめでとう🎉 いつもひどいことばっか言ってきて切ないけど たまに褒めてくれるから嬉しいで🙈ww 18歳楽しんで！
@s_tennis5788 そうた誕生日おめでとう✨もう英語たくさん喋れる？wNZで誕生日迎えるとか幸せやな✈18歳楽しんで🐵
@BAKEDUFO @O731Hajime はじめちゃんウィンドブレーカーにも突っ込もうよ。それカッコイイ( ﾟДﾟ)
@BAKEDUFO @O731Hajime hideさん...姉さんさすがっす！
RT @WBC0518: RTしてくれた人紹介する 名前: 呼び方: 呼ばれ方: 関係: 第一印象: 今の印象: 好きなところ: 家族にするなら: イメージカラー: 一言:
@WBC0518 ほ、ほら、毎日暇なんだよ
@WBC0518 @sasorinodanna3 やってくれたのww亨介ありがとうww あっ、、発起人参上...
@sasorinodanna3 @WBC0518 す、すいませんでした、、、( ´•௰•`)ｱﾚｯ
@1205_ms もなみんバイトどこでやってるん┗=͟͟͞͞( ˙∀˙)=͟͟͞͞┛？
@1205_ms え！めっさ良いやん☕ いつか行きたいなぁ♪♪
@flute_mm @1205_ms わぁ、誰かと思ったw行こうぜいつ？
今日は夕方から青春しまくったわ🏄 いやぁ楽しかった夏休みやな😎
@utane_kanon いいよ！あそぼ！
調査書あけちった( ﾟ∀ ﾟ;)ﾔﾗｶｼ あー。もっかい貰い行かなきゃ、、
@PECO_kerokero 夏やなぁ
@PECO_kerokero いばらきへビューン🚃💭
@m___________a_t え？？えっ、、え？？？
@m___________a_t 夏やな、うん。うん
@m___________a_t ひとつ問題なのは本命に見られたらｱｳﾄｫなとこな
今年初の打ち上げ花火いぇーい🎉 いろんな人に会えたし、久々に遊んだから楽しかった💫 次見る花火は３日後🙈💭ww http://t.co/yen7VN6drz
@m___________a_t まぁなんか逃れるためなんやから いい考えかもしれんな,一応、お幸せに(๑¯ω¯๑)ww
バイト頑張ったら遊助のライブじゃーー 頑張るンゴ、
@katsumiururu 横浜のほうまでいってきます(๑¯ω¯๑)
黒姫と温野菜してきた(๑¯ω¯๑) いっしーさんきゅ&amp;ふぁいっ🙈✨ http://t.co/q5EhHBtuU8
@0728_saku ｱｯ、地黒姫か( ﾟ∀ ﾟ)💕 ナイス手ぶれ📷💫
@0728_saku 人より日焼け止めの消費量多めなのね(๑¯ω¯๑)w まぁまた行こうぜ👍
うぉう甲子園始まりましたね
筋肉痛と日焼けが痛い🙊💭  でも朝から留学中のアメリカの女の子が話しかけてくれて仲良くなれたから元気に専門学校いってきますᕙ( ͡° ͜ʖ ͡°)ᕗ
@92416bear あらのんちゃんお誕生日おめでとう🐵💫 なかなか、いや、かなり変人なのんちゃん楽しいで😎👍 18さい楽しんでいこう！
どい先輩ありがとうございます🐵✨ http://t.co/wty81xpAuV
@1615_taigaGt あぁぁりがとうございます！！！
RT @nextbeeeat: どうもこんばんは！ NextBeatです！こないだレコーディングに行き、一曲目のレコーディングを行いました！ よかったら皆さん聞いてください！ http://t.co/n5rdNerC8L #拡散希望RTお願いします
僕の大好きなバンド🐵💕 1年の10月からずっと好きなNextBeat✨ なーんて普段言わないけどいつも思ってたり💭  http://t.co/5Qq8xNxxm4
本日はライブです。 そんな日の朝、鼻の下 蚊に刺されました。痒いわダサいわなんかテンション低いです(ﾟДﾟ)ﾋｨ
ふふふ(๑¯ω¯๑) 甘いもん大好き💕 練り切りを作れるようになりたいです。 http://t.co/pa7fnzNMNq
@bounce_masa ありがとうございます📷✨
昨日のBBQくっそ楽しかった🍖 PP変人多すぎだし居心地良くて笑いまくったわwww とーじょーの心霊写真な。 http://t.co/r7RcQziYgx
鍵垢流行ってるっぽいから僕ももういっこ鍵つけよー(大した意味無し
@my_g825 みゆちゃんﾊｯﾋﾟｨﾊﾞｧｽﾃﾞｪｲ😎🎉 いぇーい！
@2162Sa SORENA！！殺しちゃうしな💀
午前中から練りきり製作いぇーい🐵 白餡も手作り時間かかりまくり┗=͟͟͞͞( ˙∀˙)=͟͟͞͞┛ http://t.co/zN6wbTOlVw
ゆきちゃんと相馬とカラオケ行ってきた😎💫 くっそ騒いだし、笑ったし元気出まくり🎉 ありがとう！そんでもってご馳走様🍜
@miamia_01 貯めといたから奮発したら曹操3体もきたんだけどwwww http://t.co/LdI2cKdYmM
@miamia_01 割とよいかも(๑¯ω¯๑)ww
@miamia_01 蒼天使ふぁみえる😇
休校、、、か、、、
@000194maezawa いぇす✨
@000194maezawa まだなの(ﾟ∀ﾟ;)？ おうち出ちゃうやんww
@000194maezawa なるほど(ﾟ∀ﾟ　) 大丈夫、瀬谷も休みだよ(願う
スカッとJAPANの選曲は本当に素晴らしいね👏 若者のすべて良い曲やなぁ🐵💭
@Tomoka0429 うぇい💕よかった(￣∀￣)ﾆﾔﾆﾔ
@miamia_01 あらいい色👍
@miamia_01 高いねぇw洗浄もめんどいけど やっぱりカラコン楽しいよ👍目薬必須な💭
@miamia_01 はい！水で手濡らして！コンタクトの端の方をつまむ！眼球つまむイメージで！正面からとるのは怖いからな！
@miamia_01 もうひと頑張りすれば解放感溢れるぞ！がんばれ(慣れないととるの一苦労
@2pomPom1 りなちゃんお誕生日おめでとう(ﾟ∀ﾟ　)♡
RT @RADWIMPS: RADWIMPSからの大事なお知らせ http://t.co/jNdtBzfuou
【宣伝】 9/26横総祭が一般公開です！ 私達3-6はSEAホールで白雪姫やります🍎 PP部でわいわい演奏します🎸 はーい、是非お越しください👍 http://t.co/r0c8FSukhT
@m___________a_t ２日目まわりちゃい！
@m___________a_t 最高👍
@Chito83 あぁ！しおりちゃん(＊¯艸¯)！今日写真撮ろうね🐵👍
@Eponine02 @0530saeka え！ここ繋がってたの😳!?
@Eponine02 @0530saeka あら♪世間って狭いねえ(＊¯艸¯)
@greentea_non のんたん(＊¯艸¯)💕 http://t.co/lqBGPZrJci
@greentea_non ﾋｨ可愛い🙈ありがとう💕
@0530saeka @Eponine02 いぎだいっ(＊¯艸¯)💕
@0501sho1 フォローありがとう👍 4月からよろしく🎉
@__ANGEL598 フォローありがとう🙈💕よろしくねっ♪
この時期から進路先のお友達と繋がれるって幸せね🐵💕 4月からBelleの人達よろしくね👍
@mar_s29 7月にはもう専門学校決まったよ(＊¯艸¯)
@mar_s29 もちろんん🙈💕待ってるぜっᕙ( ͡° ͜ʖ ͡°)ᕗ
ハンター達の3コマ http://t.co/lvaCT6vGs0
@princess_8109 こちらこそ(＊¯艸¯)
@naruO527O なる〜👍よろしくᕙ( ͡° ͜ʖ ͡°)ᕗ
【横総祭】さよならメモリー打ってみた https://t.co/wCORQIlJ3d @YouTubeさんから
【横総祭】リリリリ☆バーニングナイト打ち踊り https://t.co/1bsO12O3g0 @YouTubeさんから
文化祭お疲れ様でしたぁぁぁ！ 写真、2日間累計300枚達成！ 撮ってくれてありがとう🐵💕  本当に幸せな文化祭でした🎉  動画上げたけど、ピント合わせられてなかったし、見切れてるし もう少しよく見てから踊り入るべきでした💭ｺﾞﾒﾝ! http://t.co/zqXEc9LCQB
@1015_pp ゆずは先輩！！ありがとうございます(٭°̧̧̧ω°̧̧̧٭)💕技量がクソでしたが楽しく出来ました🎉 http://t.co/R7KREk9Dim
@arakai891 新井くんお疲れ様(＊¯艸¯)また打ち上げでよろしくっ😎ww http://t.co/OIydTYFDjw
@princess_8109 このみでよろしく👍 ゆみって呼んでいいかな🐵？
@717rs こちらこそ🎉よろしくぅ🐵💕
@Honey_Mermaid あいりー！ありがとう🙈💕 http://t.co/qyWFeuzfhf
@RAMWIRE0917ai あいあーい🐵💕ありがとう！！ http://t.co/Ud2uFjT9gN
@flaver_of_life フォローありがとう🐵💕
@hair_beautician こちらこそありがとう💕よろしくっ🙈
@hair_beautician 美容師科！一緒だよね🐵♪
@ARingo930 かりんさん誕生日おめでとう🎂 かりんさん人のことよく見てるし 意外としっかりしてるんだなぁて思ってたり🙊💭 またいっぱい7組にお邪魔します♡ http://t.co/nkV6gEv2Oc
@617_gg RAD当落今日で、そして、外れた
@617_gg ありがとう！怖いわァ米津RADパワー、、
@loooveee444 フォローありがとう🙈💕美容師科！よろしくっ🐵♪
@617_gg ちと見るの遅かったら埋まってた。
@pon_chaka @azutinn0 え、おふたりさん会いたい！！！私もお友達譲ってくれた😳💕
メロンソーダ展行ってきた🍹 キャンディ咥えて音聴く作品がずっと聴いていたいくらい美しかった💭 とてもいい日になりましたわin東逗子 http://t.co/3yHMaXLYnY http://t.co/w3PKRVTSU8
ワンス初めて当たった(๑¯ω¯๑) http://t.co/QxUFdWhEEQ
@pon_chaka わぁぁ！ぽんちゃかディズニーシー１日違い(´；ω；`)ｳ！！！私今日いってきた！
@pon_chaka そうね、、でも楽しそうでよかったってことで🙈💕
@lh7_vt_jk このぴお誕生日おめでとう🐵🎉髪色ピンクほんと可愛かった！！！ http://t.co/0jCkWnnGzr
@1205_ms もなみんおめでとう🐵🎉
@1017_ren11 誕生日おめでとう🎊
@tb_maple かえではんお誕生日ですのね！おめでとう😎🎉
@tmm_ooi_10 こちらこそフォローありがとう🐵💕来年からよろしくね♪
久々にこんな時間まで起きてます. オリオン座流星群のために🐵✨ 星綺麗やなぁ
@u_cmrpic ここどこ!?とても綺麗に星見えるんね😳💕
@u_cmrpic そうなのね！武山のいいとこだね(๑¯ω¯๑)👍
@6gggS2 ももちゃん！！お誕生日なのね！おめでとう🎊 いつもﾆｯｺﾆｺで挨拶してくれて嬉しいよっ🐵💕
@Headphone_EDM あっちゃん誕生日なんね！おめでとう😋🎉
ラグビー部お疲れ様です🐵👍 今日の試合の写真ﾃﾞｽ🏈  https://t.co/iwgYSYTy3G
@_____0902rp こちらこそありがとう🐵💕 これからよろしく！
ゆずは先輩のプロフィール画像ニヤけた🙈💕
@blackman_tennis にか誕生日おめでとう🐵🎈また今度お話聞いてくだせぇ、そしてあいちゃんと遊びたい！w 18歳楽しめー🤘🏻
@riiiku_Python 健闘を祈る
@0514Hana フォローありがとう🐵💕これからよろしくっ！
@m_sty1029 フォローありがとう🤓 美容師科！よろしく🐵👍🏻
@m_sty1029 そうよ！常葉中ᕙ( ͡° ͜ʖ ͡°)ᕗ
@0ma_yu まゆみん！お誕生日おめでとう🐵🎉学校での遭遇率割と高くて幸せよ(๑¯ω¯๑)
@m_sty1029 だれが居たとかは覚えてるよ👍🏻 知り合いいる!?
@m_sty1029 おぉ！かんなとはクラス一緒だったよ!! みなみもソフトやってたの😊？
@m_sty1029 そうなの!? 世間は狭いですのぉ(ˊᗜˋ*)w
@haanaa03 しらこ誕生日おめでと🎂明日はマーケティングで会おうﾋｨ 18歳楽しくいぇーい🎉
@tupeko_yui ゆいちゃんハッピーバースデー🐵🎉最近モアーズの従業員名前書くとこでよく名前見るよ🙃ww 18歳楽しく温野菜も頑張ってね🍆🍲🍅
@m_sty1029 そうなの！その子はヘアメイク科らしいんだけどね🙃
@m_sty1029 連絡とってないから分からないけどもしかしたら居るのかもww常葉率高いじゃんww
@m_sty1029 ベルの人達すでに交流活発だよねw安心感ある
@m_sty1029 私も遊び行ったりはしてないwwあるある！入ってない!?招待するよ！
とてつもなく、私得すぎる、、、 最高っすなぁ🙈💕行きたかった  yoji_nodaさんの写真 https://t.co/2OnLo9C8ZN
@mt565656 まほじゃん！ww タイムラインにrtでまわってくるとはwww
@mt565656 いや直接関わりはないけど相互フォローしてるね(ﾟ∀ﾟ　)(。-∀-)
バイトの高校生組3人でキング行ってきた！ 唐揚げもたこ焼きもパフェも美味しかったよ🐵💫 (もちろん肉も
@taku1108a あっくん誕生日おめでとう🎊 1年の頃無口なイメージだったけど意外と可愛いあっくん🐵ｲｪｲ
@baseball_t_1108 TKTいぇーい😎誕生日おめでとう🎉6組のベイに出没率高まってるけん、これからもおいでーᕙ( ͡° ͜ʖ ͡°)ᕗ
@momokuroz1108 みさぽん誕生日おめでとう🙈💫 懐かしい写真でも載せてみようﾊﾊｯ👍🏻2007年だってよ、成長しました https://t.co/cGjHOcgB1W
@ilovebad1109061 みく誕生日だったんね！おめでとう🙈💕
@ilovebad1109061 遊ぼ😆 計画立てよっ💫
@tomo0119_xxx 美味しいしやんけ
制服のブレザー なくしました🙄 横総で小さめのブレザー見つけたら 連絡ください🐵
知らないうちに物とか置いちゃうクセ直さなきゃなあ
@Tomoka0429 ！？朋佳が漫画かうの！？
@READER1630 とうま誕生日おめでとう😎💫
@Tomoka0429 漫画読めなーいって言ってた子が、、成長(๑¯ω¯๑)
@Tomoka0429 うぇい🐵👍🏻orange最強www
@__mashibuya やべぇwwwこちらこそっ！ありがとうございまああいあああっす！
@__mashibuya アッ、こみ、こみゅ、っSHOW!!!!!どうか仲良くおねねがい致しやぁす！！
@PrestSeason お誕生日おめでとう😂🎉一日遅れ許して🙈ww
@yumeanlove ゆめちゃんお誕生日おめでとう😆🎉 テコンドー頑張ってねっ🐵👍🏻
ｱｧｧ明日やんけ。 今更ながらハイパーベンチレーションがリピ聴きものです🐵💕
RT @BeWtr: ちかし
いとちかし
胎盤ほんと感無量でしたね。 Aブロック近すぎ、この人生で一番洋次郎さんに近づけた日だったわ。幸せ。  わたるっちもお友達もほんとにありがとう！！！！
@lh7_vt_jk PicsArtってやつよ👍🏻
@lh7_vt_jk drawのとこで描いてるの録画して、gifに出来るよ😆
@lh7_vt_jk PicsArtでは無理だね(´･ω･`)
@butamotoberunda るいちゃん誕生日おめでとう🎂🎉🐖
ﾊｲﾊﾟｰﾍﾞﾝﾁﾚｰｼｮﾝの和訳調べちゃったりｵｰﾀﾞｰﾒｲﾄﾞで物思い耽ったりなにしてんだぁぁ🙄 ﾜﾝﾏﾝ行っちゃおうかしら、いやでも出費が、、来年から忙しくなるだろうしライブ行けなくなるかな、行っとこうかなぁ、、、あぁぁ🤑😖😲
@a_kjn8 あいりちゃんありがとう(٭°̧̧̧ω°̧̧̧٭)💫
@RaKeGe12_2 うぅ(´；ω；`)行っちゃおうかしら、、葛藤、、
@Tomoka0429 びーくん(´；ω；`)ｳｯ…
@rmn_dmn3 えりす横浜きてるの😳！？
@creep_oyuki ゆきちゃんおめとぅっ(｡-∀-)ヾ(´∀｀*)ﾅﾃﾞﾅﾃﾞ
@1201aya_ku13 あや誕生日おめでとう🐵🎉
@uLh6zagNjqHSfyb さや誕生日おめとぅっ😎🎉
@1d8s3 かんなちゃん誕生日おめでとう🐵👍🏻
@1d8s3 あれ!?私フォローしてなかったのね😳してる気でいたww ありがとう🙈💕
@Eponine02 ゆみかっ！誕生日おめでとう😆🎉
@yua_mof リナぼんも誕生日おめっと🐵🎉🎉
クリスマスシーズンのドイツに行ってみたい🎄💭 #gapholidaygift15
@s_16ki 成人式までの我慢ですね
なんとなくパズドラ消しちゃった🐵 4月から始めてランク182って頑張ったほうよね、うん
@Chloxacillin thankyou😂
もこちゃんHappyBirthday🙈🎉 素敵な1年にしてください😆  @tomoconozaki https://t.co/XPPHScO0YI
#gapholidaygift15  イヤホン壊れたからイヤホン欲しいな🐵 最近もこちゃん本当好き https://t.co/d7YT1TzA1v
@katsumiururu お誕生日おめでとうございます🎂💫いつもニコニコしてて楽しそうで撮ってて楽しいです🐵👍🏻これからもお願いしまぁぁす！20歳ｲｪｲ🎉
#ペア航空券往復USJスタジオパス に投票しました！ #クリスマスボックス で #JALに願いを みんなも@JAL_Official_jpをフォローして、欲しい賞品に投票しよう！ https://t.co/s80yfuJb26
@creep_oyuki ゆきちゃおひま？
@motyamotya2 もっちゃん誕生日か！おめでとう🎉たまーに会うよねww18歳楽しんで🐖💫
運転へたくそwww 効果測定も出来ないし仮免受かる気しないぜ、、ｸﾙｸﾙ(・ω・*)(ω・* )(・* )(* )( )( *)( *・)( *・ω)(*・ω・)ｸﾙｸﾙ
@1219star ほしかさんお誕生日おめでとうございます🐵🎉
SiMのパーカー普段着てるのかっこいいな、 グッズてTシャツばっか買っちゃうけど パーカーっていいな🐵💭
@24Rz お誕生日おめでとう(´∀｀*)🎈🎉
@1017_ren11 RADの洋次郎さんも見に行ってたよ😳
@creep_oyuki ゆきちゃんおひま？
@creep_oyuki 今日でもいいよΣd(･ω･*)
@creep_oyuki んじゃ4日遊ぼ☜♡☞
#2015年もあと少しなのでいいねしてくれた人にDMで一言
@O731Hajime お疲れさまでしたw
@theg119 ともやありがとうΣd(･ω･*)
あけましておめでとうございます！ なんとなくスクショしてしまった。 大好きな猿が主役の年ですね🙈💕 今年も宜しくお願いします🐵 https://t.co/qY6ZZdqFID
@Tomoka0429 あぁぁ、朋佳大好きじゃわ😂💕ありがとう！いっぱい遊び行こうね！
@taisei_jojo いっしー！ありがとう😎選挙権、、そんなに考えてなかったwww
@blackman_tennis まじこれ怖いわぁwwケーキご馳走様です👍🏻ありがとう🙈🎉
@Cattleya_1220 ありさちゃん！ありがとう😳抹茶パフェ食べたいだぁ！！ww
@NaoCalpis ありがとう！卒アル杏樹と頑張りました😎
@1205_ms ぐわぁ！もなみぃぃ💕ありがとう＆あけおめ！www そうじゃよ、ロザンヌ行きたいから学校はやく始まってほしい💭ww
@sasorinodanna3 峰さん！お久しぶりです🐵ありがとうございます😂
@sasorinodanna3 いつも通りですよ😎1/8からです！
@sasorinodanna3 はいっ！楽しんでいきまっすよ╰(  ¨̮ )╮-｡･*･:≡
@Chito83 しおりちゃんんん♡ありがとうっ🙈💕 体育祭の時ワイワイして写真撮ったね！懐かしいね！w こちらこそ、これからもよろしくねΣd(･ω･*)
@1d8s3 かんなちゃんっ！！ありがとう🤗💕 まだ初詣いってないから行こうかなぁって富岡の神社どこじゃーっ(´×ω×`) これからもよろしく🙆🏻♡
@m6flower3687 みりかちゃん！！ありがとう😋🎈 結構学校での遭遇率高いよね♪挨拶が日課になってます＼(^ω^)／💕
@blackman_tennis @1d8s3 巫女さん!?え!?かんなちゃんの巫女姿見たい(。-∀-)ﾆﾔ
@renachan_0104 れなちゃん昨日誕生日おめでとう🐵🍰 来年学科は違うけど学校一緒ね！よろしく！18歳楽しんでいこう😆
@greentea_non のんちゃぁぁぁん🤗ありがとうっ！！ ふふっ、おしゅしデート楽しみにしとるで╰(  ¨̮ )╮-｡･*･:≡🍣🍣
@hkittyxxxlove1 まのちゃんっ💕💕ありがとう(*´︶`*) ヲタ芸楽しかった！来年の踊り手期待大🎉 ふっふっふ♪私もまのちゃん大好き🙈💫
@theg119 ともやじゃーん！ありがとう🐜💭
@92416bear のーんちゃん(´∀｀*)ありがとう♪もちろん！遊ぶぞい😆
@WBC0518 冴えない学級委員さん、ありがとうございます。18歳、至らない点もございますがこれからもどうぞ宜しくお願いします。
@0ma_yu まゆみーーーんっ🤗💕ありがとうっ！ 卒業しても夏ライブとかお邪魔しますからねっ！ってまだ卒業まで少しありますからぁ！よろしくねっ🙈👍🏻
@LuckyNarumi なるみっ！ありがとう😊🎈 たまになるみと登校時間一緒になってお話するの好きよ🎉
@WBC0518 ちょwww不覚にも笑ったわwwww
@ryumaaaaaaa0806 うぇい！りゅーまありがとうっ😛👍🏻 元気に過ごしまっせ！もんめちゃんライブがんばれよっ🤘🏻
@yukiko133 ゆきこはんありがとうっ🙈💕そうね！金曜日サッカーだもんね⚽がんばろーっ♪
@BAKEDUFO さっちぃいぇーい🤘🏻ありがとう！またごはん行こうな🐵🍴
@S15silviaTaku ありがとうっ！嬉しばちゃん😜💫
@flute_mm まっゆっかっ！しぇいしぇい！お前さん元気？全然見かけないんだけど。元気😳？
@mori_bay もりえーるありがーとっ🎉あけましておめでとう🎍楽しくやってこーう♪
@s_tennis5788 そうた！！ありがとうっ🎈ツムツムのハートたくさんくれるの助かります( ´﹀` )www
@0728_saku さくぽんありがとう👉👉ズキュゥゥゥン(〃°ω°〃)♡👉え！デートしよしよ！次はどこ行こっかぁ🐵💭
@kiyo_masa0 まさありがとう(*･∀･)👍🏻 野球頑張ってるかい⚾️
@M614Hearts まりなありがとう🤗♪今年もたくさん遊び行かせてもらいまっせ(๑ ́ᄇ`๑)よろしくね💫
@saya_427 さやさやさやありがとうう(*´︶`*) 💕おはよって言ったらいっつも笑顔で返してくれるの好きよ😘
@butamotoberunda るいるいありがとうᕙ( ͡° ͜ʖ ͡°)ᕗ 学校も18歳も楽しむね🎉(...ほぼ同意味かΣd(･ω･*)ww
@0802Mifu ミッフィーだぁ！久々に見た気がするよ！wありがとう(・×・)💫
@43Pika ひかるありがとう😜💫 おぉ！関澤とはじめちゃんに続く3人目になってください💇♪
@42skn さきのありがとう😘何気に18歳になっちゃいました♪ 明日はさきのにとって素敵な日だね💕(*´︶`*)(*´︶`*) 💕
@6gggS2 ももちゃーーーん🍑💕ありがとう！ももちゃんいっつもニコニコしてるから見てると幸せになるよ(๑¯ω¯๑)
@natsuh0614 なっちゃんありがとう🙆🏻💕まさかあんなとこでばったり会うとは...!ww楽しんでいこう🐵💫
@mayu722star まゆちゃんありがとう😳💕 これでも152cmまで成長しやした₍₍ ◝(•̀ㅂ•́)◟ ⁾⁾ 今日てんやの前通ったけどいなかったーー！w っと！こちらこそよろしくね🎈
@flute_mm なるふぉどね！ほら、日程きめるんじゃよ💫
@SDFshirou1011 幸四郎！ありがとう👋✌
@0530saeka ひゃぁあぁ♡さえかじゃーーーーん💕ありがとう(｡•ㅅ•｡)♡私も大好きようう！！そうそう！さえかとカラオケ行きたいんじゃよ！行こうぞい🎤🐵
@yrn_446 ゆりのつぁんありがとう(ヽ´ω`)♡ そうねwwトイレでの遭遇率高いよねwwトイレ仲間だね🚻💫 こちらこそよろしくね(๑ ́ᄇ`๑)
@fu97ball ふうがありがとう😊👍🏻 1年の頃よく会った気がするけど最近全然みないね(´×ω×`)
@rem9788_flower りゅうせい！ありがとう💫💫 お？見た目幼いだと？ww 否めねぇw
@KOOTO310 こととととありがとととΣd(･ω･*)💕 いつでもおいでくだされ😎👍🏻
@0411Momoka もーっかん！ありがとん🐖💕 笑い方たのしいもっかん好きーっ(๑¯ω¯๑)
@fu97ball えくせしおーる!?
@ayaka1127dance 彩花ありがと🌷✨そうね、2年の時たくさんお話してたけど3年になってから会わなくなっちゃったね(´×ω×`)受験終わったらご飯いこーっ🐵🍴
@wam_onster ももありがとう😆👍🏻卒業ライブだね！！もう最後かぁ、頑張ろ＆楽しもう💪('ω'💪)
@re_rena07 れなちゃんありがとう꒰•̫͡•ོ꒱💕 ギターも歌も努力します(๑¯ω¯๑)♪ww
@fu97ball あら！じゃあチラって覗いて居たらお邪魔するね☕💫
@mayu722star ふふふ、1年の頃より4cmくらい伸びましたよ( `･ω･´ )🎈 あら居たのね！お疲れさまですた🍤👍🏻
@k_d_y_s_ さゆちゃんありがとう(๑•̀ㅁ•́๑)✧さゆちゃん話し方とかしっかりしてるから逆に尊敬してます😆
@1201aya_ku13 あやー！とても久しぶりだね😆👍🏻背伸びた？wありがとうΣd(･ω･*)
@yua_mof りなぼんありがとう🍬✨朝ごはんにいちご美味しく食べました🍓 スマイル0円でのご提供になりまぁす😆👍🏻
@LoveeightBaske めいあちゃん！ありがとう🙈💫中学の時、ペア組んでくれてありがとう←とても記憶に残ってるwwこちらこそよろしくね😎
@0530saeka ぐふふっ(๑¯ω¯๑)💕ニヤニヤしちゃうわ♪ゆみかも連れてくかっ！結構前にあそぼーってなってたもんね(｡•ㅅ•｡)♡
@HiromiKagoshima かごしまありがとう！！明日学科の方受けちゃうつもりです🚕💭
@uLh6zagNjqHSfyb さやありがとうᕙ( ͡° ͜ʖ ͡°)ᕗなんかその呼ばれ方懐かしいわ🙈💫
@617_gg ふじみいぇーい😎ありがとう！！バンド惚気話ちゃんと聞くでぃ👍🏻あと！虹朗さんと洋次郎さん仲良しみたいねﾌﾌﾌｯ🙈💕
@0117nahe なへーっ！ありがとう🤗💫やぁ大好きとか照れちゃうわぁ(｡-∀-)ヾ(´∀｀*)こちらこそよろしく🐵👍🏻
@nagibass なぎちゃんありがとう(๑¯ω¯๑)♪よろしくね🤗💫
@uLh6zagNjqHSfyb 小中学生の頃はタメからこーしゃんって呼ばれてたからだね😆w
@mt565656 思ったwwそれ見てたわwww
@mt565656 はーい否めない〜🐵👍🏻頭蹴られそう確実に痛いwww
@mt565656 もうこれ口癖ww まじけんたうろす笑ったwwwめっさ飛ぶのな🚀🚀🚀
@xpsp72nb1 私達が高校受験シーズンの時だね❄
RT @tomoconozaki: チョコのこと番組でやってて、もうチョコが食べたすぎるぅぅぅ
RT @tomoconozaki: チョコ大好きー
RT @tomoconozaki: 毎日食べてるけど。
@tomoconozaki もこちゃん！西友とかに売ってるASDAのダークチョコレート美味しいよ！いっぱい入ってるしほんと幸せになるよ(｡•ㅅ•｡)🍫
@fAcxXkurOAy3joC 元気だして https://t.co/zSSuzbtFth
@maruchan_114 誕生日おめでとまるちゃん🐵🍰🎉🎉🎉
@51d2a9f8b0ad473 にこちゃんハピバー🙈🎂💫
@Reika2115 れいかちゃん誕生日おめでと🍰🍰🍰💫💫
@Masaya_Rugby4 頑張れ💪('ω'💪)
昨日4-24時まで動いてたけど今日も朝からお外に🐵 幸せなこといっぱいな休日🙈💫  ベルのプレカレでいろんな人と話したいね( ´﹀` )
@flute_mm えなに私も開けたい
いまお家にあるチョコ(*ﾉ･ω･)ﾉ🍫 やぁ幸せ｡+.ﾟ.( °∀°)ﾟ+.ﾟ｡ ほんと、チョコ大切🍫🍫🍫🍫🍫 https://t.co/aMRK1nM0C1
@87river0706 ふふふ( ´﹀` )💫家おいで♪www
@creep_oyuki ばいと!?どこしたん｡+.ﾟ.( °∀°)ﾟ+.ﾟ｡
@BUBBLES_402 はーい💫フォロバありがとう🐵🎉
RT @NYLONJAPAN: モデル、MOCOこと #野崎智子 のムービー連載『M CHANNEL』がついにスタート！記念すべき第1弾のテーマは「GIRLS'S DAY OFF」。 ▶https://t.co/Sx2lQWWbkD #nylonTV #nylon https:…
@chiiist129 ちさと先輩誕生日おめでとうございますっ🙈🎉🎉 全然話したことないですけど..あぁ高校のうちに話しておけばよかった😐ラストティーン楽しんでください🍰💕
@creep_oyuki なあなあ遊ぼう
@creep_oyuki 4日とかひまよ！
@creep_oyuki おぅいぇい( ´﹀` )♪ちなみに明日も午後から暇ww
@creep_oyuki 教習所15時に終わるけん、いく？
@creep_oyuki そかそか(´×ω×`)
@1d8s3 かーんなちゃん🙈💕このみせんぱーい！！て飛んで来てくれてもう幸せっすよ｡+.ﾟ.( °∀°)ﾟ+.ﾟ｡一緒撮ってくれてありがとう♪ https://t.co/So6DHYStwz
@Chito83 しおりちゃんｲｪｲ🙈🍬あの時ノリで仲良くなれてよかったなぁ👍🏻ありがとう💕 https://t.co/64mqmw2wv6
美容室どこにしようかなぁ どんなにしようかなぁ🙈💭
@juamero じゅあぁぉぁぁ😳💫誕生日おめでとう🙈🎉 元気してるかな？全然会わないね、、とにかく！18歳楽しくしてね(∩^o^)⊃━☆ﾟ.*･｡
ホント綺麗に染めてもらった🙈💕 幸せっすなぁ💇 #chic #ピンク #インナーカラー#美容室 https://t.co/QaBzs4acbZ
@PugilismG 茶色似合ってるよ🐵
@q8SsCixl8ywngQt とても幸せ♪w美容師さんも綺麗に入りましたね！って言ってた🙈💫
@q8SsCixl8ywngQt 横総いる間は我慢だね(´×ω×`)
@PugilismG なるほど🍮
2年のみなさまシンガポール楽しんでね(∩^o^)⊃━☆ﾟ.*･｡
技能教習すんごく楽しいからずっと乗ってたい🚗💨 学科とかテストとか嫌だァァ
@Nextbeat_bass ！？！？八重歯抜いちゃうんですか！？
@Nextbeat_bass ｱｧ、たつやくんのﾁｬｰﾑﾎﾟｲﾝﾄが減っちゃう、、
RT @tomoconozaki: shuuemuraのラインめちゃめちゃ 描きやすくて好ーっき。 みんなも是非使ってみてぴょ #me #make #shuuemura #thanku https://t.co/s3ZV7HIVTE
バレンタインシーズン。家のチョコストック増量。 しかし半数は家族で消費しますよ🐵  卍🍫お母さん強い🍫卍 #チョコレート https://t.co/mnkNPP4aBI
@m_takumi_0216 お誕生日おめでとう🐵🎉🎉 素敵な18歳を💫
@yuu0526_m 優菜ちゃんフォローありがとう🐵🎉よく挨拶してくれて嬉しいぞっ😊
@ichikarave いちかお久しぶり💫フォロバありがとう🙈💕
@katsu_taisuke たいすけ先輩お誕生日おめでとうございます🙈🎉🎉インフル早く治りますように💫w
@katsu_taisuke お久しぶりです(*`･ω･)ゞ ｱｯ治るの早かったwwww
@katsu_taisuke なるほど！開放感って感じですね😇 ぜひ行きましょう🍴🍴自由登校暇ですね
@kiyo_masa0 姫全然こないね、、
@kiyo_masa0 野獣は嬉しいけどパスカルな🐸、、、
@greentea_non のんちゃぁぁぁぁぁ！誕生日おめでとう😆🎉🎉またご飯行こうぜっ！！
@greentea_non ああ！美味しくて安い焼肉屋さん最近知ったからいこーーー😎👍🏻
@EVOLVE_MMXIV しらいくんおめでと(^o^)ｿｲﾔｯ https://t.co/QNgsssBfdy
最近ツイートしないな。 インスタばっかり📷 毎日楽しくしてますよ。バイトいってきます🐵🍞 https://t.co/In6B5QjokS
@yukiko133 ゆきこはんHappy Birthday🍰🎉🎉🎉 紅虎がんばっとるかー？w
RT @tomoconozaki: このあと20:30から YouTubeでlive配信するよ〜。 https://t.co/xzEwaJMLDh #me #nylon #YouTube #live https://t.co/rK7fnQuvKu
@poppin_tamaki たまきお疲れ様😊👍🏻
@poppin_tamaki あそぶ！！暇な日教えてくださいなっ✌('ω'✌ )三✌('ω')✌三( ✌'ω')✌
@miho__0626 こちらこそフォローありがとう🐵💕4月から宜しくね💫
@SERECHONNN だぁぁ！すぎちゃった！！せれな誕生日おめでとう🐵💕元気しとるか？みんなで遊びたいなぁ💭
@tana_ec わぁ！なごや！私も今度行きます🐵💕おいしいご飯あったら教えてください🍴🍴🍴
ほんの一瞬、横須賀でも雪降ったから今日はとてもても寒いすな*.❄( ･∀･)ﾉﾉ○)).❄*
@Shiroatto フォローありがとう お久しぶり🐵
@a_kjn8 あいりはんお誕生日おめっとうう🐵🍰🍰🍰 Twitterの誕生日風船消すの楽しい😇👍🏻
@m_im074 フォローありがとう🐵💫
スプレーやったらワイシャツ汚しちゃったので着替えたけど首も手も黒かった。  JK卒業してきます🐒🏫
RT @subtraction_6: 米津玄師さんの「乾涸びたバスひとつ」という曲のMVを勝手に作っちゃいました！笑 よかったらみて下さい(*^o^*)  #米津玄師さん好きと繋がりたい #RTした人全員フォローする https://t.co/dn8HgaHtUa
@1d8s3 かんなちゃんありがとう🙈🎉っとノリで撮ってもらったダンス部の子達もありがとう💕 https://t.co/QnTUDqmqDa
@utane_kanon わぁぁ！相馬！ありがとうΣd(･ω･*)ほれ、元気しとるか？
@Chito83 あぁぁぁしおりちゃぁぁん(´°̥̥̥̥̥̥̥̥ω°̥̥̥̥̥̥̥̥｀)わぁ、私も撮りたいって連絡すればよかった、、、
@utane_kanon ひっきーし過ぎてたら体調崩すで〜？ww遊ぶで
@Chito83 あありがとうっ🙈💕もー2年生優しい子多すぎやな、、気が向いた時ふらーっと行くからっ！その時撮ろうねଘ(੭ˊ꒳​ˋ)੭✧
@0ma_yu @ab39la @6gggS2 @yumeanlove 写真もアルバムもありがとうっ🙈💕幸せっすよ(´°̥̥̥̥̥̥̥̥ω°̥̥̥̥̥̥̥̥｀)💫 https://t.co/rKdiYGhRfR
@1d8s3 あぁぁぁっ!?なんだよう、めっちゃ嬉しいこと言ってくれるなぁ😂💕ほんとありがとう🐒💫2年後美容師なったときカラーとかカットとかするからおいで(∩^o^)⊃━☆ﾟ.*･｡
@m6flower3687 みりかちゃん昨日撮ってない😱😱あぁ私何やってるんだぁぁ｡ﾟ(ﾟ´Д｀ﾟ)ﾟ｡絶対声かける！！アルバム書いてくれてありがとう😂💕
@6gggS2 こちらこそありがとう🐒💕ももちゃんとのお決まりポーズ🤘💫
@m7tf108 パッピンスえぐい🍧wwwまた遊ぼう！ありがとう👍🏻
@Im_mayuka まゆか誕生日おめでとう🍰🎉🎉なんだかんだまゆか好きいとるよ、また遊び行こ🐵
@sayuuuuu0406 垣内隊員🐵?
@sayuuuuu0406 いま普通にモデルやってるよねwww可愛い💃💕
予備テストも卒前も一発合格💮 昨日からツムツム我慢してお勉強してたから今ひたすらツムツムしてるﾂﾑﾂﾑﾂﾑﾂﾑ..(∩^o^)⊃━☆ﾟ.*･｡
頑張って来週までに卒業するぞ🚗 すんごい好きな教官居るからしたくないけど🚗💨＜ｳｯﾋｮｵｵｵｱｱｱ!!!
@mayu722star わぁぁぁっ！スイーツ！！美味しそう！！！！ https://t.co/pOOHvjtJRm
@mayu722star 野比!!スイーツ食べたい💭 さる可愛いしょ🐵💕💕
マーベルヒーロー大集合！ なぞって消すだけ簡単パズルの[マーベルツムツム]！ 今すぐ一緒に遊ぼう！ https://t.co/qZOUdedV2t
@tommy0308 富永先輩お誕生日おめでとうございます🍰🎉🎉(お久しぶりですww
コスプレ、、まだコスプレじゃない、、まだ高校生、、
@fan_yui_aaa RAD好きなの!?
@KOOTO310 ことつぁん誕生日おめっとう🐵🍰🍰🍰🎉
@fan_yui_aaa そっかぁଘ(੭ˊ꒳​ˋ)੭✧いい曲だよね♪RADに過剰反応しちゃったwww
@fan_yui_aaa DADAかっこいいっ！！ラストバージンとかも綺麗な曲だよ😍
卒検。右バックだし一番最初だしわぁぁてなってるฅ:(´◦ω◦｀ฅ): これ受かったらローソンのテリーヌショコラ食べるんだい...🍫🍫🍫
@MK69_official はいっ！横自です🐵👌🏻もしかして、もかさんも同じですか(ﾉ*°▽°)？
@yuuutakka2 おぉ！ゆたかっ！！ありがとう🐵💫採点待ちドキドキだ、、w
@fan_yui_aaa うんうん！是非聴いてみて🙈💞
@yuuutakka2 受かったら卒業して免許とりいけるっ(∩^o^)⊃━☆ﾟ.*･｡
@yuuutakka2 もう教習所は通ってるの🐵？
@MK69_official わぁ！お会いしたいですｷｮﾛ(･ω･`三´･ω･)ｷｮﾛ
@rem9788_flower シロテテナガザルはほんと可愛いぞ。\ﾎﾟｫｫｫｫｰｰｯ/ https://t.co/CcYNbIx5DA
@rem9788_flower わぁwww似てるwwwこれモチーフなのかなぁwww
@hiroyuki_0315 @shigure_315 森本先輩もときた先輩もお誕生日なんですね🍰おめでとうございます🐵🎉🎉
カエルさんご満悦(oΘωΘo) 私もご満悦🐵 美味しく頂きます🍫 https://t.co/XQwQCxZ62M
@s_tennis5788 そうたおかえりー( ´•ω•)۶
@miamia_01 美味しそ(*´﹃｀*)💭🍰🍰
@1kyoya4 誕生日おめでとう🎉仮免頑張ってね🐵
名古屋科学館🐵 世界最大のプラネタリウム最高でした💫💫 名古屋から伏見、栄、大須、名古屋城、、全部歩いた🚶♪ ホテルも最高に居心地良かったし幸せ！！！ まだまだ楽しむぞーっ！  #名古屋#プラネ… https://t.co/zmRsdRFpBx
mocoちゃんのおさがり🐵💞👩🏻 ほんと大好きなモデルさんのおさがり買えたって幸せ。 中に着る服変えればロゴの色も変わるってスグレモノ👕 大切に着ます(∩^o^)⊃━☆.*･｡ #nylonma… https://t.co/GwZAvsNyZ9
@Honey_Mermaid あいりちゃんお誕生日おめっとう🎉🎉🍰🍰🍰🐵💕
RT @RbaK19: takaが有心論歌ってるのもやばいけど野田さんと2人でバイマイサイ歌うって本当に俺たちを殺しにかかってるよね。。。 https://t.co/3V2hvAHeBW
@chihiro_6_9 明治村おすそ分け🐵👍🏻 https://t.co/BG2mRaUU61
@aosumisan すみかつぁんお誕生日なのねおめでとう🐵🎉🎉 いつもニッコニコしてて幸せじゃよ(。-∀-)💫PP頑張って🎸
@abe_abebebe あべさく誕生日かよっ！今日(もう昨日か)いっぱい抱きついたのにおめでとう言ってない！たくさん思い出作るんだぞ！ハピバっ🐵🍰🎉🎉
お菓子ってなんでこんなに美味しいのかしら、、、🍩🍫🍪
@suisui_8831 ばばすいっ！！！すいっ！誕生日おめでとう🍰🍰🍰🍰🍰ケーキがいい？それとも寿司がいい？寿司かぁ🍣🍣
採血のとき笑い止まらなくなってたら採ってくれてる人に｢そういう子いたのよ！他にもいたのねぇ｣って言われたった🐵💉
とりあえずやっと本日の食にありつけたし、身長は...152cmであってるだろう🐒
RT @43Pika: 暇すぎて春からネクタイを締める方々へ向けての動画を作成しました。  よかったらみてください。 #拡散希望 #春から高校生の人RT  #顔でかいからや #ネクタイの締め方 #暇極めたシリーズ https://t.co/MxDw2GDKlJ
学校行くたびにお友達増えてほんと楽しい🐒 これだから学校が好き
@Arakikanna0423 それすんごい美味しいよね、大好き🐵🍫
@Arakikanna0423 @tb_maple 世間狭いね🙈💫
@been__love_a おぉ！よろしく🐒💫把握出来てないから明日声かけたいっっ◝('ω'ω'ω')◜
RT @t_akahir_o: え？え？え？え？ マジで‼︎？これはすごいでしょ... しかもあの花の人のじゃん...  いったい、あなた達はどこまで行くんですか？www  #RADWIMPS #君の名は。 https://t.co/l1Ga3bvDGv
@fan_yui_aaa いぎだい✋🏻🐵
@been__love_a とりあえず私は髪青いよ🐵👌🏻
@fan_yui_aaa @kaaaikaaaai はーい4組の青髪でーす◝('ω'ω'ω')◜行こ！！明日とか暇な人ー
@hasetaku3 はせたくだぁぁ🐒💫フォローありがとう！
@fan_yui_aaa @kaaaikaaaai いぇーい( ๑´•ω•)۶”
@k_d_y_s_ さゆちゃお誕生日おめでとう🐵🎉🎉🎉🍰🍰🍰ケーキ食べ行こうよ、パフェもいいね、、、18さい楽しんで( ๑´•ω•)۶”
@shun06160929 フォローどうもです🐵👍🏻 RAD私も大好き！！！
4組既に楽しい🐵💭💕 いっぱい楽しいことして、お勉強して、おしゃれして美容学生を謳歌しよう🐒 これからよろしくお願いします！！ https://t.co/G3s19ggbQ3
@9___O3fk ふぅちょすお誕生日おめでとう🐵🎉🎉🎉🎉🍰
@tokumasumoka にやけた🙈💙ありがとう( ๑´•ω•)۶”
こんな大きい荷物毎日持ってってたら満員電車で中身壊れそう🐵💔 まぁ意地でも学校は休みません( ๑´•ω•)۶”
@s_16ki きつかっったです(´×ω×`)
@fan_yui_aaa @kaaaikaaaai サングラスは頂いた🐒💫💫 https://t.co/gaz8S4r1XE
@0411Momoka もっかんお誕生日！？おめでとううううっ🎉🎉🎉🍰🍰🍰🍰💕💕
@fan_yui_aaa @kaaaikaaaai あはん照れちゃう🙈💕ww 4組のパリピ代表ゆいちゃるん
@fan_yui_aaa @kaaaikaaaai まだまだ青もの増やしてきまっせ😇💙💙
@3C1hn えうそww声かけて🐵💙www
@kiyo_masa0 まさ誕生日おめでとう🐵🎂🎉🎊 げんきか？勉強もあるかもだけど、高３めいっぱい楽しんで😎💫
@e4ri14 えりちも誕生日か！おめでとう🎊🍰🍰🍰生徒会頑張ってねん🐵👍🏻
寝坊って怖いね、朝ごはんタイムが10分しかとれんかった。上着も忘れて軽く寒いけど今日も元気に行きましょう٩( ‘ω’ )و💫💫
@1997Takeru たけるくんお誕生日おめでとう🐵👍🏻💫
@blueMooon__ 大丈夫！元気よ🐒💙
@blueMooon__ ありがとう😇👍🏻
https://t.co/IVhpIdyhiJ
@tokumasumoka2 アヴちゃんほんと好き🐝💙
@ta_ro_22 早く良くなりますように🐵💫
@__I_GoOQ さやかちゃん行動早いっ🐵💙ありがとう😎
@__I_GoOQ 自分でもビックリしたよ◝('ω'ω'ω')◜ﾃﾞﾃﾞｰﾝ  あ、呼び捨てでよろしく🐵👌🏻
久々のバイトだぞぅ◝('ω'ω'ω')◜ﾃﾞﾃﾞｰﾝ
@xxmrchanxx じゅんなたん😇💞フォローありがとう🐒
RT @natalie_mu: 米津玄師、ルーヴル美術館特別展の公式イメージソングを書き下ろし https://t.co/sX9AGwUth2 https://t.co/smVUtd2U9I
@ryo_999_248 シモンくん！フォロバありがとう🐵👍🏻
@ryo_999_248 さすがよくご存知😎
@xxmrchanxx 正解でぇす◝('ω'ω'ω')◜ﾃﾞﾃﾞｰﾝ遊ぼ遊ぼ🐒💙
@takezaki0120 お久しぶり！フォロバありがとう💫覚えてる？ww
@takezaki0120 お！一安心👍🏻
@0422_ep 誕生日おめでとう🐒🍰先日はご無沙汰でしたww
@0422_ep 色落ちてグレーになってきたww
@miamia_01 ありがんとん😇💙
@miamia_01 何色なう？
@miamia_01 よし、カラーokなバイト先に変更して染めよう、私染めてあげるよ◝('ω'ω'ω')◜ﾃﾞﾃﾞｰﾝww
3名様シャンプーしようと思って置いてたら怖かった。 https://t.co/bvIWCj8xou
@kanomatin11 こたー！フォロバありがとう🐵💫
@821dn あやのちゃんフォロバありがとう🐵💙
@821dn 仲良くなりまそ！遊び行きまそ🐒💫 一緒に練習するのもいいね.｡ﾟ+.(･∀･)ﾟ+.ﾟ
@tomato__mm わぁぁ！猿カフェ可愛いいﾃﾞｽﾈ🐵💙
@taichan997 メープルん中ぶっ込めっ！ｳﾘｬｯ🍯
女王蜂聴きたい気分。 なかなかエグいけど好き🐝💉 https://t.co/u96Glf9COj
@tokumasumoka いいよね🐒💙ほんとアヴちゃん美しい、、
わたしは？
@blueMooon__ もえは私の猫🐒💙
@blueMooon__ マイペットかけるぞ！
@blueMooon__ 雑巾で吹いちゃうぞ
@blueMooon__ サイヤ人っ😆
@tachi_1130 わぁぁぁ！ありがとう🐵👍🏻、、そんな大好きなバンドいないなぁ💭
@rs2_sk いえいえ♪見つけましたよぅぅ🔭🐵👌🏻
オデ達は誰だ。かのまたこうた。
@hanaj0623 わぁwww御一行様って感じだね(´×ω×`)
@saya_427 さやさやハッピーバースデーぃ🐵🍰🎉🎉
@hanaj0623 カットウィッグの抜け毛は異常だね🐵🔫
RT @1kyoya4: ファンキーじゃねーやクレイジーだ 網棚からバレーボール降ってくるって初めての体験。隣の人がくしゃみかなんかして唾吹き出すのもびっくり。つり革つかみ損ねて背中にタックルしてる人もいたね。
🎉🎉🎉朋佳🎉🎉🎉 大事な大好きなお友達。 もう19歳だね🐠 素敵な素敵なラストティーン💫💫 お誕生日おめでとう🍰 https://t.co/xdxpRsgByt
@devirin1029 お疲れ様です！ 今日はありがとうございました🐒
洋次郎、Taka。素敵。 少しでも熊本復興できますように。 https://t.co/ZFbm1uPThd
@saruhata 皆様もぜひ。https://t.co/7qcpkgJDsn
@0501sho1 しょうくんお誕生日おめでとう🐵🎉 会うと挨拶返してくれて嬉しいよ👍🏻 学スタとかも頑張ろうね💫
RT @hasetaku3: AAAの出逢いのチカラ歌いました〜  良かったら聴いてくださいませ🤔🤔 https://t.co/2ckFQwUnSj
@misk1029 @hanaj0623 私もすき🐵🌻
@misk1029 行きたい！前まで横アリとかでやってたのに最近ホールが多いよね🤔💭
洋次郎さん服の系統全然ちがう😳 RADWIMPSは全部好き💙
@hanaj0623 @misk1029 好き🐝💛 地元近いのもあるし( ๑´•ω•)۶”
@hanaj0623 可愛いしょ😆wわんぱく野球バカたくさん歌うけどYellow busかなぁ🤔💭じゅんやは？
@K1212g フォロバありがとうございますっ🐵💫
最近少年ぽい服しか着てないなぁ🐵💙 ２連勤ロングだけど楽しいから バイト頑張ってきます( ๑´•ω•)۶”
@tayanco_ @___xoY_ @yunpi_0515 おまwww可愛すぎか・∀・)ﾆﾔﾆﾔ
@tayanco_ めるたん遊ぼうよううう😆😆😆
@BAYASHIKO1016 すんごい良い写真😳📷
唐揚げがどうしても食べたくて🍴 作って食べ始めたんだけども。胃がもたれました。歳を感じました😇😇😇 https://t.co/XI6VI5WRou
@yuuutakka2 ！？可愛い！！！
@yuuutakka2 まずは耳からかなぁ🐵💭w
@yuuutakka2 可愛いけど絶対痛いよね😂
@mori_bay もりえるハッピーバースデー🐵🍰🍰🍰🍰🎉
@BAYASHIKO1016 @krn_0910 Nikonだ😳📷 今度撮影ついて行きたい🐒💫
@BAYASHIKO1016 カシャって音いいよね🐵👌🏻(私Canon勢だが、、w 私でいいなら全然お願いしますよ😂💙
@miho_62654 フォローありがとうございますっ🐒💫
@miho_62654 うん😆  学科違うけどよろしくねっ🐒💙
RT @BAYASHIKO1016: ✨✨Fashion snap作品‼︎✨✨ Model……いまけん。 Camera…こばやしりく。 Spot………稲田堤。  作品名「The boy in Fendi.」👦🏼✨  hair……7と3。 code…色気フェンディ。 https:…
@fan_yui_aaa えまってシザーケースいるの？
@__ayaka612 今日あやかさんやっとわかったよ🐒💙 明日もベルリン頑張ろ😇(ケーキ食べたい
@__ayaka612 2日連チャン٩(๑ᵒ̴̶̷͈̀ ᗜ ᵒ̴̶̷͈́)و ̑̑ °˖ ✧ あら行こうかしら🍰🍰🍰🍰🍰
@rin_run_ran りんちゃん誕生日おめでとう🐵🍰 またわいわい遊び行きたいぜ👌🏻
@Buuuuuu_xoxo フォローありがとう🙈💙
@wami0530 わみちゃんお誕生日おめでとうっっ🙈🍰💙💙🎉
RT @dr_nyankoro: 学スタお疲れさま〜😘  こやつらの髪色可愛い🦄 https://t.co/DXdMblEVWa
最近みんな髪色褒めてくれて幸せ🐵💙 おともだち優しいし楽しいし学校大好き🐒
@BAYASHIKO1016 りく毎日褒めてくれるからすき🐵💫💫
@510Eighter だ！過ぎた！！あみお誕生日おめでとう🐵🎉🎉🎉元気しとるかい👭？
@BAYASHIKO1016 照れちゃうわっ😇😇💙
RT @BAYASHIKO1016: 水曜の午後を存分に使って みんなで飯とカラオケ行ってきた😍✨ えりりんとさっしー歌うますぎ😳 まさとはたちゃんはまじ裏切り笑笑笑 めっちゃ楽しかったー！今日は耳が幸せなまま寝れそうや😌 さっしーが本当可愛すぎてあかん。😞笑 https://…
@h05__ きょうかお誕生日おめでとう🐵💙💙 4組のセクシー担当(と勝手に思ってます😍 素敵なラストティーンにしようね😆🎉🎉
@0514Hana はなちゃんお誕生日おめでとう😆💫 オススメのバンド会ったら知りたいなぁ🐵💭 19歳楽しんでいこう💙
@ichan_bbb いずみちゃんお誕生日おめでとうございましたっ🐵💙 初めてリプ送ったし お誕生日昨日だったけどお許しください🐠💫w
@ichan_bbb あたり！青い髪の子でーす🐒💫ありがとう😳🎉
@0514Hana バースデーガールに褒められちゃった😳💙ありがとう😆たのしむううう♪
@ichan_bbb 学校で見つけるっ！お話しよっ🙈💙 マニパニのショッキングブルーってやつだよ😆
@ichan_bbb いっちゃん🐵💙 最初のブリーチとカラーは美容院で、落ちたらセルフで入れてってる😊
@miamia_01 原宿やん😇
@ichan_bbb お湯で床流しながらやったら案外落ちてったよ🐒🎉 いっちゃん次何色かなぁ😎💭
@ichan_bbb やっぱ一番いいのはサロン行くのだよね🐵💭ww おぉ！今度赤と青で写真撮ろね📷💙❤️
@24k0331 この人たちほぼ毎日竹下通りにおる！帰り道でよく見る😳
今日寝坊して朝味噌汁とヨーグルト、昼カップラーメン、夜は店長がくれたどら焼きって食生活😇😇😇  たまにはこんな日もあるよね🐵👌🏻
@WBC0518 これ2年の最初の写真だよ、懐かしくね？亨介全然変わらんねww あ、お誕生日おめでとうございますぅ https://t.co/SlZ04zsFvf
青髪復活🐵💙 夏ver.🐠 https://t.co/6RcKaJDMta
@miamia_01 最高だぜ🐠💙
@yuukioffyuuki めっちゃお気に入り😆
@bounce_masa https://t.co/6Lccv4xwp2
@bounce_masa https://t.co/imY61KWliK
@Himagon0502 せやろ、見たことあったろ🐠💙
@__I_GoOQ 綺麗に染めてもらた😇😇😇💙 最高♪
@mei8_1212 めいちゃんだ！フォローありがとう😂💙
@utane_kanon 素晴らしいよ😂💫
@__I_GoOQ ニヤニヤしちゃう🙈💙
@mrluvxx49 すんごいお気に入りよ🙈💙
@JungYongHwa0519 ことのさぁん誕生日おめでとううう🙈💫💫
@irom52 きらりぃぃぃぃ🐵💙見つけたっ！フォロバありがとう💫
地元での二度見される率高すぎる( ˙³˙)💫 バイトいってきます🐵👍🏻
@fan_yui_aaa シャバー二くんじゃん！最高🐵👍🏻
@fan_yui_aaa 最後以外ぜんぶシャバー二くん💙
@fan_yui_aaa いぇす(๑•̀ㅁ•́๑)✧イケメンゴリラくん♪
@ksp_sp123 フォローありがとう🐵💙
@ksp_sp123 ベルリンとかも一緒に頑張ろうねん🐒🎉🎉
@tayanco_ え、すんごい良いじゃん😎
@tayanco_ やぁこの色最高じゃわ、明日楽しみしとる💙
@ichan_bbb 最高🐵💙❤️
@ichan_bbb 撮りましょ撮りましょ🙈📷
可愛いメイドさん居ったよ🙈💙 バイトふぁいとです(∩^o^)⊃━☆ﾟ.*･｡ 今度一緒行ってくれる人募集します🐒 https://t.co/yIIZESwJ5L
@ichan_bbb やっと揃いましたねぇ❤️💙 そのうち仲良くなる会開きましょ😀🎉w
@m6flower3687 みりかちゃん！！！お誕生日おめでとう🐵💙💙元気にしてるかな？学校楽しんで🎉🎉
@mn0523 もえのちゃんお誕生日おめでとう😎👍🏻
優さんと串家のいちごフェア行ってきた🐵🍓 たくさんお話聞いてもらったしお腹いっぱいだし幸せ( *´꒳`* ) https://t.co/btpgjujWB7
RT @saikoh_pitbull: Mmm Yeah ft. Pitbull-Austin Mahone https://t.co/MWWXDADbXy
pitbullにどハマリした( ๑´•ω•)۶” あ、こりゃカッコええわ
@rem9788_flower 聴いてるなうこれもいいね👍🏻
@Himagon0502 これ聴いたことある！いまねDJ got us fallin'in loveが好きなん😇
@Himagon0502 好き好きオースティンとのやつも好き🐵
@Masaya_Rugby4 まさやお誕生日おめでとう🎉🎉元気しとるか！！
@yuu0526_m 優菜ちゃんお誕生日おめでとう🐒💫 マネさん頑張ってねっ( ๑´•ω•)۶”
@kanamaz_ ふじかなもお誕生日か！おめでとう🐵🎉🎉🎉
@nrO527O @ymm0527 ゆみなるお誕生日おめでとう🐒🎉🎉🎉 2人並んで歩いてるの見るとほんと癒されるよ😳💙 いつも笑顔で挨拶してくれてありがとう( ๑´•ω•)۶”
ペニーデビューしちゃったぜ、かわいい( *´꒳`* )💙 https://t.co/yAsXvpzBIP
@Ki0NO あらほんとだ！おそろいぇーい( ๑´•ω•)۶”
@Ki0NO 頑張りましょ🐵🎉
@saaaaki_A うおぉぉ誕生日おめでとうううう🐠🐠🐠💫💫💫 まだギターやってるかい？w ラストティーン楽しんで😇🎉
@n__n82 フォローありがと🐵💙
渋谷歩きまわってからスタートしました、山手線リレー。 ペニーで渋谷→目白まで走行しました😀 足の疲労凄まじいけどすんごい楽しかったwww
寿司ぃ🍣🍣🍣🍵 @s_ntk417 @dekochan0106 https://t.co/nbZVVUPYh4
@syota7217 しょうた元気か！お誕生日おめでとう🐵🎉🎉
RT @douga30: ♡平井大♡ 祈り花 https://t.co/49h6GQcfR2
@3s_aiu さいりお誕生日おめでとう🎉🎉
@sasorinodanna3 \逗子ぃ！/
@sasorinodanna3 まぁ夏の風物詩ですよ、許してやってくださいฅ•ω•ฅ
@sasorinodanna3 峰さん行かないんですか？
雨かーい(:3_ヽ)_ お出かけする日に雨かーい_(꒪ཀ꒪」∠)_
@fan_yui_aaa あら色違い🐵💜💙
今日は腐れ縁と久々にお話会できたし、明日は大好きな人と遊ぶし最高じゃ( *´꒳`* )
とにかくアヴちゃん美しいから是非お聴きください🐝💙 https://t.co/tmlpmu7JbG
@ta_ro_22 たろちゃん行ったんね!?いいなぁc((•ω•))ɔ
@nozomi966 のんちゃん誕生日おめでとう٩(๑ᵒ̴̶̷͈̀ ᗜ ᵒ̴̶̷͈́)و ̑̑ ✧🎉🎉
洋楽、EXILE系、K-POP、、色々聴くようになったけど やっぱロックが好きだなぁc((•ω•))ɔ  RADWIMPSは一生聴いていきます🐵💙  #ロックの日
編み込みgirls💙💜 https://t.co/Vq06wEEK26
@_1110KN がんばって🐵💫
@yoziro1212sn フォロバありがとう🐒💫
@rem9788_flower ありがといぇいc((•ω•))ɔ青髪最高だぜ👍🏻
@Nextbeat_bass だめです、青にしましょ🐠
@xxmrchanxx (・ω・)ノ
最近顔ぷにぷにしてきた(ﾉ)･ω･(ヾ) しかしアイスとチョコは止められません🍨🍫
@yotakotteri 建部お誕生日おめっと🐒 元気でやってますかぁ！！！
@tokumasumoka もかちゃんお誕生日なのね！おめでとう( *´꒳`* )青髪続行中かな？
@C_6ki ちまる誕生日おめっと🐵🍰🎉🎉🎉ペニー乗ってる？ww
@RADWIMPS がんばってください(ﾉ)･ω･(ヾ)
@M614Hearts まりなお誕生日おめっと(⑉• •⑉)❤︎まりばぁって聞かなくなったなぁ🐵💭
@EVOLVE_MMXIV しらいくんお誕生日おめっと◝('ω'ω'ω')◜最近またSiM熱きてますぜ😎😎
@natsuh0614 なっちゃんもお誕生日！！ おめでとううう🙈💙💙またごはん行こいこ！！！
@toyop615 とよぴ誕生日おめでとう🐵🎉🎉🎉駅員さん頑張ってますかぁぁc((•ω•))ɔ
@giants_ht たくに誕生日おめでとう🐒💫💫💫
RT @jo_zi_you: #カラーモデル さん募集🐸 RTで1000円off  #グラデーションカラー 6000円 #ブリーチ 込みの料金です☆  美容学生トリートメントサービス✨  ご気軽に質問等 yyyyyyysk こちらのラインにご連絡ください🌚 https://t.…
@J_tomo617 しげさんお誕生日おめっとさんฅ•ω•ฅ🎉🎉🎉
タンブラーなくした🙄 ずっと電車内に居るのに一瞬にして消えたんだけど何があった(´°̥̥̥̥̥̥̥̥ω°̥̥̥̥̥̥̥̥｀)
@___xoY_ あ!?tricot会ったん!?
@___xoY_  わぁ、羨ましいな🙄💙
@abmm_anna_2424 あんなちゃんフォローありがとうっ🐵💙
@tanshiooo_ フォロバありがとう♪しお発見できたでぃ🐵💫今日お疲れ様😀
@tanshiooo_ いぇす！！RAD大好き😍しおも好きなの？
Ylvis面白いわ👏😂  The fox以外にもたくさんあるんね( ﾟ∀ﾟ)  https://t.co/i5g5GDdGQH @youtube
@tanshiooo_ おぉ！今度もっとお話したいい🐒💙
@misk1029 わ、いいなぁ( *¯ ꒳¯*)
@misk1029 あら！お久しぶりだฅ•ω•ฅ💫
普段より3本遅い電車乗ったけど、この時間ていつも山手線混んでるの三(((((´ω`；)？
ベルリンで流すBGM作らんと💿 なにが良いかなぁ🐵💭 RADは絶対いれます( *¯ ꒳¯*)
@fan_yui_aaa 流したい曲、CD持ってきてくれたらBGMリストに入れるよ🐵👍🏻
@tanshiooo_ 任せなさい😎遊助も入れちゃおかな🐝💛
@ksp_sp123 いれるううう💫1CHANCE流して平気かなぁリベンジのがいいかな？ww
@tanshiooo_ お、さすがcrewは意識高いな😘 私はRADタオルにする💙
@yuukioffyuuki 私BGM係やる😀 EDMのCD持ってたら明日貸して👍🏻
@flute_mm ねぇ遊んで!?
@flute_mm 日曜のバイト前(17時から)とか、、あとはもう7月入っちゃうかな(:3_ヽ)_
@flute_mm 7月日曜日だいたいあいとるでc((•ω•))ɔ
@Himagon0502 志磨遼平バージョンも聴いて、アヴちゃんくそかわええ
@flute_mm どようバイト勢
@flute_mm ねね2日の土曜日ひまになったよ
@flute_mm わたしたち高校ん時から予定合わなさすぎwww
RT @kusu1227: 前渋谷でも見たけどこの人ほんとすごかったw https://t.co/vuufAAbzEq
RT @amiyu_pink: 念願のさっしー（＾Ｏ＾）♡  青髪かわいい💍🐬🌍💎💙 https://t.co/eHqYGjzXAj
@amiyu_pink あみゆゆゆゆ🐵💙ピンクカラー楽しみしてる🎀
@km03sim フォローありがとう( *¯ ꒳¯*)💫
@amiyu_pink もちろん😎👍🏻
@_liiio0 なんか、まうフォローしてなかった発見🐵💙
@uwmfd_salon フォロバありがとう🐵💫
@hiroy0209 フォロバありがとうc((•ω•))ɔ🎉
@uwmfd_salon 先にしてやったぜっ😎👍🏻
@uwmfd_salon 黒髪なんちゃんも青髪にしちゃおうよ🐵🐠
高校でバンドマンになって、いま美容師目指してて、バーテンダーに興味もってるけどこれ女が付き合っちゃいけない3B制覇してるわ(         ´･∀･`         )ｱﾚﾚ
@nana__10969 フォローありがとう🐵💙 んんん顔と名前が一致しないฅ:(´◦ω◦｀ฅ):ｺﾞﾒﾝﾈ.. また来週も会うし！その時見つけ出す😆💫
@0ma_yu リリーフランキーwwwwまゆみんの表情いいね🐒🐒🐒
@0ma_yu なるほどりりーふらんきー😉👌 長いわ！wwでも好きだわ！w
急っいでたらカラコン忘れたฅ:(´◦ω◦｀ฅ): カメラ1式持ってきたのに、、視力、、、
@_68_maki まき見つけた💙お疲れ様( *¯ ꒳¯*) https://t.co/vbqITG26Bh
ベルリンピックすんごい楽しかった💙  ほんとはもっともっといっぱいいろんな人と撮るつもりだったのに、、、iPhone常備しときゃよかった🐵💭 https://t.co/nvpmrzkyDL
@nh29721b ほくととも撮らなかった_(꒪ཀ꒪」∠)_
@nh29721b 下にいる時間のが長かったからなぁ...んま次の機会だな( *¯ ꒳¯*)
@G_fguyha_to まったく、、3人のせいでボロボロってなったわ🙄ww
@Himagon0502 でしょ👍🏻楽しすぎっす( *¯ ꒳¯*)
@G_fguyha_to 美味しくいただきました🐵♪
せっかくカメラ持ってたのに全然撮らんかった... 楽しむのに精一杯だったぜ(/・ω・)/ https://t.co/p3XfTJHv57
RT @hasetaku3: 昨日のベルリンで歌ったEYES, NOSE, LIPSです🙏 よかったらきーてください😆 https://t.co/xYoyz4fZAS
@tomoka__429 いまロディどこ居るん( *¯ ꒳¯*)？
@tomoka__429 あらま！こっち帰ってきたんね😍😍😍
@tomoka__429 あいだいいいいいいい🐵💙
オレンジレンジのYAMATOが とてもかっこよい🐵💭 若い頃からかっこよかったもんなぁ https://t.co/wNoieagcnX
@tomoka__429 え行く！ともかひまな時お邪魔するでぃ🐒🐒
@abmm_anna_2424 んんん可愛かった😘💙💙 ありがとう！！ https://t.co/OFTmLW6vok
RADWIMPSは今までも、これからもきっとずっと１番。 大好きですぜฅ•ω•ฅ   #野田洋次郎誕生祭  #みんなで祝おうよ誕生日 https://t.co/s1D3zyagJ2
速度制限きました🙃 んま、電車間に合ったし楽しいバイト頑張れます🐵💫
@970707_ はるか今日誕生日だったん!?おめでとう🐵🎉🎉19歳、ちゃんとポケットにiPhone入れられるようになるんじゃぞ🚶📱ww
@kyakya797 きゃなこハッピーバースデー🐒🎉🎉🎉いぇーーーいっ💫
やっぱりスケボーってカッコイイよね(´･ω･)´-ω-)👍🏻 ペニー属性だけどいっぱい練習したいと思います
@tomoka__429 原宿かいおいで( *¯ ꒳¯*)
@amiyu_pink 浴衣女子かわいい😍😍😍楽しんで👍🏻
横総野球部初戦勝ったって🙈💙 おめでとう⚾️
RT @belle_harajuku: 始まったばかりの部活 スケボーはレベル高い 学生もいまーす！！ 動画で見てね https://t.co/oOMDrTP8NH
@fan_yui_aaa @Ryha1026 最大公約数聴いてくれ、ほんといい曲よ🐵
@qpi52t67 フォローありがとう💫りゅうくんずっと話してみたかったからフォローきてくっそ嬉しい🐒🐒
@yuta24681 ゆーたフォロバありがとう🐵👍🏻
@nh29721b お誕生日おめっとう( ๑´•ω•)🎉🎉
@yuta24681 そのうち抜かしたる！負けないぞ( *¯ ꒳¯*)？
@flute_mm 今日スケボーしに小机いったんよ、日産スタジアムの人口密度えげつなかった(´･ω･`)
クッキータイムで歌ったらクッキーくれたฅ•ω•ฅ https://t.co/Ct1pkhtP7d
@major_marjorie 今度一緒に行こかฅ•ω•ฅ
@tda_engl え！すんごいかわいい😍
ほんとに鼻血止まらんฅ:(´◦ω◦｀ฅ): た、助けてくれ、、
@papipu0924 また今度やろうさ( ๑´•ω•)۶”
久々に、、やっと、、ゆきちゃんに会えました🐵💙 すんごい元気出た！！ポケモンgoの楽しみ方もわかったし幸せった、ありがとう( ๑´•ω•)۶” https://t.co/ztdVsQCBXL
@naru_pi なるるるに褒められちゃった😳💙ありがとう( *´꒳`*
@ray59723 れい遅れちゃったฅ:(´◦ω◦｀ฅ):お誕生日おめでとう🐒🎉🎉🎉
@ray59723 久々に見たわ笑笑笑
当たったら毎日の主食が豪華になりますぁ🐵🍨🍨🍨   #ひと夏分のハーゲンダッツ
@naru_pi なるちゃお誕生日おめでとう🐵🎉🎉🎉🎉
今日のサロンワークゆきちゃんが来てくれるからとても幸せ( *¯ ꒳¯*)頑張ろう！
二日連続でアイス食べてない！！！ やぁ今は氷食べたい🍧💭💭  そんな感じで夏休みのはじまりです( *¯ ꒳¯*) いっぱい遊ばなきゃ！！
@naru_pi 空の風呂内に入浴剤いれてからお湯ﾀﾞﾊﾞｰｯていれたら泡風呂できるでぃ🐵🐵🐵
Tシャツショーパンの組み合わせ大好き。ラフって最高🐠🐬
@naru_pi うお！大成功だっ😎💙
明日えぐくないか？ 6時の電車ってことは5時前には起きなきゃ、、、。遠いっす。  サーフィンの為だ、頑張る🌊🏄🌊 https://t.co/vmuZBPegjD
@___xoY_ いきたい！
@amaily__ あまちゃんお誕生日おめっとーう🐵💫💫
@Chito83 しおちゃんお誕生日おめっとう( 'ω')👍✨ 2日遅れ許して😂💙
@___xoY_ せやな、そんくらいしよ( 'ω')👍✨
アートアクアリウムがとても素晴らしかった🐠  一昨年くらいから興味あったし見れてよかった🐵💫  #アートアクアリウム https://t.co/vDW0FXW8of
@8RyomA7 りょまさんお誕生日なんねおめっと( 'ω')👍✨
@yyy_LAND 16日とか空いてます( 'ω')👍✨
@yyy_LAND 19の11じとか平気です！！
本厚木で一人暮らししたい！！ おじちゃんアパート持ってるしおばあちゃんにもすぐ会いに行けるし！！ 小田急線で朝絶対座れるじゃん💭  わー。すんごい一人暮らししたい🏠
@tia_311 朝 本厚木始発の準急列車あるんですよ( 'ω')👍✨
@tia_311 7時6分でした(´･ω･`)笑笑
@gleek_3104 気が早いぞぉ笑
RT @tiger_poem: 【告知】今夜ペルセウス座流星群 【告知】今夜ペルセウス座流星群 【告知】今夜ペルセウス座流星群  1時間で50個、星が降ります。 https://t.co/XqD4oTXME1
@r92_pm おめっとう( 'ω')👍✨
@mi_chan0813 みきちゃんハッピィバァスディ❤️(⃔ *`꒳´ * )⃕↝ https://t.co/RkL8JT2wpr
@mi_chan0813 ナイスタイミングだっ🐵💙
たくさんチョコバナナ作った💫 みんなでバナナ抱えて帰ったよ🍌🐵 とても楽しい１日だった！！  @belle_harajuku https://t.co/qj2GuKMViF
@0501sho1 それは...台風近いからやξ彡(°o°；)彡
RT @Missy1Oneokrock: taka×野田洋次郎   by my side この曲はとても素晴らしい歌詞です。 takaと野田洋次郎さんがとてもハモっていてとにかくやばいです。 https://t.co/SVyZWoybgJ
今日カラーするはずが出来なくて萎えまくってたら電車寝過ごすし雨降られるし散々だった。  けど久々に高校行って友達と会って後輩のライブ見たら元気でました🐵💫
@TokoRoten_reina れいなぁぉぉ！誕生日おめっと🐵💙💙元気か？全全然会ってないね(´°̥̥̥̥̥̥̥̥ω°̥̥̥̥̥̥̥̥｀)
@TokoRoten_reina 全力元気しとるよ🐵👍🏻 今度ごはんの会開こか💫
@sou_0818 颯お誕生日おめでとう🐵💫 元気かー！
@tanshiooo_ 9/20-21だよ( 'ω')👍✨
@tanshiooo_ いぇい🐵💫2泊くらいしたい笑笑
@daichi_kojo こじょお誕生日おめっとう🐵🎉🎉🎉 こじょびーむ出しまくってな(」 ･ω･)」三＝一☆ https://t.co/JZkHXmqGgP
RT @fan_yui_aaa: 4組の青髪ペアです。 さっしーとこぐっしーです。 https://t.co/LTKL1EOyO0
@K1212g このちゃんや🐵💙どーもっ♪
@qpi52t67 シザースタンドやฅ•ω•ฅ
@qpi52t67 良いよね、落ち着く(ﾉ)･ω･(ヾ)
昨日の筋肉痛が治りませんが、 元気に現場実習いってきます🐒💫
和音から教えてもらった映画を見てみた。 すごい引き込まれたし心蝕まれる感覚えぐかった🙃🙃🙃 https://t.co/vDBxM8CdqM
@dekochan0106 中毒性あるねฅ•ω•ฅ
@tachi_1130 あと2日待とうぜ セプテンバー3
@miamia_01 焼きたて食パンって怖いよね、くっそ美味し(o´･ω･)´-ω-)ｳﾝ
俺が寂しい時ばかりさ、甘えちゃってごめんな https://t.co/r3jl7hZhHG
RAD大好き、ほんと大好き(o´･ω･)´-ω-)
@0ma_yu まゆみんみん！んね、素敵よね( ´•̥̥̥ω•̥̥̥` )💙  今日はセプテンバーさんの日だけど🐵💫
@0ma_yu ほんと!?めっちゃ嬉しい(*ºчº*)!!懐かしいなぁ💭 今年文化祭いくよーーっ👍🏻
@keizou0906k 誕生日おめでとう( ๑´•ω•)۶”
@krn_0910 いまけんお誕生びおめっとう🎂🎉
@nnxxx_2212 えりお誕生日おめっとうううっ🐒💙 また近々カラオケ行こう( *¯ ꒳¯*)
RT @sgs109com: 【本日より】パワーパフ ガールズ×コールドストーン初コラボ😋《ケミカルX》入りパステルキュートな“クーリーズ”誕生🍦💖💙💚特製タンブラー&amp;チャーム付きだょ✨ https://t.co/ZGBfwD2E9F https://t.co/WhlTHoCV…
RT @nerunogakirai: ミラスタfile.106【上谷太郎】 担当 井上喜博  崩した【アシメバランス】に、２ブロックの【ディープブルー】のアクセントがクール！ 無造作な脱力感と秘めた強さを表現！  ミラスタ https://t.co/KSmZemvA8z htt…
@risaaa917 りさちゃんお誕生日おめでとううう🐵💙
RT @nerunogakirai: ミラスタfile.107【花岡瑠斗】 担当 辻里穂  センター分けに縦落ちウェーブで男の色気満載に❤️ バサっとした質感でグランジ感もプラス！ ちょっと危なそう！でもかっこいい❤️がポイント！ https://t.co/Gx7vNq1Dh8
えー。寝過ごしまして、初めて終電なくなりました(´･ω･`)
@bluekj8 ことはちゃんお誕生日おめでとう🐵💙
イヤホンガンガンゲーム https://t.co/DzsXhNXEEo
イヤホンガンガンゲーム パート2 https://t.co/JmTrYjp8LG
@nnxxx_2212 ちょっと？ちょこ？笑笑
@papipu0924 りおお誕生日おめでとう◝('ω'ω'ω') また遊び行こうね、ごはんいこうね😀💫
カットコンで青使ってもう使わない人ぜひ恵んでください...青髪が喜びます、私の髪に入ります🐵ﾍﾍｯ
@hanaj0623 納豆TKG
@hanaj0623 梅干し入れると極上飯になるよ🍚、、ちっちゃい子可愛ぇ
@hanaj0623 広っ!?えっ、広ｯ!! 運動会日和ね笑
RT @you_ch_ke: あーカットコンの仕込み全然イメージと違う。笑 https://t.co/A3163yEDy6
@you_ch_ke それ多分私ね🐵
@you_ch_ke タグ通知来てからパッと見て私にしか見えなかった笑笑
@KaraageSeiya せいや元気かー！お誕生日おめでとう🤘🏻甘えんboy
結局2回も寝過ごして終電で帰ってるってバカなのかな(:3_ヽ)_
@hanaj0623 ありがと🐵 LINE変えたなら持ってない(-ω-`) 棺に入るまで青髪する😇笑笑
@shun06160929 お誕生日おめでとう( 'ω')👍✨
@dekochan0106 行きたい( 'ω')
@creep_oyuki ゆきちゃん明日お暇ฅ•ω•ฅ？
@creep_oyuki んふ💙 16時に学校おわる！！
@creep_oyuki 中央？
@creep_oyuki ほんと!?原宿まわろ( 'ω')👍✨
@creep_oyuki おけฅ•ω•ฅ💫
@Non_behappy おおお！ののかちゃん！！フォローありがとう🐵💙
機嫌悪くて無愛想面で電車待ってたら久々に真奈に会ってお話できたし地元もいいもんだねฅ•ω•ฅ
@_____haru_ofune 元気でなー( 'ω')👍✨
@_____haru_ofune おぅ、久々に聞いた呼び方笑笑笑
@1009yn ながっちお誕生日おめでとう( 'ω')👍✨ 全然会わないね！！まだテニス頑張ってるかーい🎾✨
@Himagon0502 ぜんぶください
RT @himithu_ikimono: 【ポンスキー】 ポメラニアンとシベリアンハスキーのミックス。 外見はシベリアンハスキーの方が 強くあらわれる傾向にあります。 https://t.co/57CXtlu1z0
@BAYASHIKO1016 りっくん誕生日おめでとう👭 35分過ぎちゃったけど許してね🙈
@papipu0924 やだ
@papipu0924 どしたん？
@papipu0924 胃腸薬っ飲みっ！！笑笑
@papipu0924 薬も効かんのか、、きついな｡ﾟ(ﾟ´Д｀ﾟ)ﾟ｡
@hasetaku3 誕生日おめでとう🐵🎉
@utane_kanon @creep_oyuki わ、いいな_(꒪ཀ꒪」∠)_
@creep_oyuki @utane_kanon 今日は23時までバイトやぁ(´°̥̥̥̥̥̥̥̥ω°̥̥̥̥̥̥̥̥｀)
@creep_oyuki @utane_kanon ありがとう(´°̥̥̥̥̥̥̥̥ω°̥̥̥̥̥̥̥̥｀)また今度ご一緒する🐵💙
RT @72901123: 東急線にディズニーの発車メロディーとは…w  https://t.co/IDWmaRDL8E https://t.co/PN7rsKguMY
武蔵小杉住みたい！！ 東横線ユーザになりたいね💭
@____0ii りなりなつぁんフォローありがとう🐵💙
@utane_kanon スターウォーズ強い笑
@naoki_nh 実際竹下通り以外は横浜とかと大差ないよな💭
@naoki_nh いいセンスでございます👞
@Poyo0024 @znnbnr シャンプーモデルしてくれた子たちだよね😍 フォローありがとうございますっ🙈💙
@1997__pkchu フォローありがと！スケボー見に来てたさきのちゃんよね🐵💫
@Seyaseyaseya926 武居詩織ちゃん！！！
@Seyaseyaseya926 やばいよね！？ほんと！！モデルもやってるのよ！！可愛すぎる
今夜はブギーバック素晴らしい🐵🙈 最後に誰かが貼ってたポスターあるかな💭 https://t.co/VbwxpNGXdc
@madeinTaguchi 明日やるฅ•ω•ฅ？
@kuro___sawa ぎりせーふ！お誕生日おめでとう🐵🎉
@Ryha1026 りゅうと誕生日おめでとう🐵🎉
@Ryha1026 ありがとう😆頑張りマース💫
@madeinTaguchi 頑張ってきたかな？お疲れ様🐵💫また今度しよ！
@love_peace_bana 大丈夫か(´･ω･`)？
@HiromiKagoshima かごしま誕生日おめでとう( 'ω')👍✨ 多分君なら大丈夫！笑
@blackman_tennis にか誕生日おめでとう🎉🎉🎉そろそろ遊ぶぞ？
RT @0501sho1: 明日は4時40分からBSC活動します！ ハロウィン🎃だけど気にせずスケボーする予定なんで興味ある方は是非来てください👍
@ritsu1029205 りつ発掘
@ritsu1029205 ていっ！おつかれ( 'ω')👍✨
@k_31_9 赤髪こーへいお誕生日おめでとう( ๑´•ω•)۶”🍰🎉
RT @fashionsnap: 【今日から】米国発チョコレート「M&amp;M'S」の限定カフェが原宿に 日本初上陸の13色が登場 https://t.co/VrnroZvSVx https://t.co/0Itfk9CD7z
@madeinTaguchi @__I_GoOQ おいでおいでおいでおいで さやかっ♪\ｻﾔｶｯ/
@haanaa03 はなたんお誕生日おめでとう(∩^o^)⊃━☆ﾟ.*･｡ 載せる写真美味しそうなのばっかり😳💙
@__I_GoOQ @madeinTaguchi んね！ヘアメ増えてほしいね🐵💙 ぜひ！スニーカーでおいでね💫
ココア飲み比べ選手権。 私的ランキング◝('ω'ω'ω')◜  第1位  バンホーテン 第2位 牛乳でおいしくホットなココア 第3位 小岩井  ココア大好き☕バンホーテン王道 https://t.co/GBU9pfUGPE
@saruhata ポスター貼ってなかった(´･ω･`)
@mamyurunrn わぁぁぁぁぁぁぁぁ！大好き🙈💙💙
@mamyurunrn まみちゃんの色すごい好きよ( *¯ ꒳¯*)
@ilovebad1109061 みくりんお誕生日おめでとう( 'ω')👍✨懐かしい写真のせとこー笑笑 https://t.co/FOzPXf87ul
@m1s0_s たくぽんおたおめめめ🐵🍰🍰🍰🍰
@m1s0_s あ、ビンゴ👍🏻笑
#あなたが無意識に元気を貰ってる人 1:田所 未来 2:유이(ゆい) 3:Nuj Anah ユパ様🍄💦 4:Natsuki 5:Yojiro Noda 6:深野 敦士 7:伊賀 亘。 8:たきざわ しお 9:ミ サ キ … https://t.co/NpQEBxMZst
アプリメーカーやると ちゃるんとじゅんや絶対出てくる◝('ω'ω'ω')◜
@s_ntk417 Yes,Natsuki
@s_ntk417 Moratte...Baka😍Niyaniya shiteruwa💙
@s_ntk417 うぉいっ(･ω･｀)彡ﾌﾟｨ
バイト締め作業してたら鼻血出た。止まらんくて焦った。💉 今日も一日ご苦労様でした🐵
RT @fashionpressnet: ハッピーソックス、原宿・キャットストリートに初の路面店 - 日本商品がフルラインナップ - https://t.co/Ygjoj077jA https://t.co/qKfAdn7Vlu
グダグダしてたら案外時間詰めで急いで出てウィッグ忘れたから家帰った。  なのに駅ついてウィッグ1つ忘れたって思ってたらシザーも忘れてて絶望( ๑´•ω•)ｱｶｰﾝ。
RT @Cute_Photosbot: M&amp;M’sのケーキ💜💙💚💛❤️  誕生日にくれたらうれしすぎる😳💭🎂💎 https://t.co/YgD0Ow6484
竹下でLINEのなんかやってみたら当たったらしく無料でクレープもらった( ﾟДﾟ)ｳﾏｰ https://t.co/Fln5MFc4jO
@Pika_shoh ！？コーチジャケット可愛い(*ºчº*)
@Pika_shoh 良いね👍🏻楽しんで( ๑´•ω•)۶”
@s_ntk417 普通に笑ったわ笑笑
@mkcn34 まことさんハッピーバースデーです🐵🎉🎉🎉🍰💫
RT @YojiNoda1: ロックバンドなんてもんを やっていてよかった
@mori_bay え、これどうやって体温測るの🙃
@abmm_anna_2424 あんなちゃんお誕生おめでとう🐵💙🎉🎉
疲れて帰り道 チャリ2台に突っ込んじゃったけど バイト楽しかった(･ω･｀3)3
今日バイト入ってなかった、、、早く帰ったけどバイト入ってなかった、、、what a xxxx(:3_ヽ)_
RT @tokyo_cityview: いよいよ来週から始まる「HUAWEI presents 星空のイルミネーション」 広告物も色々でてきました！ヒルズにいらっしゃった際は是非見てみて下さいね。 今年は大ヒット映画「君の名は。」とのスペシャルコラボも！ ＃星空イルミ http…
@1201aya_ku13 あや誕生日おめでとーうっ🐵❤️
@uLh6zagNjqHSfyb さや誕生日おめでとーうっ🙈💙
@1d8s3 かんなちゃん誕生日おめでと🐒💙 18歳！！楽しいこといっぱいしてね😆💫
@tachi_1130 人間開花もってくてい🌸🙋
インターフェイキーできたできたできたあああああ！！！！！
ボウリングもダーツまでも負けてすんごい悔しかったからもう速攻海風で練習した。
@nor_1204 みのりんお誕生日おめでとう🙈💙ぴーらぼがんばろ💫
@_oucg ふうぴお誕生日おめでとう😍💙 楽しいこといっぱいしてね🎉🎉🎉🎉
@1205_ms もなみんもなみん誕生日おめでとう(昨日😀💙 最近ちゃんとiKON聴いてるよ(*ºчº*)またお話会しよ💫
@taichan997 🎉🍰🍰🎉🍾🍾🍾👏🎉🎁🎂
電車しんどい長いわ
@___xoY_ ラムレーズン大好きクラブ
@tayanco_ @___xoY_ だれがまな板じゃ せめて雪見だいふくあるわ
@tayanco_ じゃあいちご大福🍓
@minaaato0109 あ、誕生日近いね( ๑´•ω•)۶”
今日はバイトない！確認済💫 バイト行ってシフト入ってなかったパターン。稀によくある( 'ω')ﾍﾍｯ
@pio_ochan まほー💫そだよ( 'ω')👍✨
@pio_ochan だいたいいるよ😀新しい人たくさん入った！笑
@pio_ochan お待ちしております(」 ･ω･)」💙笑
@1217Gin クロッチお誕生日おめでとうございましたっ🐵🍾🎉🎉
@_konused きおくんお誕生日おめでとう🐒💫💫💫
@a_nox_xALiSvo しょーくんに聞いてみる！
@a_nox_xALiSvo しょーくん今日もってなかった(´ °ω° `)
@a_nox_xALiSvo おっけっ！言っとく( 'ω')👍✨
冬休みだーい(*ºчº*) 今日シフト入れてたんだ、ヘアマニキュア買えんかった。まぁ今度だな。バイトしよ(･ω･｀3)3
@monorum_sau さくらちゃんお誕生日おめでとうっ🐵💙💙 クリスマスバースデーなのね🎄
@_0508TM めいちゃん髪色くっそ可愛😳💙
ｱｯこれやばいわ。洋次郎さんキャップ被ってる。すごいドキドキする、表情くそかっこええわ。 https://t.co/g0hDemi5CC
@pon_chaka ぽんちゃかぁ( ๑´•ω•)۶” ほんとこれ見て惚れ直した笑 歌声聴きたいいい、、
@creep_oyuki ゆきちゃん中央？
@creep_oyuki 昨日中央行くー的なツイトしてたから居るかなぁと思いまして(*ºчº*)そかそか！了解した！
@creep_oyuki とりあえず私は21時まで暇つぶしてるから もし来ることになったら会おね(*ºчº*)
@suisui_8831 元気出しぃ
初日の出わーい( ๑´•ω•)۶” https://t.co/MgbyY27mAM
RT @yshrrr_: 呪文を唱える時の杖の動かし方 #ハリポタ #ファンタビ https://t.co/uqC2nBAaaR
トンネルのむこうはチロルがいっぱいだよ！( 'ω')( 'ω')('ω' )('ω' ) https://t.co/qOVIy0NCud
@creep_oyuki ねえ私今日暇だったずっと寝てた今からバイト、、、あぁ(´°̥̥̥̥̥̥̥̥ω°̥̥̥̥̥̥̥̥｀)
@creep_oyuki ゆきちゃん会いたいすごく会いたい、、、！！！6日の昼とかひまよ( ๑´•ω•)۶”
@creep_oyuki ほんと!?最高すぎ(´｡✪ω✪｡ ` )💙あう！らいんする！
19歳になった瞬間は親に怒られてました。今年の目標は一人暮らしすることです。自立(´^ω^｀)
@madeinTaguchi みさきぃぃぃ( *´꒳`* ) ありがとね🙈💙
@_0508TM めいちゃん！！！そうなの😆 ありがとね( ๑´•ω•)۶”💙 早く入学してきて〜( *¯ ꒳¯*)笑
@tarotaro22 たろちゃんありがとね🐵💫 元気に過ごしマース👍🏻
@Ka_xxx_miin かすみーーん(*`꒳´ * )💙ありがとう！！私もいっぱい話せて楽しいよ🙈🎉
@creep_oyuki ゆきちゃんありがとう🙈💙明日会えるのがすごい幸せ( *´꒳`* )
@amiyu_pink あみゆありがとう🐒💫💫 また動く三段ベッドで寝ようね💙笑
@Randa0903 みさきさんありがとうございます🐒🎉🎉期待しましたが無残に砕けました 激おこでした(´º∀º｀)
@JpMisuzu みすずありがとう(ﾟ∀ﾟﾉﾉ"☆私も大好きよ😌💙激辛再び、、🌶🌶
@B_S_065 峻也くんありがとう( 'ω')👍✨元気でーす笑笑
@8RyomA7 崚馬くんお久しぶりだぁ！！ありがとう🐵💫
@S9020W5 そのちゃんありがとう🙈💙私もラブいぜっ( *¯ ꒳¯*)
@WBC0518 亨介ありがとう！ちゃんと生きとるかー！
@sou_0818 颯ありがとう( ๑´•ω•)۶” 最近全然見かけない気がする笑
@mei8__1212 めいちゃーん！ありがとう🐵🎉🎉
@YunaHLuna ゆなゆなゆなぁぁぁ ありがとう( ๑´•ω•)💙ねね、今度遊びたいっ😳💭
@_siyused せいやくんありがとう🐒💫 写真すごいよね、頑張ってね👍🏻
@cheerful_girls2 ありがとうっ( ๑´•ω•)۶”19歳がんばるぞー🐒🐒🐒
@G_fguyha_to ともやありがとうございまっしゅ🍄🍄🍄
@s_ntk417 なつきぃ！！そう！さる誕生日なんよ！ありがとう🙈💙
@821dn ありがだいら😇💙笑 んね、またお話会しよう、いろいろ会談したい😆
@ichan_bbb いっちゃんありがとう( *¯ ꒳¯*)💙 いこいこ！予定組もう🎯暇な日とか教えてな！！
@you_ch_ke よーすけありがとう😀🎉 カットコンで私作ってくれてありがとね😜😜
@__I_GoOQ さやかありがとう( *´꒳`* )💙 んね！ほんと学スタ？の序盤だよね！！これからもよろしく🐵💫
@hapiYRN_9___ ふうかありがとう🙈💙 今年もいっぱい笑顔で過ごしマース😆🎉
@charun_churun ちゅるんありがどん🍚🍚🍚
@PinkPinkCherrys ひかるありがとう😍💙何気に君のこと大好きだよ、ﾍﾍｯ
@_konused きおくんありがとう😇💙
@S15silviaTaku しばちゃん！ありがとう💫💫遠くでも元気にやっとるかー
@____0ii りなーっ😘💙ありがとう！！いっぱい笑ってくれるりな大すきよ これからも楽しいことしまくろ(ﾟ∀ﾟﾉﾉ"☆ﾊﾟﾁﾊﾟﾁﾊﾟﾁ★
@monorum_sau さくちゃーーん ありがとうっ😆💙これからも青髪継続するぜっ(⃔ *`꒳´ * )⃕↝
@tayanco_ ことよろ(うん、間違っちゃない笑笑
@__m_k7_5 ありがとうっ( *´꒳`* )ケーキたべなきゃ😳🍰🍰
@mkcn34 まことさんありがとうございますっ(´｡✪ω✪｡ ` ) まことさんの帰りを待ちわびています🐵💭💭笑
@shu_uya_ 秋夜ありがとう◝('ω'ω'ω')◜身長わけてねー👭
@uver_fumiya0402 ふみやありがとう🤘🏻🐵 がんばろ！！トプ画のふみや若い気がする💭
@ymm_527 ゆみみーんありがとう😘 青髪担当は任せろっ🐬🐬
@papipu0924 りお！！ありがとう😆💫何気に田中いくの楽しみにしてるからな、予定組もう😳💭
@taichan997 Thank you(ﾉｼ 'ω')ﾉｼ ﾊﾞｼﾊﾞｼｲｼﾊﾞｼ💫💫
@WBC0518 そ、そうか、境目なのかな、、ﾊﾊｯ
@a_nox_xALiSvo あやのありがとう( *¯ ꒳¯*)💙んねんね！！ またバンドいっぱい聴き始めたぞー🎧
@_SA3LNO さなありがとう(*ºчº*)💙地元に防彈のポスター貼ってあってびっくりしたってゆー報告しとく😀笑
@nana__10969 ななちゃん！！ありがとう🐒💫するする！RAD熱はずっと下がらない( *´꒳`* )
@s_ntk417 楽しく過ごしますぜ🤘🏻 あ、クリスマスの話聞かせてな笑
@1997__pkchu さきのちゃんありがとう😆💙 みさきはしっかり見守りますよ( *¯ ꒳¯*)一緒にスケボー頑張ります🤘🏻
@__m_k7_5 あら贅沢😍それ最高に幸せだわ♪
@mamyurunrn まみたーんったんっ( ๑´•ω•)۶”ありがとう🐒💙まみたん好き！！キャラも一途なとこも服も好き🙈
@EVOLVE_MMXIV しらいくんありがと😇🎉 それな、dpfとかいけるかな来年🙃
@hayatoni0326 はやとありがと😀💫青汁焼きそば卒業したか？笑
@been__love_a あっかりーん😎💫ありがとう♪ 案外強いあかりん好きよ(⃔ *`꒳´ * )⃕↝💙
@__parubaby__ はるか( *´꒳`* )💙ありがとね♪ 髪切った時めっちゃいい反応してくれて嬉しかったよ🙈💫
@_________Rady かほちゃんありがと( *¯ ꒳¯*)💙ぜひぜひっ( *´꒳`* )
@nrO527O なるありがと( ¯•ω•¯ 💙赤髪保ってね(´^ω^｀)
@ath0508 あおい！ありがとヴ( *¯ ꒳¯*)こちらこそ！今年もよろしく( 'ω')👍✨
ゆきちゃんと遊んできた( *¯ ꒳¯*) ゆきちゃんと話してると救われることばっかりだし幸せだし大好き🙈💙 ありがとう◝('ω'ω'ω')◜14年の仲です笑 https://t.co/iMHOLxJxdk
@Himagon0502 なにしとん？明日きてたら最高だったわ笑
ほんと可愛い。最近ほんとに好きな人。やぁこうなりたいっすねぇ((｡´･ω･)｡´_ _))
楽しいことと苦しいことが交互に起こりすぎて感情が忙しい今日此頃＼＼\└('ω')┘//／／
旅行前日は23時までバイトして帰ってきた次の日も11-23時まで働くシフト入れたのが馬鹿だった( 'ω')ｷｯﾂ
@hayatoni0326 え、明日がっこあるん？
RT @purinharumaki: ハイテンション節分 https://t.co/7dFnsNjx2o
@s_kenta_0214 おめっとぅ( ᐛ👐)
RT @namuji13: MyHairisBad woman'sから 『接吻とフレンド』弾いてみました。 歌詞付けるの楽しくなってしまった。 #MyHairisBad  #マイヘア #ベース  #弾いてみた #接吻とフレンド https://t.co/WM4V9MqVWr
@mkcn34 まことさんファイトですっ🐵🎉🎉
RT @HaNaVi_872: まぢやばいwwwwwwwwwwww https://t.co/8s0rVM7U2R
@CrazyqueenM おももお久しぶり🐵💙
@CrazyqueenM 全然会わんね！！元気してるかい( 'ω')？
@CrazyqueenM よかったぁ٩(ˊᗜˋ*)و私も元気にやってるよ🤘🏻💫
@greentea_non のんちゃんお誕生日おめでとう💫💫
@yotakotteri 元気か？いまなにしとん？
@yotakotteri やーいにーと( 'ω')👍✨ 受かった？
一番やりたいスタイル作ってきた！！ 佐々木ありがとう😎  、、、いや2人とも何顔だよ笑 https://t.co/UXPP6dQMsR
@miamia_01 これなら私もやっとる(´º∀º｀)？ https://t.co/MSZlD08Dnd
@miamia_01 これ結構たのしいね( 'ω')👍✨
@miamia_01 蛍草わからないなぁ😀💭 精進しまーす( *¯ ꒳¯*)
はじめて丼物を完食できました👏🐵
@creep_oyuki あぁぁあくそかわよ💙💙💙
スノボ帰りに談合坂SA寄ったら田中匠にあった＼( 'ω')／ﾍｰｲ びっくりした、世界狭いな＼( 'ω')／ﾍｰｲ
@WBC0518 あぁ、間違いない。デカかった笑
@WBC0518 どっちかっていったらこっちかなぁ https://t.co/pBOMGZBHD2
@haruking_tennis スプレー余ってるけどいる？笑笑
@haruking_tennis 明日学校休みだし渡せるよ＼( 'ω')／
@haruking_tennis あいよ💫何時から？
@haruking_tennis はや笑 はるきくんJR？
@haruking_tennis お！京急か！中央だよ💫 朝寄れる？
@haruking_tennis じゃあ時間決めてくれればそれに合わせて中央の駅にいるよ🐵
@airi0228k あいりちゃんお誕生日おめでとう＼( 'ω')／💫 Human bloom行く？
@haruking_tennis おっけ！そんくらいに居るね💫
@airi0228k 横アリか( 'ω')👍✨ 私今回東京行くんだ！楽しんでね( *´꒳`* )
@pio_ochan まほ卒業おめでとう( 'ω')👍✨
@pio_ochan 久しぶり( *´꒳`* )BAQETいま結構メンツ変わっちゃうよー(´•ω•`)
@pio_ochan うん！今年で卒業(´；ω；｀)
RT @natalie_mu: RADWIMPS野田洋次郎がテレビドラマ初主演、5人の美女と奇妙な共同生活 https://t.co/UtsyISu5CQ #RADWIMPS https://t.co/R2Fip4Z1qF
@dekochan0106 アヴちゃん大好き お猿さんのアヴちゃんも可愛いよ🐒 https://t.co/plictHgfu1
@dekochan0106 好きよ💫 ライブ見に行って惚れ直した。笑
@2days11 楽しんできて((o(｡&gt;ω&lt;｡)o))ﾜｸﾜｸ
iPhone6バッテリー弱りまくってる。 もー(#･∀･)おこだよ！
@you_ch_ke 誕生日おめでとう( 'ω')👍✨
@tommy0308 とみなが先輩お誕生日おめでとうございます🐵💫お久しぶりです笑
@x6_ue がきんちょお誕生日おめでとう👦🏼
RT @MAHfromSiM: 特に公にはしてきませんでしたが先日結婚式を終えたので正式にご報告、わたくしMAHはダーブロウ有紗を嫁に迎えました！よろしく😎
@Samoa3055 トランスフォーマーほんとかっこいい🚕🚗🚙
RT @belle_harajuku: 最新のストリートファッション誌Ollie にベルエポックのスケボー部の部長が オシャレスナップで掲載されてますっ https://t.co/KIva9Gx9qC
@1kyoya4 きょーや誕生日おめでとう👏🏻👏🏻
@mamyurunrn まみたんお誕生日おめでとう😎💙💙
RT @YojiNoda1: 僕はきっと最高な友達にも、最高な彼氏にも、最高な家族にも、最高な父親にもなれないと思うんだ むしろ結構ダメ寄りだと思うんだ だからせめて、自分で「これは最高だ」と言えるものを作りたいんだと思いました
まじまじファッキンねこちゃん https://t.co/5dJ2k5Z03U
@yuta24681 ゆーたゆーたお誕生日おめでとう🐍💫💫
@yuta24681 許せ、今日は詰めの１日だったのだ🕴 ちゃんと誕生日書いてあったからね🎂 https://t.co/xwKmTkZ4qO
@BAKEDUFO ＼( 'ω')／ﾍｰｲ
@BAKEDUFO とてもよき👏🏻👏🏻
猛烈に焼肉たべたい🍖( 'ω' 🍖 ) わぁ、いま他にはなんもいらない、焼肉が。たべたい。
@sasorinodanna3 わ、行きたァイ、、、
@flute_mm おおおおい！まゆか！！！！元気！？
@flute_mm よかった👍🏻あそぶ！！！いつ暇なん？
初めて１人で運転してみたんだけど初っ端から あおられて早々に帰ってきました。 まだドライブへの道のりは長そうだ。
@flute_mm おっけ！五月過ぎたくらいにまた連絡する👏🏻
RT @qb_avu: 本日３月３１日で、女王蜂は8周年を迎えました！  今後ともよろしくお願い致します (「Q」発売まで、あと６日) https://t.co/JIg5PCLQeg
RT @serubora: 追浜って、「オッパマ」って読み なんやな！！ なんかええな！！ YRP野比も気になるね(ё)
@uver_fumiya0402 はっぴーばーすでぇーい(   ° ͜ʖ ° )🎉🎉
@kosuke390 こすけ誕生日おめでとう🎊今度あやのとバイト先行くでー(   ͡° ͜ʖ ͡° )✋
@uver_fumiya0402 そうだ！一緒だね！わーい＼( 'ω')／💫
視力0.3で虫歯あるし低血圧だし血抜くとき笑っちゃう癖治らんし。 だが！背は伸びたからな！
@s_ntk417 そうなの、なんかね笑い止まらなくなっちゃうの。笑
@miamia_01 へっへっへ、、、151.5だぜぇぇぇっ勝ったァァ( ﾟ∀ﾟ)ｳﾋｮｰ!!
@miamia_01 はっ、、、!?はい散れぇぇぇ(   ° ͜ʖ ° ) 背低くなる魔法かけとく✩°｡⋆⸜(ू˙꒳​˙ )
@HCM_girl あかさま久々✧◝( ´ㅅ` )&gt;✧ んね、あれなんでだろうね
@miamia_01 あ、やばい意識高い😳😳ご報告お待ちしております、、、
@blackman_tennis 庄太いこうぜ
@blackman_tennis しゃーないなー。ラーメン以外で許したるか🐵🍴
@blackman_tennis 🙆🏻
RT @YojiNoda1: 今年はじめてまともに桜をみた  移動中の車からちらっとだけど  きれいだった  今日はドラマじゃなく別撮影    だはー  ダバダバダー  ダバダバダドゥットー
@Homyuhomyu0701 私いってる学校こういうのやらないんだけど これって何で固めてるん😳？
ここ1ヶ月で4件も 「石川さんでお間違いないですか？」て電話きてる。 見事にお間違いですよ(   ° ͜ʖ ° )
@utane_kanon あー、そちらもお間違いですねぇ(´^ω^｀)
@Homyuhomyu0701 そうなんだΣ( ºωº )教えてくれてありがと👍🏻 ううん！質問そういうこと！！これやってみたい笑笑
@Homyuhomyu0701 大会とは学校のカットコンしか出たことないなあ(´•ω•`)💭
@utane_kanon んな笑笑 いつぶりだろね笑
初めてBAQETで働いた分の通帳つけたけど、3月は過去最高に社畜してたようだ(   ° ͜ʖ ° )
@8686_riko やっとフォローできた！！りこちゃんフォロバありがとう🐵秒で返ってきて嬉しい😳💙笑
@yknhsgw りっぷんでぃっぷ ぐうかわ🐵💙💙
((⊂(＾ω＾∩)ﾃﾞｭｸｼ！ https://t.co/bcxUytN9yv
@yknhsgw ゆきちゃん19時でも平気(´•̥ω•̥｀)？ iPhoneの引き継ぎが長い、、
RT @081NATORI081: 「人間の80%は水だから…」←この呪文を覚えておくとすこし人生楽になるからおすすめだよ 嫌な事言われた→「あの人も80%水だし考えたって仕方ないわ」 失敗しちゃった→「私なんか80%水だしこんなん出来ないの当たり前だわ 逆に80%水なのにここ…
RT @ktrisk: WANIMAの「Japanese Pride」弾きました！ フルはこちらからどうぞ～↓ https://t.co/HcttgsuaM5 https://t.co/ybI0ZDfaqj
1時間電車まちがえたけど本日も頑張っていきましょう(๑و•̀ω•́)و
欲しかった服が売れちゃってた。 今日は早く帰って寝ようと思います(´･ω･`)
小田急で人身事故で京急でも人身事故で。漫喫に泊まるとかの方が安いのに学生にタクシーで帰ってこいはないじゃん、お母さん。
@skmt0316_s 23時前に京急鶴見で人身事故です、、
@skmt0316_s 京急川崎駅と神奈川新町間を見合わせらしいですが横須賀線だと安心ですね(´･ω･`)
RT @1d8s3: 人身事故で車内みんなイライラしてる中、隣の隣の社会人カップルが「人身事故のおかげで長く一緒にいれるね」とかいちゃいちゃしやがって、どんだけお前らポジティブなんだよ！！！！！！！やかましすぎるわ！！！！！！！！  それにしても自分が乗ってる電車が緊急停止はな…
@1d8s3 ポジティブすぎ笑 なんかすんごい元気でた😂笑
@yuuyu2thor57585 うめちゃん、私ねそれとチョコミントフラッペと迷って後者を選んだらね、美味しくなかったの。それ食べりゃよかった🙄🙄
@1d8s3 元気しとるかい(๑و•̀ω•́)و？ お花畑の時間楽しませてあげといて🤤💙笑
@0shxx まるきょうくん！覚えた🐵👍🏻 ありがとう💫
@0shxx お待ちしております笑笑
@0501sho1 👏🏻👏🏻👏🏻ショーくんお誕生日👏🏻👏🏻👏🏻 20歳だおめでとうっ(๑و•̀ω•́)و
@Himagon0502 ささき誕生日おめーっとう👏🏻👏🏻 なかなかじわる写真あったけど自重しまーす笑
@giapponese_5 いぶき誕生日おめでと👏🏻 遅刻しないで学校行ってるかい？20歳楽しんで🍻🎉🎉
@giapponese_5 ほんと!? すごい成長😳✨頑張ってるんね💫
@h_airsetter こうせいくん見つけるの早いね🐵👌🏻 学スタお疲れ様✨
7/2行きたい(´•̥ω•̥｀)  欲を言うとマイヘアのハイパーホームランツアーに行きたい(´•̥ω•̥｀) マイヘアを生で聴きたい、、 https://t.co/kbHIX3ViXn
@Himagon0502 ほんと聴きたい、わーいきてぇ、、
女の子で ショート～ボブにしたい人！  カットモデル募集してまーす✨ 私じゃないです、ほんとカッコイイ美容師さんです👌🏻  恵比寿にあるびっくりするくらい楽しいサロンなんで興味ある方連絡ください🐵💫
@834_shin それ。
@834_shin いぇすっ
@834_shin 横須賀中央！しんごは？
@834_shin あ！羽田空港行きの電車のるとこか！ 通るよ👍🏻
@rin_run_ran りんちゃんお誕生日おめでとう🙈💫💫全然会わない、見かけもしないね👦🏻💭
@rin_run_ran 元気しとるかーっ！ そうね笑 長さも変えちったし(o꒪ͧω꒪ͧo)
@_cyj333 めいちゃんお誕生日だったん😳!? おめでとうっ🎉🎉 昨日会ったとき言えればよかったーっ(o꒪ͧω꒪ͧo)笑
@RaKeGe12_2 かなもん！！！今日いくよ！！！！！
@RaKeGe12_2 どこおる！！！！
@pon_chaka @RaKeGe12_2 ここ！ https://t.co/YdzGcPx27r
@RaKeGe12_2 @pon_chaka ありがとううううっ(o꒪ͧω꒪ͧo) 会えてよかった( *¯ ꒳¯*)💙
@pio_ochan カラーモデルやらない😳？笑  私いま練習しとるんよ👏🏻
@pio_ochan おぉ！原宿まで来てくれたらカラー剤買っとくから無料でやるよ👏🏻
@pio_ochan お！いいね👍🏻 どんな色したいん？
ポップコーン食べたいなあ
@6niq_ 🍿💭アイスも食べたいなぁ
@amiyu_pink あみゆ誕生日おめでとう🍿🎉 20歳か、、年確されても堂々と出せるね😳💙
@0fSawa わーー！！！すき！！すごい好き！
@yume_mym よかった( *¯ ꒳¯*) ありがとね🙈💙
@0fSawa 今年DP行こうか迷ってる💭
@0fSawa 何好きなの？
@0fSawa super beaver最近すき！！いいよね👌🏻 結構いろんなの好きなんね✧◝( ´ㅅ` )&gt;✧
@0fSawa んね！もっと話したいね\(°∀° )/ 学スタの時にでもバンドトークしよ👏🏻👏🏻
@NatsukiPicto ちゃんぽんさんお久しぶりでした！まさかお店で会うとは びっくり😳💙ありがとうございました♪
@0514Hana はなちゃんお誕生日おめでとう(o꒪ͧω꒪ͧo) 最近バンド情報ははなちゃんのTwitterから得てます😝💙
@yunpi_0515 ゆん誕生日おめでとう！ 今日直接言やよかった(๑°ㅁ°๑)‼
@yunpi_0515 いくいく！なんらか計画しよか👍🏻
@neco_49 5/31の17時からお願いしたいのですがまだ空いてますか？
@Ka_xxx_miin かすみん大丈夫か😧 寂しいぞ(´•̥ω•̥｀)
@Ka_xxx_miin よかったよかった(*-ω-)ヾ(･ω･*) 待っとるでーいっ✨
@tanoshi0518 きょーすけ 誕生日おめでとう🎊元気かー。まだ打ってるかー！
@tanoshi0518 やば笑 動画投稿しなよ😝
うっわ待って すごい迷ってる笑笑 サロンまわりたい！！！ 髪の毛足りない！！！あぁっ！！
@6niq_ その手があったか！ ちょっくら操ってきますね🕑🤺
@Ki0918re れなちゃんだぁ( ๑´•ω•)۶”フォローありがとう💫
@Ki0918re んーん！全然大丈夫よ(๑́•∀•๑̀)ฅ 学校なんていくらでも会える🐵👍🏻
RT @himithu_ikimono: 【ニコバルバト】 鳩の中でも最も美しいと言われるニコバルバト。 羽はメタリックグリーンをベースに 虹色に輝き独特のフォルムをしている。 https://t.co/WPlNnHeYze
素敵ね、鳥さん。 鳥苦手だけどとても綺麗な色🌈 こんな髪色にしたいなぁ🐵💭 https://t.co/kOYk02x5OS
RT @H12Rf: #キスの日 ということで、洋次郎と桜井さんのイチャイチャに混じりたいTakaちゃんそっと置いておきますね。 https://t.co/7wG7VX3xgh
今朝ペニーかっ飛ばして駅向かってたら「さしはた！」って名前呼ばれてさ。 とりあえずチャリ乗ってた子に手振っといたけど誰だったんだろ🙃
