0	どうも。 ついに吹奏楽部を引退してしまいました。 湯本高校Percussion担当 荒木 大輝と申します。 Twitter解禁いたしました。
0	@ryo_mycl 差し入れありがとーー
1	@mahiron_n 来てくれてありがたい！
0	@ryo_mycl  なんであんな知りもしない人とボーリングやってたんだっけ
0	@ryo_mycl え、、、、
1	@kk_1189 きましたー 三年前と変わりすぎてよく分かんないけど
0	@MasaoPerc ありがとう！！！！ 浜松頑張って！！！！
0	@ryo_mycl 関連性を感じえない、、
0	@kk_1189 俺がもし今度東京遊びに行くとしたら案内してくれー
0	そして、春からいわき明星大学の、 教養学部生となります。 違うステージでまた新たな道を進んでゆきたいと思います。
0	@ryo_mycl 💩💩💩
1	平商の人からのフォローが凄まじい現象
-1	@ApKeArNcE ありがとううう！！ 号泣は、、、！
0	@ryo_mycl 、、、。
1	@Keko0923 こちらこそフォローしてくれてありがたい！🍖
1	@Keko0923  そんなこと言ってもらえたらほんとに嬉しい！！さらにありがとう！
0	@o3omoo 投げないでちゃんと手で渡して笑
0	@o3omoo あれ、写真で4.5あったはず、、
-1	@o3omoo 全身、、、、無いかもな、、あってもかがんでる
-1	@ryo_mycl ひどくない💩
-1	@o3omoo ひどくない？ねえひどくない？
-1	返信とツイート以外なんの機能のアイコンなのか怖くて押せない
0	@o3omoo 女神、、
-1	@o3omoo 理解難しい、、、
1	サービスエリア ナイスガイ 小名浜からの来訪者 勿来の使者 鎖骨プリンス 磐越東線愛し愛される者
0	@ryo_mycl いやいやぁ
0	@o3omoo そーゆーことじゃ、、、
1	RT @pokkon_2525: 湯本高校吹奏楽部 卒部しました🌸 色々な方のお陰で、３年間全力で駆け抜けられました感謝しかありません。 素敵な先生と、大好きな仲間に囲まれて湯高吹部サイコー過ぎました。 たくさんの人に、ありがとう！！   輝け 湯高サウンド！   #湯本高校…
0	定演が昨日のことになってしまいました。
0	@non1006non 本当にありがとうございました！
0	@non1006non 今後ともよろしくお願いします！！
0	@m_azuki0708 ありがとう！ 差し入れと賞状(？)もありがと笑
0	そういえば、ゴリラの座を ｢いがりまみ｣ にものれん分けいたしました
0	RT @pokkon_2525: ＦＮＳの「3月9日」のコラボ、本当は湯本高校に来る予定だったんです！ことしの卒業生の皆さん😢
0	え、
0	引退しちゃうと時間の使い方がわからない
-1	#新しいプロフィール画像 演奏してる写真全国のこんなのしか無くてですね https://t.co/jdSU7NJ4C8
1	RT @rairai0823910: 引退しました！ 3年間すごく楽しかった！ 支えてくださった方々ありがとうございました😊💕 https://t.co/brDicd6Tup
1	グアムいいなああ
-1	@anna___bsj  フォローありがとうございます！ あんまり絡みないのにほんとにありがとう！👍
0	@iwata_0415 実況でもしてください笑
0	@anna___bsj  そんな、お世話だなんて、、笑
0	今までなかなか絡む機会がなかった人たちもフォローしてくれてありがたさの極みです。
0	@yui__52 フォロバきたあああ！
1	@aaav_pyy2 ふぉろーありがとーー！ ニューヨークいいなあ！
0	@o3omoo 言ってること自体がイミフ、、、
0	@o3omoo さすがー！！！！💪
1	@o3omoo イミフって言われるのが流石って言ってますし4.5ですし
0	@aaav_pyy2 お疲れ様！！！合唱部の活躍も祈ってます！
0	@o3omoo なんなんだこのやりとり、、、
1	@o3omoo 楽しいのか、、、？
1	@m_azuki0708 確かにほぼお手紙笑
0	ソロコンin明星大
1	RT @sara___sara__: たくさんの方々にいい演奏会だった、 すごく感動したよって言われると ほんとうにここまでやってこれて良かったって思える。 人に感動を与えられる音楽ができて幸せです。 音楽って素敵。
0	@misaki_926_n 表彰式中だよーー！
0	笠間よーやった
0	@iwata_0415 実況レポート頼みます！
0	@axes_cl220 最優秀金だよ！
0	RT @1971masabe: 昨日大曲も然ることながら、インテルメッツォ聴いてみたかったな～😭
0	@axes_cl220 インフルながら頑張った笑
-1	@o3omoo こわいわ👵🏻
0	@axes_cl220 それな🖕
-1	中学生の時はティンパニ苦手で一切触れてなかったのに高校に入って 2年間ティンパニやるなんて誰が想像できたことだろう
0	化粧品選び
0	謎 https://t.co/VAXwS4inlD
0	@8AOfY60nzJNWbNZ 俺じゃないよ！？
0	@w_a1rc @8AOfY60nzJNWbNZ しちゃう？？
0	@w_a1rc すみません
0	@8AOfY60nzJNWbNZ だから俺じゃないって！
0	RT @onkan_sukagawa: 【第4回福島県管弦打楽器ソロコン】 小学校 最優秀金賞 上田さん 城西小 審査員特別賞 堀井さん 湯本1小 中学校  最優秀金賞 遠藤さん 小原田中 審査員特別賞 松本さん 小川中 高等学校 最優秀金賞 笠間さん 湯本高 審査員特別賞 熊…
0	@yui__52 ありがとう！！ これで同じ舞台で会える可能性ができた！
0	@yui__52 もーーー！頑張りまくる！
0	@iwata_0415 化粧品マスターだから笑
0	RT @HCFofficial: 第２９回全日本高等学校選抜吹奏楽大会　福島県立平商業高等学校 https://t.co/NqNrGsXceD
0	@o3omoo おばけは確かに怖いわ☠️
0	@sara___sara__ こっちは逆に化粧できない系女子な
0	@sara___sara__ 小林は化粧品マスターだけど 小林以外のこの写真に写ってる人たちみんな化粧できない人たち笑
1	@m_azuki0708 全然全然！嬉しくて！
0	@aaav_pyy2 ありがとう〜👍
0	@sara___sara__ いえ〜す👍
-1	私は足が短くて手も短くて頭がでかくてとにかく特徴的なので これから同じ学校の人などは よろしくお願いします
0	@hsn_lovedis13 あ、じゃんぐるへっど忘れてた
0	RT @hsn_lovedis13: @BigSine_Perc じゃんぐる
0	@hsn_lovedis13 いちばんのチャームポイント(？)
0	@hsn_lovedis13 あああゴリラだ
0	これこんなに共感されるんですか、、、 https://t.co/PskEQE3J9G
0	@m_azuki0708 届いた！！！でかいね！！！！
0	@m_azuki0708 おおお買ってきてくれてたんだ！
0	ツイート固定的なことを出来た
0	新妻なつみに監視されておる
0	これでいわきの高校3年生は全員引退、、と！
1	じゅんな母からの差し入れ← れな母からの差し入れ→  小川っていいね https://t.co/fEKYy0CU3P
0	@B_hsro やった！！！
0	@B_hsro IMUドリルという地獄を乗り越えよう！
0	@B_hsro 国語以外終わってない
0	@B_hsro 英語終わってるのか、、、
0	@B_hsro 頑張るわ
-1	@B_hsro 天才じゃないんで無理ですね、、、
0	@B_hsro  天才になりたいわ、、
1	@_i_stk_  やほ！ さとき見覚えあったのあれか！中2のとき県大会でめっちゃノリノリで太鼓叩いてる人がいるなあって思ったからか！
0	ピアスとか絶対開けないし 開けるキャラでもない
0	@misaki_926_n ぐおああああ、、！！
0	@misaki_926_n 謎い、、、
0	@M0a2m1e2 やることは作るものだぜ
0	@M0a2m1e2 それはこれから働く人の役目だ〜！！！
0	@M0a2m1e2 やった！
0	続々と後輩から熱が出たというLINE  みんな根性で抑えてたんだね笑
0	@w_a1rc 声が出なくなる風邪も流行ってるし！笑
1	@w_a1rc どんは部長挨拶できるようになっててよかった笑
0	@misaki_926_n ぶーちゃんからも報告あった笑
0	ここで今までつけられたあだ名を振り返ります。 大ちゃん 大 大根 大根丸 まる ゴリラ じゃんぐる DK  多種多様です。
0	@n_sky19  こんにちは！ 愼一先輩もゴリラって呼ばれていたんですか！
1	@n_sky19  ありがとうございます！ なんですかね、吹部の人ってゴリラが好きなんですかね！
0	@yui__52 あ！ちゃん大とも呼ばれてた！笑たしかに！笑
0	@takuto_chon  それってあだ名？！
0	@n_sky19 ですね！笑
0	@takuto_chon マレットくん
0	@14_1228 おおおお、あった！
0	RT @M0a2m1e2: 来年から一般入る人とかいるの？(タメで)
-1	RT @MusicTancho: 【キューピー3分クッキングの曲短調にしてみた】  MIDIキーボードで打ち込んだものを編集したので、記譜が雑ですが💦 https://t.co/RIrKhZKbSz
1	RT @takao_hatakeda: 前日練習、無事に終了しました！最後の通しは今までで一番素晴らしかった！今日はほとんど楽器を吹かずに、アクティブ練習中心でしたが、効果抜群でした！明日が楽しみです！このあとご飯→お風呂で早く寝ます！明日、早いので(笑) https://t.…
1	湯高もアクティブ練習しよう笑
1	RT @bokete_pop: どんなに盛り上がっている場でも自分が発言すると静かになる https://t.co/1JLCZhl8B0
-1	宇宙の音楽でさえも湯高サウンドでオリジナリティ溢れてる 既存の音源にあんまりないタイプの宇宙の音楽だ
0	@8AOfY60nzJNWbNZ あ、、、！
0	@hsn_lovedis13 @8AOfY60nzJNWbNZ あったっけ？そんなの！！
0	@hsn_lovedis13 @8AOfY60nzJNWbNZ すげえぇ
0	RT @M0a2m1e2: この置物も片付いちゃうのかなー。 https://t.co/OadI6I7JoN
0	@axes_cl220 豆腐ハンバーグ
0	@axes_cl220 豆腐鍋
0	楽器庫にサンダルとか取りに行かなきゃ
0	@iwata_0415 まだ触れますよ！？
0	平商のパーカスからこんなものを https://t.co/3ntaY6qy9n
0	………。 https://t.co/rz6g0oRPuK
1	@ApKeArNcE 平商のパーカスの方々下ネタ大好きだよね、、、
0	@MasaoPerc あの、水が出てくるところの形が、リアル🍌
0	@oozeki_kh_0114 @ApKeArNcE なんと、、、、
0	@MasaoPerc ジョニーにエリーに なんでみんなアメリカン、、、、
0	去年は数珠だし 今年はジョニーとレインコートって
1	@ApKeArNcE @oozeki_kh_0114 たのしそう笑
0	@MasaoPerc 劣化版バービーみたいな顔してる
0	RT @MasaoPerc: 湯高パーカスからの差し入れこれでしたよ！！お互い様だね！！ https://t.co/2IcQzKwbpH
0	磐高パーカスは毎年食品送ってくる
0	@harp622 @MasaoPerc snowは悪
0	RT @MasaoPerc: また３校集まりたいね(´；ω；｀) https://t.co/BC02q16FWj
0	3校打楽器アンサンブル的な
0	@iwata_0415 いやいやいやいや
0	たしか湯高パーカスは ｢この人にはこれが似合うだろうけど全く役に立たない｣
0	@ApKeArNcE めっちゃ似合う🐟
0	RT @MasaoPerc: ３校の差し入れのコンセプトをまとめると ｢いらないやつ｣
1	パスタとチーズはとても良き
0	未だに同期の人で明星大で吹奏楽やる人あおBしか分からない
-1	RT @MasaoPerc: 22分くらいから見ると３校の演奏がああｯ…!!  https://t.co/xL89sSf6YE
0	@B_hsro 探さないと
-1	@B_hsro 知り合いあおBだけは少ない
-1	@B_hsro あ、でも吹部以外の人なら6人くらい知り合いいる！
0	@B_hsro どこにかくれてるんだか、、
0	オーメンズ……
0	磐高が火の鳥、、、
0	@yui__52  今流れてきた情報だとそうらしいよ！！
0	RT @v35skyline: スパリゾートハワイアンズ応援ソング「息吹」（吹奏楽＋合唱） https://t.co/y71gMXvaH9
0	@yui__52 一昨日定演終わったばかりだよ笑
0	@yui__52 まだ企画すら決まってない笑
0	@yui__52 てか！磐高のは定演ね！ 笑
1	RT @v35skyline: 湯本高校吹奏楽部のみなさん、葉司先生、追悼式の演奏、お疲れ様でございました。 立派な献奏でございました。 献奏曲 １ グリーン・スリーブス(アルフレッド・リード) ２ エンシェント・フラワー(西邑由記子) https://t.co/HtSd9qC…
1	新しいスティック以外スティックバッグと共に寄付したから手元にスティック1セットしかない
-1	今日くらいからもうみんないわき離れてっちゃうなぁ、、
0	@ryo_mycl え、、
0	吹部さん！？
-1	医療学校の課題って大変なんだなあと脇で見て思う
0	RT @manabuuuuu_1107: キクヤ楽器にこんなものが😳😳😳平商業の1ページ目頂いちゃいましたぺこり🤣💖 皆さんも書いてくださいぺこり🕺🕺 https://t.co/SmWSWKi6U4
0	OBOG様方と一緒のサラスパは最高に痺れる 先生最後の年に合同でサラスパとは、、
1	RT @IMU_PR: 学生企画その1、フレッシャーズセミナー！在学生とのグループワークで、「偏愛マップ」というテーマに取り組んでいます。高校生の皆さん、真剣です。 https://t.co/lS1shuCYiu
0	菊池が写ってる
0	RT @v35skyline: https://t.co/oMOFTz2wi3
1	小川と平は近くて非なるもの
0	IMUドリルが終わらない
0	@kanapoyo28 やばくない！？ 終わる気しないんだけど！
0	@kanapoyo28  えええ看護って全部じゃないの😱  https://t.co/BUe7nkpbws  これ押せば追加されるはず！
0	@ryo_mycl ええええ、、、
0	はがゆうきの後輩か
0	@iwata_0415 もうあと5日だよ！！！
1	ほんとに花咲っていい言葉だ
0	オーメンズ聴いてると葉司先生のあのお話がずっと頭ん中で再生される
0	もしかしたら、風邪だって診断されたけどあの声でなかった期間はインフルエンザだったのかもしれない。 そうしたらかなり私は拡散したことになる。
0	@ywwi916_kten きた！ふぉろー！
0	@ywwi916_kten 今度！スティックで！叩きに行くね！
0	@ywwi916_kten 誰もおるとは言ってない！響かせるんだ！
0	@ywwi916_kten  左肩がA！右肩がE！ね！
0	@ywwi916_kten ダフクロやるから笑
1	@ywwi916_kten 大丈夫大丈夫ちょっと耐えるだけ
0	さとこうやり方がわかんないからTwitterに降臨してないらしい、
0	RT @v35skyline: スペイン（チック・コリア） Chick Corea - Spain 福島県立湯本高校吹奏楽部 （いわき市吹奏楽フラワーコンサート） https://t.co/OpJQfGF2Ha
1	スペインはドラムが楽しかった
0	RT @v35skyline: ルイ・ブルジョワの賛歌による変奏曲（クロード・トーマス・スミス） Claude Thomas Smith - Variations on a Hymn by Louis Bourgeois 福島県立湯本高校吹奏楽部 https://t.co/jf…
0	RT @YuFujishino3DS: 吹奏楽団(プロアマ不問)で打線組んでみた。※個人的主観  1 東京佼成(一) 2 ヤマハ浜松(左) 3 シエナ(遊) 4 N響吹奏楽(右) 5 陸自中央音楽隊(中) 6 シオン(二) 7 名取交響(三) 8 土気シビック(捕) 9 大江戸…
0	RT @YuFujishino3DS: 吹奏楽名門高で打線組んだ 1淀川工科(一) 2野庭(左) 3天理(右) 4精華女子(捕) 5市立習志野(中) 6伊奈学園(遊) 7福工大城東(二) 8磐城(三) 9市立柏(投) 異論認める求める #吹奏楽  #打線組んでみた
0	@x2N6xsyWpznGeJe @iwata_0415 やっぱりそうなんですね、、
0	ようこそいわき〜！
0	@inoue_omote78 こちらこそ！ 突然フォローしてごめんなさい！
0	みんなと違って引越しとかないから家でのんびり思い出漁り https://t.co/BRTWrILL1y
0	国語と英語しか終わってない😂 https://t.co/ixCFdr81qh
0	JPC行きたい だれか東京に行く方今度一緒に、、
-1	寝癖ひどくなってブロッコリー もみあげ付近の毛は真っ直ぐなのに途中からモジャモジャ
0	「湯本高校吹奏楽部定期演奏会2017」  ⇒ https://t.co/sfT3PdC8FP #アメブロ @ameba_officialさんから
0	こんなブログを見つけた
0	@breakin_wind__ おめー！
0	@breakin_wind__ 誰でしょう
-1	@breakin_wind__ うるせ！！
0	宇宙人
1	@takuto_chon いいなーーー
1	@takuto_chon いや、最後にかつよしとか豪華だなーって思って
0	@takuto_chon それな！💪
0	それにしても小川中から活水は驚きすぎるよなぁ
0	@takuto_chon やだーーーー😤
0	@1971masabe らしいです！
0	@1971masabe 私立ですし、どうなんでしょう、、
0	@1971masabe 藤重先生に習いたかったそうです！
0	まさか明星大にこんなに小川中が集まるとは思わなかった
0	@1971masabe さすがに私立に通おうまでは思ってませんでした当時は笑
0	@1971masabe やる気ですね！
0	あいりの絵は誰に似てたんだ結局
1	RT @gashira103: 3限休講だったからノリで華麗なる舞曲やってみた。 https://t.co/DWOupEowpE
0	@8AOfY60nzJNWbNZ 俺！？
0	部屋の掃除を16:00から始めたがまだ終わらない
0	やっぱりおれなの……。 https://t.co/01Sa6J4JrM
0	ここで、長年の課題、何等身かを (上を向いているため誤差がある場合もある) 6.5 https://t.co/h1IJKmsnVD
-1	@o3omoo 多分5くらいだなあ🙄🙄
0	@ryo_mycl わらうなし
0	@o3omoo 足開いてるからなぁ、、 https://t.co/k651MYHBmT
0	嘘つきました！ 身長160cm 座高92.6cm  5等身でした！ https://t.co/tMExqIojFP
0	@o3omoo ほら！ご！
0	@o3omoo 5.5だった気がする、、！
0	@o3omoo ある！！！！！！
0	@o3omoo ないわ！
0	@o3omoo きちぃ、、、
1	@o3omoo 日常の幸せ
-1	@o3omoo 汚い！←
-1	@o3omoo それは酷い💩💩💩
0	@ApKeArNcE うへえ、、
0	@o3omoo あくしゅ☺️
-1	@rairai0823910 小川中のジャージ着て鼻を赤くすればあら不思議ドラえもんに😭
0	@ryo_mycl やめい
0	@ryo_mycl やってみやってみ！
-1	@ryo_mycl なかなか無いよなー
0	@ryo_mycl ほえー笑
0	葉司先生最後の日…😢
0	@w_a1rc ええええ！？
0	@B_hsro もってない
-1	@o3omoo 残念だね😭
0	@o3omoo ７頭身、、
0	@o3omoo もちろん
0	ポテトinかっぱ※ポテトはポッポかマック https://t.co/vAchQRBevf
0	@M0a2m1e2 ミセス、、
0	みんな離れ離れ
0	これか！ https://t.co/57Ei3aWs0e
0	@rOCx8cAFu9rJSBo ええええ！妹いたんだ😓 フォローありがとう！！！
0	@rOCx8cAFu9rJSBo よろしく！
1	ソロコンでいい結果とかすげえなぁ
0	@gUgw5l1GLDbUs4R  いや！私は私で別の路線を目指しております！
0	@gUgw5l1GLDbUs4R  いやいやいや〜 そんなことはありませんよ〜💪
0	@gUgw5l1GLDbUs4R はい。
0	画像が載せられなくなってるのか！
0	明星大のみなさん体育館シューズは買いますか！？
0	@B_hsro 半袖は買う！
0	@kanapoyo28 買わないのね！！！！
0	@kanapoyo28 夏場も長袖生活？？！
0	@kanapoyo28 そうか！スポーツやってる人は持ってるんだな！
0	@Railgun96Rain 教養！よろしくです！！
0	@Railgun96Rain ですよね笑
0	@Railgun96Rain 数学です😓
0	また磐梯山とかHappinessの練習したいな
0	https://t.co/ZS1iByZQyZ
0	RT @livedoornews: 【朗報】Twitter、リプライ時の140字ルールを変更！ https://t.co/SrBCPKkZUC  リプライの際は、「＠名前」がカウントの対象外となります。これにより、140字すべてをメッセージに使えるようになりました。 https…
0	髪切った
1	オリエンテーション新しい髪型で望みます
0	@B_hsro 顔のでかさは変わらず
0	@o3omoo 長さが足りぬ、、、
0	@B_hsro やったぁ！
0	@o3omoo マリモみたいになる、、、
0	@B_hsro @Railgun96Rain 金がねぇ
0	@B_hsro @Railgun96Rain ないっちゅーの！
0	ユニクロ
1	RT @IMU_PR: 4月より日替わりタニタ定食が食べられる本学学食。本来は日曜・祝日はお休みですが、4/2（日）は入学式のため、特別に開館致します。新入生や保護者の皆様はもちろん、在学生、地域の皆様、ぜひぜひご賞味ください！後ほどメニューをアップしますので、お楽しみに～！
1	RT @1971masabe: 明日はエイプリルフールですが、ちょっと注意を✋ ①ネガティブだったりシャレにならないウソはつかない(例 〇〇死んだんだって) ②ウソをつく相手はちゃんと選ぶ(真面目過ぎる人はそのまま受け止めてしまう) ③早い段階でネタバレする  では明日をお楽し…
0	今日でほんとに高校生終わりだ
0	RT @WindsScore: 【予約開始】吹奏楽譜 『コンサートバンドとジャズアンサンブルのためのラプソディ』 パトリック・ウィリアムズの絶版作品を復刻！ 楽譜：https://t.co/Ukb4C2pwV4 https://t.co/bLNtTQiD5P
0	@fummyw はい！吹奏楽続けます！！
0	@fummyw 髪型と同時に心も改めて頑張ります！笑
0	明日のオリエンテーション 教養の人も教養じゃない人も よろしくお願いします〜 特徴はこのツイートの通りなので〜  https://t.co/PskEQE3J9G
0	@eiumpuh 学部違うけどよろしく！！！💪
-1	@iwata_0415 いきなりそれがあだ名はどぎついぜ🙄
0	@iwata_0415 だから！それはおかしいって！ しかも今ジャングル脱出したし！
0	明日学食利用しようかな
0	@09270516 フォローありがとう！！！  よろしく！！！！！！！💪💪💪
0	RT @teedapublishing: ★吹奏楽/アレンジ/音源新着 先日の尼崎双星高等学校での収録から本日はアレンジ作品2曲をお届けいたします！  『画家「マティス」よりⅡ 埋葬Ⅲ 聖アントニウスの誘惑』 ヒンデミット/篠崎卓美  https://t.co/MeIm463r…
0	@09270516 もちろん！！！
1	@o3omoo 何してるのって、今この時を大事に噛み締めながら1歩1歩生きているんだ
0	@o3omoo なんだよそれぇ！！、
0	@bq14w happybirthday🎈
0	@o3omoo 待ってゾクってきたんだけど、、
0	@o3omoo 模様の中に俺がいる、、、って
1	@o3omoo 楽しいんかーーーい
1	@miwalove_2134 こちらこそ！フォローありがとう！！！ 教養同士よろしく！！！
0	@o3omoo たしかに、、、
-1	@o3omoo 不思議な生物、、、
0	@o3omoo ほんとに？笑
0	@o3omoo してないや←
-1	@o3omoo トプ画は辛い😭
-1	RT @pokkon_2525: ピノキオ→見上げてごらん〜の早着替えと言ったら、賞味30秒(？)くらい。もはやアイドルレベルじゃん！！💞私たち、こじはるの早着替えに負けてなーい！(笑)💪🎌
0	クラス分けって学力で決まるのかな
0	いわき駅から往復700円は辛いから早く免許取らなきゃ
0	@takuto_chon 自転車、、、
0	@MasaoPerc そこは根性で、、、
0	@takuto_chon 届くやつは届くけど！？
0	@takuto_chon 中学の時は小川の町内ブイブイ自転車で走ってたけど！？
1	教養には知り合いが結構いるからまだいいかもしれない
0	@takuto_chon ﾊﾟﾗﾘﾗﾊﾟﾗﾘﾗ
-1	@MasaoPerc 身長ちっちゃくて届くなら足短くても届くはず、、
-1	@o3omoo 新たな人たちに変なイメージ持たれたら、、、
0	@miwalove_2134 徐々に頑張っていきたい、、、！
0	@y1O15____ 提出物と筆記用具では！ https://t.co/RPaPRpYOAo
0	@y1O15____ いえいえ！学部違いますけど明日頑張りましょう！
0	@y1O15____ 10:00に集合ですね！！ 余裕もって20分前には着くように僕はしたいと思う！！！👍
0	@y1O15____ 緊張するけど 明日からよろしくお願いします！笑
1	@MasaoPerc 後ろの人広くなるからいいことじゃない！？←
0	@oha_20_ フォローありがとう！！！
0	@oha_20_ 教養なら明日同じ教室集合だ！ お互い頑張りましょ！笑
0	@MasaoPerc 体に難点がある人はきちぃ、、
0	https://t.co/i6CZNgttG1 @YouTubeさんから  聖ウルスラ学院英智高等学校吹奏楽部 交響変奏曲
0	@Railgun96Rain おやすみ！
0	@hsn_lovedis13 JD
0	吹奏楽特待1期受験者とまだ繋がってない
0	頑張りましょ💪
0	大学何時から開くんだろう、、、
-1	大学寒い
0	@kanapoyo28 ついちゃった
0	@kanapoyo28 そうね！しゃーない😓
1	@kanapoyo28 よかったよかった！ 入って奥の3号館の1階だよ！看護は！
0	@B_hsro 知り合い多め
0	@B_hsro やばいな笑
0	奨学金説明
0	10分間のドンキ休憩の後奨学金説明に戻ります
0	研修からかな、みんな話せるの
-1	順応するまで大変だなあ、こうはいたち
0	@kanapoyo28 おがわみーーん
0	@kanapoyo28 わださんもいてびっくりした😳😳
0	@kanapoyo28 いた！
0	@kanapoyo28 9:00から受付開始！！！
0	スーツ
0	@o3omoo きった！
0	@o3omoo わからんけどいつも裾上げぱねえよ！
0	フィギュアスケート笠間3位
1	@o3omoo アンクル丈がちょうど良い長さになる
-1	@kanapoyo28 10時から開始だから10じの10分くらい前！？
0	@kanapoyo28 連絡余裕でOKー！
0	https://t.co/RDqqpqYKki
0	@o3omoo そーやって笑うのかい🙄
1	@o3omoo 腕は意外と大丈夫なんだなソレガ└(՞ةڼ◔)」
-1	@o3omoo 同じくらい、、？
0	@o3omoo なんで五票も入ってるの、、、
0	@o3omoo 絶対平商生じゃないか、ら
0	@o3omoo 顔でっか、、、、
0	@o3omoo 顔でかいんだよ！！
0	マツコが桜
1	RT @Fubuki0606: マツコが桜が丘高校って言ったぞなんか光栄やな
0	今度は横浜創英！？
0	高一！？
1	@gatatchi たしかにそうですね！！ 早く免許が欲しくなってしまいます笑
1	スーツの時のカバン買っておいた方がいいのかなあ
0	AV大講義室
0	改めて女子ばっかり
0	ネーミングセンスなぁ、、、
0	吹奏楽特待の人あおBしかまともに話してない🙄
0	明後日から行けるの！？
0	至福 https://t.co/SWDduSBY4R
0	8:15か、8.25なら間に合うかな！明日！
1	教科書って電子教科書と冊子教科書どっちも必要なのかどっちか選べばいいのか
0	RT @v35skyline: あ(´・ω・`) https://t.co/yALLmS0zUI
1	RT @v35skyline: 横顔がまた良い。 https://t.co/kfSksN09Jb
-1	あと20日くらいで全国大会から半年だよ、、
0	葉司先生、、、
-1	8:15まで待つのはしんどい
1	RT @HoshinaMusic: ■重要なお知らせです■ 保科洋は、4月1日昼に脳出血で入院し、現在左片側が麻痺しております。4月8日フィルハーモニックウィンズ浜松演奏会、4月9日課題曲講習会、4月16日アルビレオウィンドアンサンブル演奏会に参加不可となりました。 https…
1	RT @Nj8Ass: いわき駅にタイかフィリピンの女の人が子供写真とか見せて募金詐欺してるから気おつけて✋ 名前かかないほうがいいよ〜😵 https://t.co/ALeDtL4vyu
0	今年県大会7月中か
0	秋田弁、、、
1	@kingbananachan なんか恐れ多いんだわ🙄🙄
1	@kingbananachan 大学ん中で誰が誰だか検討つかねえし！恐れ多いわああ😱😱
0	@kingbananachan 多分あの人だな〜ってのはある！！！
0	@kingbananachan あ、俺はもう把握されてる感じか！！！笑
0	@kingbananachan たしか、昨日のオリエンテーションかなにかでも見かけたことある気がするよ！！！！
1	早く楽器叩きてぇ
0	@kingbananachan 聞こえてた！？ｱﾁｬｰｰ! 聞こえてないつもりだったんだけども笑
0	@kingbananachan 雰囲気は掴めてる！！！なんとか👍 楽団でも方言バリバリで行って！！💪💪
0	@kingbananachan あの長いツイートは何言ってんのか分かんなかったわ〜笑
0	https://t.co/FyWP8diecv
0	RT @IMU_PR: 引き続き教養学部新入生の授業。入学3日目にしてさっそく軽めのプレゼン発表です。 https://t.co/rix9ZNa0th
0	はるなだ
0	@kingbananachan うっわ、すげーかみそうめっちゃかみそうわかんねえ、、
0	@kingbananachan ねればなんねーのにねれねー がさらに略されてる感じか！ え、こんど秋田弁講座開いて笑
0	@kingbananachan あ！あとでっていうかLINE欲しい！！！！！！
0	RT @wind_euph226: 湯本高校の英雄の記憶すき
0	RT @sendaiphil: ［お知らせ］当団コントラバス奏者の名和俊が４月より１年間、ドイツ・ベルリンに留学することとなりました。オーケストラへの復帰は、２０１８年４月を予定しております。 https://t.co/Y6HRBov5hq
0	#新しいプロフィール画像 https://t.co/UR0ZVgnuci
0	@breakin_wind__ 一気にばっとね😇
0	@sk5_at7082 今日バスの時間聞いてきたかたですか！？
-1	@sk5_at7082 おおー！あのときとっさの事だったのであんまり反応出来なくてすみませんしたああ😱
0	RT @v35skyline: 【この３月に吹奏楽部を引退して、４月から進学・就職したひと】 ４月以降も吹奏楽を続けますか？
-1	RT @v35skyline: 「辛い事しかなかった」と言いつつも、やっぱり楽器が手放せない。
0	授業で経済取らなければ数学の専門的な講座ないのにクラス決めは数学のテストってどういうことだよ！
0	電子教科書買いますか、冊子教科書買いますか、どうしますかみなさん😭
0	@breakin_wind__ 実際電子の方が楽だよな
1	@breakin_wind__ タブレット壊れなければ強い
1	RT @NAKAMURAMUTSUO: 若い頃は自分の人生は自分で決めると思っていたけど、大切なこと、例えば受験・オーディションの合否、コンクールの結果などは他人が決めていることに気が付く。会社なら配属や転勤なども同様。希望は自分でも決定は他人なことは多々ある。 そんな時、自分…
1	セブンのところのスペースめっちゃきれい
0	18:00まであと26分
0	特待生個性豊かだな
-1	無地で薄ければ普通の服でいいんじゃないの？！🙄
0	RT @IMU_PR: 新入生は本日から学生生活がスタート。学食もにぎわっています。学食と言えば、今月から「タニタ食堂」のメニューが登場！ということで、FCT（福島中央テレビ）さんの取材をお受けしました♪ 近日中に「ゴジてれ Chu!」で放送予定です。 https://t.co…
0	明星大の学食の下のセブンの前のスペースから外見ると とても綺麗〜😂 https://t.co/UF0vf9HhIF
0	@0126Reinoji けっこー似てるな！！！改めて笑
0	健康診断という名のディズニーランド
0	@kingbananachan 血圧スプラッシュマウンテンだったわ！！！
0	@w_qgx @kingbananachan 身長うわあああ
0	@kingbananachan かわいそうに😰
0	@kingbananachan 身長バカにするんでねええええ！！！！！！！！！🍌🍌🍌🍌
1	@kingbananachan 栄養もあって美味しいよ！？！
0	@kingbananachan バナナ食べよう！毎朝！
1	健康診断もっと効率よく並ばせればもっとディズニーランドっぽいのに
0	身長160.2センチでした0.4センチ伸びてました
0	@m_azuki0920 ありますよ、しっかり
0	@takuto_chon なわけねえだろ！！
0	サイゼ https://t.co/UGNJivzEwh
0	@harp622 出来るでしょうよ！
0	@harp622 ひとりじゃないけど
0	@harp622 おう🍌
1	@harp622 安心させたよ💪
0	@m_azuki0920 いえいいえーーい！！
0	https://t.co/lAwuOE2Xdq
1	たのしかったー
1	RT @takutaku521018: 【吹奏楽】ある英雄の記憶〜｢虹の国と氷の国｣より〜 第64回全日本吹奏楽コンクール課題曲Ⅲ/福島県立湯本高等学校吹奏楽部  IIIの演奏した高校生で1番上手かもー。後半のテンポが少し気になるが。 https://t.co/uRA1Ttec…
1	RT @takutaku521018: 【吹奏楽】ある英雄の記憶〜｢虹の国と氷の国｣より〜 第64回全日本吹奏楽コンクール課題曲Ⅲ/福島県立湯本高等学校吹奏楽部  これ好きかも。 最後の失速？以外は。龍谷も好きだが、中学高校はなかなかいい演奏ないな、全国でも https://t…
0	RT @tnctake: え、湯本の英雄くそ上手いんだが
0	演奏者冥利に尽きる
0	ヒカキン似の車に乗ったのかー
0	RT @v35skyline: 当時の平商さん&lt;(_ _)&gt; https://t.co/cyPjZaNpv9
0	RT @v35skyline: 磐城、湯本、平商の３校を歴任されたのって、葉司先生だけですね&lt;(_ _)&gt;
0	明日AV大講義室だよね？
0	3号館か！！！！
0	@ryo_mycl なんとなく
0	@ryo_mycl 何デートって
0	@ryo_mycl ちがうよ！！！
0	センターの時あんなにあったかかったのになんで各教室こんな寒い
-1	身長身長うるせえなぁ、、、
-1	前から思ってるけどやっぱり音は汚ねえな
0	@mischiru3776 越谷に通うしかねーべ
0	@mischiru3776 なにかっこつけてんだ！ 東北の湘南出身のエセ湘南ボーイ
0	英語のクラスAB共にSでした😭 なんで、、、
0	@B_hsro 基準わかんねー！！！
1	リメディアルクラスは自習班がいいな、、
0	@B_hsro ほんとそれ
0	@B_hsro はるなとかみんな英語科様だから助かるよ！
0	一人暮らしじゃないから暇すぎて困る
0	@w_a1rc 料理とか掃除とか忙しくないのー？
0	@sk5_at7082 謎としか言いようがない笑
0	@breakin_wind__ 英語Aと英語B！
0	@sk5_at7082 つらすぎいい！！
0	@breakin_wind__ だいたいどっちも同じクラス！
0	@w_a1rc 寮け！！
1	@w_a1rc リッチやん
-1	ねむい
1	@arp_ex お誕生日おめでとうございま〜す。 いい1年を！
0	@pika_pika333kym 頑張りんしゃい
-1	奨学金の登録は面倒くさそうだな、 今日は書類返却だけなことを祈る
1	@arp_ex そんなそんな！恐れ多い！ ほんとにおめでとう！
0	@kingbananachan こんなの涼しいくらいだ
-1	RT @yupin7423: 今年はこの世代の子たちが全員高校生になる 色々味わった子たち 山王：2013全国金、2014全国金、2015全国銅(初)、2016支部ダメ金 秋田南：2015全国銀、2016支部ダメ金 全国復活願ってる 「東北に山王あり、東北に秋田南あり」 東北代…
0	ﾈﾐｨ
0	楽器やべえ
0	RT @0126Reinoji: 知り合い増やそうとしすぎて 結局、誰が誰だかわからない説
0	RT @ghk7W7n8b53Cmda: 今日もワッフルゥゥゥゥゥゥゥゥ https://t.co/Mu0uIIUG6U
-1	小川って全体的に 電波がかなり悪いけど これで耐えられるのは 東北大会の遠征の時の 部屋の中常時3Gの 旅館のおかげ🙄😂
1	今まで寝てられるって幸せ やっと休み
0	@MasaoPerc  happybirthday〜〜〜〜〜〜〜〜〜〜〜〜〜〜〜〜〜〜〜〜〜〜〜〜〜〜〜〜〜〜〜〜〜〜〜〜〜〜〜〜〜〜〜〜〜〜〜〜〜〜〜〜〜〜〜🎈🎈🎈🎈🎈🎈🎈🎈🎈🎈🎈🎈🎈🎈🎈🎈🎈🎈🎈🎈🎈🎈🎈🎈🎈🎈🎈🎈🎈🎈🎈🎈🎈🎈🎈🎈🎈🎈🎈🚨🚨🚨🚨🚨🚨🚨🚨🚨🚨🚨🚨🚨🚨🚨🚨🚨🚨🚨🚨🚨
0	@0126Reinoji あああああああ！！！
1	@0126Reinoji 大丈夫だな！！！
0	@MasaoPerc いえいえ〜🐷🐷🐷🐷🐷🐷🐷🐷🐷🐷🐷🐷🐷🐷🐷🐷🐷🐷🐷🐷🐷🐷🐮🐮🐮🐮🐮🐮🐮🐮🐮🐮🐮🐮🐮🐮🐮🐮🐮🐮🐮🐮🐮🐷🐷🐷🐷🐷🐷🐷🐷🐷🐷🐷🐷🐷🐮🐮🐮🐮🐮🐮🐮🐮🐮🐮🐮🐮🐮🐷🐷🐷🐷🐷🐷🐷🐷🐷🐷🐷🐷🐷🐮🐮🐮🐮🐮🐮🐮🐮🐮🐮🐮🐮🐮🐷🐷🐷🐷… https://t.co/GlW5cvAAp3
0	庭にある桜が咲き始めてる
1	懐かしい https://t.co/69QIqH4VxR
-1	@w_a1rc これは我慢するの辛い笑
1	@B_hsro 我らが恩師は可愛い
1	@B_hsro いわき勢3人とも個性強い
0	@mahiron_n でしょ！！！
0	@mahiron_n 定演で本番で突然こうなったから笑
1	@mahiron_n 可愛すぎる先生笑
0	暇人極めてるからいろんなもの見てる
0	もうすぐ半年前 https://t.co/Z4WmMERq0a
0	@gatatchi 飛ばしてしまったあとのお顔が、、笑
0	RT @nagi0000nagi: 結構際どい露出のコスプレをしてる知り合いが父親にバレて説教されて「大体なんだ！何の格好してるんだ！お前は顎が長いのに！顎が長いヒロインなんか居ないだろ！その裸みたいな服の女は顎が長くないのに！せめて顎にあった格好にしろ！！」って怒られた話すご…
0	ゴリラの何かが欲しい
0	ラウワン行きたい
0	@B_hsro 行こうぜ
-1	@B_hsro 遠い話だ、、、
0	@ryo_mycl なにが！
0	@ryo_mycl はい！？
0	@ryo_mycl 突然なに！？
1	RT @piiiiina_62: この可愛さは演奏してる側にしかわからないやつ😏💓 https://t.co/jHMntjoCQ3
0	なんだっけ 東北の後泊の時かな 小岩井牧場行った時に ジャージで遊んでた人たちがいて よく見たら山形中央って書いてあって ガチ勢だなって思った記憶がある
0	暇すぎて基礎練
0	RT @asahi_chihen: 【 #吹奏楽 #全日本吹奏楽コンクール #福島 】全日本吹奏楽コンクールの高校の部に出場した磐城と湯本は、ともに銀賞だったよ。連続金というプレッシャーがあったという磐城、満足のいく演奏ができたという湯本。どちらもお疲れさまでした♪　https…
0	@axes_cl220 リニューアルヘアーな
0	@84MO107_0401pu 全国のDVDよ！
0	@84MO107_0401pu これでもティンパニ叩いたの見えてるよ笑
0	@axes_cl220 そこら辺はちゃんと考慮したカットですよ
0	@84MO107_0401pu 送る手段がない🙄🙄🙄😂😂😂
0	@84MO107_0401pu 通信制限〜😭
0	@w_a1rc 泣いてらっしゃる〜笑
0	@axes_cl220 あれ、髪切ってからあってないよね？
0	@w_a1rc 敢えて映したとかは言わない👍👍
0	RT @pokkon_2525: 今日ね、歩いてたら向かい側から来たオバサンに「こんなクソガキが携帯なんか持って！」って嘆かれた🌀笑えないよ~、オバサンそれ私気にしてることだよ~(笑)どーやったら、18歳の女性に見えるの~！？😇😇
0	@axes_cl220 はげ？？！！😂😂
0	@w_a1rc これより縮ませるのは、、、😂😂😂
0	@axes_cl220 うっせーーよ！！！👨‍❤️‍👨👨‍❤️‍👨👨‍❤️‍👨👨‍❤️‍👨
0	RT @bozu_108: おべんとうばこの歌の、  「おにぎり、おにぎり、ちょいと詰めて」 ⬆︎を 「おにぎりを、握り、ちょいと詰めて」 だと思ってた。 や 学校の校歌の歌詞の 「ああ、我が母校」の部分を 「泡がぼこぉ〜」だと思ってた。 など、 こういうのを募集した結果を発表…
1	@zYFSyCoPwHJ9U8C @axes_cl220 いいぞー！もっといえー！！
0	@zYFSyCoPwHJ9U8C @axes_cl220 は！？？？？？
-1	@_____mimps フォローありがとううううう
0	@_____mimps おつかれさまあああ
0	ほんとに、だからね！って関東の方の人に通用しないからなぁ
0	@takuto_chon @zYFSyCoPwHJ9U8C @axes_cl220 やだわー
0	なんで今日はこんなにみんなして集ってるの笑
0	@takuto_chon @axes_cl220 @zYFSyCoPwHJ9U8C おめー！それ鍵かかってなかったらぶっころぶっころ！！
0	@_____mimps あいあーーいいい！
0	@0126Reinoji いわきは基本どこの学校もこれだからね！！！
0	@takuto_chon @zYFSyCoPwHJ9U8C @axes_cl220 エセ湘南ボーイのっぽが。
0	@0126Reinoji 直人先生は全部覚えてらっしゃるらしいよ
0	@0126Reinoji 俺も覚えてない、、、笑
0	@eiumpuh うすうす気づいてはいたけどやっぱり吹奏楽人だったのね！！！昨日いた！？！
1	RT @1971masabe: 地の精のバラードいいよな～ https://t.co/2oROU9m8xL
1	@0126Reinoji 中身的には 超っっっっっっっっっっ初歩的だから大丈夫！！！笑
0	@skbc373 フォローありがとうございます？？！
1	RT @v35skyline: 【高校吹奏楽部（OB・OGは現役当時の状況）】 Q. 遊びに充てる自由時間が
0	@skbc373 相馬高校さんの人か！！ よろしくね！！！👍👍☺️
0	タカヤが写ってる集合写真に笑
0	あべたかや〜
0	RT @matome_pokemon: ポケモン「ダイヤモンド・パール」リメイク、2018年に登場か　リメイクがさらに濃厚になる！ https://t.co/zO9gej2Csd ：ぽけりん #ポケモン https://t.co/5T5cbzUqOt
0	RT @TakeshiOoi: 10日に発売になるバンドジャーナル5月号、今年の課題曲についてつらつら書いてます。「メタモルフォーゼ」については譜例を用いずに譜読みのガイドになることを書くという命題に挑みました。諸々お許しください。 https://t.co/yBBATjydnh
1	RT @1maru_chan: ほんとに懐かしすぎる🌸 https://t.co/QxUCi7Zzdm
0	RT @oimopuni: ぱぱらぱーーーん ぱーーーーん ざっざん！ざん！ざん！ざんざ…あれ？ https://t.co/CykTe3Ekxh
0	@eiumpuh あ〜ユーフォがいるってはその時聞こえたけど誰が誰だか分からんかった〜
0	@eiumpuh 神奈川からはるばるようこそ〜〜笑
0	@eiumpuh こちらこそ！がんばりましよ！
-1	いわきえきさむいなーあ
-1	@ryo_mycl え、怖すぎる怖い😫😫😫😫
0	何気バスで湯本に行くの初めて
0	@ryo_mycl 化粧してもしなくてもかわんねーだろ
0	@ryo_mycl 化粧しても化粧しなくてもバケモンだから違和感ねーわ
0	@ryo_mycl 知らなかったの！？！？
0	@14_1228 鍵垢から来てんだわ
0	@14_1228 ということは監視されてる、、！？
0	IMUドリル終わったああああ
0	いわきｆｃかった！
-1	使いにく
1	ありおすWi-Fiいいね！！
0	@B_hsro 事務局へgo
0	@B_hsro 14かな！
0	@B_hsro 一回先生に見てもらえるべ
0	@B_hsro ほんとやーー
0	@B_hsro そうそう
0	IMUドリルでいらいらしてるものが若干1名
0	RT @iwakifa: 福島民報杯・NHK杯第22回福島県サッカー選手権大会決勝 試合終了 いわきFC  2-0 福島ユナイテッドFC ※いわきFC は、第97回天皇杯全日本サッカー選手権大会に出場します。 いわき勢の出場は、第84回大会湯本高校以来となります。
1	多分最初の授業はオリエンテーションだから教科書とか必要ないやつよね？
1	龍谷大昔から実績あるけど最近メキメキとすごいなぁ、、
0	RT @AizuJuniorWinds: 吹奏楽でポップスを演奏する場合、その良し悪しの8割以上はドラムとベースの技量で決まってしまうことに気づいていない人が多い気がする。  なかなかそこに指導が行き届いていないケースが多くて残念…。  そこが変われば「ダサい」から一気に「カッ…
0	ローマの祭り！！
0	バンダはオルガン脇！！
1	コンクールでここら辺やってくれたら面白いのに
1	この打楽器がとち狂ってる感じ好きすぎる
0	何だかんだ地の精のバラードまたやりたくなってくる
0	N響いわき定期今年は誰の作品を
0	桜〜🌸 @ いわき明星大学厚生館学生食堂 https://t.co/IBXiDIc3c3
0	いわき公園〜 @ いわき公園 https://t.co/eDnSD8wZsz
1	バイト早くしないとお金が、、、
0	@m_azuki0920 あずきは何がむいてるのかな🤔 接客？裏方？
0	スネアむずい
0	@pokkon_2525 インターネット繋げる契約してないの！？😩
0	コンピュータリテラシーの小テストが manabaにアップされてた https://t.co/ygHtUQXGH6
0	@pokkon_2525 Wi-Fi契約してWi-Fiでパソコン繋げば楽じゃないかな！
0	基本的に4限が空きコマになりやすい
1	RT @takutaku521018: 【吹奏楽編曲】バレエ音楽「ダフニスとクロエ」より若者たちの踊り～全員の踊り／福島県立湯本高等学校吹奏楽部  この組み合わせ好き。 https://t.co/b9LoI3o0wc
0	英語Sクラスやだー
0	@iwata_0415 レベル上だよ？周りより
0	部活終わったー
0	@w_a1rc 雲
0	@w_a1rc じゃあ吹部のゴリラたち
1	健康と科学の授業あれは完全に 教養アウェーだ
1	RT @love_n_sex_rule: 男子は興味のない女子とよくしゃべる傾向がある のだそう。ドイツの行動心理分析の結果、男子は、好きでないタイプのほうが、笑ったりしゃべったりすることが多くて、お目当ての女子には、無意識に冷たく接してしまう生き物 なのだそう。
-1	満員バス辛い
0	座れたけど
0	今こそさらに上達のチャンス…！
0	いわき駅もこの時間は人が少なめなんだな
0	@ryo_mycl んだ
0	ついに我が家にも ソフトバンクairによって Wi-Fi環境がもたらされる😭 これで誰よりも最速で 速度制限になっていた 今までの電波弱者、Wi-Fi乞食生活とは おさらばだ😂😂😂
0	RT @v35skyline: 磐城：いわこう・ばんこう 湯本：ゆこう 平商業：へいしょう いわき総合：そうごう 磐城桜が丘：さくら・がおか いわき光洋：こうよう 小名浜：おなこう 磐城農：ばんのう 勿来工：なこう 平工：へいこう 好間：よしこう 四倉：よんこう 遠野：とおこう…
0	RT @v35skyline: ゆこう＝湯本高校
0	RT @kikuyagakki: 拡散をお願いします(≧∀≦) 吹奏楽部の思い出ノートをつくりました。 GW帰郷した際にはぜひみなさんの一言をお待ちしてまーす☆ https://t.co/C8v7WI5HQL
1	Wi-Fi繋がるのいいわ！！！ https://t.co/3emPXudsqN
1	RT @takutaku521018: 5分54秒あたりの最後の盛り上がりに向けてのうねうねが結構いい感じ。  このアレンジ誰だろとみたら、 ブルースカイ作った高木登古さんだったんだなぁ。
0	バイトしておかね入ったら 吹奏楽の星を買うと決めている
0	全出場者リスト〜
0	The BrandsグラフィックT（パール･半袖） https://t.co/OQOT6rfVzT
0	@JunyaIida0124 ﾌｫﾛﾊﾞ ありがとうございますすすす!!!!!
0	RT @v35skyline: 湯本高校の校歌斉唱、けっこうソプラノ。
0	@l_kms_happy ﾌｫﾛﾊﾞありがとうー！
0	RT @FukushimaSuisou: 今月号のバンドジャーナル誌に、福島県立湯本高等学校吹奏楽部のことが掲載されておりますね！ https://t.co/W1AzZHheLG
1	人多い
0	駅前
0	RT @drumstation_akb: 【新製品！】Pearl PSP-1 [ペダル・サポート・プレート / 3枚1組] ドラムペダルまで足が届かないキッズに向けたサポート・プレート！ https://t.co/nsESGWDVvP https://t.co/dPwdbAb8…
1	RT @trivia_hour: 1月生まれは人を大切にする 2月生まれは楽天的 3月生まれはしっかり者 4月生まれは魅力的 5月生まれは優しい 6月生まれは人の幸せを喜べる 7月生まれは明るい 8月生まれは憎めない 9月生まれは落ち着いてる 10月生まれはマイペース 11月生…
0	@sisimaru09241 ちっちゃ…あ！フォローありがとうございます！
1	@sisimaru09241 いやいや、先輩よりは大きいですから！💪💪 俺が大学生なんて自分でも笑っちゃいますよ！
0	今日暑い！
0	RT @KcKiiChi: Shake Lick. @prologixpads @SystemBlue1 @TheBlueDevils #prologix #kkfeelings #kckiichi #SanFrancisco #california https://t.co/…
0	RT @KcKiiChi: Non stop lick. https://t.co/Mh4OyOt4OD
0	RT @KcKiiChi: 🎈  🏹 https://t.co/xbNA0m0cNC
-1	フラおじさんと変なのいる！！ https://t.co/vd8DesA1bK
0	RT @Hidaka219: ヤフオクに出品されてるピザポテトが25億円で落札されてディスガイアでアイテム界に潜りまくってレベル上げたアイテムみたいになってる… https://t.co/lTGXfaCflH
1	4月5月は金が飛ぶ、、 (教科書代、諸経費、誕生日の人も多い、、、)
0	@iwata_0415 ほんとそう〜😫😫😫
0	RT @shio1112: 私も仲間ですみたいな顔やめ #ダーウィンが来た https://t.co/E7IzDzXtMs
0	ほんっとにヨーカドー人すくねえ
0	駅前の詐欺外国人懲りねえなあ
0	疲れた
0	ここのフレーズで心が落ち着く https://t.co/nsVH3WGwaE
1	RT @iwaki_alios: 【ホルスケ発行】いわきアリオスの広報物のなかでもお役立ち度ナンバーワン。「ホールスケジュール（2017年5、6月分）」が発行となりました。PDF版はリンク先からダウンロード可能。アリオスライフのお供にぜひご活用ください。https://t.co…
1	RT @iwakkiy: ふぉーっきー！！٩(´✪ω✪`)۶今日は桜の名所、小川諏訪神社に行ってきたっき～＊*(ू•ω•ू❁)*＊！！桜は満開(/ω＼*)！今日は雨降ったりとかしたっきけど明日は晴れてあったかくなって最高のお花見日より気～:(っ'ω'c):！！行こっきー！！(/…
0	RT @631_mushi: 「ラ・ラ・ランド」と 同じ監督の作品「セッション」は  ・合奏中１人ずつ吹かせて犯人探し ・本番直前に譜面を失う ・合奏のはずがいつの間にか     個人レッスンになる ・コンクール当日に遅刻する  という吹奏楽部員なら死にたくなる シチュエーショ…
-1	この何も無いのが小川町 https://t.co/X3xRlRwOsR
-1	何かあったら小川ではない。 何も無いから小川なのである。                                                        ごりら
1	RT @SuisouAruaru: 昨年、東北で初めて全日本吹奏楽コンクール&amp;全日本マーチングコンテストのW出場を果たした宮城県の聖ウルスラ学院英智高校吹奏楽部。注目の定期演奏会が行われますよ〜(^^)/  ●詳細はある吹netで↓ https://t.co/mdMzwLXAY…
0	ウルスラもフェスバリ
0	これが小川part2 https://t.co/U6G4grX5lk
1	RT @Glossy_Ayanan: ドラムってすごいね😳 脳が活性化されるんだってよ ドーパミンが分泌されるんだってよ 認知症防止にも効果があるんだって 音楽経験0でもできるって 一種のスポーツみたいだから、仕事終わりにバッティングセンターに行くみたいな感覚なのかね  もっと…
0	@knsnabc フォローありがとうございます😮😮
0	@knsnabc まだ把握出来てないんですけど、なんの楽器でしたっけ😭😭😭 覚えきれてなくて😭😭😭😭
0	@knsnabc ああああ、今脳の片隅の記憶が少し蘇りました😮😮😮 徐々に覚えていきます😇😇
0	@knsnabc いきなりのゴリラいじりですか😒😒😒😒🦍🦍🦍
0	@knsnabc あ、じゃあ、ごひろ先輩ですか！？！？💪💪💪💪🦍🦍🦍
0	@knsnabc 恐らくあいり先輩もノッて下さいますよ！？！🦍🦍🦍🦍🦍🦍🦍
0	@LuqWC2lACOzc2RX @knsnabc さすがです！！！！！
0	@LuqWC2lACOzc2RX @knsnabc 何人ゴリさんがいるんでしょう😂😂
0	@knsnabc @LuqWC2lACOzc2RX みなさん福島にご集まりくださってるんですね😭😭
0	@knsnabc @LuqWC2lACOzc2RX 怒られたので明日(今日)までにやる課題やってきます😂
0	それにしても なぜじゅんは LINEのトプ画 俺なんだろう🦍
0	@knsnabc @LuqWC2lACOzc2RX おはようございます！応援ありがとうございました！！💪💪
0	RT @KIRINtarou: 若者の３割「できれば働きたくない」　電通調べ　　：日本経済新聞 https://t.co/YGV15SA6uA　ウソだ１０割だぞ
0	RT @same_desu2: ナース「夜勤中に見回りしてたらトイレのドアがすうって開いたから覗いたんだけど誰もいなくて。で、振り向いたら案の定背後にオバケがいやがったになぜか無性にイラっときて「てめえベタな手使ってんじゃねえよ！！やる気あんのか！？」って胸ぐら掴んで窓から捨て…
0	@M0a2m1e2 またなにか行きてー！！！
0	@iwata_0415 がちで？
1	懐かしくないですか、 この泣きメロ 宇宙の音楽のハルモニアからアンノウンまで https://t.co/ftrwlnG6ul
0	オーメンズ〜 https://t.co/XedRLE4REI
1	@anna___bsj え！そうなのか！！！ 良いよね〜！💪💪👍👍
0	@M0a2m1e2 いきたい！
-1	結構だるい
0	@kingbananachan くそだりぃkusodarixi
0	@kingbananachan 講義
0	@kingbananachan AV5限😩
1	@anna___bsj やれて良かった〜
0	@tuba_f1akahane こちらこそフォローありがとうございます！ フォローされたきっかけは謎ですが、これも縁、よろしくお願いします！
0	@1971masabe 好間です！
0	来るまでおかえりの皆様お気をつけください
0	@B_hsro 車、、
0	電車止まって明日大学行けないワンチャン
0	親待ちでひとりミスド
1	@ApKeArNcE 食べればいい
0	@ApKeArNcE そんなこと気にしてたたら真の甘党ライフはおくれないよ！
-1	@ApKeArNcE 甘いもの全盛期としょっぱいもの全盛期が交互に到達する
0	@ApKeArNcE ミスドでこの時間にドーナツ三つ食べてしまった
0	@iwata_0415 @ApKeArNcE お菓子めっちゃ食ってたくせに何言ってんだかはるな😒😒
0	RT @dragonsaved1: やっと大学受かった。
0	RT @0126Reinoji: 髪の毛、放ったらかしすぎて ニコちゃん大王みたいになってる https://t.co/wveWsNSXSy
0	RT @dragonsaved1: 半田屋なう http://t.co/b06PmzjsKS
0	RT @0126Reinoji: 茨城県は右折車が最強なんだって  「茨城ダッシュ」って言うんだと
0	RT @0126Reinoji: そーいや大学に オーキド博士に声似てる人いたな https://t.co/2r6cg7EwQy
1	外が明るいなー。
0	@paaayade555  誕生日おめええええええ🐐
0	RT @dragonsaved1: 今日は寝ずに受験勉強するぞw
0	RT @dragonsaved1: 俺の人生詰んでるのかもしれないw
0	RT @dragonsaved1: 飲んだら体から力みなぎってきたw http://t.co/NmuXhOPIl8
0	@paaayade555 ラストティーン2人目を楽しめ〜  結局三年間誕プレあげてないわ
0	寝て起きたら身長180cmに、、、ならないか、、
0	RT @KcKiiChi: Blue Devils 16th bpm200 @TheBlueDevils https://t.co/DNYZrYgQKz
0	次は、社会学〜社会学〜
-1	ほんとに目つき悪い👍
0	ティスティ
1	風強すぎる😩 @明星大正門前バス停 https://t.co/DlKYmtd0qF
0	@paaayade555 まだサングラス欲しいのね笑
0	明日一日過ごせば通信制限は解除される。 そして、我が家にはWi-Fi設備が整った。 ついに、初の通信制限にかからない月になるのだろうか！！！  To be continue....
0	@JunyaIida0124 飛んでください！応援してます！！！
0	明日は元祖PD決起集会 (欠員あり)
0	@JunyaIida0124 お手伝いできることならしますよ😂 炭酸水振ったりとか👍👍
-1	@paaayade555 じゃああんまり光遮れないやつ選ぶ←
1	RT @butaille: マツコデラックスを見た外国人から「イタリアにもほぼ同じ人がいる。プラティネッテ（Platinette）って言うんだけど」と教えてもらって探してみたら本当にほぼ同じだった。人種が違うのに体型も声も喋り方も仕草もこんなに似てるってすごい。 https:/…
0	@pika_pika333kym  ひかるまで老けたやつか〜 栃木で頑張りんしゃーい おめでとうラストティーン🏫🏫
1	@pika_pika333kym ちゃんと優しい養護教諭になれよ〜！！！
1	@pika_pika333kym え、、、優しい、、？？
0	RT @de_detaawwwww: で、でた～ｗｗｗｗｗｗｗｗｗｗ頭もルックスも大したことないのにプライドだけは高奴～ｗｗｗｗｗｗｗｗｗｗｗｗｗｗ
0	RT @de_detaawwwww: で、でた〜ｗｗｗｗｗｗｗｗｗｗｗｗｗｗｗタレントからAV女優にジョブチェンジした直後犯罪者にジョブチェンジ奴〜ｗｗｗｗｗｗｗｗｗｗｗｗｗｗｗなんて奴だ！ｗｗｗｗｗｗｗｗｗｗｗｗｗｗｗｗｗｗ
0	ぽっぱ https://t.co/taOT04A70i
0	RT @onkan_sukagawa: 【お世話になります】 https://t.co/9EX6CQ4UTf
0	T A I W A N
1	吹奏楽に関わって またさらに新たな世界を見れるのは とてもラッキーだなぁ
0	RT @mirarx9310: 大阪桐蔭と湯本高校の金管の音質最高
0	この先生誰だかわかんないけど俳優さんに似てる人いた気がするんだよな
0	RT @IMU_PR: 根本特任教授が県吹奏楽連盟副会長就任、台湾公演を発表 https://t.co/mIjaXWkpot
0	レッドブル当たった https://t.co/2IMAfuV1r6
0	RT @q4_g2: 【山形県立山形中央高等学校吹奏楽部  スプリングコンサート】 5/4（木） 会場:やまぎんホール 開場 13:00  開演 13:30 入場料 500円（当日 700円） https://t.co/XPGgWByYbr
0	RT @sasakure__UK: マストドンってこういう事じゃなかったのか… https://t.co/EeqVTddi5B
0	暇すぎてずっとさっきのレッドブルの箱眺めてる
-1	今まで校舎の綺麗さが 汚い→綺麗→汚い→綺麗←今 だから 進学する度最初の方は戸惑う
0	「METAL GEAR SOLID」マーチングスネア https://t.co/mpluf5p9mK
0	パパパ
0	RT @IMU_PR: 教養学部の久呉先生もフレームに収まりました笑 #女装男子に囲まれて #いわき明星大学  #学園祭 https://t.co/evRFrtBRik
1	火曜日ジャージ登校が望ましいって言うてたけど どうなんだろ
0	言ってたけど
0	RT @competmusic: ゴー☆ジャス先輩！！！ 地理頑張れる！！！ https://t.co/uNDYfA59RC
0	きたこれ
0	RT @bokete_pic: 児嶋だよ https://t.co/jr2oHBu8Nz
0	やりたい🦍 https://t.co/fXCihDxjuh
0	@1971masabe 一斗缶ガシャガシャやりたいです✌️✌️
0	いわき勢のコンクール選曲変わるな
0	オーメンズとサラスパは続けて欲しいな
1	@tuba_f1akahane あの曲特殊すぎて演奏する機会が((((
0	@tuba_f1akahane あと水の音出す楽器を客席の奥に配置しなきゃならんからな、、
0	わけわかんねー奴らからの電話！！！
0	@yui__52 名取のアスファルトカクテル作曲者本人がWowってコメントしてるくらいだから凄まじいよ！！ね！
0	RT @v35skyline: 湯本定演#38 https://t.co/qJ9T7udk4n
1	RT @takutaku521018: 【吹奏楽編曲】バレエ音楽「ダフニスとクロエ」より若者たちの踊り～全員の踊り／福島県立湯本高等学校吹奏楽部  若者たちの踊り、結構可愛げあっていいなぁ https://t.co/b9LoI36pEE
-1	RT @pokkon_2525: 祝賀会でパーカスがやった、タンバリン芸いつ見ても腹こじれるくらい笑える🤣🤣ねぇ！荒木くんえりはるな~(笑)
0	荒木くんとか呼ばれたことねえぞ
1	もうすでに宇宙の音楽が恋しい
0	RT @0126Reinoji: 卒検合格✌️ 免許センター行ってる暇がない
0	やった！
0	RT @KcKiiChi: One minute of revolution  革命の1分 #xymox #kkfeelings #kckiichi #snare #solo #revolution @xymoxpercussion https://t.co/1HqL3GcTQP
1	RT @yupin7423: バレエ音楽「チェクメイト」より 大曲吹 2010年 朝イチ 銀賞 https://t.co/ay7QEUd55u ルイルイかわいいファンになる動画 https://t.co/e6A30ZXSPb
0	駅前カオス https://t.co/hbqWlilOrB
0	@yukihiko9 お祭り？お神輿とフラダンスが駅にたくさん
0	平食べる場所ない
1	いわき外に行って〇〇なうとかやってる人が羨ましいので 懐古感に浸らせようと いわきの今をお伝えします。
-1	@w_a1rc 勿来とかは遠い😩😩😩😩😩
0	@w_a1rc 常にしてる✌️✌️✌️✌️
0	G  W
1	@mare_tp うへへへへいい！
0	@mare_tp たぶん！
0	@kijinonihito1 せんちゅー！
0	@kijinonihito1 おひさし！げんき？？
0	@kijinonihito1 は！？え？
1	@kijinonihito1 よかったわ、、、、
1	@kijinonihito1 健康体？
0	@kijinonihito1 そんくらいで大丈夫
0	@kijinonihito1 あたりまえ〜
0	2006
0	とぅーるっとぅっとぅっとぅっとぅー
0	御三家の愛称で 周りの方々から愛される 吹奏楽部だったんだと 改めて今再確認
-1	そうか最近痛いわたなべありさたんは  佐川聖二の門下になるのか、、
0	やだら95
0	@axes_cl220 知らねーよ！
0	@axes_cl220 いや、きらりるれろとか言ってる奴よりはましだわ💪💪
1	とりあえず体調回復〜
-1	下手の物好き
0	@menisuke いえい
0	@menisuke ルイブルはスミス〜 ルイブルもやった〜
1	きしめんうま
0	@menisuke フラコンのやつ上げられてたなああ
0	@menisuke Timpだよん！！！！ 聴いてたの！？黒北のはモニターでこの曲懐いって言いながら見てたよ！
0	RT @0126Reinoji: 高まる対抗心。深まる団結力。 ん。？フカマル？ https://t.co/pkEIytqng6
0	@menisuke 地の精懐いってみんな言ってた笑
0	@menisuke 東北大会のあと小岩井で登古さんもめっちゃ楽しんでたからね！笑ソフトクリームとか笑
0	@menisuke 冷麺か！食べたことない！
0	@menisuke さくらホール一昨年も青森に行く前に練習したホール笑
-1	@menisuke 志戸平だったね！！ なんか去年はめっちゃくそ電波悪いところに泊まった笑
-1	@menisuke やべえー記憶が無い 去年はどこいったっけかな、、、
1	@menisuke 岩手県民会館ステージ裏特殊すぎて面白かった！ アリオスの運搬めっちゃ楽だから笑
0	RT @IMU_PR: 本日は新入生同士の親睦をとことん深めよう！というイベント「スポーツフェスタ」です！プレーにも応援にも熱が入ります！ https://t.co/oAlzVLsB3d
-1	足短いな俺
0	@kingbananachan 写真みてさらに再確認😭😭
-1	@kingbananachan 結構ギリギリだけどな！いつも
0	RT @mare_tp: 寝たらすっきり
0	あーおいっそらとくっも〜
0	つかれた
0	@menisuke いわきアリオス！！！
0	@menisuke さっきの2015年度の定演の地の精の動画のステージ！
-1	@menisuke 福島でっかいホールそこまで無いけどな、、、
-1	@menisuke アリオスと比べたら400人くらい席数さくらホールの方が少ないけど同じ設計者だから響きも似た感じ！
1	@menisuke かなーーりいいホール N響が定期演奏会開いてくれるから 指定ホールとして
1	@menisuke いいなあああ 佐渡さん
0	ドッジボールしただけなのに膝が筋肉痛 パーカスで腕は使ってるから筋肉痛ならないにしても なんで膝
1	RT @gho_____st: 元気がない人は作画崩壊したときの五右衛門を見て元気だしてね https://t.co/IpzUV6TTxz
0	RT @toikoh9114: 北朝鮮からミサイルが飛んできた時の日本の様子を描きました https://t.co/ijQlgSTcS5
0	@menisuke 帰省できないんね！
1	RT @Railgun96Rain: 今日はスポフェスお疲れ様でした！ まだしゃべった事の無い人ともある人ともバレーが出来て楽しかったです(*´ω｀*) しかも優勝出来て本当に嬉しかったです！ドッヂボールの方もバレーボールの方も本当にお疲れ様でした！
-1	知りたい曲あってYouTubeで吹奏楽って検索かけると なんか吹奏楽を使ってYoutuberになろうとしてる人たちの再生回数30回くらいの動画ばっかりヒットするから 邪魔くさい
1	RT @Nathaniel5621: 明治のTHEチョコレートっていうチョコがうまいから食べてくれ〜の図…　けっこう高いチョコだからなかなか手が出ないんだけどうまいんだぞ〜〜〜 https://t.co/cKA6fswV2J
0	新生 https://t.co/Wc1QffKuvi
0	葉司先生の火の鳥とかすごそう
0	@M0a2m1e2 OB会のサイトに書いてあったから振るのかも
0	RT @kenjifujimori90: 【再告知】【拡散希望】 浜松交響吹奏楽団 第44回定期演奏会を5月14日(日)に開催します！あと2週間ちょっとです！チケットまだご用意できますので皆さんお誘い合わせのうえ是非ご来場ください！ https://t.co/p64VabXSRr
0	RT @NAKAMURAMUTSUO: ウケる(^^) https://t.co/fwaDigi2pX
0	ﾑﾂｵﾀｿ
0	フラコンわくわく
0	団体は違うけれども5度目のフラコン
0	目が爆発〜
0	葉司先生のストラヴィンスキー
0	アホなんじゃないか
0	@1971masabe 作曲者どなたなんですか！？
0	@sax_ringo8910 @1971masabe ボロディンなんですね！！！
-1	RT @oideyo_nakoso: 勿来がギリギリ #東北でよかった https://t.co/a7KgbEFKw1
0	RT @v35skyline: 福島県立磐城高校吹奏楽部 第28回定期演奏会 2017.5.4（木）・5.5（金） 両日とも 開演 13:30（開場 12:00） 1日券 800円　2日通し券 1,500円 いわきアリオス大ホール https://t.co/YVovuEO9LC
0	RT @v35skyline: 磐城桜が丘高等学校吹奏楽部 第29回定期演奏会 2017.5.14（日）13:30開演 いわきアリオス 無料
0	#ナゲッツ親子  ？
0	#ナゲッツ親子  こゆこと？ https://t.co/siWp5n9AAk
-1	下手だな
0	@Love_McD #ナゲッツ親子
0	RT @nhk_news: 震度６弱以上の激しい揺れの確率 最新予測地図を公表 #nhk_news https://t.co/bzCrYiB77I
0	いくら全国で金取りまくってても ｳｪｲ系の吹奏楽部の演奏は 好きくないな
-1	@gatatchi 言葉で説明するのが難しいんですけど、演奏聴いてなんかｳｪｲ感を感じる時が感覚的にあるんです。 何が受け付けないのかはよく分からないんですけど…
0	@gatatchi リズム変えたり原曲のとおり忠実に誠意を持って演奏しない(響き足りなさ過ぎて少し音を足すくらいなら許容)で、自己満を押し付けてくるみたいなところが自分にとってのｳｪｲのようです…
0	unknownをうんこなうって 読んでたのだれだっけ
0	@misaki_926_n みさきか！
0	@misaki_926_n うんこのん、、、、
0	@misaki_926_n やばいやばい笑
0	RT @v35skyline: てすてす un-known unko-nown
0	そういえば、もう半年過ぎたんですよ 今余韻に浸ってます https://t.co/UFvEGBpmc2
-1	二限空きコマが一番辛い
0	@ryo_mycl 後期になったら月曜は1限だけで18:00まで部活始まるの待たなきゃいけない
0	2ちゃんたまに見てるけど 叩かれることもあるけど 今見たら去年の秋田南と湯本が 音綺麗でまとまってたって書いてあった うへーい
0	ねむ
0	やだ雨〜
0	日曜からバイトになりました！
0	@8AOfY60nzJNWbNZ 和民〜
1	@8AOfY60nzJNWbNZ 店長いい人！！
0	@8AOfY60nzJNWbNZ うむ！！！！
1	RT @tp1_kotoha: 吹奏楽部に入った皆さん！入部おめでとうございます‹‹\(´ω` )/›› 素敵な音楽ライフを送れますように…この曲を送ります♪  明日を描こうともがきながら今夢の中へ 形ないものの輝きを そっとそっと抱きしめて 進むの  #音楽好きと繋がりたい…
0	なんでこんなクネクネしてるんだろ オレ https://t.co/XD9PaOv7If
0	中学の時はティンパは分かりません叩けません発言してたはず
0	RT @kwassui1228: まもなく出ます。 https://t.co/r5SbkZFE5U
0	RT @kwassui1228: こちらも発売中ですhttps://t.co/MUwlopsVIl
0	RT @kuru2antenna: ソニーが『モンハン5』の販売権を獲得！2018年発売決定！キタアアアアアア https://t.co/GPrUH9S2J3 https://t.co/n8BeTJOwsd
0	くそーさいとうれい抜けがけしやがって
0	嵐のバック
0	いたいた
0	@1971masabe 毎年団体数違うのでわからないんですけど、9:00か10,00頃に始まって大体16:00か17:00頃に終わるはずです！
1	いいね数から見てわかる愛され具合 https://t.co/Og2b7K0O3S
1	やっぱ湯高の長所はどこよりも暖かい音だと思うから 先生変わっても継続していただければなぁ🤔
-1	RT @1971masabe: 新学期になって約1ヶ月だけど、3月まで自分達の顧問が違う学校(団体)の指揮してるのを見るのは複雑な気持ちなんだろうな、と思う
1	RT @1971masabe: つくづく地の精のバラードいいわ～
0	RT @tnctake: 課題曲
0	RT @tnctake: やっぱり湯本の過大視好きだよ
0	RT @YuFujishino3DS: 個人的一度は聴いとけ吹奏楽名演ベスト5  １位 アスファルトカクテル(名取交響・14年) ２位 エルフゲンの叫び(城東・06年) ３位 無伴奏ヴァイオリン・パルティータ第2番ニ短調より「シャコンヌ」(磐城・15年) ４位 交響詩「ローマの…
0	RT @YuFujishino3DS: @YuFujishino3DS  ５位 バレエ音楽「青銅の騎士」より(習志野・09年)
0	RT @YuFujishino3DS: @YuFujishino3DS  次点 交響三章(片倉)、宇宙の音楽(駒澤高)、交響曲(磐城)、カルミナ・ブラーナ(大阪桐蔭)、科戸の鵲巣(酒井根中)
1	RT @taka32140821: 友達のバンドが、ロックインジャパンの一次通過した！ 次にリスナー投票というものがあって、是非応援してあげてもいいよという方は投票お願いします！ このリンクおして、すぐの画面に投票ボタンあります！ 夢を叶えさせてあげて下さい🙇🙇 ↓ https…
0	プリ誰って聞いたことある名前
0	@ryo_mycl がーとてもすまない
0	RT @meion_daken: 作りました！作りましたよ〜  スパイラルスタッカー⭐︎ Paiste  pst 16" Sabian  rock crush  16" じゅるりです〜〜🙆🏻‍♂️  ⚠️割れシンバルの再利用です。 #paiste #sabian #cymbal…
0	@ryo_mycl そう！
-1	@ryo_mycl ユニフォーム渡されるから16:40くらいに行って 多分22:00までだった気がする
-1	秋田に習志野来るんだ…😳😳😳 行きたいけど遠いな、、😩
0	関東の公立はよーやるよ、、、
1	Twitterでたまーに流れて来たりする歌うま自慢で声作ってうまいと思いながら歌う人気持ち悪いと思う。 歌ほんとにうまい人の歌を聴いてるから身近な友達の
0	RT @takarajima901: 店主が出演します！ 【泉シンフォニックウィンドオーケストラ第37回定期演奏会】 5月14日（日）13:00開場13:30開演 イズミテイ21 大ホール 入場料800円 パガニーニの主題による狂詩曲、ルイブルジョアの賛美歌による変奏曲他 「宝…
1	@takutaku521018 フォローありがとうございます！ そのように仰って頂けると、とても嬉しく思います！ いまはいわき明星大学という所で吹奏楽を続けています！
0	RT @MEhikariQMA: これは見習うべき事例  諏訪大社のクレーマーに対する姿勢を https://t.co/emds8SCIqV
1	RT @takutaku521018: @BigShine_Perc 遅ればせながらフォローさせて頂きました。 ありがとうございます😊😊 湯本の去年の課題曲IIIとダフニスとクロエ、ホントに素晴らしいです。ダフニスとクロエは取り上げている曲目も品があるし、演奏もすっきりした感じ…
1	@takutaku521018 昨年度出ていましたね！ 桐蔭と名前を並べていただけるなんて本当にありがたいです😂
0	RT @__Trombone__: 演奏:大阪市立喜連中学校 https://t.co/0oFjucH5Ks
0	■これまで絶版のため演奏できなかったパトリック・ウィリアムズの「コンサートバンドとジャズアンサンブルのためのラプソディ」が復刻！ https://t.co/8xlsQJGBvp
0	雷😩😩😩
1	RT @NAKAMURAMUTSUO: 盛岡にて東北大会高校の部終了。 25団体中21団体を聴いたがかなり順当な結果であったと思う。審査員諸氏に敬意を表したい。 秋田南、磐城、ウルスラ、湯本、平商業の五団体が特にハイレベルな演奏で会場を魅了していた。 どこが代表になってもおかし…
0	じょ、じょうそう
1	RT @yupin7423: 秋田南の華麗なる舞曲めっちゃ気になる 聴きたかった https://t.co/OcZzmIldx9
0	秋田南が舞曲
0	東北の最近のスミススパークの流れ 湯高もびんじょってたもんな
0	@loveuph YouTubeに載ってますね！ まさか湯高でルイブルと宇宙の音楽とダフクロができるとは 入学したての頃は思いもしませんでした！
-1	@loveuph 湯高の音は先生の性格そのもののようなサウンドだったので 今それが変わってると思うと少し悲しく思います😕
0	@loveuph 母校どちらなんですか？
0	@kingbananachan おー！恒例ハンドベル！！！
0	@loveuph いわきで先生が2回変わったということは 桜OBさんですか！
0	RT @yupin7423: 山王サウンドを聴かないで日本の吹奏楽を語ってはいけません と、習志野の石津谷治法は申しております https://t.co/LX9hrZ7uag
0	@kingbananachan 習高ならあれか！ アイーダトランペット使ってアイーダやった？！
0	@loveuph おおーー！！！そうなんですね！
1	@k_w_ura 速攻元気！！！ ﾃｯﾃﾚｯﾃﾚｰ
0	@loveuph ほうほうほうほう🤔
-1	@k_w_ura ってくらいな勢いで頑張って下され 👓
0	よく考えたら 飯田ぱいせんとは グループで繋がってて それが今では 同じ団体で演奏してるって 人生何あるかわかんないな
0	でてきた https://t.co/zEH1l8mCrx
0	@breakin_wind__ ミスタービーン
0	@breakin_wind__ 似てる https://t.co/MaSAUvEO19
-1	@breakin_wind__ 世にも奇妙な物語のやつはそうだよ！ それがMr.ビーンに似てる
0	RT @miztamari_nikki: あ、さっきTVに出てたの僕じゃないですよ？  僕はThis Manではありません！  ただ、皆さんの夢に出てくるかもしれません。 https://t.co/GZoBbyb5Kf
-1	@breakin_wind__ 世にも奇妙な物語の番宣のためのやつだったんだよ〜 this men
-1	今回の世にも奇妙な物語 久々にブラックすぎませんかね
0	@mkst_1109 がちでそれ
-1	急にホワイトっぽい話に
0	@mkst_1109 お風呂入れる？？笑
1	@mkst_1109 ならいい笑
0	@breakin_wind__ もともと都市伝説があったのを、 番組があるから更に広まったパターンのやつかな〜
0	RT @SuisouAruaru: スパーク《宇宙の音楽》放送中です！  こちらから聴けます↓ https://t.co/PH0ZHcRQbk 　※「OTTAVA」の再生ボタンをポチッと！  #ottavabb https://t.co/Iu3Ic7u1RR
0	夢男夢に出てきそう
0	顔の大きさ夢男には負ける
0	https://t.co/s5Cny3a0wY
0	@mare_tp https://t.co/uolapipSsZ
0	RT @vULEHQCyngelj7t: ＜レア＞吹奏楽コンクール東北大会（2014）高校の部　湯本高のショスタコーヴィチ交響曲第1番、山形中央高の幻想交響曲、他 https://t.co/CxpUmRgyYL
0	RT @vULEHQCyngelj7t: ＜レア＞吹奏楽コンクール東北大会（2014）高校の部　平商業高の画家マティス、横手高の宇宙の音楽、他 https://t.co/zVi8yFL9lo
0	RT @vULEHQCyngelj7t: ＜レア＞吹奏楽コンクール東北大会（2013）高校の部　磐城高の相馬流山、泉館山高のマインドスケープ、山形中央高のリスト、他 https://t.co/jKGCklWRjE
0	RT @vULEHQCyngelj7t: ＜レア＞吹奏楽コンクール東北大会（2009）高校の部　秋田南高のシュミット、仙台高の科戸の鵲巣、原町高のティル、他 https://t.co/IhxCeTlSjG
0	RT @vULEHQCyngelj7t: ＜レア＞吹奏楽コンクール東北大会（2013）高校の部　聖ウルスラ学院の魁響の譜、能代高のエクスピエイション、他 https://t.co/gFRmDxpXVW
0	みすった
-1	明日明後日も 休学っていう大学もあるのに 田舎のこのちっぽけな えふら…… 大学は普通に授業あるもんな。 まぁ、GW全部授業っていう 大学もあるみたいだし 恵まれてるか
-1	@loveuph きついですね、、、
0	RT @v35skyline: 相馬流山の主題による変奏曲 福島県立相馬高校、相馬東高校、原町高校、相馬農業高校、小高商業高校、小高工業高校、富岡高校、双葉翔陽高校の合同演奏 平成26年9月21日（日） 南相馬市民文化会館（ゆめはっと） http://t.co/snkXl1ff…
-1	RT @masaO_3231: ３校の変な差し入れあげる文化はいつまで続くんだろ
0	RT @saku_ra2000: ！！水戸三高吹奏楽部定期演奏会！！ 🎪5月3日(水) ひたちなか市文化会館      開場：13:30／開演：14:00        ✨✨✨〜入場無料〜✨✨✨       お時間のある方はぜひぜひ！！！           お待ちしております…
-1	RT @M0a2m1e2: 仕事中、ふと定期演奏会の第1部を思い出した。  ｢あの曲、あのフレーズ」  なんだか胸が苦しくなった。 高校３年間の記憶がフラッシュバックして、気づけば涙が出そうになっていた。  そして仕事に戻った。  今1番したいことってなんなんだろうな
0	ポエマー高橋
0	RT @takao_hatakeda: 焼きそばを焼ききっている写真です(笑) https://t.co/mZZFNvxS5V
0	@pokkon_2525 いつでも泣いてるんだよ😭😭
0	@pokkon_2525 オーメンズは涙腺緩ませ剤！
0	@pokkon_2525 ほんと未だに全部の曲演奏してる時の表情浮かぶもの
1	フラコン いろんなところが 新しい状態だものな 生徒が変わるのはもちろん 先生もトレードが多いし
0	RT @yupin7423: 湯本の校歌すげえ 山田耕筰
0	RT @sara___sara__: 電車に乗り遅れないよう走りだしたJKに続いてさらさも走ったらさらさの目の前でドアが閉まりました。はず 気分はJKなんです、
0	@gatatchi いらっしゃいますか！！！！
0	@M0a2m1e2 定演よー！
0	@gatatchi おお！どうぞお楽しみください！
0	磐高の定演4日に行こうかな🤔
1	RT @ayamisa2105: ✨第39回✨ 　✨郡山高校吹奏楽部定期演奏会✨ 　　❀6月4日〖日曜日〗 　　✿郡山市民文化センター 　　❀開場15:30〜　開演16:00〜 　　✿300円 チケットが欲しい人は、吹奏楽部員まで！ 気軽に声かけてください！！！ たくさんのご来…
-1	RT @pokkon_2525: 県大会前、無理かもしれない。って思いで作ったけれど、作ってるうちに、３年間一緒に頑張ってきた仲間と、全員で名古屋の舞台踏みたい。って思えたんだ。『約束の場所』遠かったけど、色んな事乗り越えてきたみんなとだから見れた景色がありました。 https…
-1	東北大会演奏終わったあとの写真みんなダメだと思ってたから顔死んでるもんな
0	RT @M_Prunifolia_: https://t.co/fbSpwuUvHT
1	RT @masaO_3231: 懐かしいいいいい 磐城高校 湯本高校 平商業 で ｢宝玉と王の杖｣ https://t.co/v8yKseBtlv
1	RT @zeratuba: 英国国立ユースオーケストラによる 「ローマの祭り」 聴いててすごい楽しくなる♪  Facebookより https://t.co/oXgmyG6biF
0	RT @v35skyline: Variations on a Hymn By Louis Bourgeois - Claude Thomas Smith  ルイ・ブルジョアの讃美歌による変奏曲 - クロード・トーマス・スミス
0	RT @bozu_108: 第6回「ガンジーでも助走つけて殴るレベル」を上回る神フレーズ選手権をの結果を発表します。  最優秀賞 「金正恩が脱北するレベル」  金賞 ブルゾンちえみが「待ってんじゃねぇ、探せ」って言うレベル  高齢の住職賞 「バイキンマンが除菌するレベル」  で…
0	@yui__52 ﾀﾝｼﾞｮｳﾋﾞﾅﾉｶ! ｵﾒﾃﾞﾄｳ!!!!!
1	RT @nmb_0403_YN: 第45回会津高校吹奏楽部定期演奏会 5月4日（木） 開場：13:30 開演：14:00 入場料：200円 会場：會津風雅堂  後輩達の晴れ舞台です！ ぜひお越しください👍🏻 https://t.co/Hz4Mh0sY2p
0	RT @v35skyline: ♨ https://t.co/dklACOziYd
0	RT @sara___sara__: みんなで名古屋返り咲こうって みんなで約束の場所目指して頑張ろうって 高校青春の全てが湯吹だった 一生忘れない一生の宝物！！！！！！ https://t.co/kkuPOJK2T7
1	RT @yupin7423: 関一の黄金期こと甲子園で凄い演奏してる代の顧問の塩谷先生を擁していた時代もダメ金にさせてた秋田勢と福島勢って凄いな 秋田南、新屋、磐城、湯本、平商 てか2003年の福島勢独占の時って秋田南は４位以下だったのね…新屋は３出で秋田南は休み明け ３出も大…
0	@kingdom_flute フォローありがとう！
0	みんな小川においでよ！！！ https://t.co/bg4sbpNErl
0	RT @asahi_chihen: 【 #草野心平 #詩人 #料理 #福島 】いわき市出身の詩人草野心平の足跡を、心平が一家言を持っていた料理を通じて見つめ直そう。そんな企画展が市立草野心平記念文学館で開催中だよ。食に対するたしなみや人柄などを紹介。６月１８日まで。https:…
0	小川中の校歌は 草野心平が作詞して 作曲はあの吹奏楽のための木挽歌の小山清茂だよ！！！
0	いわきの小川においでよ！
1	RT @0126Reinoji: こんなにいいね❤️もらえるとか やっぱ世の中見た目だな（世紀末） https://t.co/eTnD5fngCV
0	RT @stnroh621: 曲の好みもあるんやろうけど 聴いててうわーってなるのは東北勢
0	15:00からガチで忙しくなるぞ😩
0	湯本高校吹奏楽部第1期男子コーラス班
0	つかれた
1	感謝の心が大事 人々に感動して頂くことも大事 常に謙虚でいることも大事  この三つのKを常に心がける それが大事
0	合奏中の葉司先生の言葉をもっとしっかり聴いておきたかった。
1	ほぼ吹奏楽の有名校 #プロスピA https://t.co/tPhRjCQ6mP
0	げっと https://t.co/WdPiQDDtPi
0	磐高の定演だ〜
0	久しぶりアリオス
0	磐高 https://t.co/ZikPvaQwT4
0	音柔らかくなってる〜
0	磐高の音 吹奏楽よりクラシック寄りになってたな
0	葉司先生の火の鳥は ちゃんと葉司先生でした。
0	フラコンで今日お話できなかった分 葉司先生に声をかけに行きたい
1	RT @Red_Tuxedo: ティンパニを始め打楽器のヘッドの張り替えを甘く見ている団体多いのを痛感。音色を損なうだけでなくティンパニの場合ペダルシステムの故障をも誘発する。(ヘッド交換するだけで故障と思われていた症状が解消することも多し。)  「何年も交換してないw」という…
-1	RT @AizuJuniorWinds: 作曲家が書いた楽譜の音を安易に変えるような指導者なんて音楽家じゃない。  人として最低限のルールやモラルを守れない指導者なんて教育者じゃない。  そこまでしてコンクールの結果なんていらない。  まず顧問の先生が自分で音楽作りをしてみれば…
1	全国で有名な団体ほどすぐに楽譜の指示、音符を変えるからなぁ コンクール主義はきもてぃわるい
0	バイトしてたら磐高OB様方がいらっしゃった
0	RT @BTBTBTB__2: ksw
0	RT @BTBTBTB__2: #TKNW #TKWOではない
0	カスチェイの一発目の音で心臓止まりそうになった
0	RT @BTBTBTB__2: #HTKD
0	実際金賞常連バンドほど弄ってるから 至るところでそれを真似して 楽譜の最悪な改変が 広まってるんではないか。
0	明日は登古さん編曲作品を 磐高がやるけど 湯高に行くから 聴きに行けない
0	@___fn_ch 現代感を出す
1	@___fn_ch 悟りを開けばいい (実際は問題に出されてる文の周りの前3行後ろ3行見ればだいたいわかる《分からないのもある》)
0	@axes_cl220 あの一発目はやばいって笑
-1	RT @Cu_rryUdon: YouTubeの関連動画から気になって聴いたけど、銀とは思えないくらい上手い。。。 【課題曲Ⅲ】復興への序曲「夢の明日に」(13年：平商業高校) https://t.co/OsGPFcaAP5
1	これ中学生の時すごく感動した気がする。その後の交響曲も含めて
1	RT @Cu_rryUdon: この年になって思う東北の選曲のセンスの良さ
0	RT @Cu_rryUdon: 元気の押し売りのようにスミスや外人のオリジナルばっかりやるようなバンドは嫌いですね。。。(精華除く)
0	RT @Cu_rryUdon: Tknwd
0	RT @Cu_rryUdon: ガイーヌが始まったと思ったらダフニス？ってなるような曲 これわかる人いるかな？ 福島県立湯本高等学校 交響曲第一番より https://t.co/CUHPyknotV
1	@axes_cl220 やっぱり磐高頭いいから指導者変わってから指導者の色に染まるの早いなー
1	RT @_7772304267591: 吹連のコンクールを、全面認めている訳でもないんだけど。楽しいし、他のバンドも沢山聴けるし、出るか !! 演奏する曲は、指導者が、確かな意識・知識・目的を持って、決めること !! それだけ、教育に責任を持とう。部活は、教育の一環、学校教育の…
0	久々のみんなに会えたー！
0	＋相馬高校の人にも会ったー！
0	RT @fummyw: 『サンバ・デ・ラブズ・ユー』『チュニジアの夜』『サウスランパート・ストリート・パレード』にハープ入れたいな✨😉
0	@1009_madoka お仕事お疲れ様でした〜！
0	帰り道に大関、かひろ、あかねに会った
0	いつか、都合が付けばいわき3校パーカスででも食事に行きたいと 思ったつい先程の時間でした
0	RT @t_tkmbrass1203: ポスター出来上がりました！吹奏楽に限らず、合唱、アンサンブルもやるので是非聞きにきてください！ https://t.co/cPBucSt3UY
0	RT @joker_budou: あなたが選ぶべき人。 https://t.co/kcUL1mrjcB
0	RT @heppoco_Cond: 打楽器の人って凄いよね。 奏者が100人いようが、200人だろうが、常にソリストですよ。  譜面に最初の音から最後の音までSoloって書いてあるようなもんじゃないですか。  シンバルの譜面があって、音が1発しか無かったとしてもSolo  そし…
0	RT @iNewsFukushima: 磐城、湯本が県大会へ！【春季福島県大会・5日の結果】 | 高校野球関連 https://t.co/IledJm2Egj 5月4日、春季福島県… #fukushima 福島関連のニュース https://t.co/ioNannAd9U #福島
1	RT @fummyw: 磐高の定演聴いてて思い出したことがある。 私も高校生のとき学指揮だったので、湯高の定演で校歌の指揮したの。その頃からいわきの学校の定演オープニングの校歌が続いてるのって、すごいなぁと思う(*^^*)
-1	RT @fummyw: ちなみに、私が高校生のときは打楽器の変な差し入れシステムは浸透してなくて笑、桜、平商の子はお菓子とかお花とか。磐高の友達は超へんてこりんなぬいぐるみとか、自作のイラストとかをくれた記憶がある(笑)
0	RT @_7772304267591: 流行や格好良さで、選曲すべきでないことは、指導者としての最低限の覚悟。不心得な初心者のメンバーには、ハヤリスタリに影響されて、コンクールCD しか聴いていない、セマーイ了見のヤツを、見受けることがあります。指導者は、音楽の意味・音楽する意…
0	RT @masaO_3231: 湯本と平商の打楽器の差し入れは、色紙への寄せ書きが最近の流行り
0	平商パーカスから愛をこめて… 湯高パーカスから愛をこめて…
1	@m__clarinet 楽しいですよー！！
1	@m__clarinet おおお！見てくれてたのか！ スミス系はコンクールでやらなければ楽しいよ！笑
0	@m__clarinet スミスのどれかやったことあったりする！？
0	@m__clarinet きっとやる機会は待つより作れば来るよ！笑
0	宇宙の音楽バッチリ間違えてた
0	RT @heppoco_Cond: 【野外演奏最終兵器】 ホルン専用簡易反響板。  これがあるかないかで、ホルンの生死が決まります。  無いよりはある方が全然マシなレベルです。  生きろ、そなたは美しい。 https://t.co/ZxP4OU842G
0	天気雨 https://t.co/NeuXs9jf3f
0	RT @Tohoku_89: 県大会出場校決定  県北 聖光学院/福商/福工/成蹊/福島東/福島  県中 郡山/田村/帝京安積/日大東北/郡商  県南 学法石川/光南/白河実/須賀川/桐陽  会津 会工/会農/会津/喜多方桐桜/喜多方  いわき 光洋/東日大昌平/平工/磐城/湯…
0	@ryo_mycl 土日親の都合でこれから無くなった
0	RT @Cu_rryUdon: 【サウンドが綺麗な学校】 ･伊奈学園 ･習志野 ･湯本 ･明浄学院 ･玉名女子
0	RT @Cu_rryUdon: 【サウンドがシンフォニックな学校】 ･習志野 ･大阪桐蔭 ･常総 ･高岡商業(最近頑張って欲しい) ･明誠学院
0	明日は2ヶ月ぶりのアリオスの本番 大学生荒木頑張ります
0	https://t.co/a2sD47QIHl
0	RT @brassband_ch: 磐城高校の相馬流山。 全国大会で演奏されてるのは、これ一度のみ。 https://t.co/APtchmKukL
0	RT @sax_ringo8910: 【 根本直人編曲による、あのバッハ三部作から 】  久々にウインドギャラリーのホムペみたら…いつのまにやら出版されてたのね😅 https://t.co/cpx3R0FiTc
0	泉中トリトンエムファシスか
1	アリオスに早く付きすぎた
0	着き
0	よく考えたらフラコン始まるの10:00からじゃん
0	2階にいよ
-1	見たいけどチケット買うの勿体ないな
1	湯本一小の恒例のエビカニクス良かった笑 けんごさらにくそ上手くなってる笑
1	今年のフラコンメジャーな曲多すぎて
0	@m_azuki0920 プログラム買ってないや。。。
0	@loveuph サラスパは残してくれるそうです！
1	RT @1971masabe: 湯本 まさか湯本がミスサイゴンやるとは 笑 貴重な体験☺ 指揮者が変わって最初に聴いたけど、相変わらずいい音楽でした。 カンタベリーコラール難しいのにそう感じさせないのは凄い。
1	RT @1971masabe: いわき明星大学 セントアンソニーはびっくり☺ 流石に大人の(大学生か)演奏😌 年々パワーアップしてるような 笑
1	RT @suisou553: 明星大すごかった。  あのセントアンソニーはブラボーだわ。  ポップスステージもさることながら素晴らしい
1	RT @sax_ringo8910: 湯高、シンフォニックなサウンドは健在！！ しかし…良い意味でも悪い意味でも小綺麗なサウンドになった気がするなぁ。
0	アリオスでルーマニアの詩以来の(ダフクロも少しは入ってるけど)スネアをぶっぱなしてきた セントアンソニーヴァリエーションで
0	@L_OISEAU_DE_FEU 変わった！！！！！
0	@L_OISEAU_DE_FEU もういわきは先生がごちゃ混ぜに、、😮
0	@L_OISEAU_DE_FEU いわき明星大1本で！
1	フラコンは顔見知りが元気かどうか確認するのにも役に立つ
1	今の時期に音楽の作りとか完成されてると伸びしろがコンクールまでにあんまわかんなくなっちゃうから 今はちょっといろいろで不安定な時期で去年みたいにこのままじゃいい演奏できない！みたいなナーバス期に入りやすいけど焦らず落ち着いていい演奏してコンクールも頑張って欲しい！後輩達！
1	@ghk7W7n8b53Cmda ながしまくんが元気じゃないなんて状況想像出来ないから大丈夫👍👍👍😄😄
0	@ghk7W7n8b53Cmda 今初めて呼んだよ違和感しかないよ
1	RT @gatatchi: いわき明星大、素晴らしかったなあ。音楽はいうまでもなく、加えて打楽器のキレがピカイチだった！
0	@gatatchi ありがとうございます！！！！！
0	RT @kikuyagakki: GW最終日！！ たくさんのご来店ありがとうございました。 思い出ノートにもチラホラ書き込みが♪  常時開放しておりますので、見に来てください★ https://t.co/vb1GhpEEBH
0	帰れる〜！！
0	ミスドってる https://t.co/iP0Dggzrkl
1	RT @oncnhmch: 吹部男子って女好きでナンパに走る男と静かに楽器だけ愛して練習してる2種類しかいないような気がするっていう偏見
1	RT @fukurou293: コンクールで好成績を上げる、いわゆる伝統校でも、少なくとも３年経ったらメンバーはまったく入れ替わります。人数の多いバンドだと、去年のメンバーと今年のメンバー、まるっきり違うところもあると思います。毎年ゼロから創っているわけですね。過去にとらわれず…
0	RT @takvitz: 昔アマオケの練習で指揮者が「遊びでやってんじゃねーんだよ！」と怒ったのに対して「こっちは遊びでやってんだよ！」とキレ返した猛者がいるのを知ってる。
0	授業までで33分minutes
0	RT @sax_ringo8910: いまの磐高に地の精のバラードやって欲しいな あっ、マスランカの3番とかどうでしょう？（笑）
1	RT @calpis_mizutama: ＼総計1,000名にその場で当たる✨／  6月6日、「濃いめの『カルピス』」新登場 ♪ 応募はフォロー後に公式RTするだけ！ 結果は漫画で確認😚  #濃いめに仕立てたカルピス   5月16日AM10時まで実施中😊  詳細▶https:/…
0	RT @konohata4310: 毎月10日は''凍天100円の日''です。凍天→150円(税込) が100円(税込)!!!ワンコイン価格！あんこ凍天→170円(税込)が120円(税込)!!!(お一人様各10個迄となります。ご了承ください)対象店舗はセデッテ鹿島店、いわき一二…
0	RT @mattya_sweet: 「ＫｉＳＳ 紫いも&amp;抹茶」  紫いも果汁を配合した「紫いも」と、 京都石臼挽き抹茶を使用した「抹茶」の組み合わせ♪  ローソンから  #抹茶　#抹茶スイーツ　#greentea　#matcha https://t.co/5oCkY51Dji
0	あー、コンクール練習はこんな感じだったな〜とだんだん感覚が戻ってきてる。
0	高校現役時代より体力の消費激しいわ😇 年だ
0	@w_a1rc さすが湯本高校吹奏楽部48期不動心oneの部長だ、、、
0	@w_a1rc 打ってただけで疲れたわ https://t.co/lDr7UKwJGY
0	@misaki_926_n @w_a1rc さすが湯本のチューバ吹き、、
1	#あなたはいいゴリラになれるか わたしはいいゴリラに
0	@w_a1rc うわお笑
0	@misaki_926_n @w_a1rc やめて、やめて！、、、 そして股間、、、
0	@misaki_926_n @w_a1rc 教科書っぽいなとは思った！！！
1	打楽器ってソロ曲探すのも一苦労じゃないすか どうすればいいんだろ
0	@ghk7W7n8b53Cmda おお、、その手が、、！ ただ教則本系一切持っていないんだな、、
-1	@ghk7W7n8b53Cmda 小川民入手困難
0	バンドジャーナルに笠間がいる！
1	RT @calpis_mizutama: ＼総計1,000名にその場で当たる✌／  6月6日、「濃いめの『カルピス』」新登場 ♪ 応募はフォロー後に公式RTするだけ！ 結果は漫画で確認😚  #濃いめに仕立てたカルピス   5月16日AM10時まで実施中😊  詳細▶https:/…
1	さっきのバンドジャーナルに笠間がいる件は 日本ジュニア管打楽器コンクールのトロンボーン1位のやつで ご丁寧に吹いてる時の顔写真まで載ってた
0	@azu_sax_in5 それわかる〜
0	RT @k_w_ura: 金藤です https://t.co/foO3Ac6wDQ
0	@azu_sax_in5 吹奏楽特待だからやっとるんよー！！
0	寺田由美さんにフォロー頂いた！！
0	いわき駅って深夜に永久的に待てる場所がないから最悪
0	@azu_sax_in5 もちろん、お互い頑張るべよ！
0	そしてこの時間はだいたいパリピっぽい女軍団がたむろったりする
1	だいきって聞こえた気がするけどだいきなんていくらでもいるし気のせいだったのかな
0	@ryo_mycl あ、誕生日だったの、おつかれ！
0	@ryo_mycl おつかれじゃねえおめでと！
0	あ、法学のレポート
0	RT @FukushimaSuisou: →いわきの吹奏楽は中高だけではありません。まさかの休憩ナシに驚きつつも、昨年の金沢の全国大会より重厚かつ洗練された演奏を聴かせてくれたいわき明星大。説明不要の名指導者・根本直人先生就任5年目でバンドの方向性がかなりみえてきたなと感じまし…
0	https://t.co/ZJ9S9Ssrqr ちゃぼさん、、、！！！
1	先週の題名のない音楽会録画してて つばきれなから凄いってLINEきたから 見たらラテンパーカッションかっけーし 小倉先生もすんげーし  ほんとに凄かった
0	@w_a1rc こんなすげー人湯高に来てたんだなーって改めて思った笑
1	小倉清澄先生、保科洋先生、オリタノボッタ先生、小塚類先生、高木登古さん、この著名な先生方に指導していただけたのはすごい貴重な体験だったんだなー、と題名のない音楽会見て思った。
0	RT @de_detaawwwww: で、でた～ｗｗｗｗｗｗｗｗｗｗｗｗｗｗｗｗｗ腐女子ウケを狙って鼻にかけた中性的なキモい声で歌っちゃうクソナルシストインターネットカラオケマン奴～ｗｗｗｗｗｗｗｗｗｗｗｗｗｗｗｗｗｗｗｗｗｗｗｗ
0	あぶねー忘れてて見逃すところだった N響の｢ショス10｣ https://t.co/wF7HoDiI1t
0	いわき駅前恒例反原発オジサマオバサマ
1	とりあえず今ハッピー
0	@ghk7W7n8b53Cmda 楽しみにしてたーー
0	@ghk7W7n8b53Cmda ショスタコ音形めっちゃ叩くべティンパニ
0	@bs24_s テレビ！Eテレ！！！
0	@bs24_s 日曜日にやるよ！！夜9時から！
1	@sax_ringo8910 ひょえーいいですね、、 さすがに東京公演までは手が出せません、、いわき定期は学生割効くので毎年言ってるんですけど、、
1	RT @BigShine_Perc: #あなたはいいゴリラになれるか わたしはいいゴリラに
-1	RT @goodergoodest: 殺伐としたTLに福島県が！  　　　　喜多方       福島 　　会津坂下二本松相馬      西会津猪苗代本宮南相馬  三島会津若松　  郡山田村浪江  金山三島柳津　  鏡石小野楢葉 檜南下天栄泉崎矢吹石川広野 枝会郷昭和　　白河矢い…
0	いまおきた
0	@3105149sou おはようございます！！？
1	@3105149sou はい元気です！！
0	@3105149sou ありがとうございます、先輩😂
-1	雨降ってる時お腹痛くなるんだなー
0	RT @oganohikoni: 秋田西高校吹奏楽部の定期演奏会へ行く前に腹拵え！ ピリ辛ねぎみそラーメン（大盛）にしました。 小雨が降っていますが、皆様も是非秋田県民会館へ！ https://t.co/ipUZvNrUgq
0	明日はちゃんと桜が丘の定演へ向かいます〜
0	@skbc373 もち！！！！
0	またある英雄の記憶演奏したい〜 あれだけ楽しかった課題曲は過去に無いね！俺の中では
0	@takutaku521018 ありがとうございます！ 曲のテンポを揺らすかどうかは ずっと合奏で試行錯誤してたりしました！
1	@w_a1rc 俺達の代であの課題曲やれたのは幸せ！
1	@takutaku521018 とにかく楽しんで全国大会も演奏することが出来て良かったです！
1	@takutaku521018 おおお！そんなに褒めて頂けると演奏していた身にとってはとても幸せです！ 高木登古さんには毎年編曲していただいているので、マッチしたのかも知れません！
0	@drumming_rei オススメは保存が効く漬物とか キッチンペーパーとか 百均の太鼓とかタンバリン
0	@Cu_rryUdon 男性！
0	@drumming_rei なんか磐高の人たちいつもジャンルを統一した食品を送ってくるよね笑
0	@takutaku521018 ティンパニを担当しておりました！ 課題曲Ⅲを選んだところが少なかったので、全国の皆さんへ多少の印象は与えることが出来ていればいいなぁ！と思います！
0	@drumming_rei 大根持ち帰らされてた人いたからなぁ、、
0	@takutaku521018 打楽器パートで何度も繰り返し繰り返し練習していきました！ チューニングもどうやったら音が合うのかなどを楽器店の方や、講師の方にアドバイスをいただき、皆さんのおかげで出来上がったのがあの演奏ですね！
0	@takutaku521018 もうほぼ打楽器アンサンブルのような状態でしたね笑 手応えがあって個人的にはとても楽しんでいました笑
0	@takutaku521018 はい！ダフクロもとても楽しめました！ DVD見ると楽しそうにやりすぎて少し恥ずかしいくらいです、、😅
0	@takutaku521018 スネアは同期の担当だったんですけど、かなり上手いので全体をまとめてくれました！！！ ダフクロもみんなで話し合いながらこの打楽器はここではこういうバランスで、みたいな事をずっとやってました！
1	@takutaku521018 いえいえ！！嬉しいので大丈夫です！自分たちの演奏をこんなにも語ってくださる方がいるなんて！と思っています！
0	@takutaku521018 続けていない人が大半ですね、、、ただ、みんなで集まって高校に遊びに行ったりはたまーにしています！
-1	@takutaku521018 私達の母校は顧問の先生変わってしまったので、少し寂しいですが、、
1	RT @v35skyline: 佐波古のむかし　神さびて 夢まどかなる　丘の上 わが学び舎の　玻璃窓は 恵みぞ深き　太平の 御代の光に　照り栄ゆる
0	五月出費多すぎ、、、
0	まず最初に2100円飛んでった、、、
1	まだ2100円なら平和か、、、
0	@takutaku521018 そうです！
1	高３でスパーク2曲出来たのも良かったなあ
0	祝典のための音楽と宇宙の音楽
-1	@takutaku521018 そうなんですよ、辛かったです😢
0	@takutaku521018 今年から磐城高校吹奏楽部の顧問です！
0	@plumeria0517 売れ残りの｢勉強｣？？(⌒ ͜   ⌒)
0	#うろ覚えで描いてみよう https://t.co/IHkvsoo8JT
0	誤字だせー
0	@plumeria0517 もち🤗🤗🤗
1	@plumeria0517 嘘しかないだろそれは、、 人一倍寝てるくせに、、
0	@plumeria0517 いやいや、、絶対俺の方が負ける
0	@plumeria0517 結構がくんがくんなってない？？
0	RT @dragongarowLEE: 「わたしの戦闘力はいくらだと思っているのですか？」 https://t.co/RCNLezqTHt
0	@plumeria0517 俺的には笑
0	@iwata_0415 分かってるよ😭
1	RT @calpis_mizutama: ＼残り３日💥総計1,000名にその場で当たる✨／  6月6日、「濃いめの『カルピス』」新登場 ♪ 応募はフォロー後に公式RTするだけ！ 結果は漫画で確認😚  #濃いめに仕立てたカルピス   5月16日AM10時まで実施中😊  詳細▶ht…
0	@iwata_0415 なんで泣くんだよ！情緒不安定かよ！
0	@iwata_0415 なんのことって、、、😑
1	え！総合イーストコースト自由曲なの！！！ サイレンやりたい😮😮😮
1	湯高もホルン7人もいるしなあ  今年どこも面白そうだなぁ
0	#新しいプロフィール画像 https://t.co/HxCaHKBuO2
0	@ghk7W7n8b53Cmda 聞いた！！！ 何があったんだ！
0	@ghk7W7n8b53Cmda 顧問の皆さんも高齢化が進み、、、、
1	RT @FukushimaSuisou: →そして、顧問交代を迎えた3校のうち1校目、磐城桜が丘高の登場です。曲目はナヴァルブルー、復興と邦人のみのプログラムでした。1週間後の定期演奏会を見添えた選曲なのかなと思います。新しい先生でも、よくまとまった演奏でしたがこれがどのような…
0	RT @FukushimaSuisou: →次に、磐城桜が丘から異動してきた小山田先生率いる新生湯本高。「ミス・サイゴン」に「カンタベリー・コラール」を、お馴染みのシンフォニックなサウンドで聴かせてくれました。前よりもよくまとまっては聴こえてるのですが、より一層光るものがあれば…
1	RT @FukushimaSuisou: →そして、個人的に楽しみでありました平商業高の登場です。1月の定期演奏会以来になりますが、今年は特に前ベルがよく鳴っており、積極的な音楽づくりがみられると共に、強奏部でも割れない平商独特のサウンドも健在。今年こそセンチュリーホールにてそ…
1	RT @FukushimaSuisou: →ラストを飾りましたのは、湯高から異動した橋本先生による新生磐城高です。部員の順応性の高さには驚くべきものがあり、骨太なサウンドから橋本先生が持つクラシカルな要素がプラスされたような…そんな「火の鳥」でした。磐城高の新しい伝統…今後も追…
1	RT @calpis_mizutama: ＼残り２日💫総計1,000名にその場で当たる✨／  6月6日、「濃いめの『カルピス』」新登場 ♪ 応募はフォロー後に公式RTするだけ！ 結果は漫画で確認😚  #濃いめに仕立てたカルピス   5月16日AM10時まで実施中😊  詳細▶ht…
0	@oimopuni 福島勢基本黒ですよ！
0	コンチェルティーノやるんか、、！
0	こちらへ https://t.co/X5OmCd1npn
0	@ryo_mycl 前のドアの列
0	@ryo_mycl いっかいかい
1	@ryo_mycl 探さなくていいよ👍👍👍
0	@wonderg0 いやはや、絡んでないのにやってくれてありがとうございます！ 見ていただいているんですね！そちらもありがとうございます😄😄
0	今月アリオスきすぎだ
1	いい演奏会でしたーーー！
0	もういわき駅
-1	なんか、自過剰とかじゃなくて、 今日めっちゃいろんな所から視線感じてふしぎだったあ
1	RT @kmkJPC: 【EthnicCity】フォールドラム×エスニックシティコラボ企画！折りたたみスルド発売開始しました！ ＃フォールドラム ＃Foldrum ＃ブラジル ＃サンバ 詳しくはエスニックシティまで! TEL03-3842-6042 https://t.co/1…
-1	@1971masabe 今年から出演順全県抽選になったのでどっちも狭き門になりそうです、、前半も後半も
0	@1971masabe OBとして取れるかどうか心配です！！ お互い頑張りましょう笑
0	@1971masabe ありがとうございます笑
1	@wonderg0 夏コンは全力投球でぶつかってたのでそう言われると嬉しいなぁ
1	今更だけど 演奏の時に蝶ネクタイするの慣れない 慣れないだけならいいけど 見る度に笑ってくるのは何なんだ 後輩たち、、
0	ソノーレが全国でやった 明桜が東北でやったショスタコ10番では 天野正道が編曲したから 二楽章入ってるんだよなぁ
1	@ghk7W7n8b53Cmda 二楽章の打楽器破壊力抜群だもんな
0	@ghk7W7n8b53Cmda 植松さん神ってるわ
0	きたぞー
0	今日は隠れてたのにまほに見つかったし パーカスの子たち(１年生)にも見つかったし
0	@odSped0 そういえば、今更ながら、岡崎さんはどちらのお方！？
0	@odSped0 福商さんか！！
0	@anna___bsj あちゃー
1	@odSped0 お名前聞いたことある！！ 確か県大会も聴いた気が！
0	@anna___bsj せっかく昨日ツイートしたのに〜😢
0	@anna___bsj だれかフルで録画してる近くに住んでる人に見せてもらうとか、、、、
0	@odSped0 プログラム見れば聴いたかどうか思い出せるだろうけどたしか聞いたはず！
-1	@anna___bsj そう考えると今回の寝過ごしは痛いなぁ😩
-1	@anna___bsj より辛い、、、
1	秋田南練習室も校舎もめっちゃ広いし綺麗だよなぁ 湯高の環境から比べると羨ましい😩
-1	社会人なのにくだらない、、
0	@uwasanos Amazon30000円分お願いします
0	RT @HoshinoMayu1227: 🌸 磐城桜が丘 定期演奏会  🌸  5月14日 (日)  時間↪︎開場13:00  開演13:30  場所↪︎アリオス・大ホール  📯入場無料です！ 🎷ぜひ来てください！ 🥁お待ちしてます！  #拡散希望 https://t.co/yk…
0	RT @k_r_r_l_l_: ティンパニーねこさん https://t.co/e34NWb4WHE
0	みんな年齢を重ねていくなぁ
-1	そういえば、受ける楽器軽い気持ちでスネアにしたけどスネアが一番得意ってわけでもないんだよな、、、
1	@Sae2338_horn いいなー
0	老後 https://t.co/HieIHDsap2
0	@puni3mura そうですか！？全然イケてないメンズなんですが、、😱
0	@puni3mura やっぱり地域によって肌質とかも変わってくるんですね！
0	@M0a2m1e2 今なわけなかろうよ🤢🤢🤢
1	@puni3mura たしかにいろじろはおおいかもしれません！！！
0	@zYFSyCoPwHJ9U8C @M0a2m1e2 なんかめっちゃ騒音鳴らしてそうな顔してる
0	もっと老けた https://t.co/KQx4dJ47x8
0	@kokotan_pon お札になってそう
0	@axes_cl220 そうか！？
0	@kokotan_pon えー笑
0	@ApKeArNcE 爬虫類みたいになってる
0	@axes_cl220 あーわかるかも
0	RT @nnn40Brass1: 磐城高 ディオニソスの祭り/シュミット https://t.co/qBA7q2UfSL
0	ねっとりディオニソス
0	@lWAKl おでこ
-1	@lWAKl 元々変、、、
0	@ApKeArNcE 新ジャンルすぎないか、、、
1	@lWAKl 根はいいけど9割変わってるって紹介するわ
-1	@lWAKl 9.9割変なやつって紹介
0	@skbc373 そうだね！
0	RT @firefoxist: 【耳コピ】 セブン銀行でお金引き出すときに鳴る音 https://t.co/dTsvld4c1s
0	@skbc373 よくお分かりで笑
0	@m_azuki0920 恐怖を与えてさーせんした！！！れ
0	@skbc373 あー、それならたしかに分かるか笑
1	RT @livedoornews: 【幻想的】「空と海」をそっと閉じ込めたようなアクセサリーが美しい https://t.co/J31e8Uvpt7  JIN（@planet9_shop）さん制作。「惑星ペンダント」は、雲に覆われた惑星をイメージしているんだそうです。 http…
0	RT @Megumi_Mother: 「彼氏(かれし)」→「彼ピッピ」 「志布志市志布志町志布志市役所志布志支所しぶしししぶしちょうしぶししやくしょしぶしししょ)」→「ピッピ布ピッピピッピピッピ布ピッピ町ピッピ布ピッピピッピ役ピッピょピッピ布ピッピピッピピッピょ」
0	オーディション知ってる人も多数で助かった
0	でも受かるかわかんねーこえーー
0	明日明後日バイトや
0	湯本の後輩かなりオーディション受けてる
0	RT @mickey_trumpet: 福島県立磐城高等学校 「無伴奏ヴァイオリン・パルティータ第2番ニ短調」より シャコンヌ https://t.co/2KjuC9NGWD
0	RT @mickey_trumpet: 動画の時間が長くなったみたいなので試験投稿です！ https://t.co/xoNwveMLjB
0	RT @mickey_trumpet: 大曲吹奏楽団 ｢交響曲｣より https://t.co/ZtoSvISC3m
0	RT @mickey_trumpet: 復興 創価グロリア吹奏楽団 https://t.co/5nU3VZ1Sd3
0	中村睦郎氏
0	@puni3mura そんなにからいですか！？！
0	@puni3mura 大滝さん
-1	@puni3mura ふあーーー、つらいですね、、
0	みさきとありさのお母さんに遭遇in学食
1	バンドクリニックってこの時期だったのか 懐かしい
0	@axes_cl220 まじだよーー笑
0	@misaki_926_n なんかあった笑
0	@misaki_926_n そう、撮られた笑
0	@axes_cl220 タニタ食べてたよ笑
1	大輝さんは 全国大会 で課題曲3と自由曲ゴッドスピードを演奏し、銀賞でした。 得点75 講評 課題曲…音の終わりの処理が雑です。 自由曲…コントラバスは存在感を！ https://t.co/gqUVCUTOcu
0	@misaki_926_n けせよーーー笑
0	@axes_cl220 @misaki_926_n 多分ちょっと太った
0	アリオスもどんどん大物を呼んでるなぁ！
0	いやー帰りたい
0	RT @otakeTrp: この間今年中学に入学して吹部に入った新入部員の1年生に会ったんだけど、その後気がついたこと。今年の新入生って赤学年なんだわ。それって俺が小6の頃、その子は小学校入学すらしてなかった。そういうわけよ。やばい。やばい。
0	これ、(RT
0	今の中学一年生六つも年下、、
0	⚡️ "いろいろ動画" 作成者: @BigShine_Perc  https://t.co/6zviKvBvek
0	RT @himithu_ikimono: 【ホッキョクギツネ】 北極原産の小型のキツネ。 極寒地帯に生息するため毛が非常に厚い。 寒さに非常に強い生き物で マイナス50度の地域にも生息している。 https://t.co/leTNc8B6Yy
0	今日まさかのたつひこ先輩が和民に来るという衝撃
0	RT @k_w_ura: Elvis Costello  あの人にしか見えない わかる人にはわかるはず https://t.co/SgyLPB3Du1
1	RT @fukurou293: 『去年の』課題曲、全部おぼえていますか。１年経つと忘れてしまっていたり…。これを、課題曲の質が下がっていることが原因だなどと言う人もいます。そうなのでしょうか。ほんとうに真剣に取り組んだ曲は忘れないのではないでしょうか。真剣に汗を流して取り組んだ…
0	Twitter治った
0	RT @asahi_fukushima: 第６４回全日本吹奏楽コンクールの高校の部で、東北支部代表として出場した磐城、湯本は前半の部で銀賞を受けました。 #吹奏楽 #吹奏楽コン https://t.co/LQT2JnssBV
0	RT @yuki_rinsan: 第33回定期演奏会のご案内です！ チケットお求めの際はご連絡ください🎫 https://t.co/s93y0TIHts
0	RT @Ostimusic: There's finally a recording of my prog metal inspired piece, Liminal.  https://t.co/1043JvLrsH
1	RT @chuokubo: 【注意、危険】  毎年のことですが新しく吹奏楽部に入った打楽器パートでこの伝統的なストレッチで手を痛めての相談がきています。  私自身はこのストレッチは必要ないと思っています、留学してたときもするべきではないと習いました  伝統はあるかもしれませんが…
-1	手首が曲がるからと言って手首回る訳では無いからこれリスキーだなっては思ってた(RT
0	受かるかね、、
0	あしたはスーツ忘れないようにしないと
1	RT @stnroh621: とるびあるさんは 1RTで自分の担当楽器 2RTで吹いてみたい楽器 3RTでもう1度吹きたいと思う曲 4RTで吹奏楽部に入った理由 5RTで自分の楽器の良いところ 6RTでバストロンボーンの第一印象 を答えてください！ https://t.co/8…
0	RT @1971masabe: HPによると県大会の審査員 (中高小編成、小学校、大学、職場一般) 大浦綾子氏 小川佳津子氏 神代修氏 郡恭一郎氏 都賀城太郎氏 仲田守氏 福島弘和氏  以上７名
0	ちゃぼさん主催の公演が終わり、いまから明星大へと向かう
1	@kyonkikki384709 オーディション終わりました！ありがとうございます！！楽しかったです！またよろしくお願いします！
-1	本調子の30%も出ませんでした荒木 あれは辛い
0	@N06111010 おつかれ！あの審査員メンツはだめだ🤢
0	@N06111010 まじ死んだあああ
0	@N06111010 いたね！
0	@N06111010 話しかけるの勇気なかった😮
1	受かってるといいなー
0	RT @pokkon_2525: @0220nicole  にこるんと顔交換したよ(·∀·)ﾆﾔﾆﾔ https://t.co/tTreM3znjk
0	@tnctake 東京に湯高なんてあるの！！
0	@tnctake おおお、びっくりした😏
0	@tnctake がちで！？！？！ いろんなひと！？
1	@tnctake いやー、賞以上にそういう聴いてくれる人の感想ほど嬉しいものはないわ
0	RT @ArtsJpn: Andreas Lie (アンドレアス・リー)の作品。  「ノルウェイの森」  ノルウェーの動物と風景、二枚の写真を重ね合わせて作品を制作しています。 生息地のイメージで満たされた幻想的な動物の姿が表現されています。 https://t.co/tQeY…
0	RT @SSkicaptain: 福島大会　決勝戦 試合終了 いわき光洋（いわき1）3-18 聖光学院（県北1）  聖光学院が優勝！  東北大会出場は聖光学院、いわき光洋、東日大昌平。
-1	@__ki25ho__ 辛いね、、！
1	RT @eleclapia: 盗難被害に遭いました。 7年間使ってきた大切なB♭クラリネットです。クランポンのE-13 SP、型番はBC1102-2-0、シリアルナンバーは202504です。もしどこかで見かけた方はご一報ください。
0	RT @BeanCashew: 私の楽器が盗難に遭ってしまいました…アルトサックスのYAS-875EX、製造番号はD94058です。首都大東京の部室から、恐らく土曜日の午後以降に盗まれたものと思われます。もし楽器店、リサイクルショップ、ネットオークションなどで見つけた方はご連絡…
0	RT @harurun8673: 後輩の楽器が盗難被害に遭ってしまいました。クランポンのE-13のベークラリネット、シリアルナンバーは202504です。恐らく金曜日（5月19日）の夕方以降に取られたと考えられます。もしリサイクルショップ、楽器店、ネットオークションなどで見かけた…
0	@__ki25ho__ 高校の時テストで苦しんでたの思い出すわ、、、
0	RT @wing334: ポプテピピック最新巻の広告クソ過ぎてクソ https://t.co/e0pxzwFSSO
0	やばい人２人
0	かなりやばい
0	RT @nishikawa443: フレーバーは5…………2種類 https://t.co/eB7ssTvx4I
0	1時間半集中人狼
0	in厚生館
1	RT @ShotaPokemon: ゲーム主人公の名前を変えて遊ぶネタがおもしろすぎるｗｗｗｗｗｗｗｗｗｗｗｗｗｗｗｗｗｗｗｗｗｗｗｗｗｗｗｗｗｗｗｗｗｗｗｗｗ https://t.co/cy0PzkwC6I
0	RT @rossoyuuya1: #見たらRT  吹奏楽コンクール課題曲 いろいろ訂正が出ました  #吹奏楽部 #吹奏楽コンクール https://t.co/qerRa39oY7
0	バス疲れる
1	RT @yukipiano1: 15曲ある交響曲のうちの傑作（交響曲 第10番）綴りのイニシャルから取ったDSCH音型「レミドシ」という音はスターリン体制から解放された自分自身(作曲家の自画像)である～この解説はいい♥️ Paavo pointed it out clearly…
0	素人で金とってレッスンするって、、
0	Twitterで最近そういうプロ気取りのやつ多すぎだろ、、
0	@ghk7W7n8b53Cmda なんでやねん
0	@N06111010 でしょん！？
0	まだひとりいわき駅に
0	くそーあたまいてええ
-1	具合悪いながらラジオだけは聞きます、、、
0	RT @fmiwaki762: 【音楽会の夕べ】今夜は3月25日（土）に いわきアリオス大ホールで開催した 『福島県湯本高校吹奏楽部 第39回定期演奏会』の模様をお届けします。ゲストはもちろん湯本高校吹奏楽部のみなさんです。19：00生放送、23：00再放送。お楽しみに。#iw…
0	@gatatchi いえいえ🙂
0	上を向いて歩こうはドラムミスってるからやめて、、、
1	@tp970525  お誕生日おめでとうございます！ bicycleには十分にお気をつけください！！ 輝かしい20代になることを祈ります！
-1	@tp970525 おーっと公開処刑はきついのでスクショ撮るのでこのツイート消してくださいね♥ セントアンソニーヴァリエーションですね！ありがとうございます！！ 自転車のペダルはサドルしだいで届きます笑
0	@BTBTBTB__2 ピアノチェレスタ磐城出身ですよたしか、、！
1	@tp970525 そうですね！少人数でも大人数でもいいので演奏一緒にしたいところです😂😂
0	@yuuuu_trp あ、あ、あ、えーとですね、😶😶😶
0	@yuuuu_trp そうきますか、、！
0	@iwata_0415 @misaki_926_n ふたりとも好き勝手言って、、、
0	今日は熱でバタンしててずっと寝てたから明日復帰できることを願おう
0	バイトしなくては、、
0	誕プレまだ買ってない人とかまだ買わなきゃいけない人とかいるし、、、
1	@drums_0730 かっこいいです👍👍👍👍
0	@tp970525 あ、、、、
0	なんか体調悪すぎて  逆にいい気がする
0	@Posauneschwalbe わかってるぅ
0	練習風景かぁ
0	え！？昨日明星大に湯高の１年生来てたのか！！！
0	@sax_ringo8910 震災復興事業で1度東京佼成の無料コンサートをアリオスに聴きに行きました！
0	@sax_ringo8910 調べてみたらプログラムがありました！ https://t.co/3aEAbttRL8
0	@poyo_perc なおんど先生ではないんですね🤔
0	@poyo_perc 橋本葉司先生の方です笑！！
1	@poyo_perc いえいえいえいえ！大丈夫です！ フォローありがとうございます！
1	@poyo_perc 本当に大丈夫です！こちらこそ突然すみません😰😰
0	@sax_ringo8910 陽はまた昇るで感動した記憶があります！
0	@poyo_perc こちらこそよろしくお願いします！
0	https://t.co/MNnSLFl342 こちらが元動画
0	@sax_ringo8910 たしかもう1曲クラシック系で打楽器目立たない曲やってた気がするんですけど、当時中1の荒木はそこまで吹奏楽に興味がなかったので覚えてないんですよね😅😅
0	RT @ayanojopianist: 今日はTrio Sync.(トリオシンク)のリハーサルでした♫名の通り音楽のシンクロがとても楽しいです(^O^)とうとう3日後には名古屋公演がスタート！！31日は大阪、6月5日は東京公演です！ いわき以外の公演はなかなか無いので、この機会…
0	RT @Favstar_Bot: @BigShine_Perc ツイート 250❤️おめでとうございます！   https://t.co/zz88g02LBc  https://t.co/Y7S91Hbpqh
0	なにこれ
0	@sax_ringo8910 ええぇ、、、！🙄
0	みんな無料なのに飲むだけで3キロ痩せてる
0	RT @Tonkotsu_brass: 全国大会名演スペシャルvol.２４ 〜スミスの名曲を掘り下げる〜 https://t.co/gCKpmzrSvJ
1	華麗なる舞曲は洛南か精華か学芸館か磐城です それ以外認めません👍
1	上磯もいい感じ
1	近年の高校生の華麗なる舞曲は😰
0	@amnossax ああぁ！！ ノータッチでした😱😱😱😱😱 YouTubeにありますかね😱😱😄
1	@amnossax 楽譜に忠実ならとても好き😍 聴いてくる💪💪💪
0	@amnossax ほんとに中学生かえ、、、
1	大学で華麗なる舞曲をやれる可能性は、、、ないか？？？、、、
0	@amnossax ぱねえ、、、、、 人間じゃない🤢
1	@amnossax 地道に宇宙人に、、、
1	@amnossax 華麗なる舞曲のためだけに全国各地で楽団作ろ、、、、やりたい
1	@amnossax いいなあああ
1	@amnossax 個性はすごいよね
0	@amnossax それをねがう、、😭
1	この時間に起きたから コンクール関連の 懐かしい色々をTwitter検索してる
1	過去の栄光にすがるのは良くないんだけどね 不意に懐かしくなって調べちゃうよね
0	金、金、なんでもカネ そこまで堕ちたか、、
0	練習ああ
0	後輩達から色々聞いて ワクワクしてきた
1	俺も心機一転大学の部でいい景色見れるよう頑張ろう
0	RT @oifksm: くにみ「福島県は吹奏楽がさかんですよね」 いわき「わたしも」 相双「わたしも」
0	三年目で落ち着いたなあ
0	月曜の授業健康以外意味無いんじゃね？
0	@0126Reinoji 何回目のミスだよ笑
0	@0126Reinoji いや、見ないと笑
0	@0126Reinoji 講堂いるのかあ
0	@0126Reinoji 授業まで動きたくなああああ
0	RT @ginnbuti7: ランチパァック！ https://t.co/Plde1oSpFb
0	いやー、練習終わり。 ある程度まで譜読み進めるとあとは 自分がいかに表現できるかとの 闘いだな。小手先の技術力見せるより 打楽器で内面的なこと表現できたら かっちょええ。
0	@sinnku04535 フォローありがとうございます😄👍
-1	喉痛い
0	https://t.co/Et9C6h3b75 @YouTubeさんから  酒井さんが言っているのがこれならば 似ているかもしれない https://t.co/8fN77bZPkb
