1	@sesame_clover  べつに安もんだからいいよ べつに気にしないし、べつにショックじゃないよ べつに悲しくないし べつに安もんだからいいよ
0	😎🕶🎸
0	MIDIキーボード欲しいなあ〜。
0	@rumor13579  （´-`）.｡oO（作るのも興味あるけど、アレンジがやってみたい
0	@rumor13579  なんにも環境整ってないからそっからなんよね〜(´･ω･`) まだパソコンしかない笑
0	@rumor13579  うむ(*ﾟ-ﾟ)
0	@rumor13579  おおお、ぜんぜん分かんないから頼りになる(*ﾟ-ﾟ) むっちゃ欲しい(*ﾟ-ﾟ)
0	@rumor13579  ほうほう、参考にする！
-1	どちゃくそ甘い洋菓子かどちゃくそ甘い和菓子食べたい
-1	なんか買いいこ≡┏( ^o^)┛ あと大嫌いな証明写真とりいこ≡┏( ^o^)┛ やだ≡┏( ^o^)┛
0	トレンチ 証明写真いやだ https://t.co/qS8WQx3vwr
1	すごく良さげな紅茶を買った 部屋片付けて淹れよ≡┏( ^o^)┛
0	それじゃ、次の曲きいてくれ！！！！ https://t.co/70OhdKQLk5
0	増えた https://t.co/Ji6BkC3zMP
0	@mahi57m バレたか😎😎
1	@mahi57m  わー！おめでとう！ とーまおっきくなったなあ(*ﾟ-ﾟ)！
1	どちゃくそ可愛いヴィヴィアンの腕時計買った💫 早く届かないかな〜💫
0	米津玄師様がハチ時代の曲をセルフカバーするアルバムをください 需要ここにあります
0	来週末は東京〜んんん〜😎
0	@SongLiar  米津玄師様のリンネが聞きたすぎる ライブではパンダヒーローとかマトリョシカとかはやってたから可能性あると思いたい
1	昔通ってた小学校に仕事に来たけど懐かしさで死にそう
0	世界一受けたい授業ありがとう結婚しよう
0	@mana_2kid  んーっカラオケ行きたいねえ｡ﾟ(ﾟ＾ω＾ﾟ)ﾟ｡♡
1	お酒飲んだ後のウーロン茶とバニラアイスってなんでこんなに美味しいんだろうね お酒強くなりたかった
0	@mana_2kid  まなの優くんも聞きたい｡ﾟ(ﾟ＾ω＾ﾟ)ﾟ｡！
1	@gahao1028  しぬほどうらやましい！ 写真いっぱいください！ たのしんでください！！
0	自分めっちゃ褒めたい タワレコ予約できた褒めたい
0	@Your2116 よくやったな！！！！！！！
0	@Shiman_chuu  今週と再来週いくよ〜！ 東京住みたい(´・ω・｀)
1	@SongLiar  18話かわいいもうみんなかわいい
0	@SongLiar  目が笑ってなさすぎるドライモンスター
0	@Shiman_chuu  うん！土日！( ੭˙꒳ ˙)੭
0	とりあえず再来週のライブでは鼻血吹いて倒れる予定です
0	京都行きたいでしょ常に またお着物着たいでしょ常に
0	@Nose2640Nose  なおとも和装しよう
0	やっとダッフィーくん達が裸んぼじゃなくなる〜🎊
-1	今日は小学校でお仕事でした。 私達を見て「うわ！すげえ！俺将来あれになる！…………やっぱやめとこ！！！」って言った切り替えが早すぎる男の子も印象に残りましたが、MVPは、「〇〇ちゃん、今日の変顔はこれです！」って女の子に変顔見せびらかしに言ってた小2の男の子でした。
0	彼の将来がとっても心配
0	RT @gahao1028: ハワイに帰りたい
0	わかる
0	アプリゲームほんとに向いてない。 すぐ飽きる。 松でさえ１週間続かなかったからもうどんなゲームでもだめな気がする。
0	どーーーーーーーーーーん。 https://t.co/jTGhbFzmfB
0	首都でオタクしてました。 明日楽しみである🎌 https://t.co/3IEMtfkgq3
0	@TYmst12  まーじか！ めっちゃ都会に住んでるやん(*ﾟ-ﾟ)
0	@mana_2kid  見せられない顔してる♡
0	@mana_2kid  今度鑑賞会しましょう(強制)🙏🙄
0	また再来週会おうね
0	昨日から一泊で東京に来ています。とっても充実していてまた二週間後も来れると思うとわくわくして胸が踊ります。そしてこれがきっとこの旅最大の思い出になると思います。 飛行機乗り過ごしました。
0	@_sweettrap_  割とガチで泣きそう
1	うそ。 ちょっと楽しい
0	@bahhbahh21g  間に合ったと思ったら間に合ってなかった
0	@_sweettrap_  号泣しそう すきじゃ…
1	@mi___nam  うん！！！！そえじまなにがいい！！！！
0	@_sweettrap_  なんかね、時間通り行ったと思ったらもう締め切られてた
0	@mi___nam  わかった！！ 買ってくる≡┏( ^o^)┛
0	@mi___nam  わかったまかせて♡♡♡
0	予想外の延泊≡┏( ^o^)┛
0	@_sweettrap_  ほんと間違いない 肝に銘じとくわ
0	@_sweettrap_  それそれそれ 祝いたい飲もう！
0	@_sweettrap_  💪☺️ あと日にち合わせなね💪
0	今度こそさよなら東京 また２週間後
0	【定期】 2輪の免許欲しい
-1	もう3年くらい言ってるけど取ってないから一生取らないんだろうけど欲しいな
0	もうどちゃくそかわいいつらい https://t.co/J2a6nSKKSh
0	@_sweettrap_  わーい☺️💗🏩
0	@Shiman_chuu  ほんととりたい〜｡ﾟ(ﾟ＾ω＾ﾟ)ﾟ｡ けどお金と時間がない｡ﾟ(ﾟ＾ω＾ﾟ)ﾟ｡ 学生の時にとっとくべきだったって反省してる🌝
0	@gahao1028  ほちぃ
0	@_sweettrap_  おめでとうございます🎉🎉🎉🎉🎉🎉🎉🎉🎉🎉🎉🎉🎉🎉🎉🎉🎉💗💗💗💗
0	宮崎なう🌝
0	@Nose2640Nose  久々いったけどだいぶ変わってた！お店増えてた！ あとねあとね、でっかいゴキブリが手の甲に乗った！！！
0	@Nose2640Nose  ごめんごめん、誰かにこの事実を伝えたくて🌝
0	@Nose2640Nose  わかる自分でもそう思う
-1	@Nose2640Nose  30とかこわすぎる ホラーよりこわい ちょっと紹介して🌝
0	キヨみたいな人になろう💪
0	そうか、もし関東に就職したら牧のうどん食べれんくなるやん 考えものやな_(-ω-`_)⌒)_
-1	しんどい
0	Shibuya.K https://t.co/LaTzM2EeNS
0	マグロの聖地なう〜♡ https://t.co/UVpi96Bp5f
0	愛する人に会ってきます。一日目。 https://t.co/i7T4ZX3i9J
0	@rihito_k  あらそうなのですね！ 私も明日参戦しますよ〜(*´ω｀*) お時間合えばお会い出来ますように(*´ω｀*)
0	満身創痍 明日もあるとかやばい
0	@Nose2640Nose  胃袋ごとお土産であげるね
1	RT @Tsuki_Amano: 無敵のジュウゴネンジャー 1日目終了後の 搾り取られたわたしたち  スタッフのみなさんもお疲れっした！ https://t.co/nxrqFXdFj2
0	ほんとすき 明日も会えるなんて夢みたい おやすみなさい
0	やばい https://t.co/CileAslJLp
0	松目当てで来たけどAOA列もできてて気になった 来るのかな〜ジミン会いたかった
0	オタクしてる② https://t.co/MlOkprmYE2
1	大好きな人にもう一度 https://t.co/wpflCysrPd
1	@mana_2kid  カラ松くんの可愛さには負けます👏 会いたいよ〜！
0	最高としか表現出来ないほど最高なライブだった
1	こんなに幸せでいいのかってくらい幸せな1日だった
1	RT @Tsuki_Amano: 春爛漫！無敵のジュウゴネンジャー2日目、ザ・ファイナル 終了しました。  いやーーー久々に暴れたわ。笑 楽しかった！ 来てくださったみなさまありがとう。わたしを目撃してくれてありがとう。 https://t.co/WPuFJXoeln
1	胸がいっぱい 打ち上げも楽しかった〜(´；ω；｀)
0	@Shiman_chuu  東京すき
1	@SongLiar  ギャグ最終回への盛大な前フリ…のはず けどしばらくシリアスすぎて息してなかった
0	絶対関東就職する。 がんばる。
0	@mi___nam  まだなんとも言えないけどね、 もしそうなったら遊び来て(*ﾟ-ﾟ)
0	@SongLiar  ギャグしか有り得ないと期待してる！
0	ジェラくんがやっと部屋に来た〜(*ﾟ-ﾟ)♡
1	大好きな天野月さんのライブを見に東京へ行っておりました。 楽しかった〜😂 https://t.co/PjTv6YG2UM
0	TVQ本気出すの遅いもんやだ
1	「〇〇が好き」って言ってる人に対して「そうなんだ自分は嫌い」ってわざわざ言う人なんなんきっと人間じゃない
0	@Nose2640Nose  NAOTO！NAOTO！NAOTO！
0	@_sweettrap_  そうなりたい！ᕙ( ˙-˙ )ᕗ！
0	@_sweettrap_  仕事いつないのか分かんない… 逆にいつ暇なん！その日聞いてみるけど！
1	@sksks2_0309  行きたい！！！天気いい日に😎
1	@mana_2kid  大丈夫？(´；ω；｀)
0	@mana_2kid  わあああ(´；ω；｀) 職場のことだっけ？😭
-1	@mana_2kid  何かがあって仕事行きたくない日の前の日ってほんとに苦しいよね(´・ω・｀) 何もしてあげられんけどまたご飯行こ(´；ω；｀)
0	家帰ったら熱出してる妹が2人もいるとかホラー
0	@SongLiar  りゅうの家行ったらもらえるの？？？≡┏( ^o^)┛
0	なんかおりゅうのことりゅうって呼んでしまってキモい
0	@SongLiar  まじ？ めっちゃやってみたい
1	@SongLiar  ありがとう！ 意外と簡単そう！ちすずにもできそう！ やってみる！
1	RT @kiyo_saiore: ああああああああ可愛い😍😍😍 https://t.co/Hmf16t3F6m
0	頭おかしい(褒め言葉)
1	キヨかわいいなあ
0	今から入社式
0	あああ…入学準備なにもしてない(:3_ヽ)_
0	@mi___nam  いちまつやないか
0	@mi___nam  からまつは💢💢😡😡
0	@mi___nam  泣いてる
0	@mi___nam  わかる🙆🙆🙆🙆🙆
0	@mi___nam  あのね、妹達が風邪ひいて倒れてて話し相手がいないの だから1人で騒いでるの
0	@mi___nam  わかった(´・ω・｀)！
0	@mi___nam  はい(｀・ω・´)！
-1	病院から妹が2人帰ってきた 2人ともインフルとのこと こわい:(´◦ω◦｀):ｶﾞｸﾌﾞﾙ
0	@eri_chikak0_b0  絶対うつらん！！！！！！ マスクした！！！！！！！(今更)
0	桜見にフラフラしにいく
1	@mi___nam  お〜！ 今日お天気良いし散歩がてら良いね🙆
0	@mi___nam  それめっちゃ見たい(*ﾟ-ﾟ)
0	おかんからカメラ借りた https://t.co/eKLz5LCZ72
1	咲いてるのも勿論良いけど、散ったのも好き https://t.co/kXfzHIGvs9
0	証明写真が見つからない(作詞作曲ちすこ)
0	うわああああああああ☀️😍💦🙆☀️☀️🎉🎉🎉❤️❤️❤️❤️
0	寝ます
0	そえじまっぽいひと見たけど違ったら恥ずかしいので遠くから眺めといた
0	@mi___nam  博多南ヾ(:3ヾ∠)_ 自信なかったから声かけなかった(´･ω･`)
1	@mi___nam  ひええ ストーカーすればよかった😀 もしかしたら毎朝同じのに乗ってるかも≡┏( ^o^)┛
0	@mi___nam  どうぞお手柔らかにヾ(:3ヾ∠)_ お世話になります😙
0	@mi___nam  えええまじ遊びたい！！！ 遊びたい！！！
0	@mi___nam  17時半でおわる！٩(ˊᗜˋ*)و
0	@mi___nam  一緒か！ ご飯でも行こう🙆🙆
0	失敗作ごっこ https://t.co/fXFMPMlSm5
1	@humhum0310  うそー！？全然自覚ないし寧ろデブ化してると思うけどむっちゃ喜んでる😳 嬉しいぶんちゃんありがとう(๑˘ ³˘๑)
0	@sksks2_0309  頑張って伸ばしとるからな💪💪💪
0	@sksks2_0309  夏が来るから切りたい衝動に駆られると思う(´；ω；｀) 頑張って伸ばそ！
0	@mabukkoi  わー！！！ おめでとうー！(´；ω；｀)♡♡
1	昨日楽しかったな〜💙💜💙💜 また今日から頑張ろ💜💙💜💙
0	また会いたい🙆💮
0	@mi___nam  いる🙆🙆🙆
0	@mi___nam  4号車におるおるおるりん
-1	@mi___nam  あら惜しい！ いっつも6号車？？
0	@mi___nam  さすがベテランや😳 明日6号車目指す🤗
0	@mi___nam  研究家(*ﾟ-ﾟ) おっしゃー！がんばる(ง ˙ω˙)ว
0	また出てる那珂川www
1	@SongLiar  みどり市よりいいかなって
0	やっとだ。 やっと。楽しみに寝よう。
0	みなみちゃんいたから頑張ろう日本⍢⃝
1	@mana_2kid  これだけ抑えてたら良いよ！！！！ https://t.co/bW3VJQNcSP
0	@mana_2kid  カラ松くん！！！！！！！ 一松見切れてる😳😳😳
0	@mana_2kid  カラ松は次男！！！！笑 見てたらそのうち分かるようになるよ(`･ω･
1	@mana_2kid  そうー！🤗 はやくまなと松トークしたい😂❤️
0	@mana_2kid  うひひ 待ってるで待ってるで〜🙄❤️
0	@mana_2kid @mi___nam  テストに出ます💪💪💪💪💪💪💪 https://t.co/CW6PeLHMTY
0	@mana_2kid @mi___nam カラ松は🤗🤗🤗🤗！？！？！？
1	@mana_2kid @mi___nam  そう！痛い子なんだけど見ていったら良さが分かるから！絶対好きになるから！よろしくお願いします！！
1	@mi___nam @mana_2kid  いちまつかわいい😇😺😺😺
0	@mi___nam @mana_2kid  いちまつはねこ！！！！！
0	@mana_2kid @mi___nam  餌付けしたい
1	まだ揺れてるね みんな大丈夫かな
0	落ち着かないからヘルメット被ってる
0	もうなんかずっと揺れてる気がする
0	居間で末っ子が可愛過ぎて構いすぎちゃう親父と思春期で構われたくない末っ子の不毛な争いが繰り広げられてて笑ってしまう
0	玉葱イケメンかよ
0	@manjiyellow  え、なにそれ 誘われてないよ💢
0	@manjiyellow  毎日いるよ！
1	@manjiyellow  言っとく！ まだ日程とかは決まってない感じなのん？ てか2人のデートに私お邪魔していいのん？
0	@manjiyellow  なるほも 残念… 近いうち行こ！🙆
0	@manjiyellow  でもわたしはホモがすきなんです！！！、 いこいこ！たのしみ〜😇
1	@manjiyellow  ええええホモくれ 黄色くんは都合いい日あるー？
0	今日のは冗談抜きで三途の川見えた
-1	ほんとこわかった(´；ω；｀) 仕事中止になって帰っておる
0	気が狂う
1	JR SH2好き https://t.co/HYXRkH0AYY
0	@tegone1216  うそー！？！？ うちもおったのに(´；ω；｀)！！！
0	@tegone1216  あら、そうなのか！ 気をつけてね(´；ω；｀)！
0	米津ねこ https://t.co/H1if0l8WW5
1	@Shiman_chuu  学生だからね その点は自由だよ🙆
0	@Shiman_chuu  時間とお金がないよ
0	Neon Signほんとすきだ〜😂
1	@i7_de  口がうまいこと🙄
0	@Nose2640Nose  たべたい
0	RT @LiSA_STAFF: 全国「Hi! FiVE」ツアー初日・NHKホール、最高の5周年記念日でした！4ヶ月ぶりのワンマンライブに寄せられていた期待の大きさを感じます！ご来場ありがとうございました！これから全国回りますよー！おたのしみに！！ https://t.co/l3…
0	はーやーくーLiSA〜いきたい〜_(-ω-`_)⌒)_
0	バンテリンやばい、クセになりそう
0	あああコナン見に行きたい…あああ…
0	ヒエーッ新幹線にカビゴンおばさんおる誰かポケモンの笛持ってきて😂😂🙍
1	RT @news_line_me: 「勇者ヨシヒコ」公式が久々のツイート ファンざわつく - LINE NEWS  https://t.co/HXudpA5mIp 山田孝之主演「勇者ヨシヒコ」のTwitterアカウントが約1年ぶりに「おや！！悪の気配が！」とツイート。 http…
0	まじんこ！？
1	RT @itaru_414: アルタビジョンで勇者ヨシヒコの番宣流すと思ったら馬車で告知かよ！ ヨシヒコ流石だわw https://t.co/91SafNixFs
0	続編ﾔｯﾀｰ！！！！！！やったやったやったやった！舞ってる(ง ˙ω˙)ว
0	ふぇーい眼鏡新調した〜(-⊡ω⊡) https://t.co/UONrI0MUXX
1	@mana_2kid  めっっっちゃ嬉しい😂❤️❤️❤️
1	@mana_2kid  あら、そうなん！？😳 ヨシヒコほんとおもろいよね！ 腹抱えて笑うw
0	@goth_nk  いいな〜_(-ω-`_)⌒)_
-1	@i7_de  わらえん💢 むっちゃしつこい人で苦手すぎる💢 私の代わりにLINEして💢
0	@narumin130802  美人じゃ〜😂❤️
1	@narumin130802  そんなことある〜😂❤️❤️ 素敵💞
0	RT @hachi_08: ドーナツホール2016 https://t.co/MvI7xyWNjj
0	今年のコナンネタバレ:やばい
-1	@manjiyellow  黄色くんみた？ もう無理なんだけど安室と付き合うわ
0	@manjiyellow  さすが！ んんん親父にもぶたれたことないね〜〜〜ん
-1	@manjiyellow  わしもレイトショーやったんやがスカスカで両隣おらんくて贅沢に両肘置きつかったった！！ まじむりしんどいなんであんなイケメンなんむり 来年はせやかてくるね！たのしみ！
0	@manjiyellow  首痛くならん！？ やばいねお酒飲みながらバーローについて語ろうあと安室くんの良さについて語ろうせやかて工藤
1	やっぱりよもみ誘えばよかった… この興奮を共有したかった… もうよもみ見たかな… もっかいいきたいよ…
-1	@manjiyellow  迫力やばそうwww とりあえず居酒屋に安室くん登場するコミックス持っていくね キッド推しだったのに軽率に乗り換えようとしてる乗り換え割 今回の映画だけで軽く4時間くらい話せるんやで工藤
0	@i7_de  そのうち2人が恋に落ちちゃう可能性ある
0	@Nose2640Nose  なおとはイケメンだよ
0	@i7_de  ホモ進捗お願いします
1	@manjiyellow  多分最低でもあと1回は見に行く！ 大丈夫大丈夫！玉ねぎに持ってもらう！ まじっく快斗かわいすぎてどっちにしろしんどい酸素足りない
1	@i7_de  ちすこ純粋だから分かんないや なにそれ食べられるの？
0	@i7_de  へえ〜〜〜勉強になった！ 明日お友達にも教えてあげよ🙆🙆
-1	@i7_de  ガチ勢こわい😂😂😂😂
0	@i7_de  ホモとかまじむり〜😂💦💦💦
0	@i7_de  いやわたし女の子だから…………😇💦
0	@i7_de  わかる
0	@i7_de  は？イケメンかよ
0	@19azusa31  あずささんも見られてたんですね！ 私も今日見てきましたがやばかったです😭
1	さっきから溜息しかついとらん。 幸せすぎる。明日も頑張れる🤔💭頑張ろう🤔💭
1	@19azusa31  いやもう全くその通りです😲💦 可愛いしかっこいいしでたまらなかったです😇
0	@19azusa31  来年も神作の予感しかしないです｡ﾟ(ﾟ＾ω＾ﾟ)ﾟ｡ 楽しみですね(ง ˙ω˙)ว
1	@humhum0310  あおいくん大好き〜〜😭😭😭
1	@humhum0310  虎視眈々見たことない！見てみる🙆 白服さんかわいいよね〜😭みんな好き〜😭💞 あおいくんね、笑顔が素敵(*ﾟ-ﾟ)
0	@24kJky  コナンがもうまじで最高だったの_(-ω-`_)⌒)_
0	コナンカフェ行きたすぎて息してない
1	@goth_nk  多い！おかげでお金なくなるしカロリー摂取しまくり！もっとやって！
0	@0wOrz  コナンって新一らしいよ……
0	@0wOrz  にわかじゃない💢 まだ信じてないもん… コナンはコナン、新一は新一…
0	@goth_nk  あってたね〜！私も予約してたのに時間間違えて入れなかった勢だから仲間だ（ ;  ; ） また開催されると思うよᕙ( ˙-˙ )ᕗ
1	@humhum0310  あら！そうなのか！ どうやら整理券配布もすぐ終わっちゃって大人気みたい😭 福岡まだっちゃん〜😭
0	@humhum0310  ああああ（ ;  ; ）！！！！ やばいやばい最高やん😭❤️ そうなんよー！福岡開催されるのは決まってるんやけど福岡だけ未だにお預けくらってて泣いてる😭
-1	@humhum0310  短いみたい（ ;  ; ）！ ありがとう😭❤️ 絶対行ってくるᕙ( ˙-˙ )ᕗ！
0	@goth_nk  じゅっしは天使👼
0	@0wOrz  腹立つ💢 コミックス全巻家にあるわ💢 にわかじゃない💢💢
0	@19azusa31  福岡だけお預けくらってます😭😭😭 https://t.co/C5CYn0Klwz
0	@19azusa31  せめて開催日だけでも教えて欲しいです😭 絶対絶対行きます😭これ食べます😭 https://t.co/YRtCakrGPg
0	@19azusa31  人気過ぎて昼前とかに売り切れの店舗もあるらしいですwww
0	@tamanegi1250  こんどいこうよ 東京だけど
0	博多南www
-1	@manjiyellow  それ！コミックアプリめっちゃええ 軽率に買いそうになる持ってるのに YAIBAみたことないねんな、あれどんな話？
0	@manjiyellow  そういうメリットもあるんね とりあえず安室登場巻から一気買いしたい ほほう読んでみたい何巻完結？
0	@manjiyellow  あつい 買おうかな〜なやむ… 思ってたより結構あった！読んでみようかな〜！ きいてないぞ！
0	今年一番悩んでることあるねんけど
1	@choronpo  あら、そうなんですか？ 私で良かったら聞きますよ(´･ω･`)
0	@hinaa210 @0wOrz  ごめんなさいとっても大袈裟に言ったけど髪の毛切るか悩んでるだけですごめんなさい😳😳😳
0	@manjiyellow  え！？寿司まじ！？ いきたい！いつ！
0	@hinaa210 @0wOrz  あら！ 私の髪の毛あげよう🙆❤️
0	@choronpo  行きたいです行きたいです！(  ˆoˆ )/( ˆoˆ  )/
0	@manjiyellow  たまねぎ！今日きいとく！ 回らない寿司！？
0	@choronpo  那珂川におりますっ！
0	@manjiyellow  やったー！！！‹‹(´ω` )/››‹‹( 　´)/››‹‹( ´ω`)/››
0	@choronpo  ええっ！もう町民じゃないんですか（ ;  ; ）！ 那珂川飲み！しましょう！
0	髪切ったBBA https://t.co/jbu7FGngUG
0	@tamanegi1250  クソジジイ 夜？
0	@i7_de  推して
0	@tamanegi1250  鹿児島行く以外予定ないからいつでも
0	@tamanegi1250  あああ 2は学校やん  5の夜？何時帰ってくるかしらんけど
0	@i7_de  握手会きてくれ🤔💭
0	コナン見に来たらゆうやさんに会ってわろた
0	2回目ﾌｧｲ https://t.co/Fh290ax4Rt
1	安室くんかっこよすぎて息してない
1	@sksks2_0309  おお！見に行ったのね！ かっこよすぎるよあのふたり😭 もう2回見たけどまた見に行く〜😭♡！
1	@sksks2_0309  だよねだよね！ ほんとかっこよすぎてずっときゅんきゅんしてた〜（ ;  ; ）
0	@SongLiar  ちょっと違うかな
0	@i7_de  やらん 彼は私のだ
0	@i7_de  だめ 絶対許さん てかコナン映画見た？
0	@i7_de  明日行きなさい
1	今日は新天町歩いてたらうえひろを見た。 最近スペギ運すごい
1	秀才が今にも寝そう。うつらうつら可愛い。
0	@i7_de  年下の男の子
0	@i7_de  彼氏じゃないけどな
0	@i7_de  アイドルは恋愛禁止やからな〜(真顔)
0	@mi___nam  そえじまの名前つけるシリーズすき
0	@mi___nam  え！やった！ 成長が楽しみだね〜！
1	@mana_2kid  今日だったのねー！！ いいないいな羨ましい〜♡
0	@mana_2kid  楽しめたみたいで何より🙆❤️ 感想たくさん聞きたい〜(  ˆoˆ )/
1	@mana_2kid  たのしそ😭♡ 天気良くて良かったね〜٩(ˊᗜˋ*)و
0	🤔💭❓
-1	さすがにきつい
-1	きついから誰か角島連れてって
1	@mi___nam @mana_2kid  行くんかいいないいな 連れてってくれ〜〜〜🙏🙏🙏🙏🙏
0	新OPあかんやろ これ色々あかん ありがとう
0	@mi___nam @mana_2kid  着いてきてwww 何食わぬ顔でついていきたい
0	@mi___nam @mana_2kid  いけるかないけるかな！？ てかてか写真撮ってきて〜！ 写真見て行った気になる作戦🤔
0	@mi___nam  だいじょぶか
0	@mi___nam  なんとなく分かるようなきがする ごはんいこ(:3_ヽ)_
0	@mi___nam  いやなんか何のことか分からないけどすごく分かる（？） いこ！ 金欠おばさんやからお高いとこは無理だけどそれでよければヾ(⌒(ﾉ'ω')ﾉ
1	@mi___nam  わかるそれな、色々吐き出そ_(-ω-`_)⌒)_ やったやった〜！博多でも那珂川でも良いで庶民派ディナー行こう！
0	那中なう😘
0	ありさせんぱいにあった〜😳❤️❤️❤️❤️
1	懐かしすぎて泣きそう https://t.co/g8VWUyMnX0
1	部活動行進見るの楽しすぎ😇 吹奏楽とソフトかっこいいしバスケ部めっちゃ部員多かった😳 戻りたい😇
0	青春だったねえ🤔💭
0	@mi___nam  生きてたよ！ 男の子相変わらず水着姿だった💪
0	@mi___nam  多分うちらがいた頃そのままの部活構成だったと思う！ むしろどの部も部員増えてる気がした🤔💭 戻りたい〜😇😇
0	@mana_2kid  そうー！！ あの頃思い出して泣いちゃいそう😂
1	@mana_2kid  わかる中学が一番青春してた〜😭♡ 毎日楽しかったな😩
1	@mana_2kid  今すごいよ水飲み場なくなって自販機できとるしプールも屋上よ😳 ほんと！毎日笑ってた気がする🤗 今度あの頃の運動会のビデオ鑑賞会しよ😘
1	@mana_2kid  ね、10年でここまで変わるんやね〜😭！ でも体育館とかはまんまだったよ、懐かしすぎて涙出そうだった😇 しよしよ！アルバムも見よ！ わかるわかる、毎日何やってたっけ笑
1	@i7_de  かわいいセーラー着たかっただけの人生
-1	最近絵文字を覚えたらしい親父からのラインがかなりうるさい JKかな？ https://t.co/RNNvcfCOeI
1	@mana_2kid  年取ったね(´・ω・｀) 今年24ってやばい😇 ね！近いうち会おう〜😘😘
0	@i7_de  いやもうさすがにあかんやろBBAやで
-1	@mahi57m  仲いいのかな〜😳 ちょっとしつこくてやかましいとこあるよ🤔💭
0	@mana_2kid  おばちゃん😭やだやだ😭 話したいことむっちゃある〜！ まなお休みの日とか決まってるっけ！
-1	@mana_2kid  なるほど！ 私平日が逆にあかんから日曜日都合合う日あったら教えて😘 今月厳しいから来月になると思うけどランチでも🤗❤️
0	@mana_2kid  わあやった😘 ありがとう！来月になったらまた連絡するね何食べたいか考えてて٩(ˊᗜˋ*)و
0	@goth_nk  着せ替えー！ キーボードはSimeji🙆
0	うむむむ…せっかくのチャンスだったのに_(-ω-`_)⌒)_
0	@hinaa210  わーひなちん博多駅おったん！？😳 私も今の今までおったから会いたかった〜😢
1	@hinaa210  わあああぎりぎりすれ違いやったのか〜😭 17時30分以降なら学校終わるから大丈夫よ〜😳❤️
0	米津ライブ行きたい_(-ω-`_)⌒)_
0	@eri_chikak0_b0  わし最近乃木坂聴きながら勉強してる😇
1	@eri_chikak0_b0  こないだ初めて見たけどむっちゃ面白かった！ 私も日課にしよ😇
-1	@eri_chikak0_b0  それおもう😭 生田ちゃん可愛すぎ無理😇
0	@eri_chikak0_b0  そうそこ！たまたま見たのその回やったんよ！ あかん何この子可愛すぎやってなってからずっと聴いてる😳
1	@eri_chikak0_b0  まじかわいい天才😇 とりあえずアルバムずっと聴いとるwww
0	@eri_chikak0_b0  おすすめおしえて🤔
0	@eri_chikak0_b0  どっちも入ってた！ ありがとう！聴いてみる🤗
0	どうも、神です
1	学校の友人に一番好きなアーティスト尋ねたら「きっと知らないと思うんですけど、天野月子さんって方です…」って言われた時の私のテンションの上がり具合といったら
0	@Shiman_chuu  暇を持て余したしまんちゅのあそび
0	水族館デートしたい
-1	@SongLiar  あーそうそう！関サバ関アジのコーナーはほんとにテンションあがる…ってやかましいわ
0	@mi___nam  お、まじ？ マリンワールド？
1	@mi___nam  リュウグウノツカイっておっきいやつ？ 氷漬け？😳😳
0	@mi___nam  まじか全然イメージ湧かない🤔💭 行きたい〜😭
-1	@mi___nam  ええええいくうううう！！！！！！ いくいくいくいく
1	@mi___nam  愛でる！ 土日どっちでもいいけどできたら日曜日が良いです🤔💭
0	@gahao1028 @i7_de  お2人でどうぞ
0	@i7_de @gahao1028  ツーショット撮ってきて😇
0	朝ごはん(エクレア) https://t.co/t3vtAqpgB1
0	@gahao1028 @choronpo  体内から綺麗にしていくスタイル
-1	@_sweettrap_  えーりん不足しててつらい デートして
-1	@choronpo @gahao1028  がはおはヤンキーなのですね(´；ω；｀)こわい(´；ω；｀)
0	@SongLiar  ▂▅▇█▓▒ (’ω’) ▒▓█▇▅▂うわぁぁぁ！！
1	@_sweettrap_  元気してる？ちゃんと飯食ってる？
0	@2saki8  でしょ！コナンショップで買った🙆❤️
0	@19azusa31  私はまだ行けてませんが妹たちがオープン日に行ったらしいです🙆！
1	@cnn1023  妹が結局オープン日に行ってくれた！ 早く行きたい😢
0	@19azusa31  そうなんですよね、まさかの北九州でした😭 なんか噂では天神にもできるかもって言ってるんですけどどこまでほんとか分からないです😭
1	@cnn1023  はやくいきたいたべたい〜😭 はよはよ〜( ˘-˘ )
0	@19azusa31  ほんとただの噂なんですけどね😭 サンドイッチ食べたすぎます(´；ω；｀) ただ謎に北九州だけ5ヶ月もコナンカフェやるみたいなので、ちょこちょこ通おうかなって思ってます🙆笑
0	@19azusa31  めっちゃ長いんですよ🙆 楽しみましょ〜😳！
-1	RT @natalie_mu: 米津玄師「シンデレラグレイ」がBGM、元乃木坂46の伊藤寧々主演ムービー https://t.co/cUjKARcopN https://t.co/wnTsMuvCjV
0	今更見た シンデレラグレイ大好き
0	@mana_2kid  わー！だよねだよね！ 1日1回は聴いてる( ˘-˘ )♡
0	♡_(-ω-`_)⌒)_
0	🤔💭🏖👙🍉🎇⛱🎐  😳💭❤️😍💑👫💏⁉️  😳💭⁉️  🤔💭❓❓❓❓  😇💭🏫📝📝📝📝📝📝📝📝📝📝📝📝📝📝📝📝📝📝📝📝📝📝📝📝📝📝📝📝📝📝📝📝📝📝📝📝📝📝📝  ⚰
0	がんばろ😇
1	今日は化粧ノリ良くて調子に乗って自撮りとかしてたらハンカチ忘れたから自撮りはクソ
0	‹‹(´ω` )/››‹‹( 　´)/››‹‹( ´ω`)/››
0	あづい。溶ける。 かき氷くれ。
1	@mi___nam  なう？ うらやまじいい 楽しんできて('ω'≡'ω'≡'ω'≡'ω'≡'ω')
0	京都行った時にふらっと入った素敵なバーが閉店しちゃったみたいだ もっかい行きたかったな〜😢残念😢
0	@gahao1028 @i7_de  京都つれてって〜😇
0	@gahao1028 @i7_de  やったー！ 明日朝8時に博多駅ね！！！
0	よもみわずった 写真が全くない 買い物もできたしたくさん色々話せて満足〜さんくす 安室かわいかったまじ彼氏 https://t.co/2KINVAhKqO
0	@cnn1023  グッズ探すね！ また来月！
0	また明日から頑張れる〜😇
0	逃がしはしない👀
0	最近ずっと頭痛に悩まされててバファリンに頼りすぎてたら耐性付きまくったのか効果薄れてきたので薬飲まずに冷えピタ貼るのにハマってる https://t.co/QHrV2MA9C9
0	@eri_chikak0_b0  熱は出んのよね〜_(-ω-`_)⌒)_ また今日から頑張る頑張ろ💪
0	@Shiman_chuu  でしょ〜！ お気に入り🙆
0	@eri_chikak0_b0  がんばろ！ あついね！がんばろ！
0	シンデレラグレイ好きすぎ問題 毎朝+2でリピートでひたすら聞いてるからそろそろシンデレラなれる（？）
0	年内に就職先決まったらバイクの免許とりいきたい
0	@gahao1028  くそ頼りにしてます先輩
0	@gahao1028  免許とったらツーリングいこ！
1	@gahao1028  完全にノープラン 細くてかっこいいのがいいな！
0	@gahao1028  4枚目すき！
1	@gahao1028  まっくろが好きだからかもしれないけど1枚目すげえ好きかっこいい
0	@anjera_shiori  実はもう去年にやめたよ〜！ 今は専門学校いってるの〜( ˘-˘ )
0	@gahao1028  そんな変わるんだ！？！？
0	@choronpo  了解です(　・ω・)ゞ！
0	@anjera_shiori  ありがとう〜😊♡
-1	@gahao1028  250trってなに( ˘-˘ )！ ほんと全く分からんくてむずい🤔
1	@gahao1028  すごい！助かる！ 眺めとく🤔
1	@0wOrz  え、かっこいい〜！それにしよ〜😭！ でもまだ免許もっとらん😢
0	@ESHIma_KOUdai  こーだいおたおめ！
0	@ESHIma_KOUdai  やらんけどおめでとう！
0	九大生に勉強教えてもらった〜🤔 いまからコナン見てくる😇😇
0	@manjiyellow  うへへ五回目！
0	コナン5回目行ってきた 最高です😇😇😇😇😇😇😇😇
0	また明日から息できる😇😇😇😇😇😇
0	@manjiyellow  最高じゃった…
0	@manjiyellow  黄色くんも劇場へいくのだ
0	@manjiyellow  おっ！ええね！！
0	何度も言いますが今年のコナンはR18です。子供は見ちゃいけません。安室くんえろすぎます。寝ます。
0	@manjiyellow  とりあえず今月はもう無理やね〜、来月がいいな！
0	RT @kiyo_saiore: 福岡と長崎にレト牛ガッチと旅行行ってきました。私は主に何をしていたかというとハトに餌をあげてました。この後ありえないくらいハトが寄ってきました。以上です。 https://t.co/DZ22tFcAvr
0	は！？！？！？！？
0	うっしーとれとも来てたの！？うそやんどこ行けば会えたん！？！？は！？
1	@SongLiar  がっちまんあんま詳しくなかった😇
0	帰り道に見つけた。 夏だなあ。。。。 https://t.co/qNHSCTcipV
0	明日は京都行きます おやすみなさい
0	@cnn1023  え、まじ？ 私も今日大阪いくよwww
0	@cnn1023  まじwww 今日はこれといって目的ないから大阪着いたら荷物預けて京都行くつもり！ よもみ何しに行くん？？
0	@cnn1023  引越しの手伝いなのかー！ 時間合えば会おうぜ！笑 何時に帰ると！？
1	@cnn1023  わーい！ 暇だったらでいいよ🙆
0	ちすこ は 大阪行き 乗車券 を 手に入れた ！！！(ﾃﾚｯﾃｰ) https://t.co/gPDRrafSqp
0	@eri_chikak0_b0  ごまだれ〜♪
1	@Nose2640Nose  京都行く時間なくなって行けなかった 大阪にも売ってるらしいからそれで良ければ買ってくるよ！
0	@Nose2640Nose  おっけー！
0	試験おわった〜！ 心斎橋いく(ง ˙ω˙)วふおお
0	@Nose2640Nose  ちっちゃいやつだけど買ってきたよ！ ちなみにね！賞味期限6月7日！！！！
0	百均で買ったリムーバーが面白いくらいマニキュア落とさなくてきれてる💢 こんなに取れないことあるの💢 仕事しろ💢💢💢💢
0	@magamagarin  そうそうピンク！ 私の車やけどなんかもうほぼおかんの車になっとる笑 あああそうだったのごめん〜〜😭！ 逆によく気づいたね😳😳😳
0	全然土日の疲れが取れてなさすぎる。 今日はやること終わらせて日付変わるまでに寝よう。ES誰か書いて。
0	@24kJky  どしたん！？
1	@24kJky  上司？大丈夫か
-1	@24kJky  そんな嫌なことあったんか… 心配
0	おかんかわいすぎ問題 https://t.co/0v4Sq2X2Ut
0	@mana_2kid  普通に萌えた😇 今はおとんとデート中らしいリア充_(-ω-`_)⌒)_
-1	@SongLiar  今受付してるとこの半分ぐらいがESいるんやで…無理… 就活時代がくそ適当やったから今になって困ってる教えておりゅう先生
1	@gahao1028 @SongLiar  いでらすげえ春日市の倍率お化けやぞ 頼もしい！
1	@SongLiar  だよねえ、そうするよ〜😭 早く働きたいよ😭
1	@mana_2kid  あんね、デートに私の車使われてTSUTAYAに行けなかった😭😭 ちすずまま普通に私より若くて元気だから私がお母さんな気がしてきた😇（？）
1	@eri_chikak0_b0  まじか！ 第一志望山口よね？もしかして来月？ すげえ私もう福岡より都会なら何処でもいいから一刻も早く働きたい😭受かった所にいく😭
0	@mana_2kid  やっと一番下が中学生になったからね、子育て落ち着いてきて毎日イキイキしてる気がする笑 私もとりあえずママになりたい😧笑
0	@eri_chikak0_b0  教養だけでいっぱいいっぱいやから、専門もやってる人はたぶん人間じゃないって思ってる😧笑 なるほどね、お互い頑張ろうな〜😭
0	@eri_chikak0_b0  うん、人間じゃないwww ぼちぼち体壊さない程度にね
0	@eri_chikak0_b0  裁判所！？ すげえながんばって！
0	@eri_chikak0_b0  よくわかんないけど倍率すごそう 山口にあるの？
0	@eri_chikak0_b0  ありがとうー！！！！
0	イヤホン忘れた〜😭
1	@mana_2kid  6月！天気も不安定で気が滅入りがちだけど元気に頑張ろ💪😊！近いうちご飯行けたらいいな😊
-1	ごめんなおと八つ橋持ってくんの忘れた また今月末行くからまた買ってくるごめんあとイヤホン無くした  😇
0	最近頭のネジ足りてない脳みそ常に垂れ流してる
0	@rumor13579  わしいくで！
0	🐙 https://t.co/rRt5KoNm1l
0	＿人人人人人人人人人人＿ ＞　免許証見つかった　＜ ￣Y^Y^Y^Y^Y^Y^Y^Y^Y￣
1	@goth_nk  ほんとよかった〜😭！ まじか、めんどいんか
0	@Nose2640Nose  車のダッシュボード😢
0	@goth_nk  うわああ警察行って免許試験場行ってってせないかんのか それはめんどいな🤔
1	あ〜たのしかった。。。 ヘドバンしすぎて首とれるかと思った。 https://t.co/uZCoIVX8HQ
1	@Nose2640Nose  ごめん、私もまさか車にのってるとは思わなかった😢 でも平和に解決したから良かったやん⊂( ˆoˆ )⊃？？
1	@Nose2640Nose  こんどはおっきいやつ買ってきてちゃんと渡すから許して
0	@Nose2640Nose  えっ！？あんこだめやったっけそういえば 今回は思い切りあんこ買ってきてたわ なんも入ってないやつ？
0	@Nose2640Nose  なんやねん💢
1	@Nose2640Nose  もう二度となくしません 大切にします( ˇωˇ )
1	@Nose2640Nose  じゃあローンよろしくね♡
0	@eri_chikak0_b0  今日か！ 頑張って！
0	今年こそ口笛吹けるようになろ
0	@rumor13579  サイケデリックやばくね
0	@rumor13579  制御センサーからが好きすぎて LiSAたそかわいいたそ
0	@rumor13579  えろい
-1	@rumor13579  蜜蜜蜜蜜うううう 蜜だいすきおばさん
0	@rumor13579  おじさん気が合うね カラオケいきたいね〜
0	RT @choronpo: 街コンでマッチ婚
0	RT @LiSA_OLiVE: おぉ。ロッキンの全アーティスト様が発表されてるっ。私は最終日の14日です。ROCK IN JAPAN 2016今年もよろしくお願いします。 https://t.co/haBYViz196 https://t.co/fqtSs0GWvh
0	行きたすぎでしょキレそう
1	@mana_2kid  米津とLiSAちゃん2大大好きアーティストだから本気で行きたかった😭泣きそう😭
0	@mi___nam @mana_2kid  思ってた！ 行きたくない？(´；ω；｀)
0	@mi___nam @mana_2kid  ほんとそれ😭 行きたいけど行けないよね朝からキレてる
0	@mi___nam  まだ可能性はある、期待して待とう( ˇωˇ )
0	@mana_2kid  私も混ざりたい😊😊😊
-1	@mana_2kid  うわ〜むっちゃ行きたい😳♡ ちびちゃんたちに会いたすぎる😢
0	@cnn1023 なにごとじゃ
-1	最近拍車を掛けて口が悪いので今日からおしとやかツイートしかしません
0	毎回言ってるけど今回の模試はもっと点数取れたクソ
0	板書してたら首痛めたクソ
-1	@Nose2640Nose  ピキって言ったよ つらい
-1	@Nose2640Nose  なんで彼氏できたの知ってんのエスパー？こわい
0	@eri_chikak0_b0  ね！！！ほんとクソ( ˇωˇ )
0	@Nose2640Nose  そやで
-1	@Nose2640Nose  のせさんこわい嘘つけない
0	@Nose2640Nose  頑張る
1	@Nose2640Nose  明日役所行くわ祝儀よろしく
0	ﾝｱﾞｱﾞｱﾞｱﾞｱﾞｱﾞｱﾞｱﾞ！ https://t.co/w5F90I5pjY
0	@cnn1023  頑張れ🙆🎉
0	@cnn1023  負けたらあかんで工藤
0	@cnn1023  むっちゃ応援してるで工藤 日曜日楽しみにしてるで工藤 がんばれ😳
1	@rumor13579  Tシャツかわいい
1	RT @Tsuki_Amano: 痛気持ちいいという感覚がある生き物は人間以外にいるのかなぁとぼんやり。お風呂に浸かりながらぼんやり。そういやゴキブリには痛点がなく快感しかないって聞いたことあったな。あ...あぅ...気持ちいい...って死ぬらしいよ。ゴキブリ最強。
0	@SongLiar  声出して笑った
0	痩せたい(コロッケうめえ)
0	@SongLiar  関西いいな〜 関西弁になってね！ 来週試験受けに行くで！
0	@SongLiar  土日！
0	@SongLiar  いきたい！ けど20時30分最終だったと思うからそれに間に合うようにいきたい！
0	@SongLiar  フラッペとカプチーノの合体技だよ
1	@SongLiar  東大阪方面で試験受けて帰るのは新大阪から！ 駅周辺だとありがたし🙆
0	この悪天候の中彼氏はボランティアに行きましたが私は北九州へ遊びに行きます待ってろ安室
0	たのしみ〜♡ https://t.co/NSiYSsdmHs
0	住める(確信) https://t.co/nbWai9Q6cH
0	よもみのせいで朝から頭の中小野Dだらけだよ責任とってくれ
0	脳内でむっちゃキレキレに踊ってらっしゃる
0	@cnn1023  もう割と踊れるようになってきた。 責任とってください。 うたプリも再燃してきた、、
0	本日、23歳にして漸く二次関数の問題が理解出来た。 明日も教えてもらお。
-1	それよりも悲惨なのは物理
0	@0wOrz  公務員だよ(  ˙-˙  )
0	@cnn1023  踊る！ え、まじ？まじ？心のダム決壊しそう
0	びっしょびしょ
0	@cnn1023  愛のヘリで迎えに来てええええ
0	@eri_chikak0_b0  師匠って呼ぶね
0	@24kJky  白米が恋人♡
0	@rumor13579  あちゃー☆
0	@rumor13579  たぶん🙄
0	@rumor13579  ♡(㋭ ਊ ㋲)♡
-1	@SongLiar  まじか残念！ 頑張る😇
-1	こないだ書いた短冊ほんとひどい 生産性がまるでない(そこじゃない) https://t.co/ObKUTpZCue
0	こないだ買ったはずの封筒が見当たらなくてわざわざ買いに行ったのに全然違うサイズの封筒買ってきてしまった もうやだ引き篭もりたいやだ
0	@choronpo  天国に行けますように🙏
0	@cnn1023  わかる
0	熊本で仕事なのに筑紫野事故渋滞からの植木まで通行止めくらって笑ってる
0	筑紫野で足止め食らってもう3時間😇
1	@Shiman_chuu  だいきの実家にすらたどり着けなかったよ 筑紫野で降ろされて結局家に戻ってる😕
0	@choronpo  自撮り楽しみにしてますね！！！！🎉🎉🎉🎉🎉🎉
0	@choronpo  わーい生のちょすけさん拝みたいです〜よろしくお願いします🎉🎉🎉🎉
0	@choronpo  割とガチで会いたいです😳😳😳🎉🎉🎉
1	@choronpo  でしょ😳🎉 水曜日夜だったら大丈夫ですよ🙆
1	@choronpo  全然大丈夫ですよ(  ˆoˆ )/( ˆoˆ  )/ 楽しみにしてます☺️
0	@choronpo  了解です、待ってます🙆🙆
1	RT @comic_natalie: サンホラ原曲の「旧約Marchen」が豪華な単行本に、歌詞カードと同じ紙使用 https://t.co/gadjHTgvDr https://t.co/NtOUMR8ns5
1	豪華仕様よりも関西弁気になるわ
0	@asahina_moon  どしたん
0	@asahina_moon  それはᔦ˙灬˙ᔨだか
0	@sesame_clover @asahina_moon  ゲソᔦꙬᔨᔦꙬᔨᔦꙬᔨᔦꙬᔨᔦꙬᔨᔦꙬᔨᔦꙬᔨ
0	@mana_2kid  バースかな？
0	@mana_2kid  もちろん🙆🙆 切なくて好き😢
0	@mana_2kid  ね！ 普通に泣けるから困る😢
0	やっぱ最高やな https://t.co/HzXoC00PFW
0	スーツで甘味食ってる やだ帰りたくない京都住みたい https://t.co/URbhlRhh6e
1	@goth_nk  千本鳥居は日陰になってて涼しくてよかったよ〜！ ほんと風情あるよね！
1	@htmy_0606  楽しかった〜😭♡またいこ♡
0	@cenchimental  なんだかんだ！ 次はカラオケいこ！(☝ ˘ω˘)☝ふぅー！！
0	@htmy_0606 @cenchimental  わたしも見てた👀👀👀 ひとみの成人式の写真かわいすぎたありがとうございます🙏🙏🙏🙏🙏
0	サイバーサンダーサイダー💭💭💭
0	@i7_de  さすが
1	私「庭に猿おった！」 父母「まじ！？」 私「なんか車の窓磨いてた！！」 父母「雇うか」  今日も日本は平和
0	頭良くなりたい 外付け脳みそくれ 25TBくらいのやつ
0	@manjiyellow  じゃあ708421360487513542120953TBください！！！！！！！！！
1	@manjiyellow  確かに盲点だった
0	@manjiyellow  わーなるほど！もしかして黄色くん天才かな？？
0	@manjiyellow 我理解你
0	@manjiyellow  ごめんね実は中国人なんだ。。
0	@manjiyellow  你有金？
0	@manjiyellow  あちゃ😢😢😢
0	@manjiyellow  わかるわたしも
1	RT @kiritoww: 【ゆる募】 零〜濡烏ノ巫女〜撮影で霊「背の高い女」をしてくれる身長240cmほどのレイヤーさんを探しています  我こそはという高身長レイヤーさんがいましたらお気軽にリプください https://t.co/U0JBshVRTE
1	@mi___nam  だからむっちゃ人多かったのか 事故かなにかかな？🙍
0	ほんとだ新幹線こねえ
1	一本前に乗っておけばよかった
-1	@mi___nam  35分！？ そら大変だ よりによって通勤時間だもんね😕
0	@mi___nam  ほんとね！ホーム狭いからぎゅうぎゅうだったね_(-ω-`_)⌒)_ 乗れた！さっきやっと動いたけど止まった😘♡ そえじまは時間大丈夫だった？
1	@mi___nam  ねー！みんな困惑気味だったね🙍 それはよかった！えらい！ 私も持ってきてないや濡れよう今日も頑張ろう日本
1	懐かしすぎ問題 https://t.co/oIHEUd1AuO
1	@SongLiar  懐かしすぎて涙出る
1	@Shiman_chuu  おおまじか 久々見たけど超笑ったwww なつかしい😇
0	@Nose2640Nose  え、まじで？
1	@htmy_0606  ひとみいい 大丈夫か😭😭
1	@htmy_0606  よかった😭！ はやく良くなって😢😢
0	@cenchimental  あれからまたケラケラ笑ってたよwww
1	@cenchimental  相当面白かったみたいwww  あ、てか明日案の定一発目だったから終わったら教えるね！
-1	@htmy_0606  無理しない程度に頑張ってな😭！
1	muskの香りが強くてやなかんじ 明日やばいな もうなんかやばすぎるから寝よう https://t.co/CCEjj2VktB
0	今度の日曜日海行くんですよねえ………… https://t.co/JRajEvLNrh
0	iPadとWi-Fiとクーラー効いた部屋と冷えたCCレモンがあれば私は生きていける
0	うそやん最俺マイクラもう終わるんかよ 生きる希望なくなった
0	@goth_nk  方向音痴とな？ ねー、見てた実況が最終回迎える時ってアニメ終わる時と同じ感覚に陥るよねつらい酸素ください
0	【急募】独り言を延々と言う人が隣の席になってしまったときの対処法
0	久々にこんなに怒ってる
0	ペルシャ語で独り言言ってて欲しい
0	@sesame_clover  ねえそれ私もヤバイ奴認定されかねなくね？
0	@sesame_clover  くそかよ💢💢💢💢💢💢
0	@eri_chikak0_b0  自習のときはそうしてるんだけどその人授業中もずっとぶつぶつ言うんじゃ…たすけて…
1	@eri_chikak0_b0  うわあそれもなかなか大変やな… 耳栓いいかもいいかも
1	@SongLiar  ねえそれやったら私までやばい奴って思われない？大丈夫？
0	@SongLiar  おい 社畜おい
-1	@cnn1023  それが独り言の内容が「ねむい…」とかしょーもないやつなんよな この人、実世界とTwitterを混同してるのでは？とさえ思ってしまいます助けて
0	@SongLiar  りゅうさんのお金で焼肉はよ
1	@SongLiar  知らない！行ってみたい！！ 何が有名なお店なの？？？？
1	@mi___nam  やばい斬新 天才か？
0	@mi___nam  神😇😇😇 ちょっとがんばってみるか😇
1	@htmy_0606  ひとみいいい😭 授業中もすごい独り言言うんだよ😭 頑張って攻略するから見ててね😭（？）
1	@asahina_moon  咳払いいいな さっそく明日やるねｺﾞﾎｺﾞﾎｺﾞﾎﾎﾎｯ
1	@htmy_0606  そうなの〜😭 観察してて！すごい小さい声だからひとみまで届くか分からないけど乞うご期待！
1	たかそえおばさんありがとう。ありがとう。 すんごい楽しかった
-1	@noppoq  ありがとうまた会おうね！ 養うのは無理だけどまじでそっち遊びに行くね深海魚見に行こうね🐟🐟
-1	@mi___nam  ？？その理屈はおかしいな？ また会おう〜！近いし！会おう！ おばさんだからあんまり無理しすぎぬよう
0	@mi___nam  おい探すなwwwwww
0	@mi___nam  朝から何やってるんですか先輩😢 そのうちほんとに見つけられそうで何とも言えねえ
1	@mi___nam  ねばらんでいいわwww くそはずいので勘弁して😊
0	ㅤ 　 ┃ ╭ ┻ ╮ ★ バ ★ 彡 カ 彡 ◇ が ◇ 彡 治 彡 ☆ り ☆ 彡 ま 彡 ◆ す ◆ 　 よ 　 う 　 に  ち す こ #短冊に願いを込めて https://t.co/n2Yg3oM4v4  切実かよ
0	@mi___nam  諦めてなかったのか🙄 もしかしたらすれ違いになってるのかもね😇
0	@mi___nam  あ〜そのおばちゃん私の彼氏😇
0	@mi___nam  ほんとだったらどうするんですか💢💢💢 雨だけど一日頑張ろうね💢💢💢
0	あ、そういえば隣人との仁義無き戦いの件だけど、隣人が自ら前の席に移動したので無事に解決しました。今まで応援ありがとうございました。次回作にご期待ください。
1	@mana_2kid  癒しや……… ありがたや……………
-1	@htmy_0606  そうそう！そっこー元の席戻ったよ！ 最後の2時間は勝手に勝った気になって授業受けてました☺️
0	@mana_2kid  個人的に今凹んでたんだけど吹っ飛んでった😳😳😳😳 生きがいになりつつある😳
0	やーーーん言ってくれればBremen貸したのにー😭
1	@mana_2kid  色々思うように行かなくて😇でももう元気でた！ありがとう！ どれどれおばさんがプールに連れていってあげようね(鼻血)
-1	すげーやる気無さそうな猫さんいた https://t.co/ue89oJFo0w
0	ごろーーん https://t.co/wQrb7qo5wO
0	@asahina_moon  (たよ)
0	私も一応はアンハサウェイと同じ人間なんだよなあ？？？
0	マイクラ終わらないで…
1	最近蘭たんキテる。好きだわ。
1	@mi___nam  多分微妙にすれ違い起こしてるんじゃないかな？ てか探さなくていいから！恥ずかしいから！
0	@mi___nam  意地になってるwww 出くわしてどうするのよ😕
0	@mi___nam  まあいきなり話しかけられないよな🙄
0	@mana_2kid  梅雨明けたら行こ行こ🏖
1	@SongLiar  してる！ こないだまでどちゃくそ懐かしいハム太郎の実況あげてたから見たらハマった🎉
1	@SongLiar  こないだ8周年とか言ってた すごいよね好きだわ
-1	@mana_2kid  わーい！ ちびちゃんたちに会いたすぎて😭
-1	RT @gonnakill_uta: 意識が低いかを確かめるビンゴを作りました https://t.co/lq8RpJm07D
0	https://t.co/4X6hLUfLrV
0	人のお金で焼肉食べたい
0	@gahao1028  わかる一年前の私ならそこに丸ついてた 社畜がんばってあと私に肉食べさせて
0	@gahao1028  まじかよ今日からさん付け敬語で話しますね
0	@gahao1028  わー、がはおさんありがとうございます😭お仕事頑張ってくださいね😭😭⛈
0	@mi___nam わかる
0	@mi___nam  今日はもう乗った！
0	@rumor13579  すげー！！！！！
0	@gahao1028 @rumor13579  サインください！！！！！
0	RT @kyoko_k_: 初めてのデートで彼氏と水族館行った時に「これってガラス壊れたりしないのかなあ」って彼氏が言ってきたから「は？wwwwいやガラスだったらとっくに壊れてるからwwこれポリメタクリル酸エステル樹脂だからww壊れるわないじゃんwwwﾌﾞﾖｫwwww」って言っ…
0	RT @wakarana_i: よく思うことをカフェ風に書いた https://t.co/THeHRMgrok
0	RT @natalie_mu: 米津玄師がルーヴル美術館特別展にイラスト出展、グッズも販売 https://t.co/VKlaZionrk https://t.co/zslDmPY53s
0	バッグ欲しいバッグ欲しいバッグ欲しい
0	東京は福岡(哲学)
-1	@Shiman_chuu  したかったけどなかなか難しそう_(-ω-`_)⌒)_
1	@choronpo  大丈夫ですか？😢😢😢😢😢😢😢😢😢😢😢😢😢😢😢😢
1	@choronpo  わーん😢😢😢😢😢私でよかったらお話聞きますよ😢😢😢😢😢😢😢😢😢(お礼なら焼肉でいいですよ！)
1	@choronpo  肉大好きですよ🎉 わー！ほんとですか！ 楽しみにしてます😊
0	インスタ相互だけど誰だか分からないって人が何人かいる
0	@Shiman_chuu  そやで！物理の知識ほぼほぼ無いから公式覚えるところからや_(-ω-`_)⌒)_
-1	@mi___nam  いってらっしゃいー！色々無理しないで
0	天神行くけど絶対何も買わないぞと心に決めてたのに謎にドラえもんとキティちゃんのTシャツ買ってしまった。ほんとに謎。 https://t.co/wdSXcaMGkF
0	RT @Falo_hobby: 【アメリカ】 ポケモンを探していたら死体を見つけてしまった  【日本】 不審な一斗缶が置いてあったので爆発物処理班を呼んだらせんべいだった https://t.co/IxxWXuac6F
0	RT @Tastemade_japan: キラリ　天の川ゼリー Youtubeもみてね　https://t.co/8ZVcPyJ2ML             #料理  #レシピ  #料理好きな人と繋がりたい #Twitter家庭料理部 #お腹ペコリン部 https://t.c…
0	うまそう今度作ろ
0	@tawasi9  バレたか 初めて聞いたもん
0	絶対王政重商主義おばさん
0	RT @koyammer: サブカルカップル https://t.co/cVtoluuAwu
0	海で派手にこけて擦りむいたところむちゃくちゃに痛い
1	@manjiyellow  うまいよ
0	@manjiyellow  マヨネーズが合うよ
0	@manjiyellow  誰が高カロリーデブや
0	@manjiyellow  マヨネーズと練乳は飲み物
1	@manjiyellow  さすがにそこまでないけどシュークリームは飲み物だと本気で思ってます宜しくお願いします
0	@manjiyellow  え、いく
1	@manjiyellow  いついこう 勉強やばいおばさんやから試験終わってからとかでもいいかな
1	@manjiyellow  早く就職したい ありがたしまた連絡させて！
-1	@manjiyellow  それは謎 ありがとうううう！！！
1	@manjiyellow  新一いいいいい！！！！！！！！！ 天神しかなさげじゃね？スイパラ久しく行ってないから行きたいわ
0	@manjiyellow  真実はいつもひとつだしな… まじ？他にあるんかな
-1	@manjiyellow  就職できたらハーゲンダッツくらいは買ってあげるよ じゃあパルコの方で！食いたい食いたい
1	@mi___nam  買わなかった😭 てかどちゃくそ人多くて売店見るの諦めた😕
1	@mi___nam  むっちゃ多かった😭 締まり際に行ったからかもしれんけど！
0	夏だからエロとラブホテル聴いてる。
1	自習中ホソイコエ聴いてたら帰り道にコロッケ倶楽部もホソイコエ流してて、コロッケ倶楽部にどちゃくそ親近感湧きました。すごい。
1	就活対策してた妹にSPI本頂いたのだけど、本の誤植なのか何度やってもうまく解けない問題があってテキスト見直したら妹もその問題に「？」って書いてた。かわいい。
1	@eri_chikak0_b0  気付いたら片思いが好きです
0	ちょすけさんこーすけなおとヾ(⌒(_'ω')_
1	@goth_nk 楽しかったね〜！ また飲もう⊂( ˆoˆ )⊃⊂( ˆoˆ )⊃
1	@king19891225  楽しかったです😊 けーすけさんにもお会いしたいです〜😂！
0	月末晴れたらバイク乗せてもらう🏍 晴れろ。
0	@choronpo  うわさのです😎🏍 バイクデート憧れだったので舞い上がってるおばさんです🏍🏍🏍
-1	@goth_nk  ちょーやすい！ 味も悪くなかった😎
0	RT @kiyo_saiore: 動画投稿ーー！クソ実写。意味不明すぎる動画ですがとりあえず私が最強のポケモンマスターという証明です。どうぞーー⇒⇒人間版ポケモンGOでポケモンマスターになる！【Pokémon GO】 https://t.co/AU1cuc0kwA @YouTu…
0	キヨさん絶対やってくれると信じていた
1	@goth_nk  ねー！有難かったよね！ 三食大好きだった😂
0	@mi___nam  ☺️💕💕💕
0	@mi___nam  楽しんで💕💕💕
1	@mi___nam  それはそれは楽しそうで何より☺️ 立派なポケモンマスターカップルになってね💕💕💕💕
0	わっしょい https://t.co/2SfcEtUArw
0	@hinaa210  うそやん！ひなちんに似てる☺️💕
1	RT @sukima_official: 今日のNUMBER SHOT 2016から夏フェスグッズを販売します！涼しいイメージでデザインをしました！初めてのワンピースボディも作ってみましたので、来場されてるお客様は是非、売場にお越し下さい。ツアーグッズも一部販売します。S ht…
1	えええかわいいいい ワンピ丈かわいい ナンバーショットこのためだけに行きたい
0	えっ… https://t.co/aAkMStTiff
0	@goth_nk  カイオーガ出そうな雰囲気ある
0	@gahao1028  シゲル様！
0	来世はhi hi hiE音域まで出せる美少女に生まれ変わりますように
0	@goth_nk  バグやから出る可能性あるでこれ(ない)
0	@rumor13579  それな☺️☺️☺️☺️☺️☺️☺️ そこは現世でクリアしてんだよな〜☺️☺️☺️☺️☺️☺️☺️☺️☺️☺️
0	@rumor13579  わかる
0	@rumor13579  一昨日着てたよ💪 アクシーズ推しなの？
1	@rumor13579  自撮りなかった いいよね、可愛い女の子に着て欲しいブランド
1	@rumor13579  わし可愛いけどアクシーズ顔じゃないんだよなあ🤔🤔💭💭💭💭
0	妹3人連れてふくの湯♨️😊 どちゃくそ笑った！ https://t.co/ZDwqacyPeI
1	@m1h102 @Nose2640Nose  すごいな2人とも🤔💭
0	@yuuki97146  え、え、誰かなそれ🤔
-1	RT @banri_be: 中村さんのポケモンの名前みてカッとなってやりました。野崎くん勝手にスマホデビューさせました。 https://t.co/lpkKVh0Vni
0	あかん眠すぎ意識飛ぶ
-1	多分今瞼の重たさ8tくらいある
0	ねえ誰かこの解決法教えて 今日１日この調子だからちすこがポケモン説濃厚になってきた https://t.co/AuCwp7RTop
0	@i7_de  超伝説、激レア
-1	@i7_de  マスターボールでもGETするの難しいらしい
0	@i7_de  食べ物で釣ると1発らしい
-1	@SongLiar  こわい ルージュラにされる
-1	@i7_de  こわ
-1	@SongLiar  うるせえ投げキッスすんぞ
-1	@mi___nam  まじか！ ありがとううううやってみるよ！
1	@SongLiar  つよすぎ 永眠できそう
0	@kobayaaaaaaan  こばやし😕😕😕
1	@kobayaaaaaaan  げんき！超元気！
0	今日も１日 https://t.co/E1Flrw8s7K
0	@asahina_moon  たべる
1	@gahao1028  かわいかろ！！！💪
0	@manjiyellow  いや実際太った
0	@manjiyellow  健康診断で「もう少し痩せた方が素敵だと思うな」って看護師さんに言われるくらい
0	@gahao1028  やったー！ https://t.co/ibKu8z9pVT
0	@manjiyellow  この体型を…がえだいっ！  遠まわしに痩せろって言われたからつらいでも食べたいどうしたらいいの
0	@cenchimental  普通にして帰ってて草☺️
0	@gahao1028  まじんこ！？ 年末いくっちゃん！
0	@manjiyellow  セックスは運動
0	@gahao1028  やすっ！ いかなきゃ！普通に正規のショップ？アウトレットとかじゃなくて？ヾ(⌒(_'ω')_
0	@cenchimental  やった〜☺️💕 もらっちゃおうか☺️🎉
0	@manjiyellow  今はそれより勉強なんですよねえ😊😊😊
0	@gahao1028  そうなの！ありがとうー絶対行く☺️ うらやまじい
0	@manjiyellow  ほんと半日座ってるよそら太るわな そやな九月が本命の試験やからそれまでは勉強三昧😕
0	@gahao1028  ほほう？どのへんだろ〜😳😳😳 楽しみ(  ˆoˆ )/( ˆoˆ  )/
0	@cenchimental  うらみ！最近あの子私のことおちょくりすぎやから！
0	@manjiyellow  黄色くんのえっち どうせ黄色くんだって彼氏に痩せさせてもらうんでしょ！ふんだ！
0	@gahao1028  ブランド店が立ち並んでるところかな😕 なんか買えた？☺️
0	@manjiyellow  はよつくれ！彼氏！
1	@cenchimental  年上を舐めとる☺️ いつも仲良くしてくれてありがと😳💕
1	@gahao1028  ！？ やばwww 時計いいないいないいな！
1	@cenchimental  それはよろこんでいいのかな😕💭💭💭💭 もーね好き！二人でいっつもせんち氏の話してるよ！夏頑張ろうね💪
1	@gahao1028  そら楽しかったやろヾ(⌒(_'ω')_ 私もなんか買う💪
0	@htmy_0606 @cenchimental  あら☺️💕
0	@manjiyellow  なんでや💢
1	@cenchimental @htmy_0606  えー！じゃあたくさん話しかけよ☺️💕💕 ふたりがいるから学校が楽しい☺️
0	@manjiyellow  男だからいいんでしょ
-1	@SongLiar  うるせー！！！！
-1	@eri_chikak0_b0  ここわからんくて悔しかったからそっこー書いた
-1	@eri_chikak0_b0  場所は覚えられるけどどこに何があるか覚えるのが苦手だ_(-ω-`_)⌒)_
-1	@eri_chikak0_b0  地理どちゃくそ嫌い一番嫌い面白くないもん😕 がんばろうね_(-ω-`_)⌒)_
0	@eri_chikak0_b0  どちゃくそに！がんばろ！💪
0	💪('ω'💪)
1	1度でいいから隅田川花火大会行ってみたいな
1	花火あがっとる！！！😳 どこのお祭りだろ？😳 筑後川早く行きたい初めて行くからたのじみ_҉*\( 'ω' )/*҉
0	@goth_nk  そうなのかありがとう！ でも電車だから人混みに気をつけたいと思います楽しみです( 厂˙ω˙ )厂うぇーい
0	@Shiman_chuu  隅田川って戦場なのかな？
0	バイクかっけえ😳😳😳
0	@SongLiar  バーロォ！！！！！！
0	@0wOrz  はいちがーう！ボスニア・ヘルツェゴビナでしたー！
0	@goth_nk  いいやろ！ むっちゃ人いた！
1	@goth_nk  うわーまじか晴れたらいいね🙍
0	@mi___nam  バイク乗せてもらった🙆
0	@mi___nam  落ちなかった！ほめて！
0	@goth_nk  てるてる坊主つくろ😎
0	@hinaa210  むふ♡
0	@mi___nam  わーいへへ😊
0	@meloco319 リア充に言われたくないおばさん
1	@meloco319 私はめろこ大好き人間だからめろこには本当に幸せになって欲しいってずっと思ってる
0	大濠帰りの浴衣の人たちを横目にわたがし聴きながら帰る夏
0	久々にどちゃくそ泣いた
0	@choronpo ジブリ観て泣いてました😂
1	@narumin130802  あら、すてきすてき！おめでとう😳💕 いつも乙女な呟き見て幸せ分けてもらってます☺️💕 これからもお幸せに😊
0	上位目指す。まだのびしろたくさん💭💭💭
0	家帰ったらサザエ焼かれてた https://t.co/FUgvGFCNl8
1	Twitterで知り合ったらたまたま那珂川の人だったという奇跡の友達に勧められたパスタ屋さんに来てみたけどむっちゃ人多い😳期待😳
-1	今日はどちゃくそ出来悪くて気を落としてたけどへこんでる時間ないもんな頑張るとりあえずお腹空いた
0	指切ってたらアボカド切れた
0	@cnn1023 例の彼かい？
0	https://t.co/di5NHT0Fok
1	@cnn1023  例の彼でござったか なかなかうまくいかぬか？(´･ω･`)
0	筑後川いく！こんなに人おったん福岡ってくらい人多いおなかすいた
0	人混みで離れ離れになったのでLINEで会話してる
0	@goth_nk  筑後川よ😊
0	@SongLiar  ？？？「ワシじゃよ」
1	太宰府天満宮にきました。 すごく暑いです。お守り買った！
1	@mi___nam  かっこいい惚れた
0	@mi___nam  する抱いて
1	@htmy_0606  有名らしいね！わたし知らなかった😭 おいしかったよ😊
0	昨日ばばちんに隠し撮りされた寝姿のやつ何回見ても笑う
-1	年に3回くらいさよポニ熱がくるな
0	@meloco319  めろめろめろめろ〜〜〜💕💕💕💕💕💕💕💕💕💕おはめろ💕
0	@meloco319  やろね！ 出すよ車〜車〜出すよ〜
0	@meloco319  出すよ〜〜！ しゃぶって〜出すよ〜♡
1	今日同窓会のおかんが朝からおしゃれしてるしわざわざリビングまで新しいパンプス持ってきて履いて自慢してきてかわいい
1	チャリ乗ってたら蝉からおしっこかけられて最悪や〜😭ってなったけどこないだ上村せんせーが「蝉が出してるのは尿ではなくただの水」って言ってたから私は蝉さんから打ち水してもらっただけなのね😢💕 汗だくになりながらチャリ漕いでた私に涼を感じさせてくれた蝉に圧倒的感謝🙏🙏🙏🙏🙇🙇🙇🙇😇😇😇
0	勉強しよ
0	@rumor13579  あーん蝉さんからのぶっかけ〜♡♡♡
0	@goth_nk  あらすてき！ 蝉さんに感謝やね🙄💪💪💪🙏🙏🙏🙏🙏🙏😇😇😇😇😇
0	@rumor13579 https://t.co/iqgqPoasgi
-1	@rumor13579  蝉をも魅了してしまう自分が怖い
0	@rumor13579  蝉界のアイドルちすこ
-1	RT @ARuFa_FARu: 休日なのに何も予定が無いので、そういう曲を作りました https://t.co/CVI5wHVtWE
0	@cenchimental  ﾖｼﾖｼ( ๑´•ω•)۶”
-1	@cenchimental  めんどくさいのは間違いなく私の方だからこちらこそなのよ🙇🙇🙇 わたしもすきすき！月曜日にハグするね♡♡
1	@cenchimental  うれじい5717469042回くらいいいねしたい私も出会えて友達になれてよかったと思ってる！ 無理しないでいいのじゃよ、なんかあったなら聞くからね💪
-1	@cenchimental  女神じゃないよはなくそだよ👃🖕持ち上げすぎ👃🖕 そしてちすこっこ呼びかわいい👃🖕 病み期つらいよね負のループに陥るよね、私もたまになるから分かる(´；ω；｀) つらくなったら無理しないでね、また近いうちご飯かおやつ食べに行こ🍴🍴
1	@cenchimental  やだ照れる//// そんな事言ったらせんちゃんだって美人やし女子力高いし細いし白いし優しいしノリいいし天然でどちゃくそ可愛いんだからね、彼氏できたら妬きそう…_(-ω-`_)⌒)_ 治し方わかってるのえらみ。。でもひとりで抱え込まないでな(´･ω･`
0	😕💭💭💭💭💭💭
0	@meloco319  とったじょ
-1	@meloco319  はずかちい あんまり期待しないでくれな
1	@meloco319  それでよいよ！ 滝楽しみ！
0	死んできまーす！！！！！！！！！！ https://t.co/YIfizab5pN
1	@halu0312 バタバタなってしまったけど楽しかった！ ありがとうね☺️
0	@cenchimental  笑った
0	友人の昼ごはんやばい https://t.co/U7qxlzpN4h
0	餌付けされてる https://t.co/kVoL631PaF
0	RT @sonu_sox: 😑😑😑😑😑コーンに生まれたこの命 😑😑😩😑😑シャキッと咲かせて 😑😑😑😑😑みせましょう  😮😮😮😮😮 😮😮😤😮😮ワワワワー 😮😮😮😮😮  😑😑😑😑😑 😑😑😩😑😑シャキッと歯応え 😑😑😑😑😑シャキッとコーン  😮😮😮😮😮 😮😮😤😮😮ワワワワー 😮😮😮😮😮
-1	2日間の鬼のような勉強合宿がおわりました。へとへと。また明日から頑張らねば_(-ω-`_)⌒)_ 300問以上解いたらしいので脳みそがもうありません。 https://t.co/1cLOcRAntI
0	@cnn1023 いうて加藤パリピ😎👎🌟
0	体調崩しマン
1	@htmy_0606  ひとみ(´；ω；｀)大丈夫ありがとう！ 頭痛とだるさだけで熱はないからすぐ治ると思う！ 連日休んでしまってごめんね、週明け元気に行くね！
0	体調悪いけど寝れなくて暇だったので初めてラブライブ見てた ことりちゃんかわいい
0	寝すぎて腰やられた
0	@SongLiar わしもいま大阪向かってて草
0	@SongLiar  彼氏も一緒だから4人かな😊
1	@meloco319 かわいい
0	@meloco319  ええんやで 秋か冬、またドライブかなんかしよう
-1	@miniyonku_bb  まじかよ 無理すんなよ
0	頑張る(ง •̀_•́)ง
0	天使かよ https://t.co/fWviE71hGJ
1	RT @blue_eyes4509: 安倍マリオが話題なので その閉会式で流れたPV高画質完全版です  東京の景色・スポーツ選手・アニメキャラを見事に融合させて、オチにマリオに扮する安倍総理を使うというこれぞクールジャパン！ https://t.co/hCkIBatnfb
0	4年後東京オリンピック見に行きたいなあ。 できれば開会式と体操と水泳🎖
0	ユニバの！ 米津デザイングッズ！ お土産でもらってしまった！ よ！感謝🙏 https://t.co/F5wPxR94YM
1	RT @cenchimental: 私を育ててくれているカップルからお土産とかたくさんいただいた😇💕💕💕💕💕💕💕💕抹茶だらけ嬉しい☺️💕 https://t.co/J5Aapni8Xi
0	せんたゃ餌付けカップル😏
0	@cenchimental  うふふふ😏💕💕💕 懐け懐け😏💕💕💕
1	RT @NakagawaCity: 【那珂川町長選挙無投票のお知らせ】那珂川町長選挙につきまして、届出のあった候補者が一人であったため、公職選挙法に基づき、無投票となりました。投票及び開票、期日前投票は行われません。詳しくは、町ホームページにてご確認ください。https://t…
0	あら
1	立候補しとけばよかった(23)
0	@SongLiar  それで全国のメディアから注目浴びて大都市にする計画だから(ただし住民の大多数がオタク)
-1	20分も寝坊したのにしっかり朝ごはんを食べてお化粧もしてなおいつもの新幹線に間に合うあたり私は天才かもしれない。🎉🎉🎉🎉🎉🎉🎉🎉🎉🎉🎉🎉💕💕💕💕💕💕💕💕
1	つっこさんって喫煙者だったのか🚬 かっこいい。すき。
1	RT @kiyo_saiore: 子供めっちゃ好きだからたまーに30人ぐらいの子供たちと遊びたくなる。スポーツしたりずーっと外で遊んでたい。 そして遊び終わったら「おまえらこの先地獄みてえな人生待ってるからな」って言って俺だけタクシーで帰る。
0	@choronpo  うふふ😇😇私もバイクの免許とったらちょーすけさんとツーリング行きたいです😢
0	@choronpo  ちすこよりかれぴっぴを取るんですか😢😢😢😢😢 ちすことはツーリング行ってくれないんですか😢😢😢😢ふぇえん😢
0	君の名は。観たい〜😢🎉
0	@sesame_clover  だ〜れが君の名は。観たくて仕方ないから明日観にいこうかなとか考えてるおばさんや😡💢💢💢💢💢💢💢
0	@sesame_clover  うわストーカーやん どうせ私のあとつけてくるんでしょさいてーさいてー！！はむとぅるー！！🐹 バスタオル持ってこ
0	@choronpo みたいで候😎😎😎😎
0	@choronpo  気になってました、どんなお話なんですか？😳
-1	@sesame_clover  うるせえとっととおさめろ年金くん😡🐹🐹🐹🐹🐹💢💸💸💸💸💸 いらね臭そう
0	@sesame_clover  くさそう
-1	RT @1u2i_: 水族館のペンギンショーが酷い https://t.co/wmwsZJdfmf
0	@magamagarin  ねー！気になるよね！私も昨日そうなって来てしまった☺️
-1	君の名は。 ハンカチは不要だった 綺麗だった
1	金銭感覚と味覚が合うって本当に素晴らしい 回転寿司とかネタの味しない（笑）などと仰る方とはきっとうまくやっていけない。 庶民舌💸
0	ぽんぺ
0	@i7_de たぬき
0	妹はぴば肉🍗🍖 https://t.co/wACR53QDn7
0	布団になりたい
0	最近食べても食べてもお腹空くんだけどなんなの燃費悪すぎ😌💭
0	あーもうこの口は😑
-1	自分の感情すらコントロールするのが難しいのに人の感情汲み取るだなんて無理ゲー
-1	@choronpo  なかなか難しいですね_(-ω-`_)⌒)_
0	@choronpo  まずその汲み取り作業に入れずにいますね。。
-1	くがつー！！！！！ (写真は9月とは全く関係の無い今朝のご飯です。ちなみにビビンバ食べてから来ました。) https://t.co/xE76XOjb0P
0	台風さんきてるんか https://t.co/iexGbnFJJM
0	魚眼レンズ https://t.co/WBNtilAq1l
-1	@cenchimental  なんやと😡💢💢！ もとはと言えば後ろの席にせんち氏がおらんのが悪いんやからな！（？）
0	@cenchimental  監視してよ🐸🐸🐸💢💢💢 なに、ずっと下から見られていた、だと… もう恥ずかしくてお嫁に行けない😌😌😌
0	@cenchimental  えっち！えっち！！ やーん貰って😌💕💕💕  あした！放課後！ご飯食べに行こ！😊
0	あいほん接写できないから修理に出したいとか言いつつもう半年経とうとしてる
0	@halu0312  お！ 私も今からいく予定！🐘
0	むっちゃ綺麗だった https://t.co/h5OSckPr40
0	オレンジを倒す_(-ω-`_)⌒)_
0	とむくんと猫さまに癒される_(-ω-`_)⌒)_
0	@choronpo  私も見てみようと思います😌 https://t.co/DyPwpKryS0
1	@choronpo  おおーっ！ テレビ出力してるんですね羨ましいです😌 初見なのでわくわくどきどきです！
0	@choronpo  心して見ます☔️
1	@choronpo  秒速5センチメートルも見るつもりです٩(ˊᗜˋ*)و ぜひ！すんごい綺麗でした😳
0	明日休みになった
0	今日と明日でオレンジと水色倒す…_(-ω-`_)⌒)_
0	サイレンむっちゃでかいのに放送ちっちゃくて何言ってるかわからん
-1	@mi___nam  ありがと、そうみたいね！ ひどくならないといいけど…
0	私もこのまま妹の修学旅行ついていきたい(切実)
0	だだでさえいっぱいいっぱいなのに追い討ちかけないでよ
-1	もうきつい
0	@rumor13579 それはある
0	@rumor13579  可愛すぎて逮捕されそう
-1	@mi___nam そえ会いたい つらくて泣いちゃいそう
0	@mi___nam  あう(´・ω・｀) もうなんかちすこぐちゃぐちゃ(´・ω・｀)
0	@mi___nam  ありがとうありがとう(´；ω；｀) どうぶつえん！ 行きたかったけど来週でとりあえず山越えるからその後つれてって(´・ω・｀)
0	@mi___nam  どうだろうだめかも😌 その時は胸貸して(´・ω・｀) うん、どこでもいい会いたいありがとう(´；ω；｀)
-1	@SongLiar @rumor13579  やかましい お前も棺桶いれるぞ
0	@SongLiar @rumor13579  プロポーズかよ
0	なんかベトナムの人に気に入られてる
0	冗談で国際結婚ワンチャンあるなとか言ったら不機嫌になるんだろうな〜☺️かわいい
1	@choronpo  眼鏡のやつが一番好きです👓
0	東京いきなすった 謎にさみしい😌
0	一瞬外に出ただけで蚊に4箇所も刺された 飢えすぎやろ
0	5箇所だった そして全部右腕なのは何故
-1	東京でホストやってる知り合いが東京に来てくれって毎月のように送ってくるんだけど(毎回無理って言ってる)じゃあ旅費くらい出してくれよって話である
0	@meloco319  CDもらっただけだからシフレかな（？）
0	低気圧に殺される
0	@mi___nam 混ぜて
0	病は気から病は気から
1	@mi___nam  あせをぬぐってあるいたみちのとこ歌いたいから私もアルトがいいな🙍
1	合ってないのかもなー 別れた方がいいかも
1	流石に泣きすぎ
1	この大事な時に悩み事増やしたくなかった
-1	こわい
0	@mi___nam  そえじま、いく あれいつまで
0	かわいい女の子が泣きながら地下街歩いてるんだからナンパくらいしろ(錯乱)
0	@mi___nam  まじかよwww じゃあ18日いきたい！
1	@mi___nam  うおおよかった！ やったー！！ありがとう
0	@mi___nam  ほんとありがとうほんと たのしみにしてるね！
0	@choronpo  わあー！いけめんのおにーさんだー！
0	@choronpo  お忙しいところ大変申し訳ありませんがどうぞ宜しくお願い致します🍰🍰🍰🍰🍰🍰🍰🍰🍰
0	@meloco319  恋愛はちんこ
0	@meloco319  めろめろサシ飲みしたい 来月以降になるけどしよ
1	RT @choronpo: ちーちゃんこういうの好きやけんな。
0	👷👷👷🏩👨‍❤️‍👨👨‍❤️‍👨👨‍❤️‍👨👨‍❤️‍👨👨‍❤️‍👨👨‍❤️‍👨👬👬👬👬
0	@meloco319  しんだらできんからギリギリ生きて 来月ならいつひまなのあんさん できたら下旬がいいけどいつひまか教えて
0	@choronpo  ホモ進捗どうですか
0	@rumor13579  のんのん ホモSEXだよ
0	@meloco319  おけおけ 平日とかでもへいき？
1	@meloco319  にーとばんざい 10月最後の週とかでもよいかいな
0	@rumor13579  🍑
-1	@0wOrz  美少女だからこわくない
1	@choronpo  有り難き幸せ
1	鼻ずるずるで早退したら初号機新幹線だったわーい！ 帰って薬飲んで早く治さな〜_(-ω-`_)⌒)_ やばい〜_(-ω-`_)⌒)_
0	@narumin130802  お誕生日なんだねー☺️💓 おめでとう🎈✨🎉🎊🎉✨🎈
0	悪用されてて笑う https://t.co/y3WuXkQpBw
0	まぁな誰だよ
0	小文字を使うな💢💢💢💢
-1	さすがに無理あるぞ https://t.co/5MTq6C7EMA
1	@gahao1028  まぁなです♡18歳です♡ 福岡住みなんですけど、よかったら今度ご飯でも行きませんか？♡♡♡
1	@gahao1028  あわあわ、困ったなあ！ まぁなちゃん焼肉屋さんでしかそういうのにお返事できない体質なんです〜(´；ω；｀) よかったら焼肉屋さんに行きませんか？(´・ω・｀) お肉食べながらがはおさんとお話したいです〜😊😊😊😊😊😊
1	@mi___nam  まぁな(18歳)ね、多分15時にはお家に帰れるからそれ以降なら何時でもいいよ！ そえじはご都合どうよ😌
0	@mi___nam  試合なのね！ 博多南から行く？？？
1	@mi___nam  うむ！ 17時18時台がよかろうか？？ https://t.co/e10OvOZEsL
1	@mi___nam  よいでーす！！！！！！ ちゃり？？？？？🚴
1	@mi___nam  え、まじで！？ いいの？😳
1	@mi___nam  やだイケメン… まじでいいのか！ じゃあとうほうまんしょんまでいく！
0	@mi___nam  ひえー優男かよ😂 間に合うと思う！ じゃあ40分にローソンおるね！ ありがとうどちゃくそ楽しみ(´˘`＊)
1	@mi___nam  お願いします〜😂！ 焼き鳥食べたい18歳です明日はどうぞ宜しくお願いします！！！！
1	@i7_de @gahao1028  こんにちは！がはおさんから焼肉大好きな方だとお聞きしましたので焼肉屋さんに行った時にどこ住みか教えますね！ すごくおいしいホルモンが食べたい18歳です宜しくお願いします♡
0	@gahao1028 @i7_de  闇
0	@gahao1028 @i7_de  放電？なにそれ？
1	@gahao1028 @i7_de  ぐぐった！ 普通に興味あるうまいんかな
1	@gahao1028 @i7_de  締まりすごくなりそう
0	@i7_de @gahao1028  知らんだろうがクソ童貞は風俗行ってろ💢💢💢💢💢💢💢💢
0	@mi___nam  食べる食べる！！！ 18歳も24歳も食べよ！
-1	まぁなは締まり悪そう
0	RT @gahao1028: @chisuko0401 まぁな
0	ガバおさん
1	@meloco319  かわいい
0	さみい💢💢💢💢
1	@meloco319 かわいい
0	@manjiyellow どこぞ？
0	@meloco319  わかる
-1	@manjiyellow  博多駅かとおもた いまおったけん会えるかなとおもって聞いてみたとこだった😌 雨やばいよな
0	ほーじょーや行けるのこの雨😩😩😩😩💔💔💔💔 焼き鳥い😩
0	@meloco319 飲む いま東京だっけか
0	@manjiyellow  まじかざんねん！ サンパレスなにやってるん？
0	帰ってすぐに寝巻きに着替えてソファに寝転がって映画けいおんを観るオタクの鑑
0	@meloco319  いきてえ いつまでそっちなのー？
0	@manjiyellow  オーケストラとかやるんか そら楽しんで〜！
-1	そえじまと放生会いってきた！ 雨すごかったけど人むっちゃすくなかった😳 あと写真少なすぎる問題。 直接だと照れ臭いから言わないけど腹割って本音で話せる数少ない友人だな〜と思うよありがとう😌😌🍰 来年リベンジ！ https://t.co/RLm0RO2LvM
0	すぎのい予約した😌🍴🍖🍰♨️ なんかサプライズやったろ☺️
0	RT @kiyo_saiore: 三連休って結局ダラダラしちゃう😅⤵︎それでもいっか〜✌️✌️お仕事頑張ったから家でゆっくりしよ😝🎶でもあっという間に終わってまた仕事仕事になりそうだなあ💦💦とにかく❗️自分なりに満喫するぞ🇯🇵⛅️💴🎥☎️🏃🚑⛳️🍴™️👀㊙️  これで仕事してる…
0	パリピかよ
0	@meloco319  いうて去年四人で行ったのが最後なの😩
0	@SongLiar  そういうサプライズじゃない
0	@meloco319  まじんこ！ かれぴといく💪
0	@meloco319  また喧嘩しそうだけどね😌 ぜんらでもいきたさあるよ〜
1	@SongLiar  オンエアしてくれるならいいよ
0	いうて加藤ぱりぴ
0	@meloco319  そうよねーぜんら旅行したい ゆにばもでぃずにーもいきたい
0	歩けど歩けど在るけど なんにもないよな気になるの https://t.co/dug03TXrzF
0	だおちゃんライブ行ってみたい
0	@0wOrz  知ってるの！？👉👈👉👈👉👉
0	@0wOrz  絶対知っとるやろ🌞
1	4℃可愛いけどやっぱそれなりにするなあ😂
0	超久々に起動したどうぶつの森に元彼のデータが入ってた時の私 https://t.co/5ShRgcBKJv
1	@SongLiar  見たことなかったから見てみたら予想以上によかった
0	@meloco319  ぜひいこう 東京じゃ結構ライブやってるみたい！
0	映画のＢＯＸ席きになる
0	ジンベエザメと暮らそう！〜Part 1〜【ペルシャ語実況】 https://t.co/rqawincKVt
0	@i7_de sex
0	@i7_de 交尾
1	@i7_de 風俗いきな！
0	RT @ARuFa_FARu: 「アンパンマン」と「アンマン」と「パンパンアン」と「アンマンパン」と「パンパンアンアンマンパンパンパンマン」 https://t.co/cCSBzqJAHd
0	なんもしたくない
0	@i7_de 今からバイトだから絶望してる😇😇😇😇😇😇😇😇😇😇😇
0	@i7_de  まぢむり。。。
0	うっしーDQV実況とか絶対見るやん👏
0	グリーンランド楽しみ😌👏 晴れるといいけど
0	DQV生放送の主人公の名前ヨシヒコwww ビアンカはムラサキかな😌😌😌
0	👏👏👏👏👏👏 https://t.co/IAKtKEFLeK
0	@mi___nam  18歳です♡
0	@sesame_clover  くる？おみやげ買って帰るつもりやったけど
0	@sesame_clover 一応持ち帰りするつもりやったけどダブルが食べたいならチャリでくるかなって
1	@sesame_clover  天神かよwww わかた なんがいい？
0	@sesame_clover あいよ
0	@sesame_clover  おけつ
0	@mi___nam  私と出合い系しよ？(ごはんいこ)
0	11月どうしても横浜行きたい🙃🙃🙃 行けるかな〜🙃🙃🙃
0	RT @ufatable: 九大生「これってもしかして…」 福大生「私たちの大学が…」 「「入れ替わってる〜？！」  九大生「嘘だろ…キャンパスが駅のすぐ側にある…」 福大生「駅からバスで20分ってどういうことだよ…」
0	はよ蟹の形見に行きたい🦀🦀🦀
0	思ったより違和感ない
0	死ぬほどいくら食いてえ
1	新機能すごい〜〜 https://t.co/P4aC7Cu1zm
0	ん？ https://t.co/8MSyLMZDb7
0	ん！？！？ https://t.co/an0ifHhJWx
0	福大(妹撮影)はギニア湾だった…？
0	@meloco319  ぐう天
0	@meloco319  うまそう
0	わらう https://t.co/kgo7MokAIw
0	な君関無 https://t.co/THuZxbXLKS
1	久々にある物を作った 自分の手際の良さにビビりつつ焼成中🐔 https://t.co/whJxwYBAf3
-1	レシピ無くしたんだけど案外覚えてるもんだな😌
0	@goth_nk  正解💯 .*
0	できた😊 https://t.co/N5cLANGFij
0	@choronpo  那珂川まで来てくれたらあーんしてあげますよ😉😉😉
0	@choronpo @gahao1028  まさとを取り合うがはおとちょすけさん？？？？
0	@meloco319  会わせろ
0	誰か私とカラオケ行ってニャル子歌ってSAN値ピンチしよ
0	@meloco319  帰ってきたら会う
0	@meloco319  まじんこ？ バイトの休み確認してラインする いつ暇なの？
0	@meloco319  おっけー！ バイトわかったら連絡する！ カラオケいきたい！
0	@i7_de  ねえカラオケいこ💢💢
0	@i7_de  行きたい😂
0	@i7_de  いついく！
0	RT @lidges: 地方民「これってもしかして…」 東京都民「私たち、身体が…」  「「入れ替わってる〜！？」」  地方民「昼から行ってもイベントに間に合うぜ！ヒャッハー！平日の東京イベント最高(号泣)」 東京都民「東京まで往復飛行機で５万円超え！？電車すら走ってない…もう…
0	聲の形みる！ ペアシートだ😳
1	@choronpo  やばいです涙腺崩壊しましたすごい良かったです
0	RT @fashionpressnet: 【上映中】映画『聲の形』 aikoが手掛けた主題歌「恋をしたのは」のPV公開 https://t.co/ZcSJRqhGpd https://t.co/gQQoeG2J0m
0	聲の形見おわった！ もうなんかずっと泣いてた
0	彼氏の家行こうとしてたら大雨で電車とまった… いつ辿り着くやら_(-ω-`_)⌒)_
-1	とりあえず寒い
0	@gahao1028  彼氏もいっしょなんよ そもそもがはおんちどこ🙂🙃🙂🙃
0	@choronpo  なんてこと…！！！
1	@gahao1028  ま？ すごいな 博多まですらもう戻れないところに来ている🙂🙃🙂🙃🙂🙃
1	なんか良いキーボードアプリないかな〜
0	持ち運べるキーボードほちい
0	小学生のときにクリスマスプレゼントで貰った光るキーボードどこやったかな('ω'三'ω')
0	しんくんへ！ https://t.co/lepPHazgxf
0	ラブホでIC覚えるのやめたい
0	兄が貸してくれたんごwww https://t.co/LzIdUgbJw1
0	アンプ欲しい
0	めろぴっぴ♡
-1	RT @amanotukiko_bot: 憂鬱な樹海に浮かぶわたしを見つけて 【スパイダー ～月にほえろ!～】
0	彼氏
0	めろちゃんに笑ってもらえたから満足
0	ただのデブだよ 明日からダイエット始まるから飲みに行けません(行く)
0	めろちゃんラブホきめよ
1	チャペいきたいね 夜通しカラオケできるし騒げるしいいじゃんいこ
0	女の子抱くの初めて//////
0	逆に抱かれる方だったのか
0	とりあえずあの時みたいにちゅーしよう
-1	あんまりだ。
0	@choronpo  ちょすけさん😂
0	@choronpo  誰がド腐女子ですか😂😂
0	@choronpo  ちょすけさんは攻めっぽいです😇
1	@choronpo  まさかの受けですか！そういうの好きです👏👏👏
0	ホップステップで踊ろうか
0	なんでめったに行かない遊園地に行く日だけピンポイントに雨予報なん？ もう成層圏に住みたい天気クソ😇
0	米津インスタ、1本の木の写真に対するいいねが1万2千超えてるのエグい
0	米津さんリンネセルフカバーください
0	@0wOrz  アルバム貸すよ(迫)
-1	寝てる間に眼鏡無くしてリアルに「眼鏡〜眼鏡〜」ってやった 裸眼だともはや何も見えない
1	先天性内斜視ってなんかかっこいい 今度からそう言お🐔
0	ぱりぴさんかと思った かとうあいたい〜むり https://t.co/f8VLaYPW1H
0	かとうんこあお
0	先に日付決めてたいその日休みとるから！！！！
0	エブリデイ加藤
0	24どう
0	その日だと試験後やからたすかるんご
0	https://t.co/niIsVReeJi
-1	なんでいしばはいしばなのにわたしだけちんちんなの不服 いしばもちんちんやろ（？）
0	美味是奇怪的味道 https://t.co/ygozYvUgB8
0	こんにちは24
0	@noppoq  さんきゅーババア また飲み行こうね
0	@meloco319  ありがちんちんー！！！！！！！🏩
0	12時ちょうどに長文はぴばLINEくれる年下の彼氏かわいすぎかよ
0	避妊具
0	そのセリフはあなたは1番言っちゃいけない
1	絶対女の子がいいな
0	彼女には避妊具の概念がない
0	めろこが母親とかまだ想像出来ないしな でも子供生まれたら旦那より先に私に抱かせて
0	やった〜👏👏👏👏
0	バイト
1	結婚式よんでね 全裸でマジLOVE1000%踊るから
0	ありんこ🐜
0	めろの結婚式とか絶対泣く
-1	つっこFCライブ12/24かよ無理じゃん
0	待って。ハロパAOAくるんだけど。 なんなのきれそう
1	RT @gahao1028: えっ！？ちす姉誕生日！？めでたい(๑´ω`ﾉﾉﾞ✧
0	＼(  'ω')／ウオオアアアアアアアアアアアアアアアアアアアアアアリガトウアーッッッッッッッッッッッッッッ！！
0	@choronpo @gahao1028  ありがとうございます(ﾉ)*´꒳`*(ヾ)
0	さいこうだよ〜(´・ω・｀)(´・ω・｀)(´・ω・｀)(´・ω・｀) https://t.co/woEGzRW5dl
0	@0wOrz  春日のしょうき！チェーン店😌
1	ありがたき。 幸せ！ https://t.co/cdxn1Wbnw3
0	@kobayaaaaaaan  ありがとおお！！ 久々会いたいね(ﾉ)*´꒳`*(ヾ)
-1	@mana_2kid  ありがとうううう！ まなあいたい〜(´；ω；｀)
1	@mana_2kid  きく！ききたい！ お昼はバイトなかったら暇やけんまなの都合いい日教えて(ﾉ)*´꒳`*(ヾ)
0	@mana_2kid  今日のお昼は用事はいってる(´；ω；｀)！ 来週は一応昼は空いてるよ！
0	彼氏とラウワンきて01やってたらトンパチだしてわろた(ダーツ初体験)
0	大学の時あんだけやってたクリケットもボコボコにされるしなんなのこいつ🎯
0	@mana_2kid  はーい！待ってますヽ(｡･ω･｡)ﾉ
0	@kobayaaaaaaan  そうなの〜(´；ω；｀)！ 来月には落ち着くと思うから時間あえば会ってやって(´；ω；｀)
0	@hinaa210 @kobayaaaaaaan  ひなちんありがとう〜！！！ 会いたい(´；ω；｀)♡
0	@xe0927  どいちゃん！ ありがとう(ﾉ)*´꒳`*(ヾ)
0	クリケット10回やって10回負けたからリアルで拗ねてる
0	@meloco319  しよしよしよ！！
0	さっむ！！
0	@0wOrz  いやいや、田んぼもあるけん！
1	何気なく指のサイズ図ろうとして試しに私の指輪嵌めてみたらまさかのぴったりで色々あれ😇😇😇
-1	@0wOrz  つらい けんぞーのくせに！
-1	あー頑張らないと 胃が痛いキリキリする
0	カビゴン https://t.co/rAmuBMqKQU
1	@mi___nam  そら驚くやろ😳😳 楽しかったみたいで何より！
0	@goth_nk  癒しタイプやろ😉
0	@SongLiar  ルージュラじゃなくなっただけマシ
1	昨日借りてきたAV見てる(純黒の悪夢)
-1	安室くんエロすぎつらい
0	年内まじで断捨離おばさんになろ いらないものは買わない売る捨てる
0	スーパーの中歩いてたら幼女から「ねえママ！みて！！なんかおる！！！」って指さされた。まるで妖怪扱いだなありがとうございました！！！！！！！！
-1	キヨ動画見てたら「わたしあなたと結婚したい」「待ってたのに。騙したんだね。」「いつになったら会いに来てくれる？」「ねえ結婚しよう」ってヤンデレコメント流れてきて怖E
0	https://t.co/yrsjn6h3ON
0	予測変換の罠
1	@sesame_clover  あたキヨのことは正直下に見てるよ、だって私もうキヨと結婚してるからね(´・ω・｀)
0	@mana_2kid  simejiの予測変換に出てきた😇 罪な男😇
0	@sesame_clover  わたキヨ
0	@sesame_clover わかる
0	@cnn1023  今日やったんか 頑張れ私も試験😇
0	@cnn1023  ありがとう望み薄そう！ よもみもおつかれ！
0	@asahina_moon なんのCD？
0	@asahina_moon あっ(察し)
-1	illyでお茶してたら隣のカップルがどちゃくそいちゃついてた 勝手に気まずかった 彼女が彼氏に鎖骨綺麗だよね〜♡って褒められてた
0	https://t.co/cjTnRjuynh
0	RT @ARuFa_FARu: 【検証】老若男女が並べば『能力者』っぽい写真が撮れるんじゃない？ https://t.co/BvKXuGS5DP https://t.co/ZB3PH5Eh1T
1	ミスドさんのロイヤルミルクティー300円で頼んでおかわり自由とか神かな
-1	お昼に食べた神うどんのせいでむっちゃ体調悪い(？)
0	頭痛はいつものことだけどそれプラス吐き気はまじで勘弁して欲しい
0	鎮痛剤飲み過ぎてまじでそのうち鎮痛剤になりそう 頭痛特効薬ください死にます寝ます
0	来年から同棲か
0	@0wOrz  レガロ３万でお願いします けんぞーいまどこなの？天神？
-1	@0wOrz  厄介客としていくね😌 なるほど、もしものときはお世話になるわ！
0	NBAプレー集見てたら１時間経ってた
1	@mi___nam  場所についてはお互いの就職先決まってからやね〜(´・ω・｀)できればこのへんがいいけど😌 てかごはんいこごはんいこ
0	@mi___nam  私も遠くはやだー(´・ω・｀) いこごはん平日の夜でもいい？
0	@Nose2640Nose  この歳で捨てられたらもう一生独身で生きていく
-1	今日スタバ行って色々やってたら前の席に座ってきたのが小学校低学年くらいの男の子でサンドイッチ片手に算数ドリルやってて惚れた
0	@cnn1023 よもカラオケいこ
1	@cnn1023  いこー！！！！ 日曜日がよいよな？
0	@cnn1023  おけんご 来月だといつが空いてるかおしえてんご
0	@cnn1023 わかったよも 一応どっちも空けとくけど試験入ったらごめんやで また連絡するやで
0	なんで試験の日いっつも雨なんきれそ😇
0	@hinaa210 ありがとう♥
-1	ヨシヒコFFやん笑うわこんなんwww
0	しょこたんなにしてんL(’ω’)┘三└(’ω’)」
0	今回やばかったな
-1	@xe0927  今回ひどすぎた😇笑
0	ユニバ平日くっそやすいな JAL往復ユニバーサルポート２泊パス付きで3万以下とかまじか
0	@choronpo  まじですまじです！ 飛行機の時間帯にもよりますけどむっちゃ安くてひっくりかえってます🙃
0	@choronpo  どっひゃーですよね🙃🙃 ぜひ彼女さんと行ってください🙃🙂🙃🙂🙃🙂🙃🙂🙃🙂🙃🙂🙃🙂🙃🙂🙃
0	女子商トイレむっちゃ綺麗になってる 母校に見せてやりたい☺︎
0	あーもうだめだ〜〜〜〜〜 あ〜💫💫💫👯👯👯👯👯👯👯✈️✈️✈️✈️✈️✈️✈️✈️✈️✈️✈️✈️✈️🌊
0	もうどうにでもなーれ💫💫💫💫💫  わあああああ💣💣💣💣🔪🔪🔪🔪🔪⚰⚰⚰⚰⚰⚰⚰⚰⚰☠☠☠☠☠☠☠☠☠☠☠☠
0	昨日ユニバ行こって言って昨日予約した
1	城南市民センター懐かしい😌 https://t.co/efX7Beha8f
1	こぶざるとコラボしてたーーーっっ！！！ かっこよすぎか https://t.co/rqA0cEBWMe
0	今日まじでついてない👯👯👯💫💫💫💫
0	誰かのせいにしたい
0	@i7_de  ねー、人のせいにすれば楽だもんね
-1	@i7_de  でも結局自分が悪いねんな
0	@i7_de  今までありがとう
0	@i7_de  それ見て改めて思ったんやけど闇さんむっちゃええ名前よね
0	@i7_de  表情腹立つけどな？
0	@i7_de  サイコロみたいだね🎲
0	@asahina_moon https://t.co/oE7A71Awlz
0	最近ずっとBerryz工房をYouTubeで漁ってる👯
0	ももちかわええ
0	玉ねぎに円盤借りよ😌😌👯
0	@eri_chikak0_b0  ももちはめちゃんこかわええ
0	RT @choronpo: スーパーにヤギいた https://t.co/1t4FXlkb88
1	@bmd163  ぐっしーかわいい(´˘`＊)
0	めろちゃんはクソビッチ
1	@magamagarin  おっことしてもちゃんと乗せてあげるところ優しいね😭💓💓かわいい😭💓
0	ハロウィンの飾りが欲しかったのにもうほとんどクリスマス用品になってた😭🎅🎄✳🌟✨
0	生チョコタルトとやらを作ってみた https://t.co/TpULPCqHOM
1	タルト生地焼かなくていいレシピだったけどやっぱり焼いた方がいいな〜😌
-1	@i7_de げろあまい
0	免許更新行こうと思ってたのに起きたら昼だった来週行こう(そろそろやばい)
0	@gahao1028 おたおめ👏🎉🎁🎂🎊
0	PPAPギネス認定www
0	本人が一番びっくりしてるやろうな😳
0	映画カイジみてる
0	ざわ・・・ざわ・・・
0	@mi___nam  ひよこを持って気持ちを伝えに行こう
1	カイジおもろかったぺリカ💸💸💸💸💸💸💸💸💸 ブレイブマンのとこむっちゃ手汗かいた
0	@mi___nam  それは否めないね 筑紫もち🙂
1	@mi___nam  ほんとうまい、わたしのもください うちにも挨拶来て
0	@mi___nam  お母さんに紹介したいの☺️💓
1	RT @LiSA_OLiVE: 初めて東京に来た時、渋谷がハロウィン仮装だらけで驚いたけど、今年は初めて仮装パレードしてます。みんなも仮装して街歩くの楽しい！※ピコ太郎さんは本物です。 https://t.co/BSjsCNcwiA
0	LiSAなにしてん😳
-1	こないだコスモス畑で彼氏とインカメで写真撮ってたら老夫婦のおっさんが私達の目の前で「ほら見てみろ、お前の大嫌いな自撮りだよ〜（笑）」ってわざわざ聞こえる声で笑ってきたから絶対に許さない。 迷惑にならない場所でわきまえてやって何が悪いんじゃコスモスの中で服脱ぐぞオラ
0	聞こえないふりした私の方が大人。ふん。
0	じゃっくおらんたんずし https://t.co/IA80YhziOe
1	なんかむっちゃKFC行きたくてたまらないから明日免許更新の帰りにキメる
0	@gahao1028  がはおも更新いくの？ じゃあ金曜日にしようかな(:3_ヽ)_
0	@gahao1028  花畑！じゃあ金曜日いく🙃🙂🙃🙂 🙃🙂🙃🙂🙃🙂🙃🙂🙃🙂
0	@gahao1028  違反者かよ😭😭 おっけー！朝から行くの？？
0	@gahao1028 あいよ！🎢
1	本格的に冬も来たことだし可愛い女の子諸君は是非ともニットセーターを着ましょう。おっぱい。
0	@goth_nk  ばかやろう！おっぱいがない女の子なんていません！！！！！
0	@goth_nk  控えめなおっぱいだっておっぱいなんです
0	@goth_nk  いや太ももだろ💢
1	@mi___nam  おっぱいは確かに存在しているのだ。着ようぞ。
1	@mi___nam  眺めがいいわろたwww そえじまは細いからな、てか胸なんて脂肪の塊やしないほうがいいよ身軽🙄
0	@mi___nam  私のをやろう(贅肉)
1	@mi___nam  おぬしそれでいいのか🙄
0	@mi___nam  どんだけ乳欲しいねん🙄てかごはんいこうよ🙃🙂
1	@mi___nam  バイトの予定確認してからまた連絡するする！！そえは平日夜がよいかね？😳
0	@mi___nam  おっけー！ 予定わかったらおしえる！
1	もうほんとこの偏頭痛どうにかならんの 病院行って良くなるものなのかなー🌀
0	死んだ https://t.co/sazP1lhLgn
-1	うまく付き合う方法をバファリンと冷えピタくらいしか知らない
1	@choronpo  やっぱお医者さんに正しい診断してもらうべきですかね💉💁🚑
0	@choronpo  おまわりさんこのひとです
0	@0wOrz  カフェインきくんか！
-1	@gahao1028  なんでやわしも治りたい
0	@gahao1028  針治療かーいたそう🙄 ついとる！
0	@gahao1028  7時半におうち出てきた😊😊😊 はよ😊😊😊
0	@gahao1028  ふざけんなリア充は滅せよ
0	@gahao1028  あいたたた
0	@0wOrz 食いたいだけやろ
0	@0wOrz  なになにつれてってくれるの？ありがとう♡
0	@gahao1028  正面から入って右の椅子に座ってるおばはんおったらわし
0	@gahao1028  とりあえず片っ端から「ちすこさんですか？がはおです！初めまして！」って声かけよう？？？
0	@gahao1028  あ？もう検査してんの？？？？！？！？！？
0	@gahao1028  くそwww受付もまだしてないわwwwwwwwww
0	@gahao1028  今質問票かいてるんご😉
0	むっちゃ写真撮り直された
0	私「私の仲良しグループLINEの名前『全裸』なんだけどさ、おかん達はなんか名前ある？」 母「『命の母』」  ＿人人人人人＿ ＞　命の母　＜ ￣Y^Y^Y^Y^Y^￣
0	なんかわろた
0	@meloco319 まじ？いってみたいかも！
0	@mi___nam  ふぁいと☺️💓💓
0	@mi___nam  意味がわからんwww おつかれさま☺️
1	早くこのくらいまで伸ばしたい なんで切ったんだろうまじで https://t.co/g21RwrUeYT
1	今日は大好きな人のお誕生日だ
0	@mi___nam  何言ってんだよ毎日がbirthdayだろ？(イケメン)
0	@mi___nam  ラブホいくか☺️
0	RT @y_un_i: 女の子が女友達とキス…？？？56%も百合案件発生してるの？？？😇😇😇 https://t.co/2DeHIzS7oV
0	思い当たる節しかない(ファーストキス)
0	定期的にれみこ愛してるの波がくる
0	@puchohenzaa  うぽつです💪('ω'💪)
0	デュープリズム更新はええ
0	財布忘れました 乾杯 https://t.co/kzQcxAFFJV
0	RT @asahina_moon: やったーほめられたー https://t.co/KYLTUsO7lH
1	もう今日ほんとに色んな人の優しさに助けられた 私ももっと優しくなります
0	学校いついこ😌
0	昨日お酒入れてカラオケ３時間行ったら喉ぶっ壊れた 年やな
0	日曜日迄には治さないと(使命感)
0	よもとカラオケ楽しみ そえとご飯楽しみ ぜんらご飯楽しみ
0	@mana_2kid まなちゃんごはんいこ☺️
0	風邪ひいた😷😷😷
0	来年家出るときにはニトリにお世話になるな、お値段以上💸 食器棚とキャビネットとダイニングテーブル欲しい💸
1	とりあえず早く落ち着いて住む場所決めたい👯👯
1	@0wOrz  それ懐かしいやめて🙄 就職先決まってから場所決めるからちょっと待って(   ˙-˙   )
1	@mi___nam  吉塚方面なら可能性あるけんそしたら近いね！ 早く決めたい〜ヽ(｡･ω･｡)ﾉ
1	@mi___nam  わかるわかる、ご近所たのしそう！ そうなんよね、ニトリ１日見れる😌
0	@hinaa210 @0wOrz  ひなちーーん☺️💓💓💓
0	一人暮らしするときに無駄にでかい冷蔵庫買っててよかったと思う😌 二三人用やたぶんあれ
1	@mi___nam  そえママの中で私は完全に自転車一生懸命漕ぐ人になってるね🚴
0	@mi___nam  今日漕いでない🙂 もう学校ないから全然漕いでない🙂
0	@mi___nam  そもそも今までそんなに一生懸命自転車漕いでたことなさげ😌 もうひとりの私がいるのかも。。
0	@mi___nam  あらやだねえ ねえ焼き鳥ここどう、マルイの中！ https://t.co/ucFyzqiEjQ
1	@mi___nam 鶏皮で有名なお店みたい！わたしも知らんかった！ここで良ければ明日予約しとくよ😳
0	@mi___nam  よっしゃー！ じゃあ18時で予約しとくね！たのしみ(ﾟ∀ﾟ　)
1	むっちゃカスカスの喉から声振り絞って予約電話したのに予約は受け付けてませんって言われた😉😉😉おちゃめ😉
-1	@mi___nam  いやいや全然！ なんかね、ほかの店舗は予約できるみたいなんやけどね、ここだけピンポイントでダメやった！ 多分平日のオープン直後やけんそんなに混んでないと信じて行こうと思う😉
1	@mi___nam のりこも！ 早く来週ならないかなと心待ちにしてる⚰
0	風邪が全然治らん😭 あああひさびさにけいちゃんに会えるのにお酒飲めないなこれは😭
0	今日は財布を忘れない、、
0	久々に彼氏に会えるのに鹿児島本線止まってて草
1	試験の日じゃなくてよかったなあ
0	とりあえず出るまで時間が出来たのでアンパンマン見てる
0	@mana_2kid  いこおおおおっっ！ ご飯でも食べながらたくさん話そ😊
0	別れる寸前までいった ほんと悩む
1	ゲームみたいにうまくいけばいいのに
1	私この人でいいんだろうか⚰
0	熱出た… 風邪長引きすぎおばさん
0	@mana_2kid @sksks2_0309  ふたりはいつがお時間あるのかな？？
-1	@mana_2kid  そうなのね、それはそれで、相手のこと思うと苦しい悩みやね(´・ω・｀) もういっそのこと別れようかなとも思ってる(´・ω・｀) 恋愛の悩みはつきないね〜_(-ω-`_)⌒)_
1	このタイミングでイケメンから飲みに行ことか言われたらホイホイついていくと思います、イケメンさん心当たりありましたら宜しくお願いします。
0	@mana_2kid  全部思い通りに行けばこんなに悩むことないのにね、でもそれが人生なんだなーって最近悟り開いてる(真顔)
0	@0wOrz イケメンだー！！！！！(椅子から転げ落ちる)
0	@mana_2kid  ほんとにむずかしいね、、 いつになったら生きるの上手になるんだろうっておもう_(-ω-`_)⌒)_
0	どうしようかな😌
0	とりあえず明日よもみに聞いてもらうか(名案)
-1	@mi___nam  きいて、ほんと もうね、つらい
0	ああああ(平熱35.4) https://t.co/q4ItIr62Mp
0	ああ〜〜よもみ会いたかったな〜〜熱今更下がり始めたんご〜〜ああ〜
0	寝てる間に生き甲斐届いてた〜😌💓 つっこ😷💓🤒💓 https://t.co/3rqeT6rn0Q
1	幸せになりたかっただけ
0	それだけ🦁
0	@choronpo  多分そうなんだと思います
0	@choronpo  仲間ですね(´・ω・｀)
0	@mi___nam  ありがとう〜😭 とりあえず水曜日までは生きる😭😭
-1	咳が酷すぎて一睡も出来なかった。 今日は休んで病院行ってきます
0	これ日曜日までに治せるんか？😷
0	処方箋もらって薬局来たけどここ、カウンターにダンボー置いてあったりマガジンラックにヘタリア置いてあったりBGMがドラクエだったりしててお友達になりたさしかない
0	なんで薬局きて空飛んでんねん神曲
0	気管支炎だそうです
1	@meloco319 めろちんとカラオケ行った後から喉おかしかったから完全にカラオケのせいにしてたけど違ったなり😷 完治したらまたいこ😷
0	@meloco319  多分違うと思うよ！！ めろちと遊びに行って帰ってきて服のタバコの匂い嗅いで興奮するからやめないで、吸おう
0	@meloco319  わかる
0	超久々に学校きた😌 化粧ばっちりした😌
0	(作業どこいった)
0	筆箱取り出した瞬間終わった連絡来た
0	そえありがと😉 私も頑張ろう😉色々😉とりあえず今週😉
0	RT @fashionpressnet: USJに「名探偵コナン」のリアル脱出ゲームが誕生 - 「ゴジラ」の4-Dシアターなど2017年の注目アトラクションを紹介 - https://t.co/Zq9kMwzgiX https://t.co/zqtbUCuc8n
0	え！？！？やったああああ
0	むっちゃヌルヌル動くキモイスタンプ買ったんで誰かLINEしてください。
0	@meloco319 ファイブは神
1	ショーシャンクの空にむっちゃいい映画だった もっかい観直したい
0	@meloco319  観てみる！
0	@meloco319  なりたさしかないよ（？）
0	帰宅、疲れた、寝る。 今夜はよもみん。
0	スーツ脱いだ時の快感やばいよね スーツ脱ぎ依存症になりそう
0	@mi___nam 🐜 旅に出る準備する🙄
0	@mi___nam  行きたい 千葉にあるんだっけ？？？？？？？
0	@mi___nam  聞いたところによると千葉あたりまで飛んでいく鉄の塊もあるらしいね 都市伝説だろうけど👯
-1	@mi___nam  その月の絵文字無駄に怖いよね 私は信じてる、いつか私を千葉まで連れてってくれるって
0	@mi___nam  🌚顔つける意味もよくわからんね🌚 連れてってくれる！千葉行きたい
1	どう考えても鉄板頼みすぎだよね 楽しかった https://t.co/OkIrg7E3pK
0	偏頭痛BBA https://t.co/DZ2HKkJj8E
0	@choronpo  四捨五入ギリ20歳BBAです
0	結婚記念日ご旅行に両親がイタリアへお行きなすった わしもつれてっておくれよ〜〜
1	@mana_2kid  もうね今は子育てが落ち着いてきたからか2人でいるほうが楽しいみたいよ😌 仲いい2人でいたいよね☺️💓
0	@mi___nam 早朝に行ってしもうたよ笑 ねー！私も行きたかった😌
0	聲の形２回目いってまいる😌🐬
-1	インスタのコメントに返信しようとして間違えて消してしまったあああああ明日はIKEAいくうううう↑↑
0	今日本当は動物園に行くつもりだったけど先週天気見たら今日は雨予報になってたから土曜日に変更したら今度は土曜日が雨予報になってる。 やっぱり呪われてる。雨男め。🌧
-1	バラ園もう無理やろ絶対🙄
1	ツイードのiPhoneケース可愛い😂 ダイソーとコラボしててお手頃だった😂 https://t.co/nzL2h7qM9w
1	@magamagarin  あら😳💓絶対そんなことないけど嬉しい〜😂💓
0	@0wOrz ありがとう焼肉奢ってください
0	@meloco319  こんなにおめめでかくない👺
1	@meloco319  京都いいなああ むっちゃ晴れやん
0	夕飯の支度しながらクッキーも焼いちゃうできる女ごっこしてる イケメンさんお一つ如何でしょうか。なおオタクです。 https://t.co/ilPIzEoZfP
0	ねー😊
0	RT @puchohenzaa: https://t.co/hMHd4RYajJ
0	はり〜ぽった〜
0	@mi___nam おめでとう💓
1	頭痛いから生き甲斐垂れ流しながら寝よ_(-ω-`_)⌒)_ まあでも安心した〜よかった
1	ちょすけさんとがはおくんいつもラブラブやなあ(そっといいねを押す)
-1	@choronpo 薄い本が厚くなります、いつもありがとうございます。
0	@choronpo ぜひ巻頭にサイン下さい♡
1	イタリアに行っていた両親からピサのパーカーを貰った むっちゃ着心地いい🇮🇹そして目が寄ってる👀 https://t.co/bErRxPU7RK
0	@gahao1028 @choronpo  いつもTwitterで見てます！！！！サインして下さい！！！！
0	うわーい https://t.co/Lg34xOSaqT
-1	@gahao1028 @choronpo  こわくないこわくない ゆっくり慣れていこうね
0	引っ越すなら冬の朝に車の窓ガラスに氷が張らない所に引っ越したい
0	あーかん咳再発してる〜明日全裸なのに〜あああ〜
0	@2saki8  全裸って友人との集まりのお名前なの☺️💓
0	RT @conan_movie: 2017年4月15日(土)公開決定！！  劇場版シリーズ第２１弾、『名探偵コナン　から紅の恋歌（ラブレター）』ついに本格始動！！  舞台は待望の大阪・京都です！ 胸がキュッとなる“淡い恋のストーリー”にご期待ください！ #conan_movie…
0	初日に見に行く
1	@amochun110 さとうです👯 今日はありがとうねー！久々会えて嬉しかった☺️💓
1	最近、牛肉が美味い。 幸せだった☺️ https://t.co/yoItp7iFAb
1	@24kJky  おおっ！おめでとう！！🎈✨🎉🎊🎉✨🎈 お幸せに☺️☺️！
1	RT @TwitFukuoka: 今週、那珂川町に「スーパーセンター トライアル 那珂川店」オープン。フォレストシティにも近く、周辺は「コスモス」、「ドラッグストアモリ」、「マックスバリュ」が並ぶ→ https://t.co/pNM9fRQELW https://t.co/7D…
0	ミンピンが足らへん………
0	世間がサンムーンで盛り上がる中、ピクロスでカイオーガをゲットし盛り上がる私であった。 https://t.co/oysn8ZAGOS
0	マイアミとデュープリ更新来てる⊂( ˆoˆ )⊃よっしゃいきがい
0	なあ。なあて。キレそう。 https://t.co/5pL6cPL0FA
0	マイアミ打ち切りによりわし無事終了
0	RT @Tsuki_Amano: ブログ更新しました。 「天野月2017年イラストカレンダー発売のお知らせ。」 中身ちらみせサンプルも載せておきました。 12月15日より、音倉商店にて取り扱い開始です。 数に限りがありますので、お早めにどうぞです。 https://t.co/s…
0	@kaedematsu0617 かえでちゃんありがとう😊💓 またよろしくね(@'ω'@)
0	いきなりステーキいきたい〜
0	期待だけして報われなかった時のこと考えるとあんまり期待はしない方がいい。 何に関しても
0	とは頭ではわかってるけど心の隅では祈ってる自分がいるんだよ〜な
0	髪染めたい
0	こんな時間に https://t.co/Btta3rX8vu
0	おかんとサシ😊
1	懸賞始めて1ヶ月。 サンプルしか当たらへんけど楽しい😊 https://t.co/HaKLmiz4ut
0	那珂川にアイシングクッキー置いてるお店ある？？？🍪 天神いくかなーなやむー(´・ω・｀) 土曜やしなあー(´・ω・｀)
0	いっそのこと手作りするか()
0	今回の金曜ロードショーでやっとコナンが幼児化した理由がわかるな まさか工藤新一がコナンになるわけないし楽しみ😊
0	@choronpo  なんですか！？もしかしてそれってネタバレですか！？やめてください！幼児化した理由楽しみにしてるんです！！！！
0	@choronpo  し…死んでる…
1	@conan_movie  最高でした絶対初日に見に行きます好きですありがとうございますありがとうございます
0	必死なオタク https://t.co/f6lyTYVksf
0	@miku_221kt  ほんとー！？ありがとう覗いてみる😊💓
1	黄金糖うまいー！ けどなんか黄金糖＝そえじまってイメージむっちゃ強いなんでだ
1	@mi___nam 流石かよ
1	@ykp_konoha 正直むっちゃいきたい
0	@meloco319  ちんちんおこらないで
1	@mqnupipi 肉！うまかった！ うん〜☺️💓
0	@ykp_konoha まじでいきたいんご 来年いくかも
0	杉乃井でボウリングしてからハマった😳 今からまたやってくる☺️
0	@mi___nam  イヤリングとかネックレスとかにもしてくれてたで！ でもね貝柱切るのグロかった(´・ω・｀)
0	@miku_221kt  うみたまご！ はじめてこんなことした！😳
0	鮫しか載ってないマグカップ買った https://t.co/i8CjTFEQvX
0	@cenchimental しまった、、せんちゃんの分も買ってくるべきだったね(；＿；)
0	@mi___nam  死んでる！けど、ナイフでこじ開けないけん(´・ω・｀)
-1	@mi___nam  担当のお姉さん「貝柱を切ってしまえば勝手に貝が開くのでそれまでナイフでぐりぐりーってしてくださいね(にっこり)」だったよ  たぶんあそこのお姉さん前世でアコヤ貝になにかされたんだとおもう
1	@cenchimental  鮫好き会の友として買うべきだった(´・ω・｀) のむのむ！鮫さんココアのむ👯
-1	@mi___nam  綺麗なお姉さんだったのに人間って怖いなと思いました(´・ω・｀)
0	@goth_nk  やばいよねこれしあわせすぎる 見つけた瞬間レジに持っていった！ 水族館なら割とどこでも置いてるんじゃないかなー！
1	@mi___nam  奥が深すぎるね…(´・ω・｀) 色々貴重な体験でした…
1	@goth_nk  買うべし！600円とお手頃なのもなおよし！ むっちゃわかるわーーー鮫さんほんとすき抱かれたい
1	@goth_nk  クラゲもいいよなあーー クラゲマグカップもあったで！
0	@cenchimental 大分のうみたまごだよー！！ 他にもクラゲだけのやつとかあったから行ったらぜひに！ ジョーズマグカップほひい😳
1	@cenchimental  行かなきゃ！したいねー！！来世は魚になりたい🐟 ゆにば！いいなあ！！
0	なにこれだれ https://t.co/II2iZY7j6w
0	@xe0927 みんなしらんひと(´・ω・｀)
0	@gahao1028 がはおきゅんこわいよお(&gt;︿&lt;｡)
0	@choronpo おめでとうございます🎊🎉
0	さんたさんへ。これほしいです。 https://t.co/7p4MFW3QPL
0	@mi___nam うらやま死 金欠サンタやから来年かな〜🙄
0	@mi___nam  金欠による死亡を覚悟の上でDW買っちゃうそえさんかっこよすぎる
1	@mi___nam  すごいかっこいい男前  年明け実家(ハワイ)に帰るけんお土産買ってくるね〜👯
1	隣の席のギャル達が 「体重44㌔超えてた〜やばい〜」 「やば！ジムいけよw」 って話で盛り上がってて真顔でひたすら青椒肉絲食ってる。 私もしギャル界にいたら確実にデブって言われると思ったけど冷静に考えたら大学時代もひたすらデブって言われてた。今年もありがとうございました。
0	@mi___nam  現地人と間違われてくる😉 帰ってきたら渡すね😉
0	@ykp_konoha 私は大仏かな😌
1	@meloco319 いいなあ( ｰ̀εｰ́ )！！
0	最近同棲のこととハワイのことと蘭たんのことしか考えてないしそれだけのために生きてるとこある
1	@mi___nam まだあっちの働く場所が決まらんのよね(´・ω・｀) はやく決まってほしい_(-ω-`_)⌒)_
0	@mi___nam いやそれがな、ちゃうんや😔 不合格でもなかったけどちゃうんや😔
0	@mi___nam 合格は合格でも補欠やねん_(-ω-`_)⌒)_ 誰かが辞退するか今の職員が退職しないと採用されないという生殺し体験中♡
0	@mi___nam ほんとそれよ🙄 しかも採用候補の名簿には平成30年まで載るらしいから謎に長期間淡い期待を持たせられることになる🙄
0	@mi___nam  もしかしたら採用されるってだけやけん、他のところ受験し直したり民間に就職する人もいるっぽい！ かれしどのは内定もらったから一緒に住みながらパートしながら勉強しながらまた来年受け直す予定🙄🙄
1	@mi___nam  ふうー！！👏 まだあっちの勤務先がわからんからそれ次第やね！ 近かったら遊び来て😊
1	@kaedematsu0617  これおいしかったよね、私も今日たべた！ https://t.co/j7HZ4QTYTf
1	@kaedematsu0617 ね！おいしかった！ クッキーのとこむっちゃすき☺️ これね、妹たちから買ってこいと無言の圧力的なものを感じたので妹3人分も買ったんだよー！
0	クリスマス〜〜 https://t.co/BeZpKnv7lr
-1	でもなんか前途多難
0	かわいすぎるリスザル https://t.co/sqqUCU8DmM
0	@meloco319 海ノ中道！
0	@meloco319  なんのでた？？？？うんこ？？？
0	@SongLiar 誰が猿や
0	@meloco319 言い方www
0	ナポリ見な！
0	みーちゃん可愛すぎて無理
1	@mqnupipi むっちゃ楽しそう
1	@mqnupipi かわよい、わたしも一緒に飲みたい(´･･`)
0	今月のiPhone修理に出す、眼科に行く、コンタクト買う、歯科に行く、頭痛外来に行くっていうノルマが一つも達成されないまま28日が半分終わった
0	@meloco319 東京いくの？？？
0	@meloco319  そうなんか あっちに引っ越すんかと思った
0	@meloco319  なるほどなるほど！
0	遠距離はクソッタレだよ
1	念願のいきなりステーキ堪らなく美味しかった https://t.co/qKvV5sAgE6
1	ハッピーハロウィン 今年もかぼちゃにまみれます。
0	ハワイ😊💓 https://t.co/GjAOBKYmE4
0	@choronpo ワイハです😊👏😊👏👏
0	プール😊 https://t.co/5KgvDBQlSA
0	海 https://t.co/A7KyfAGXCt
1	@SongLiar いいことばっかじゃないけどね😌
0	@goth_nk  ダイナマイトなお姉さんたち布地の少ないビキニ来て浜辺で寝そべって焼いておりましたよ 外国人のオープンさすごすぎる😂
1	フラダンスのショー見てたら渡辺直美も見に来てた😳 すごい愛想良くて可愛かった😭
-1	やっと頭痛外来行けた〜 レントゲン撮ってもらったら首の骨が大変なことになってた
0	リハビリなあ🙄
0	@mi___nam  曲がってはった🙃 毎日矯正運動したら元に戻るらしいけど継続できる気がしないよ🙃
0	@mi___nam  脳みそがレンガなのかもしれない（？） 首体操一緒にやろ♡毎晩訪問するね♡
0	@mi___nam  だーれが脳みそスッカスカおばさんやね〜〜〜ん☄ 通報だけはやめて♡
-1	@mi___nam  身元特定されちゃう顔バレしちゃうううう
0	@mi___nam  隣の晩ごはん！？！？🍝🍱
0	@mi___nam  カップ麺つくっとくね♡
0	@mi___nam  チャリならいける(確信)
0	https://t.co/bRLzytvYCG
0	@mi___nam 信号のタイミング考えておうちを出てくれば間に合うと思います！！！
0	@mi___nam  いつの間にか先生になってた！ がんばれ！！！
0	@mana_2kid  あら😭 気をつけて行くんだよ😭
0	君の名は。グッズは福岡でも売るのか どうせならカフェやってよ福岡でも😌
0	蘭は合格効果音を聞かせろ
0	じゃっくさんドルヲタはさすがに草
1	@sksks2_0309 @mana_2kid  ちゃうよ！！！！！ 結婚は早くて今年中か来年あたりかな😌
0	@sksks2_0309 @mana_2kid  理想はね笑 まだ全然わからん😳 もし決まったらちゃんとお知らせするね☺️
0	@mqnupipi  シンデレラグレイいいよね🙃
0	米津玄師さまが蘭たんフォローしてるのを今知ってひっくり返ってる
0	ナンパとかカラ松のストラップジャラジャラつけてる六つ子ケースに包まれたスマホでホモ漁りながらサイゼでパスタ食ってた時しかされたことない
0	唐戸市場行きたい
0	@mi___nam 香港になったんだ〜！！ 楽しんできてね😊💓💓
1	@mi___nam  羨ましい😂 やったやったたのしみにしてる！🌚
1	@magamagarin 会いに行けばよかった😳💓
1	@mana_2kid  大丈夫？(；＿；)
-1	@mana_2kid  心配😔 あんまり無理しないようにね😔
0	無駄遣いしないと言いつつミニオンにハマってしまってメルカリでひたすらミニオングッズ漁ってる
1	補欠になってたところから採用内定の電話かかってきて手震えた やばいめっちゃうれしい これでちゃんと親孝行もできる自立もできる(；＿；)(；＿；)(；＿；)(；＿；)
-1	@hinaa210 @0wOrz  ありがとうううう(；＿；)！！！ 私もまた頑張ります！
-1	@mi___nam  (；＿；)(；＿；)ありがとう(；＿；)(；＿；) 未だに夢かと思うくらい現実味ない(；＿；)
0	@mqnupipi  ありがとう(；＿；)(；＿；)！！！ ２ヶ月生きた心地しなかった(；＿；)！ ほんとにありがとう！！
0	@bmd163  ありがとう(；＿；)♡！！
1	@gahao1028  先にちすこ孝行宜しくお願いします
0	@sesame_clover  ごまもこの波に続け〜〜！！ (๑ •̀ω•́)۶ﾌｧｲﾄ!!
1	@mi___nam  ありがとう(；＿；) なんか２ヶ月生きた心地しなかったからやっと酸素うめえってなってる（？） ごはんいきたいいいい！！！
1	@mi___nam  酸素うめえ(；＿；) 宴！やった！うまいもんくいたい！
0	内定は決まりましたが彼氏と別れました！！！！！！  なんて日だ！！！！！！！！！！！！！！！！！！！！！！！
0	おい https://t.co/QDr81Ua7Ei
0	RT @gahao1028: ちす姉かわいそう
0	RT @choronpo: ちすこ哀れ🐥
-1	うるせえ24歳公務員美少女に見合うイケメンつれてこい
0	ちょすけさんにもきれた😊
0	RT @gahao1028: 少女ではない
1	穏やかじゃない
0	ちょすけさんとがはおのおごりで叙々苑あくお願い致します
0	@choronpo @gahao1028  で、いつにします？？？？？？？
0	@choronpo @gahao1028  来月ですね？？？？？？
0	@manjiyellow  なにわろてんねん
0	@manjiyellow せやな奢りでたのむよ
0	実際同棲するからって貯めてた３０万どうする？？？？
0	@gahao1028 @choronpo  お願いします
0	@halu0312  ありがとう？？？？？？？！？
0	@choronpo @gahao1028  来月の末ですね？？？？？？？？？？
0	@halu0312  いえす！
0	@choronpo  ごちそうさまです！！！！！
0	@hinaa210  |ω･)
0	RT @gahao1028: くれ
0	やらん
1	@mqnupipi  すごい1日である…(笑)
0	@choronpo  ？？？？ どうしたんです？お財布なんか取り出して… あああごちそうさまです！！！！！！！！！
0	@hinaa210 @0wOrz  どうぞよろしくお願い致します
0	@htmy_0606  えっ！？だよね！？！？笑
0	@htmy_0606  おはよう！！！！！！（？）
1	別れの決定的一打は本日念願の内定が決まった私に対する彼の「内定決まらんどけば良かった」発言です！！！！！ 本当にありがとうございました！！！！！ 次回作にご期待ください！！！！！！！！！
0	@cenchimental @htmy_0606  ふたりに会いたすぎる😂
1	@cenchimental @htmy_0606  意味わからんよね😡😡😡 会合したい会合しようううっ！ わたしのはどうでもいいけどとりあえず2人に会いたいわ〜(；＿；)
0	@choronpo  というのはまあおいといてまた飲みに行きましょう😊
1	@htmy_0606 @cenchimental  やったーーー！！！ カラオケでもご飯でも飲みでもなんでもいいから会いたい👯
0	@choronpo  わたしが奢るので付き合ってください☺️
0	@htmy_0606 @cenchimental  おうみんなの暇な日を聞こうかベイベー
0	@gahao1028 @choronpo  よし3人で行きましょう
0	@htmy_0606 @cenchimental  せんちゃんも平日でええんかいな？？😳
1	@cenchimental @htmy_0606  わーい！ちょっとごめんね今出先やから明日またこの日どう？って提案してもよかろうか！😳
0	@htmy_0606 @cenchimental  また連絡します😊💓
0	@gahao1028 @choronpo  来月でこの日って言ってくれたら休み取ります👯
0	@19azusa31  ありがとうございます(；＿；)！
0	@cenchimental @htmy_0606  ありがとうありがとう！ たすかります😊
0	@19azusa31  ほんとですね(；＿；)！ がんばります(๑ •̀ω•́)۶
0	@Nose2640Nose  内定祝いとお別れ祝いで焼肉おごって！！！！？！？
0	@halu0312  のみいご！！！！！！！
0	@cnn1023  吐く！！のみいこ！カラオケいこ！！ねえ！！！！あと男紹介して！！！
0	@sksks2_0309  ねー！ 振ったの私だけどね(´・ω・｀)
0	@halu0312  やったやった！ 焼肉いきたいやさん
0	@sksks2_0309  ね(´・ω・｀) ありがとう！(；＿；)💓
1	@halu0312  いこいこいこいこいこいこ いつでもあける♡バレンタインでもいいよ♡
0	@cnn1023  やったー！！！！！ あと4月コナン見に行こ！！！！！！！
0	@halu0312  りょうかい！
0	@19azusa31  ありがとうございます😳😳
0	てょがは(R18)
1	御託はいいからはやくベッドインして
0	@choronpo  リバ可ですね？😊😊😊😊😊
-1	ふええバイク乗り2人にいじめられるよお(&gt;︿&lt;｡) こわいよお(&gt;︿&lt;｡) バイクの人はみんなこうなのかな？(&gt;︿&lt;｡)
0	二輪の免許ほしいな
0	囲えよ https://t.co/iYYVwemCzd
0	RT @gahao1028: ちす姉バイク乗ったらめっちゃ囲われそう
0	囲われたことはないけど絡みない人から突然DMきてカップ数聞かれたことならある
0	まずバイク買ってくれる囲い達探してきて
0	RT @gahao1028: [急募]24歳公務員美少女にバイクを買ってくれる方
0	@gahao1028  おやがは
0	@mana_2kid  ありがとううううぅっ！！！ 色々頑張る、色々😂
0	@mana_2kid  ほんといきたい！ ほんと！あってない間いろいろありすぎた笑
0	@mana_2kid  そんななる！？！？ おどろきや 会いたい〜(；＿；)
1	@mana_2kid  うん！昼間は割といつでも暇してる！ 言ってくれたら夜でも大丈夫！ ほんとまじで会いたい(；＿；)
0	@mana_2kid  あらあら！ そうなのね！大事な時期！寒いから風邪とかインフル気をつけてね(´・ω・｀)！ 待ってる待ってる！ ありがとうらぶ(；＿；)♡ 国試がんばって！
0	@mi___nam  いきましょういきましょう
0	@mi___nam  ほんといこう！ 私も行きたい！三月？？
0	@mi___nam  余裕でいける♡ いこ♡
1	@mi___nam  たてるたてる！ いつでもいいよ！ 合わせる😊
1	@ykp_konoha  おめでとうでいいよ！！！？？！？！？！？
0	@i7_de  とりあえず職につけたからよし😊
0	@goth_nk  それまじで考えてる とりあえず友達と東京行く計画二つ立てた😉
0	@goth_nk  卒業旅行思い出すね😔
0	大阪の友達が帰ってきてたから遊んできた 久々にカラオケ行ったけどやっぱり最高だった もうカラオケと付き合おうかなとも思う
0	RT @gahao1028: リア充ペンギン https://t.co/6uEEn04ubK
0	ペンギンはリア充だというのに…
0	@SongLiar  子孫残したいよ〜〜〜あああ〜〜〜〜〜〜〜
1	@SongLiar  無事達成されるといいね 私も28くらいまでには受精着床目標にして励むわ非リアだけど
0	@meloco319 ーりん
0	@meloco319 ありがとう😂！！！
0	ほんとクソ💩
0	クソかよぜってーあいつより先に出世して稼いでイケメン捕まえて結婚してやるクソ
0	なーにが「友達に相談したらやっぱりその彼女おかしいって言われた」だよ おかしいのは一旦自分のせいで振られたくせに二日経って長文ラインで謝罪してくるてめえの頭だよクソ
0	あーもうムカつく😄😄😄😄😄😄😄！！！！！
0	@mi___nam 似ている
0	@fumi5_rfs イケメンだろ😉
0	@i7_de 振った！
0	@choronpo  なんとか言ってやってくださいよ〜〜せんぱい〜〜！！
0	@choronpo マスってなんです？？？？😳
0	@tamanegi1250 おたおめ
0	@choronpo ちょーすけさん！マスってなんですか！？私気になります！ https://t.co/cJ5ghxPHPc
1	@choronpo  解決しました。インターネットって便利ですね。どうぞいい夜をお過ごしください。(にっこり)
0	@choronpo  ㌢㌧㌢㌧㌻㌔㌻㌔
1	@tamanegi1250  だーいすきなおにいちゃん！♡ お誕生日！お、め、で、と、う！！！ とーっても素敵な一年になりますように！٩(๑^o^๑)۶٩(๑^o^๑)۶٩(๑^o^๑)۶ ぱんぱかぱーーーーん！！！！！！！🍛
1	@tamanegi1250 精一杯かわいくやったのにひどい
0	@tamanegi1250  まあこれからも身体に気をつけて仕事頑張ってくださいよ
0	@choronpo いまバイト終わって帰ってるんですよ〜！ ちょすけさん明日お休みなんですか？マスこいて寝なくていいんですか？
1	@mi___nam  うーん、、なんかよくわかんないや どうすればいいんだろ
1	@mi___nam  なんか変わるからってえらい長文がくるんよね どこまで本気か知らないけど 反省はすごくしてるみたい…
1	@mi___nam  悩むなあ…… すごい必死だからそこまでしてまで一緒にいたいんかなあとか思うけど 正直自分の気持ちもわかんなくなってきた🙄🙄
0	@mi___nam  そうね(´・ω・｀) 少し考えたい_(-ω-`_)⌒)_
0	RT @shaaarman2: 天野月ライヴスケジュールその２ 今年はなんと５日！  「AMN リクエストアワーFINAL」 ７月　１日（土）下北沢MOSAIC ７月　８日（土）下北沢MOSAiC ７月１５日（土）渋谷CHELSEA HOTEL ７月２２日（土）渋谷GUILTY…
0	ファイナル…2回は行く…
0	つっこ移籍な予感はしてるけどまさか引退じゃないよね……死ぬ…
0	これまじでフォロワーさんが言ってた今までの曲全部歌って終わりじゃないかとも思えてきて死んでる
0	買った https://t.co/m9CuzTsbpp
0	節分 https://t.co/J365XuFU6x
0	RT @AmazonJPmvd: 「君に生きるのを手伝ってほしい」 映画『聲の形』が予約受付中。5/17発売⇒ https://t.co/7O3b1ldSkj  ※Amazon限定版あり  今話題のDVDをアマゾン探すなら⇒ https://t.co/RlPTiq2Dmf #聲…
0	ぜっっったいに買います
-1	やっぱり無理でしたわ😌👏
1	イケメンで高身長で仕事就いてて優しくてユーモアに溢れてる年上のお兄さんに心当たりのある方私に是非紹介してください 寝よ
-1	@SongLiar  うるせえイケメン紹介しろ
0	@goth_nk @SongLiar  三次元で頼むわ💢💢💢💢💢
0	キレそう https://t.co/QtveYaC5e1
-1	もうなんか…結構きつい…
-1	いっけなーい💦💦殺意殺意🔪私、振った男のLINEはブロックする系女子😜きっぱり関係は断ちたいの😣💫でも、連絡が途絶えたからと言って共通の友人に私に連絡するよう言い出してもう大変💥😇‼️私、これからどうなっちゃうの〜っ⁉️😣 次回「メンヘラ男死ね」お楽しみに😜💣‼️💫😇
-1	ふざけてる場合じゃないしせんちゃんとそえ迷惑かけてごめんねでももうふざけるしかない
-1	@mi___nam  胃が痛い😇 全然！むしろ夜遅くにごめんね！
0	@mi___nam すまんな(´・ω・｀) ねー、、どうしようね 連絡取ろうと思ってるけどいざしようと思ったらできぬ…
-1	@mi___nam  うん(´・ω・｀) こわいよーーーー！
0	@mi___nam  うん(´・ω・｀) いやいや！とりあえずLINEだけしてみるよ！ また手に負えなくなったら相談させて……
0	@mi___nam  ずっと読んでなかったLINE見たらやっぱ私ボロクソに言われてて笑った 前向いて頑張りますさようならって書いてあるのに友達経由して連絡してくるあたり意味がわからないよ…
1	@mi___nam  そうなんかね？でもわたしはさよならする気しかないんだからもう連絡とる必要ないよね？笑 最後のラインが「ごめんね……」って遺書かよ…
1	@mi___nam  うん、今そんな感じで送ってみた！ 流石に友達に連絡するのはやめてとも言った！(´・ω・｀) 伝わるかな〜〜…
0	@mi___nam  うん(´・ω・｀) もうなんか疲れた(´・ω・｀)
0	@mi___nam  今また返信が来てやっぱりもう1回考え直して、俺が間違ってた、俺がちすずに依存しすぎてたことに気づきました。復縁したいです。もう一度会ってくださいって来たんだけど =͟͟͞͞( ✌°౪° ✌)=͟͟͞͞( ✌°౪° ✌)=͟͟͞͞( ✌°౪° ✌)
-1	@mi___nam  言ってええかな…？ また友人に迷惑かけないだろうか…
-1	@mi___nam  うん、言ってみる(´・ω・｀) もう嫌いなので会えないですってはっきり言ったよ(´・ω・｀) しつこすぎるよゴキブリの生命力くらいすごい
1	@mi___nam  ね…(´・ω・｀) この期に及んでなんで冷めたのか理由を問われたけど今更理由なんか聞いても仕方ないと思うの ブロックしてもいいかな…
0	@mi___nam  うん、そうする(´・ω・｀)！ 長々ごめんよ……_(-ω-`_)⌒)_
0	@mi___nam  ほっとしたのか疲れたのか涙出てきそう(´；ω；｀) ありがとう！でぃずにー！！！！あそぶぞー！！！
0	@mi___nam  教祖様！！！ むっちゃ楽しみ！😂😂
1	@mi___nam  行かなきゃ…！ はやく行きたい\( 'ω' )/\( 'ω' )/
0	@mi___nam  そわそわそわそわ！ 素人やからついていくね！ 実際東京行こう！ってなって行く日が２週間後なのはさすがに初めてのことである\( 'ω' )/
1	@mi___nam  そわじまさんだ！（？） プロがいるから正直頼りきってる( ˙༥˙ )( ˙༥˙ )
1	@mi___nam  容易に想像できるわ(º∀º ) 楽しもうね\( 'ω' )/
0	@mi___nam  (☝ ˘ω˘)☝ふぅー！！
0	@mi___nam ＼＼\└('ω')┘//／／
0	@mi___nam  ！？！？！？！？
-1	しつこっ！！！！
0	なおととばさし https://t.co/kZzzbppM1i
0	@choronpo  (´・ω・｀) マリノア来てくださいよ\( 'ω' )/\( 'ω' )/\( 'ω' )/\( 'ω' )/
0	@choronpo  いまなおととマリノアにきてます( ˙༥˙ )！
0	@choronpo  あれだったら糸島行きますよ\( 'ω' )/
0	@choronpo  ごご、ご飯行きましょ\( 'ω' )/\( 'ω' )/\( 'ω' )/
1	@choronpo  わー！！！\( 'ω' )/\( 'ω' )/\( 'ω' )/ 来てもらっていいんですか？( ˙꒳​˙ )
1	@choronpo  裸でいいですよ/////
0	@choronpo  わかりました//// 着いたら教えてください\( 'ω' )/
0	Neon Signほんといい〜
0	ドキドキした〜！
0	ハマってる https://t.co/UvgPD8HNVI
1	冷静に考えたら大学広すぎるよね 迷った
0	マカロン作ってみた＼＼\└('ω')┘//／／ 初めてにしては上手いのでは！ https://t.co/bFtp8Pa20b
0	自画自賛
1	@i7_de うまくね！？！？
1	@i7_de  うまそうてかうまい( ¨̮ )
1	@magamagarin  粉まみれになりながらも奮闘してみた笑 思ってたより簡単に作れたよ( ¨̮ )
0	うーん………😇☄💫🌊
1	@fumi5_rfs マカロンとかどうでもいいから（？）やのあいたい
0	@cnn1023 よもあいたい
0	@cnn1023  そっちまでいくから会おう ご飯いこう
0	@cnn1023  16どう！
0	@cnn1023  (˙꒳˙ 三 ˙꒳˙ 三 ˙꒳˙三˙꒳˙ 三 ˙꒳˙ 三 ˙꒳˙) わーい！ どっかそのへんご飯屋さんある？
0	@cnn1023  肉かイタリアン食いたい☺️☺️☺️
0	@cnn1023 わしも見とく\( 'ω' )/
-1	@cnn1023 こちらこそ！ 仕事終わるの6時くらいっけね？？
0	@cnn1023 おっけー！ また連絡する！
0	@cnn1023 いまいってきたんご
0	@cnn1023  一緒いくか でも疲れた😇😇
0	@cnn1023  初めてやったから当たりだったのかハズレだったのか分からんけど、少人数の２次会呼ばれたから行って主催側の悪口言って帰ってきた😨笑
1	@cnn1023  どうなんだろう…笑 楽しかったのは楽しかったけど笑 中にはデートしようってしつこい人もおったし微妙なところ🙄🙄🙄
0	@cnn1023  てかよもみに相談したいことある！！
0	@cnn1023  こんどきいて！
0	10円足りなくて駐車場から出れない24歳ごっこしてる(実話)
0	日曜だからお金下ろせないよおおおｱ"ｱ"ｱ"ｱ"ｱ"
0	@0wOrz  死ぬ気で車内探しまくったけど出てこなくてもうわろてる
0	@0wOrz  那珂川♡きてくれるの？♡
0	@0wOrz  とりにいくにも金がねえんだよ😡
0	@0wOrz  つく頃には寝てるやろ
0	10個下の妹からごもっともなこと言われた これからは10円愛していくわ https://t.co/Z4srscIURx
0	おかんに10円持ってきてもらった！！！！！！！！！！！！！！！！！！！！ https://t.co/bxDTXl9uwb
0	@i7_de  １円玉を10円玉に変える魔法身につけたい(１円玉は持ってた)
1	@meloco319 めろちん恋しい会いたい
0	@meloco319  今月末いそがし？
0	@meloco319 25.26.28夜空いてる！
0	@meloco319  🙆🙆🙆
1	RT @cinderella_sho1: 大人気のEggs'n Things が七周年を記念してキャンペーンを開催🤗💕  なんと、名前、誕生日、年齢のどれかに7が入ってる方が対象なのです😻💕  今しかないチャンスぜひ行ってみては💨😆💕✨  @_cinderella087 htt…
0	七がつく人一緒行こ(˙꒳˙ 三 ˙꒳˙ 三 ˙꒳˙三˙꒳˙ 三 ˙꒳˙ 三 ˙꒳˙)
0	@mi___nam  いかぬか！？！？
0	@mi___nam よしきた！いこう！(☝ ˘ω˘)☝ふぅー！！
1	@mi___nam  こういうの対象外しか経験したことなかったから行かねばと思って！ 土日でも平日夜でもいつでもいいよ😇😇
1	@mi___nam  オッケー！ 三月末までやってるみたいやから割と時間あるしゆっくりでいいよ(´˘`＊)
1	@mana_2kid え！？大丈夫！？
1	ハッピーバレンタイン私♡ https://t.co/BDwrS5KuGZ
0	スッキリ織部待機
0	RT @LiSA_OLiVE: まもなくーっっ！！ #スッキリ https://t.co/kvWWqtaMlO
0	やばいのが撮れた https://t.co/sYPrvA7RqG
1	@0wOrz かわいかろ！！！！！
1	@meloco319  これマトモなんか
0	@meloco319  ちんことあたまはforever
0	@puchohenzaa  楽しみにしてます！！！！！！
1	むっちゃ美味しかった、、、 https://t.co/E6SZxPrLGw
0	@goth_nk 羽田空港！
1	@goth_nk  そうなんか！ うまかったー！お店の雰囲気もよかった！
1	楽しかった満身創痍！！！ 来月また行きます\( 'ω' )/！ もっとディズニー勉強しよ頼りっぱなしでした😭
0	@fumi5_rfs おたふくやま？？（？）
1	@mi___nam からかった！ でもおいしかった！ たのしかった！！ ありがとう！！！
0	@mi___nam  ほんまやね〜！！ お土産かってくるから！
0	12年ぶりの友人に会ってきた 久々すぎてわけわからんかった😇😇🎉うひゃー！
0	声出して笑った https://t.co/TvZbRrBMtb
0	@meloco319 こちら非売品となっております
0	@mi___nam @cnn1023  よんだ？？？？
0	いしばし https://t.co/Lf4ll79o45
0	@halu0312 誠＆実＆最＆高！！！！ またいこ！
0	@mi___nam @cnn1023  スタイリッシュってなんだっけ…
0	@Nose2640Nose さすが
0	RT @ppg_5623V: 属性別女性アーティスト  あなたはどこに入りますか https://t.co/SHgehMcuSx
0	闇(つっこ)
1	いしばありがとう〜！ むっちゃおいしい😭💓 https://t.co/82CjbTx2tC
1	@halu0312 うれしすぎて漏れた まじうまい！むっちゃ大切に食べてる！ ありがとう😊
0	RT @TsukiAmanoStaff: 歌って下さった皆さま！ありがとうございます。猫の日バンザイ！ https://t.co/Tqp8eEIt4m
0	RT @fashionpressnet: 「コナンカフェ」全国11ヶ所に限定オープン、名探偵バーガーや怪盗キッドソーダ、アポトキシンケーキ https://t.co/l7KOHwn6Hj https://t.co/Z894NyYXq9
0	キタキタキタキタ
0	https://t.co/7aRaJnhWPo
0	@choronpo 私自身がホモになるんですねなるほもなるほも
1	RT @TwitFukuoka: マリンワールドのグランドオープン日が決定！- 展示の進化、空間演出の強化、施設の快適性の向上により、海をより身近に感じられるリゾート施設へと生まれ変わる。→ https://t.co/mwEzUO9fWR https://t.co/kFvIPh…
0	マリンワールドグランドオープンまでに彼氏作る（）
0	RT @gahao1028: えー、ご希望の男子は顔写真添付の上DMください。 https://t.co/obdfXxoBY1
0	@gahao1028 リア充はちょっと
1	非リアのイケメンで高収入で優しい年上の人つれてきてよ https://t.co/YopYYMUvhA
1	@gahao1028 詳細ください(迫)
0	@gahao1028 おっ
1	@gahao1028 髪はあったほうがいいですね
0	@gahao1028 髪いるもん……
1	可愛すぎるなにこれ…………息できない https://t.co/1w3WCW2HQh
0	@mi___nam  ノー残業デー？ナニソレオイシイノ？？？ってなってた以前の会社を思い出しましたありがとうございます！！！
0	Mステ最高でした 織部ｱ"ｱ"ｱ"ｱ"ｱ"
0	せっかくチュッパチャプス買ったのに５分経っても全然開けられなくて拗ねてる https://t.co/lty89KNYyv
0	@goth_nk なんか今まではスッと開けられた印象あったから苦戦した😇
0	@goth_nk やっぱそうよね？ これ子供永遠に食えんやろ🙄
1	流行りの♡してみた もはや誰なんだお前は カラオケも楽しかった☺️💓 https://t.co/8RAAtcEvlo
0	@Nose2640Nose  訴訟だけは勘弁してください
1	@sksks2_0309 たのしかったー！！ またあそぶ☺️💓
0	生きがいいつあがるん
0	RT @kiyo_saiore: おれ何されたんだよ https://t.co/IG7U0tvuQp
0	前の会社の送別会の二次会から帰宅したら何故か覚えがないのに私のカバンに入ってたワインが一向に減らん https://t.co/B8UHbkOOWI
1	久々に（？）オタクらしいことした 0時予約開始でサーバークソみたいな重さの中無事に予約できたよよもみ😇
0	映画見てから行きたい所存
-1	@mqnupipi  おめでとおおおお！💓🎉🎉🎉🎉🎉💓 慣れない環境で大変だと思うけど応援してるーーふぁいとーっ！😊💓
-1	最近バッテリーが50%くらいあるのに電池切れ起こしてシャットダウンするからアップルストアに持ってったらiPhoneそのものが歪んでたから無償交換してもろた！やったー！ AppleCareしゅごい
0	@tamanegi1250 きてない
-1	@tamanegi1250 ひどい！！！ こばには送るのに私には送ってくれないの！？ こっちから送ってやる！！！！！
0	魚ァ！ https://t.co/RBEUC0TG4k
0	@choronpo 更年期です？？？？
0	@goth_nk わからんけどノドグロ初めて食べた！
1	@choronpo  サウナですか？いいですね！！！
0	えーりんらぶ
1	ナポ男チャンネル開設死ぬほど嬉しい即入会した
1	すごく気になってる物件あるけど夏に引っ越そうと思ってたけど埋まっちゃうかな〜新築いいなあ〜〜あ
1	けーちゃんと話が合いすぎて5時間も居酒屋おった 楽しかった〜 話の合う人と話すの楽しすぎる
0	RT @LiSA_OLiVE: 福岡サイン会でらありがとーーっ！おまけ。とっとってっていっとったとに！また来るねっ。 https://t.co/cOOTIQijLG
0	東京いってくる https://t.co/yA4DjxKLRI
0	@i7_de 男2女2
0	@i7_de  いっぺんに会うわけじゃないからセーフ
1	@goth_nk これうまいよなあああ わたしもあげたくない（）
1	お土産ラッピング完了✋ 初めて会う人に会う時のドキドキワクワクが好きです
0	@mi___nam  いえす！ディズニーは明日やけど！ お土産買ってくるね👨
-1	@mi___nam  ありがとううううっ！ 楽しんでくる🙌
0	@19azusa31  あら、そうだったんですね！😳 観光ですか？☺️
0	うおおお https://t.co/jtxKpQOrCa
0	RT @choronpo: んあぁぁあぁぁあ！！！ 駆け込みてえぇぇぇ！！！！！ https://t.co/kDg5wxSwem
0	帰宅したら採用通知書きてた！ 学生もあと３週間、、、😇😇😇😇
0	@halu0312 最近オーラル聴いてる💁‍♂️
0	@halu0312 そなんよ！！！！！ 絶対いく💁‍♂️💓💓💓💓
1	@halu0312 たのしみ！はやく全貌見たい！ 💁‍♂️💁‍♂️💁‍♂️💁‍♂️ふぅー！
0	@mi___nam たしか25歳以下は２つもらえる謎仕様やで🐦
-1	@mi___nam もう大学生は無理ある👷
0	@mi___nam いけるか！？
0	@halu0312  なんばしょっとは妹と行く予定やから彼氏とかいらん💁‍♂️(強がり)
0	@mi___nam 魚かな？？？
-1	白ニットはっちしんどい無理好き結婚してほしい責任とってほしいつらい無理ありがとう
0	とりあえずなんばしよっととワイバン行きたいから邦ロック勉強する
0	あーもうはっちガチ恋やわ愛しい無理だ〜😇😇😇
0	こないだ西新の美容室行った時にふらふら〜っと入った小さな喫茶店で飲んだチャイが忘れられない
0	提出書類書いてるんやけど職場までの距離が0.9kmなのほんと草
0	@hinaa210 那珂川よー！地元！😍
0	@hinaa210  ありがとうううっ！ お仕事落ち着いたらご飯いこ♡会いに行く♡
0	@ZimuinG おはようございますー！ 本日ツアー見に行きます！楽しみにしてますー！
0	ベイクやっと食えた〜んまい https://t.co/1bH8Fh3Wl0
1	RT @ZimuinG: 博多公演終わりました！！ありがとうございました！！楽しかった！！！楽しくてすごいいっぱい弾いちゃったwww #事務員G全国行脚 https://t.co/gMgIOJcw0I
0	@ZimuinG お疲れ様でした！！ 本当に最高の一時でした…！(*˙︶˙*) 楽譜購入させて頂いたのでたくさん練習して弾きたいと思います！ 今夜は胡麻鯖とご対面できますように…！ ありがとうございました！
0	んんん最高だ〜(´；ω；｀)！ 人生のメリーゴーランド練習しよう…！ https://t.co/6wWnHrxhFV
1	バイクの知識とか全くないけどダイネーゼがいいのは知ってる
0	@choronpo まず二輪の免許持ってないですください
0	@choronpo カンパお願いします😉😉
1	@gahao1028 ダイネーゼすごい
0	RT @george_10g: #本日の暇カプチーノ、『ナポリの男たち』。 https://t.co/DViZlnhGmr
0	@choronpo イケメンですね……
-1	@choronpo  これは彼女500人くらいいそうですね！！！
0	只今両親2人とも手術室なう 妹は本免試験の真っ最中だし なんか、今日は落ち着かんなあ…笑
1	@cenchimental いいね😊💓💓💓
0	@cenchimental  ご飯調節むずいよね、私もいつも作りすぎちゃう😭 せんちゃんの見たら食べたくなって私も今朝作った😊💓
0	卒業しました〜〜〜お世話になりました！！！！さようなら！！！！！！ https://t.co/mMEWU97X6d
0	@mi___nam ありがとうすき！！
0	@sksks2_0309 ありがとう〜♡
1	@halu0312 やっぱみんな頭おかしいなって思いましたおやすみ好きですまた来月😘😘😘😘😘😘😘😘😘
1	最高にかわいい… そえと旦那さんほんとありがとうございます…😂🙏🙏💓 抱いて寝ます😂💓 https://t.co/IGR5LfCYnW
0	@mqnupipi  私も明日入庁式なの〜😂 緊張するよね、お互い頑張ろ😂💓
1	入庁式終わった！ 配属部署の雰囲気すごく良くて救われたし希望部署に入れたし頑張る〜！😂
1	@sksks2_0309 なんかうまく言えないから今度説明するね〜！
1	処方箋持ってって薬出された時にいっぱい薬が並んでると嬉しい
0	わあ〜！こんなに！？！？！？ ってなります
1	@halu0312 ちょっと嬉しいよね笑 偏頭痛の治療薬！全然元気！引くほど元気！
0	恍惚 https://t.co/0CKaM2ehWb
0	@i7_de セルフサービス
0	@halu0312 ありがとありがと！ 再来週楽しみにしてる！
0	@htmy_0606 まさかの仲間(*˙︶˙*)！笑
1	@htmy_0606 つよい笑 薬さんいつもお世話になってます。🙇🙇
0	同期と行ってきた。 安すぎた。(これにパスタとピザとデザートと飲み放題が付いて980円) つよい。 帰ったらナポリ〜💓🇮🇹🍝🐧🎃🐱🐼 https://t.co/lrXLSRWlzj
0	これ、お肉だけでも9800円するらしい
0	@choronpo 中洲のドンキのビルの中のお店です！ 結婚式場？みたいなところでした！ オススメしたいんですけど14日までの期間限定なのと、女子会プランだったので男性がいけるかは聞いてみないと分からんです😫
1	@choronpo 女装普通に可愛くなりそうで期待しかしてないです…😉
1	幸せすぎる………
0	クソみたいなオタクなので推しの格好して買い物行ってきた あ〜しあわせ〜 一生オタク宣言 https://t.co/Q9iDUoehTI
0	死んできます(３日間自衛隊研修)
-1	@mi___nam 初日終わったけど福翔の体育より全然緩かったです！！ 着替え直しもなければ説教もありませんでした！！
1	自衛隊のご飯めっちゃうまい
0	@mi___nam 福翔は軍隊だった…？
1	@mi___nam きてたんか！ 会いに行けばよかった！
1	@mi___nam やっぱ窓口だよね…！ わしんところ、ほぼ住民こんとこやけん抜け出して行けばよかった！！
1	@mi___nam  奥地！窓口のある建物にすらいない！笑 マジかよおおお会いたかった
1	メンヘラじゃない男と付き合いたいしそれが叶わないのであれば一生猫と一緒に幸せに暮らします 夏に一人暮らし始められるかな〜〜猫ちゃん飼いたいわくわく
0	@Nose2640Nose  最近なんかもうずっと猫と暮らしたい欲ある
1	@humhum0310  うらやましいいっ！ 猫飼うのが今年の目標やから頑張る☺️
-1	@Nose2640Nose それもわるくないなって
-1	来月学校にお呼ばれしてお世話になった先生に会いたいので行きますけどクソみたいなあいつも呼ばれてて対面したらどうしよ 気まずいどころじゃない
-1	30名弱の飲み会に女ひとりだった やっと帰ってこれた 腐女子必修科目リアタイできなくて悔しい
0	生きがい見て寝る〜土曜日愛してる〜
0	2017劇場版コナンネタバレ  平次がやばい
0	こんなことよもみとしかできん 来年もよろしく一緒に死のうね https://t.co/2UENRcHUUt
0	？？？「脳幹を狙え」 https://t.co/2YVYsNvhXk
0	よもみは赤井だった…？
0	私の記憶が正しければ沈黙の15分からよもと毎年一緒に見てるからもうこれ七作目だってさ こわ
0	@cnn1023 殺される♡ てか聞いてよ、コナンカフェで隣やった女の子がおかんの友達の娘さんだった
0	@cnn1023  なんかおかんの友達とおかんが話してて、「え、うちの娘も今日コナンカフェ行ったよ！」って盛り上がったらしくて、娘さんは今日おかんがいちご狩りに行ってるって話してた人って認識してるらしい
1	@cnn1023 ね！笑 すごすぎる…  てか妹は「ゼロ」で動揺してポップコーン零したらしい
0	@cnn1023  いやあれで興奮しない人おらん💢💢💢💢 もう無理、、早く来年来て、、、
0	@cnn1023 死ぬやろな(真顔) タイトル予想してるけど〇〇の零ってきそうじゃない？
1	@cnn1023 それ考えたんやけどさ、ZEROって英語やん？？？？？もうZEROでいいか！！！！！！！！
0	@cnn1023 来年ZEROみにいこ、その前にポケモンみにいこ  とりあえず今からクロスロードみる！へいちゃん！
-1	今日十年ぶりくらいに鼻血出て職場のフロア全員から心配されつつ保冷剤で鼻つまみながら止めてたの恥ずかしすぎた
0	@manjiyellow そんな性癖ないですね
0	@manjiyellow せやなカラオケ
0	鼻血出した後に先輩に呼ばれて言われるがままに写真撮られてたら福岡Walkerに載るらしい 鼻血ついてなかったかな
0	@meloco319 ちょこっとだけね！！
-1	@meloco319 まだわからん！ 多分今日撮りに来たってことは夏くらいやないかな？
1	@meloco319 つよい
0	なんばしょっと第2弾今見たけどかなぶんわにままんうぃずはやばい 行くしかなくなったし 来週おーらるいく
0	@mqnupipi 一緒に暴れたかった😭😭😭
0	@mqnupipi そうなんか！しばらく行ってなくて今年久々に行く😭 ひえー、いつか一緒にフェス行きたいね！
0	@meloco319 すきだよ
1	@cenchimental かわいいンンンンン せんちゃん会いたい😂🙌🇮🇹💫
0	@meloco319 しあわせ 連休どっかで会おうね〜買い物か温泉かなんでも！
1	色々楽しかったけどやっぱ4人でいる時が一番楽しかったし喉死んだ
-1	なんか首がどちゃ痛いから寝違えたかなと思ってたけどどう考えても昨日のカラオケが原因
-1	@cenchimental ンンンンン会おううううう😂 そうなの！？おめでとう！！！😂💓💓💓 イタリアンでもフレンチでも和食でも！行こう☺️
0	@tamanegi1250 こんどつれてって
0	@tamanegi1250 え、やったやった ホットケーキつくって
0	@meloco319 そやろな…
0	@tamanegi1250 そんなにおしゃれなのつくれないもの
-1	@goth_nk もうヘドバンはしない() 引き摺ってるのか今朝死ぬほど頭痛かった😭
1	@cenchimental だべるだべる！会う会う！！！たくさん近況聞く！！！！ 6月ねおっけーよ！！！！ なんかいい店探しとくね！！！！
0	@goth_nk おジャ魔女はヘドバン曲じゃないやろwww またみんなでカラオケいきたいね〜
1	デートの約束なんて350億年ぶりだから何着ていけばいいのかわからないからえーりんGWよろしく
0	ワンピースが欲しい〜
0	@cnn1023 7日は
0	@sksks2_0309 そうなの☺️💓
0	@cnn1023 あそぶ なにする
0	@cnn1023 それはある カラオケ行くなら予約しとこ
0	@sksks2_0309 うわ〜ありがとう\( 'ω' )/
0	@cnn1023 とりあえず13時から3時間予約したで工藤〜 あとは前日が当日決めよ！ なんかしたいこと見たいこと食べたいもの考えとこ！
0	#コナン顔メーカー  寄り目な感じ出てる https://t.co/ULT2Ywkmb9
0	@kaedematsu0617 うちの両親も今日いってるよ〜！ 連行されちゃったのね😭
0	https://t.co/uHCCcJYX8d
0	@kaedematsu0617 かもねー！毎日曲聞かされてはいる！笑 結構わかるよ😊💫
0	妹まじで天才では
0	@kaedematsu0617 私も腹抱えて笑ったwww ごめんじゃがりこ………
0	ああああああ〜オーラルやばかった すき なんばしょっとたのしみすぎ https://t.co/SKN5YYIJb3
0	@0wOrz えっやった！あお！
0	@0wOrz 会って💢💢💢
0	余韻に浸りながらボランティアに行ってまいるよ
1	ボランティア終わりに同期たちとアイス食べてきた〜！ 同期みんな優しくて面白くて好き😭
1	完全に余韻。
0	今男の人とご飯食ってたんだけど話つまんなすぎてずっと自分のほくろ数えてた
0	ないな〜
0	@cenchimental あんな、その後その人に「そんなに腕が気になる？」って聞かれてやっべえええってなったので机の木目をひたすら眺める屋さんにシフトしました♡
0	GW会うつもりだったけど断ろ
1	あ〜だれでもいいから水族館デートして〜〜(だれでもいいとは言ってない)
1	@cenchimental なんか話も振ってこずにただただ顔じーっと見つめられてたから色々死にそうだった ほんとなにがしたいか分からんし休日の貴重なお昼を返して欲しい😂😂😂💢
1	@cenchimental ね！頑張って話振っても「あ〜」で片付けられてまじで一刻も早く帰りたかった😭 ほんとよく生き残った😭笑 カラオケか猫カフェいく？って言われたけどいや今日は帰ります♡(笑顔)って早々と解散してきた♡ いくいくいくいく超いく
-1	@cenchimental ほんとそれ！！マジで苦痛の1時間だった… もう会うことは無いだろうな(´-ω-`) 正解！大正解！あっちはまだどっか行きたかったみたいやったけど帰ります〜って帰るふりしてキャナルぶらついた😘 6月楽しみにしてるよ(*˙︶˙*)ﾉﾞ
0	まって五万円分のクルーズチケット当たった……… https://t.co/1SRT8DULx4
0	@htmy_0606 ね笑 びびった笑
0	@halu0312 何言ってるんだいつもええ子やろわし
0	@halu0312 ノリには自信あるよ！！！！！！！！！！！(大声)
0	@0wOrz ゼロが3つ足らんよ？
0	@goth_nk せっかくやから家族みんなでディナークルーズいってくる💪
0	@goth_nk たのしみ！当たるもんやね〜(´-ω-`)
1	織部ホール福岡どちゃうれしいしどうかしたら広島と香川も行きたい。11月やばい。でもそろそろオルスタLiSAにもいきたい。
-1	苦手としている元クラスメイトの男から「お金出すからコナン見に行きましょ😊💫」ってLINEきた まずコナンに謝って欲しいしコナン出しときゃデートに乗る女だと思われててクソ心外 1人で行きます
0	@0wOrz けんぞーなら仕方ない
0	@choronpo いついきます😊😊😊😊😊😊😊😊😊？？？？？？？？？？？？？？？
0	@meloco319 ありがとうね〜〜♥
0	どんたく出るおばさん
0	@asahina_moon 小学生おばさん
0	@mi___nam いまからでるよ！ https://t.co/jPwG0i52HU
1	どんたく出て同期と飲んでなっちゅで飲んだの楽しすぎた〜😊💓 今日ももっと楽しい一日になるよね、ハム太郎〜🐹 https://t.co/mlFsTmzac9
0	昨日久々に色々飲んだのに酔わなかったのまじで奇跡
0	昨日そえとひのと考えてた猫の名前候補 ほとんど食べ物 https://t.co/nQMNT9GJIG
1	@mi___nam 練りがらしはなんか強そうだから却下です！
1	@mi___nam 有力！？！？
1	ゆなこ先輩の結婚式〜！！ すごく綺麗で素敵な式でした…！ 感動したなあ。。。 https://t.co/0Yb1pO2lov
1	@meloco319 もずくかわいいよな
0	一人暮らし始めたらよも呼んでひたすらにコナン見てたいね〜今日はありがと👓
0	@cnn1023 今日はありがとう！オタク最高〜💪 まじでコナン会しよ！！夜通し見よ！！
1	祖母に会う度に「早く曾孫を見せて」って言われるのそろそろキツいです💓彼氏もいません💓💓
0	@mqnupipi あはは…としか返せない💓
0	RT @LiSA_OLiVE: 宮田さんが…！？
1	宮田さんの織部ライブ参戦は流石に草
0	ウオアアアアアア https://t.co/Xszxufy1JL
0	@goth_nk またみんなでカラオケいって首飛ばそ！
1	papyrusほんま可愛すぎる
-1	ワイバンのホテル無さすぎてこんなことやってる https://t.co/fWtq6D5RaF
1	@Nose2640Nose 男はもういいかなって
-1	4人を超えるグループラインが苦手
1	宿泊研修の日程が同期と入れ替わったおかげで元カレとの最悪の再会回避できた事実に乾杯やでほんま… まじよかった…
1	研修でクラスメイトだったけどあんまり話したことなかった男の子達とたくさん話せたし今度の学校の座談会に来るらしいし心強い〜😂よかった😂
-1	今日初めて会った女の子とカラオケ行ってきたんだけどどちゃくそ歌上手くて本当に最高だった 聞く側に徹したかったくらい上手かった 上手くなりたいなあ〜
0	@meloco319 おんせんつれてって
0	最高かよ https://t.co/ATkWxzHnMt
-1	@meloco319 いくううううう つれてってえええ
1	@sksks2_0309 まじか😂😂💓 うれしい、、またカラオケいきたい！
-1	@goth_nk いやほんま上手かったんよその子…！ 喉取り替えてほしいくらい！
1	完璧に弾くには時間がかかりそうだったので簡単に弾いてみた 楽しい https://t.co/89T9mhrv9w
0	RT @choronpo: ちすピアノ弾けるん惚れためっちゃじょーず
0	はわわ〜😂😂😂イケメンに褒められたから１週間頑張れそうです😂😂😂😂😂😂
0	@choronpo おしえてください！！！！！！！！
0	@choronpo アイコンイケメンすぎて目ん玉飛び出ました ありがとうございます🙏
1	あああいしばまじでごめんどうやって償えばいいのか
0	来月から部屋探しする
0	@meloco319 それはわかる
0	@0wOrz もう目星はついてるけど紹介して
0	@0wOrz なかがわ
1	@0wOrz @hinaa210 どっちがなかがわに近いのだ？
0	@hinaa210 @0wOrz ちゃらお！減点！
0	@0wOrz @hinaa210 真顔で打ってるのが目に見える🤥
0	@0wOrz @hinaa210 初期費用割引になるなら付帯でけんぞー付けといて♡ とりあえず部屋の目星ついとるけんどっちにも連絡するね( ˙꒳​˙ )
0	さすがに草 https://t.co/4QGHKCbC6d
0	@choronpo 言ってください💥💥💥💥💥
0	ウホッウホ！ウホホホホッウホッウッホー！！！！！！！！ (スピンズ久々行った！ハロプロメドレー大音量で流れててテンションブチ上がった) https://t.co/CHgLpaJSrl
0	@eri_chikak0_b0 そっちスピンズないの？
0	なっちゅう https://t.co/fPmf9FeHCH
-1	@eri_chikak0_b0 広島なんか😂 1個くらいありそうなのに(  ˙-˙  )
0	@mi___nam まじかさがそ
0	@eri_chikak0_b0 そやで！でも通販もあるよ！
1	@mi___nam 楽しかった💁‍♂️
0	@eri_chikak0_b0 なるほど！頑張って手に入れよう！°.*\( ˆoˆ )/*.°
0	@mi___nam 音頭はわからなかった…
0	@mi___nam ちよこっとだけサンバかかったけんちょこっとだけ歌った！あと校歌も歌った！
1	@mi___nam みなさんすごく反ってた🍤
0	レインボー堂島ロール……🌈 https://t.co/kdH1vQpB2S
1	やらんといかんこと多すぎて逆に何もしたくないおばさん(:3_ヽ)_ 今月の福岡Walkerのなかがわ特集に載ってるから買ってね(:3_ヽ)_ nemui
1	@meloco319 のぶらん尊いよな
0	@meloco319 ねえとまりにいきたい
1	今週仕事多すぎるけどりさ届いたから元気出たの１枚 https://t.co/2ohQjGryl8
0	@manjiyellow 見えてない
0	てか庭にまた車が一台増えたせいで駐車しにくい そのうちぶつけそうだし家の人間の数より車の方が多いっておかしい
0	@Nose2640Nose わからんなんかすごく古そう
0	@manjiyellow りさ？？？
0	@Nose2640Nose おそらく マジで謎
0	@manjiyellow 顔のほとんど隠れてるからなこれ
0	@manjiyellow うりきれた
0	今週一生懸命やったことが全く報われなかった上にみんなに迷惑かけた。叱られた。 反省。 明日元気をもらおう。おなかすいた。
1	ほんとに素敵な上司を持ったなあとしみじみ。しじみ。
1	ご飯食べて今日いっぱいイケメンの先輩と話したこと思い出したら引くほど元気でた
0	@hinaa210 呼ばれてない😳😳😳😳
1	おとん、お兄のキャンプ趣味あーだこーだ言うけど何だかんだ楽しそう https://t.co/1llypY6qjE
0	かわいすぎ https://t.co/oqCP7xDfoX
1	早く帰りたいのにこないだ話聞くって約束してしまった保険の営業がこない(お菓子につられた) キレそう あと五分したら帰る😡
