0	たべすぎた〜　３ポイント
0	@aap025 こちらこそー󾬚󾬚󾬚󾌧󾌧󾌧この…３ポイントってなんだったんだろう・・・？(・□・)
0	@aap025 ちひろにエビフライをとられた＼(;o;)／-３ポイント的な？！(笑)ありがとうー󾌳
0	帰ってきたぁ！ﾂｱﾌｧｲ最高だった(^^*)私のﾋｰﾛｰは青ﾚﾝｼﾞｬｰです(またはｶﾞｯﾁｬﾏﾝ黒です！笑) ﾃﾝｼｮﾝあがって寝れない(^3^)/笑  #BRAHMAN
0	@ms2tom 夏がでとってたよ！(笑)
0	@ms2tom  あれ？そうだっけ？(笑)なにぁああ〜！！エバラバンザイ＼(^o^)／
1	木幡さん素敵だった♫ギター好き！練習しーようっと(*^^)#yang2
1	可愛い！(^^)  節分おわっちゃったなー。     ユニークな鬼さんパン #女子トピ http://t.co/kl2e5nq9
0	ギリまで寝たっ＼(^^)／これからversion󾬌石毛さんからパワーをもらうのだっ󾌧#version #telephones #石毛
1	三階にいたら石毛さんに手をふっていただいた!!元気がどばどはわいたー＼(^^)／帰ってfireworks聞こ󾬌 #ver211 #thetelephones #akiraishige
0	きたーく♫新しい音源がきたからききながら明日のごはんつーくろ(*^^*)
1	おいしそうっ！おなかへってきた！Σ（・□・）トロうま～っ！悶絶するほどに美味しい簡単「たらこアボカドディップ」の作り方 #女子トピ http://t.co/HkzHGoYa
1	いいことあったー!󾬍(^^*)帰れないけど花金󾬌󾌧笑
0	@ms2tom キラキラさん！明日報告する！(^^)
0	春物買っちゃった󾬌パステルカラーとか挑戦な2012春！󾍃笑
-1	月曜からこの時間はきついー(＊ε＊)明日起きれるかなぁ…。…いや、むしろ起きてられるかだな(笑) お昼寝大作戦だー！しえすたしえすたー！
0	表参道でアロマチャージ(^^*)２日間贅沢三昧󾬚明日からがーんばろ󾌧
1	早く帰ろうと思ってたのに…おかしいなー(笑)
0	久々に実家かえるー！誰もいないけど(笑)
0	ひさびさにからだがスッキリな朝だー(^^*)
0	めっちゃときめいた！(&gt;&lt;*)
0	石毛さんにあえた！きゅんきゅんしたっ(*^^*) #FREETHROW
0	寝たらおきれるきがしない･･･＼(;□;)/
0	ゴールデンウィークが終わってしまうー（ ;  ; ）今日は大量のひょうが降りました！
1	昨日友達のライブにいった❤ 素敵な土曜日😄 http://t.co/gaI7gVtR
0	http://t.co/qwGe9Kng
0	http://t.co/Ise825h0
0	フランフランのマグを時差撮りして、すかし＆かさねてみた★(o^^o)photo＊hitomi、design＊nao 初めての共同作業〜。笑#Francfranc_20周年 http://t.co/TffiEDHE
0	横浜花火いきたかったなー。 http://t.co/tERWAE2X
0	ロッキン最終日いってまいる！ http://t.co/g5dDmzMa
0	まさかの両方平日だよねー。・゜・(ノД`)・゜・。土日ならみれたのにー！@ms2tom @aap025
1	乱舞虎さん見てきた！めっちゃぐっときました！春きました(((o(*ﾟ▽ﾟ*)o)))早く帰ってギター弾きたいー！@naniya0728
1	いいなー！私も追い出し見たかったー。・゜・(ノД`)・゜・みんな素敵な四年生なんだろうな❤❤@aap025
1	。・゜・(ノД`)・゜・。ビデオだけでもみれないのだろうか。明日絶対素敵なライブになるよね。みたらもらい泣きするー！アクト…3年もたつんだね、、@hit_my_ms @aap025
0	@ms2tom きったのー？
0	@ms2tom がっつり？！
0	@ms2tom けっこうきったね！すっきりやーん*\(^o^)/*
1	@CORONEpankun ひさ子さんは私の憧れギタリストなのですごく嬉しいです꒰*✪௰✪ૢ꒱ありがとうございます★コロネさんのライブも見に行きたいのでぜひ告知お願いしまーす！（^人^）✨
0	RT @Akira_Ishige: BRAHMANトシロウさんの置き土産のツブ頂いてます。あざす！！！ http://t.co/GVYQzMLn0x
1	旦那さまのお手紙に感動したぁ〜！！仲良しさんの幸せな姿はいつみてもいいっ★(*^^*)
0	これめちゃいきたい！！  【風とロック芋煮会2013 第一弾発表出演者】9/22（日） THE BACK HORN･BRAHMAN･RHYMESTER･難波章浩・渡辺俊美・富澤タク・亀田誠治・箭内道彦・平井理央 ほか http://t.co/Eu18bREQ9y”
0	@ms2tom  おうちに小宇宙を作成する‼ヤマトサイエンスアクション！！*\(^o^)/*笑
0	@aap025 きゃー！笑
1	くびつながったぁあー。・゜・(ノД`)・゜・。白衣の天使達に殺されるかと思う5日間が無事終わった瞬間。笑
0	@hagamako1122 お疲れ様です！宇都宮HELLO DOLLYで対バンさせて頂いたなにやのギターです！神奈川在住なので最後までいれなかったのですが。・゜・(ノД`)・゜・。ライブはばっちり見ました！ぜひぜひ横浜とかにも遠征来てくださいー★
0	もう電車あきたよー。笑 まだ水戸まではんぶん。ひまひまー(｡-_-｡)
0	“@mogatanpe: BRAHMANのTOSHI-LOWさんとりょうさん×でんぱ組.inc ！ #RIJF2013 http://t.co/4rXWAreAe3”
0	@makeinu0waza 一瞬やりました！おしりがいたいです！
0	@ms2tom 起きても起きても水戸にならんー！笑
-1	@ms2tom 長くない？！遠いのね…私は44分着➕徒歩15分だから22時びったりくらいなはずー！
0	@ms2tom こみこみやね。・゜・(ノД`)・゜・。BUMP効果？！明日きをつけよー！
0	考え事してたら知らん駅にきた！笑 ミクロトリップ！*\(^o^)/*笑
0	@ms2tom 気づかないもんだよね！笑 全部おわったら打ち上げしようねー！*\(^o^)/*
0	あかん！最近作成中メールをうっかりおくってしまう((((；ﾟДﾟ)))))))なぜだ！なぜそんなところにある送信ボタン！！((((；ﾟДﾟ)))))))
1	じつにおもしろい！*\(^o^)/*
0	やっとなつやすみー*\(^o^)/**\(^o^)/**\(^o^)/*
0	@ms2tom いや！明日有給とった！山梨かえるから〜(^-^)/
0	大宮まで一緒に電車のってくださいといわれた。わたし大宮顔なのか、、、
0	@aap025 いきなり一緒に電車にのって下さいっていわれて。純粋なヘルプコールだったのかもだけど、こわすぎた！笑
-1	痛いとウワサのワクチンを接種してくる。。あー全然接種したくないよー。・゜・(ノД`)・゜・。笑
1	しかしながら隣の赤ちゃんが可愛いすぎて萌えじぬ❤❤❤❤
0	やば！出勤時間まちがえたw
-1	@eri_nyo38 なんかそれわかるわー。やることあるほうが紛れる。ヒマになった瞬間びっくりするくらい症状がどどんとくる。イメージはぷよぷよの石2列くらい！笑
0	先輩がお土産でくれたダイエットグッズ★とりあえず右腕→貼る、左腕→貼らないで実験中(((o(*ﾟ▽ﾟ*)o)))笑 http://t.co/pJG2Qn7uJy
0	仕事おわったー*\(^o^)/*ひさびさの目黒の65♥のむぞー✨
0	@ms2tom ワイハやでー！2014年はワイハやでー*\(^o^)/*
1	もっかい見たいけど、 一度しかみれないのも、 醍醐味なのかも。  お友達の舞台を見てきた★ 舞台ってこんなドキドキするんだ。  はまりそう❤  お土産にマイクもらった。笑 久しぶりにとてもいいお休みでした〜（^人^） http://t.co/ikcgk2ZTzw
1	やっと居心地いいサロン＆お兄さんを見つけた❤イメチェン完了〜（^人^）✨笑 http://t.co/LgbiTWUXlr
1	@ms2tom 9nine だよー！鶴間！笑 超地元❤❤でも可愛くしあげてくれたからまたいく！
0	@ms2tom そんなに切ったの？！
0	ゴミの日を目前にし、深夜の冷蔵庫処理！ トマトカレーになった❤めざせ使い切りマスターψ(｀∇´)ψ笑 http://t.co/lYSX3lXgwJ
0	家に書斎ほしい。 http://t.co/LKMbiDdjSb
-1	地震あったら崩れてきそうなくらいの。笑
0	あと71ページ…隣の人のくしゃみで覚えたのちょっと漏れた(｡-言-｡)笑
0	取り出して凍らせてまた入れるとかすごすぎる。。でも生まれた子がちゃんと育つのか不安だよ(｡-_-｡)  新治療 早発閉経でも妊娠出産 - Y!ニュース http://t.co/1CuI3xNWOj
0	営業所に傘わすれた((((；ﾟДﾟ)))))))
0	親子丼作っていたら、親がお亡くなりになられていた。。玉子とじか…おにくー。・゜・(ノД`)・゜・。
0	億きた！
0	給料に反映してー。笑
0	フランフランのライト買いたい。 下見してきた(o^^o)❤ きたれ給料日！！
1	あまりにも寝れないからアロマ買った❤いいにおい❤まったり(｡-o-｡)
0	OS 7 に翻弄されている(｡-_-｡)笑
-1	ついに虎雄氏が理事長退任、どうなる徳洲会　「院政を敷くだけ」という厳しい声も | 産業・業界 - 東洋経済オンライン http://t.co/y5vgiluive @Toyokeizaiさんから
0	徳洲会どうなるかなー。。
1	可愛い❤️❤️ http://t.co/EuBx28xUK7
0	あかんねん！(°_°)
1	これほしー。かわいいΣ（・□・；）http://t.co/dsHWLSPx12
0	気になってた大和のワインバーデビュした(*^^*)やばいな、、これはまるなΣ（・□・；）
1	RT @whitescreenjp “本”と“芸術”と“仕事”への愛。渋谷のシアター・イメージフォーラムほかにて、映画「世界一美しい本を作る男 ―シュタイデルとの旅―」公開中！ http://t.co/NBlsy1Fz4B
-1	喉痛いと思ったら紅白だった。やばー。ウィルスの香りが、、
0	うがいしたらちょっと楽。と、発見したのでエンドレスうがい実施中！
0	、、、病院いくかー。
0	初経鼻内視鏡を体験した❤️
-1	しんどかった。笑 経口よりはましらしいと噂の経鼻なのに。。もっとカメラ細くならないかなー。
0	最近、スープストックにはまっている。
0	冷凍できる容器ほしーい。
0	などと考えていたら、タケノコのポーズをかまえた女子高生に突進された。笑
0	そんな90点の双子座の1日❤️笑
0	江ノ島どんよりなう。
0	トイレ混雑に伴うおばさま方の会話
0	あっ障害者用トイレあるじゃん〜  でも赤だよ〜。  あ〜並び出しちゃった。。  …2人ではいる？
0	2人ではいる、、、(°_°)
1	お風呂とは違いますよ！ 効率良くないですよ。笑
-1	寒くてお風呂に入りたい、江ノ島よりお伝え致しました(°_°)
1	江ノ島花火いい！！！
1	@ms2tom としきくんには本当に感謝だよー！おかげでめちゃ楽しくみれた✨韓国も花火なのー？！あと1日たのしんで❤️❤️
-1	いきなり寒くなりすぎて何着るか迷うー！
0	携帯がある限り休暇はないなw
0	本社はGPS付きらしい。(O_O)コメダ珈琲にいるとばれるらしい。
-1	大変だなぁ。。
0	ホッカイロ天才！ あったかー。
1	うーチョコたべたい。 イートインできればいいのにっ。笑
1	ハロウィンスイーツながめるの幸せ❤️
0	2冊目おわったー！ あと1冊！ヽ(￣д￣;)ノ=3=3=3
0	糖分ぷりーず
0	ATPがたりなーい
1	汐留の先輩の店でごはん❤️んーおなかいっぱい✨ビールが豊富だったー🎶またあそびにゆこう😁😁
0	@ms2tom 平日ならごはんいけるよー！もやっとしたら呼び出しなされー★ヽ(￣д￣;)ノ=3=3=3
0	ひさしぶりに足腰をいかんなく発揮した。乗り換えシンデレラならずにすんだ。笑
1	中林のサンマルクはなんていい環境なんだ！Σ(￣。￣ﾉ)ﾉパンの匂いいい匂いすぎてサクサク解ける❤️❤️
1	支店なんてなければいいのにー！笑
1	歴史のテスト前にも世の中平穏なら良いのにと思っていたのを思い出した。笑
1	黒子のバスケを借りる→返して借りる→返して借りるを繰り返していたら、店長さんに『スラムダンクとどっちがおもしろいですか？』と聞かれた。笑
1	今のところ展開がわからないので黒子のバスケのほうがおもしろいです。笑
-1	スラダンなら神さんだけど、黒子なら緑間君がすきです。（変だけど）
0	バスケしたーい(((o(*ﾟ▽ﾟ*)o)))
1	@ms2tom 黄瀬、王道すぎる！笑 はやく読み進めたいわー！あ、氷室や黒子も好きだよ！あと喋らないセンターw
0	水戸部さん！笑
0	スラダンならメガネくんもはずせないっすね！(=ﾟωﾟ)ﾉ
0	あと水戸くんですね(=ﾟωﾟ)ﾉ もはや部員ではない。笑
1	ああ、後悔、、、  おもしろいのだよと  いえなかったことに、ここ一番の後悔。笑
-1	今日はきっと双子座の運勢が悪いんだ 、、、。笑
1	@ms2tom まじか！まだ私の知らない黄瀬くんがいるんだね！早く読まねば！！
1	夜王子ー！ 今日のシャッフルは調子いい*\(^o^)/*
0	残業なうー。 上司が差し入れにパンくれた。
0	700kcal〜！  まじか。
0	解放された、、、
0	最後頭とおらずに直感と筋肉で解いた気がする。笑
0	筋肉では解けないらしい。by解答速報
0	うるとらすーぱーみらくる微妙なライン。笑
1	@ms2tom まじ？ドラマにも起用されたしすごいねー！
0	代田のスターバックスインスパイアが21日にオープンしたのできてみたけど、激混み〜。次は朝一でいこー(=ﾟωﾟ) http://t.co/UzDcB8wJlg
0	おさんぽして世田谷代田のらくだなう❤️おちつく〜❤️ http://t.co/iPXQl4dNmk
0	今月のFUDGEにかなぶーんのってるー！Σ（・□・；）
0	コートとブーツ❤️❤️冬のお買い物はお高い..!
0	ボーナスに激しく期待❤️❤️
0	バッグも欲しい〜
0	財布も欲しい〜
1	最近使ってるアプリに欲しいものをいっぱいいれた❤️ちょっとずつでも買えたらいいなー(*^^*)
-1	寒いから外でたくないけど、外でないとかえれない。笑
1	スタバの男の子が可愛らしかった❤️通おう❤️笑
0	最近意外な人からごはんのお誘いがくる。
1	嬉しい♥︎30 楽しみ♥︎20 緊張♥︎50  1週間前から心の準備をするタイプです。笑
1	@aap025 これっ！ていうのはないんだけど。。笑  Xmas前だからかお誘いがちょこちょこ増えたの〜！バレンタインには渡せるような人ができたらいいなって思ってるよ♥︎（^人^）
0	ねむー。さむー。 今日は渓谷にいってくる♪ 片道3時間のプチトリップ♥︎
1	新ハイキングの会のおじいちゃんから。「おーい！わたなべさんですか？」 いいえちがいます。笑 年齢層の広いオフ会なんですね(*^^*)
0	@ms2tom 新ハイキングの会。笑
0	@aap025 がんばるー！女子力あげるっ*\(^o^)/*
0	16時間のショートトリップ終了♥︎今日はマイナスイオンをあびまくりました*\(^o^)/*足つるー。野鳥の会xノースフェイスxペンドルトン、1日お疲れ様でした(o^^o) http://t.co/atV13rhACY
0	まだ色づきは薄いけど、なんとものどかな養老渓谷。心が癒された★ http://t.co/h6mTL5frjI
0	そして〆は利久の牛タンとサンクトガーレンのXPA!東京駅でクラフトビール100選眺めてご帰宅♥︎ゆっくりお風呂しよー(o^^o) http://t.co/bYsufNjX1f
-1	@ms2tom わかんない。笑 短パンボーイとビールのイベントにいくんだよ〜！普通に楽しみ♥︎他は、、やっぱりお祓いいかねば。。笑
1	@ms2tom 私も全然連絡とってなかったし、多分ビール好きだから誘ってくれただけだと思うよ！笑  飲み友とかでもいいから仲良くなれるように頑張ってきまーす♪(o^^o)
1	手帳テクを導入したら、最近仕事運がいい♥︎(o^^o）12月にきっちりお片づけをしよう！！
0	いいきもちで酔った。笑 http://t.co/aGG57Cg1TI
1	@ms2tom 超楽しかった♥︎そして素敵ビールをみつけた！！  短パンボーイは相変わらず素敵でした！笑
0	IPAとグラスも頂いたので、家に着いたら第二次ホップレボリューション(=ﾟωﾟ)ﾉ笑 http://t.co/3Zoc8mmpNX
1	私の一押し♥︎デ・モーレン ヘル＆ベルドーメニス インペリアルスタウト！  ポーターとかスタウト好きな女子にぜひ^ ^ チョコみたいだけど深みがあってステキbeer♥︎ http://t.co/PtaWG5PrL8
1	酔いがさめたらもっかい行きたくなった。 早く2014年きてー！笑
0	@ms2tom にやにや顔多！笑 全然そうゆう雰囲気じゃないよー！攻略本欲しいわ。笑
0	@ms2tom 私の分は？！笑
1	@ms2tom 色々知ってるし話してても楽しいよー(^^)私も話上手になりたいなぁ。笑 デーティングしましょう！！*\(^o^)/*
0	@ms2tom 街コン一緒いこうよ★そしたら相手も2人だしー！2014年街コンでびゅするー(^^) 伊勢神宮よろしくおたのもうします！！
0	お祓い、、、したい。。笑
0	@ms2tom ご返信してないメールがまた、、、何通か、、、。笑
0	@ms2tom もしやですー！。・°°・(＞_＜)・°°・。 忙しいでは切り抜けられないらしい。・°°・(＞_＜)・°°・。
1	@ms2tom そうだね、、好きな人大作戦でいってみよう！！(*｀へ´*)  おそろいー♥︎ありがとう(^^)♥︎♥︎
1	昆布だしとりちゅー。いい香りー(｡-w-｡)
0	“@donutpophatepop: こうして吾輩が作られて世界中に流れていきます。 http://t.co/OLuvlCN04l” かいてみよー꒰◍◉౪◉◍꒱۶
0	꒰◍◉౪◉◍꒱۶✧˖°カキカキ
0	！！(°_°)
0	なんか、、、ダイエット中で食べたくてもたべれないみたいな。そんな心の声がきこえる。。代弁なのか。。(°_°) http://t.co/mZ6ZteYw5y
0	今日のなにや http://t.co/WMXzCboYNT
0	酒屋♥︎笑 http://t.co/qE1PpMtYda
1	@vansunsue お久しぶりです！キャラ可愛いですね♥︎どーなつ( ´ ▽ ` )ﾉ◎
0	@minaiko_smooch ボーナス♥︎まってました♥︎( ´ ▽ ` )ﾉ
1	これいい♥︎ 紅茶製日めくりカレンダーで、優雅な朝の始まりを #Antenna http://t.co/nvGfwkrpnW
0	今日のなにや http://t.co/3bZfrUNK3k
0	お掃除屋♥︎  横浜サンタプロジェクト！今年は14日です！ そして、、やばっ。ホロウィーン！笑 http://t.co/zvZTDA1mNY
0	環状線とかゴミあるの車から捨ててるよね(~_~;)あかんねん！
0	あかん、、、。これは逆になげたくなるね。笑 http://t.co/RdqITu7byy
0	RT @fujipa425: ダースの日(＾ω＾) http://t.co/bBpT9Toosv
0	今日のなにや http://t.co/3zeq5EDoLJ
0	ひまや！ヽ(￣д￣;)ノ=3=3笑 12月12日はダースの日らしいです♥︎ http://t.co/nijymFPYdy
-1	おはようございます。。 お部屋が寒いです。。  いってきます！(=ﾟωﾟ)ﾉ
-1	@ms2tom 早朝オペなのー。お医者さまも大変だ（；゜０゜）金曜だー！がんばろー！*\(^o^)/*
0	今日のなにや http://t.co/JJSuXa6MIo
1	とこや♥︎ 今日は美容の日です！1と3をあわせるとびゅーてぃーのBになるからだそうです！ http://t.co/tdxICY0NZI
0	Beerでもいいやん♥︎笑
0	Bananaでもいいやん♥︎
0	BrahmanもBack hornもびー！*\(^o^)/*
0	つけたとこみたいなー！笑 海外の方々にはうけそう(*^^*) ★atelier nova DESIGN AWARD 2013★ #Antenna http://t.co/ko7JYfnufs
0	スープストック癒しー( ^ ^ )/□大和にできておくれー。笑
0	今日は豆カレー(o^^o)らぶカレー♥︎ http://t.co/sFo1acrEpa
0	オーダーメイドの帽子屋さんなうっ(*^^*)
0	70歳すぎの皮ライダースのおじいさまが、紫とピンクのハットで迷っておられる。。
1	いくつになってもおしゃれっていいですね♥︎
0	@chams_no_pengin@ms2tomお久ぶりですー！みなこさん土日はおやすみですかー！？
0	かお♥︎笑 http://t.co/2r71mSsyjH
1	@chams_no_pengin @ms2tom いいですね♥︎私はお正月はうまってしまっているのですが、連休はあいてます！ 11日はバンドでレコーディングなのでおわってからの参戦になりますが他はフリーです*\(^o^)/*
0	@ms2tom でしょ？笑 でもね、、明日の朝、わたし目玉からたべる。たぶん。笑
1	RT @NE24OBJP: すごい！ファミコンの画面みたい！ RT @illumi_love 栃木県グリムの森の イルミネーションです☆  http://t.co/zMKFvTdKAs
0	@chams_no_pengin @ms2tom あけます！！12日！！(((o(*ﾟ▽ﾟ*)o)))
1	@chams_no_pengin @ms2tom 声かけと店取りしますよー！ どのあたりまで誘ってみればいいですかー？
0	第1次カツカツ週間終了！今日立ち止まった記憶がないな。笑
0	おなかがへりましたー(ノ_＜)
0	ゆれたΣ(￣。￣ﾉ)ﾉ
0	思いついたのがひっこんでしまった((((；ﾟДﾟ)))))))
0	左目がさらにはれた。 頑張って隠さねばー(p_-)
1	@makeinu0waza おきてくださいーってツイートすればよかったですね！笑
0	さぶい、、アイスたべたら冷えた((((；ﾟДﾟ)))))))
0	父から電話かかってきた。
0	父「うわっ、出た！！」
0	ますだおかだかっ！ってつっこみたくなる感じの出た！ね。笑
0	ゴロッとトマトとお豆のスープ♥︎ スパイスメガ盛り！笑 これから初ヨガにいってまいるー！(((o(*ﾟ▽ﾟ*)o))) http://t.co/3I9qUhEVIN
0	@eri_nyo38 結構ハードでした！笑 でもいい汗かいたー(((o(*ﾟ▽ﾟ*)o)))
0	@makeinu0waza 11日はおこしますよ！笑 新年会しましょー(^-^)
0	@makeinu0waza えださん仕事だったらお仕事場で開催しますよ！笑 おやすみとれることをねがってます！！(＞人＜＊)
1	和食すばらしい。笑 体がみたされました。笑
-1	焼いた♥︎たまねぎあまーい*\(^o^)/* http://t.co/oDTxFkX8w9
1	今日は母感謝デーの為うでをふるいました( ´ ▽ ` )ﾉ型抜き楽しかった♥︎ http://t.co/FxfHFrh9qS
0	そしてオーストリアのヴァイツェン♥︎ http://t.co/Poqc2BS4eN
0	@makeinu0waza チロル地方2013年製作のが入荷してたので買っちゃいました！マイルドでした！*\(^o^)/*
1	@chams_no_pengin 最近女子が薄れてきたので頑張ってみました！！笑 美味しい朝ごはんが作れるようになりたいです★
0	@ms2tom 後半、図画工作だったぜ( ´ ▽ ` )ﾉ笑
1	横浜ビアの忘年会に行ってきた♪ 22歳〜50歳まで幅広すぎて、楽しすぎて、飲みすぎた。笑 http://t.co/4Gwz5KVPLX
0	ちなみに週のど真ん中らへんの平日に行ったから、、翌日はナチュラルハイでした。笑
0	電車がおくれて超走った。
0	乗り換え調べ直したら特急とかしかでてこないなんて、、 がんばれ八高線！！笑
1	でもあのローカルなかんじはとても好き♥︎ すわれるといいなぁ。
1	Podcastの読んだ気がおもしろい。
0	ので、以前に聞いた人間失格をタブレットで読んでみた！
1	おもしろい！という感想はおかしいけど。とてもスピード感があって興味深く楽しめました。
1	タブレット電車で読みやすい♪そんなこんなで山梨ついた！！あたたかい（・◇・）
1	ミズタクー！松田さん素敵ー！
0	きんとん作ってたら右腕筋肉痛ー(｡-_-｡)
0	@bonjin6770 散歩おじさん！笑
0	@bonjin6770 おさんぽ伝説w 風邪気をつけてくださいね！笑
0	@bonjin6770 また11日に＼(^o^)／
0	サカナクションきた！
0	進撃！！w
0	アル中の日きた(°_°)
0	のっちー♥︎
-1	まわりがみんなつぶれたw 年越し寂しいんだけどw
0	@ms2tom 誰かおきてほしい。。笑 猫とSMAPとジョイジョイしてます。 来年もよろしくー＼(^o^)／
1	いつもより少なめですがよくあけました。2014年も平和に飲める一年でありますように。 http://t.co/o2YJ4BUvHc
0	@chams_no_pengin みなこさーん！12日19時で予約とりました★ もしお時間あれば夕方からお茶しませんか〜？女子会っ*\(^o^)/*♥︎♥︎
0	@chams_no_pengin  今は10人です！保留が何名かいらっしゃいます！ あきちゃんきますよ！！*\(^o^)/*♥︎
1	大丈夫です！10日に人数報告するので(*^_^*)先輩達にあえるの嬉しいです♥︎ありがとうございます〜！どなたがいらっしゃるんですかー？！(((o(*ﾟ▽ﾟ*)o)))
1	@chams_no_pengin ありがとうございます♥︎ゆかさんと松さんはFacebookで教えてもらえたので、追加で3人ですね（≧∇≦）わいわいできそう〜！最悪11日に若干の変更はできるみたいなので♪ひろさんもこれたらいいですね（^人^）
0	@chams_no_pengin 新宿のアミュゼットです！このあとメールします！！
0	@chams_no_pengin メールおくったので届かなければおしえてくださいー！
0	RT @naniya0728: 進化したなっしー(・ω・)ノ http://t.co/9hnyXLmGvi
0	RT @naniya0728: [Live]1月25日(土)宇都宮Hello Dollyさんのライブに参加させて頂きます　http://t.co/8dTVQCxiYE
0	レコーディングおわった*\(^o^)/* 10年の付き合いのテレキャスと♥︎ナチュラルハイな先輩方と！笑 初音源♥︎嬉しいな〜♥︎  …ねれん。笑 ギターひこ♥︎( ´ ▽ ` )ﾉ http://t.co/WOqmzVddu5
0	これ、飛びすぎw http://t.co/ngEsbMMpjE
1	懐かしのタ○コピ発見。笑 http://t.co/4nbOEO0IFU
1	やばい、キラキラきた！元気でた*\(^o^)/*♥︎
0	これあげておとすタイプだな！笑 もうふて寝する。。・゜・(ノД`)・゜・。
0	双子座67点クオリティな1日でした！笑
0	明日雪なのに朝からオペ、やだー。
0	と、検索したらいくつかヒットした。笑
-1	同業者の方かな。笑 寝坊しそうでこわいよー。・゜・(ノД`)・゜・。  …寝坊したら誰かの片目がなくなっちゃうので頑張って起きます。おやすみなさい。今年こそ轟音目覚ましかおう。
1	RT @Akira_Ishige: お！俺も読みたい。RT @uepi69: @Akira_Ishige  もに毛です(๑´ڡ`๑)MUSICA2月号買いました！！対談とても素敵でした！！ http://t.co/fsQxNJJLst
0	あれだ。
0	プラダをきた悪魔みたいに投げ捨てる噴水が欲しいよー。笑
0	あと1分(°_°)ココアで急速チャージしよ♥︎（≧w≦）
-1	(((((°言°))))))))出動時間きた。くはっ
-1	@ms2tom ネガティブな日があってもいんじゃん？2/365だよ！笑 物理＆精神的にキャパ超えてるだけで自分がなんか悪くなったわけじゃないでしょ(*^_^*) しっかし金曜は腰が重いw
0	久々にオペがないから布団から出たくない、とかれこれ一時間。笑
0	味噌汁を豆腐にするか、ワカメにするかを悩むふりして1時間。
0	両方いれよう。
0	RT @naniya0728: ホアアアアーーーっ！ http://t.co/r11uO7i1Es
1	思いのほかぎょうざパイがおいしかった…残2個はおみやげだけど、自分でたべたい誘惑にかられますー(｡-_-｡)
0	わんこそばならぬわんこワーク！笑
0	わんこそば、やったことないなー、、 やってみたい！！(((o(*ﾟ▽ﾟ*)o)))
1	プレバレンタインという事でプールジュールを粒で買ってみた。 柚子が香りがよくて美味しい！イチジクとか黒ゴマはセットのみだったけど気になる〜！@そごう横浜 http://t.co/WnaLYaTlEy
1	モンサンクレールのテリーヌショコラ♥︎木箱にはいってて、すこし香ばしいかんじとワインの香りがした！濃厚！ ミニサイズ買おうか悩む… http://t.co/TEqiQ4XCSV
1	バーマンズチョコレート♥︎これは自分用♪今回はブラックベリー、チェリー酒、コニャックにしました。シングルモルトやカルヴァドスもきになる！ 美味しかったらネットでも買えるみたいだし、またたのもー★(*^^*) http://t.co/ucAAwLFVen
1	ジャン ミッシェル モルトローの旅するカカオ！乳化剤を使わない事がうりのカカオなのですが、若い男性の店員さんが  なんと！乳化剤をつかってないんです！すごいんです！  って通販みたいに熱弁してきて買えなかった。。笑 食べて見たいな。 http://t.co/OPTWUYJyuI
1	すごいどうでもいいけど、
0	ジャン ミッシェル…ってうとうとすると、、
0	ジャン ミカサ  って変換一番手にでてくる。笑
0	進撃されすぎ。笑
0	@aap025 うけるよねw おさ凡しんたろうさんが、そのうちYouTubeにあげてくれるのでは、、と！ももたすのCDいつから買えるの？(*^^*)
1	記憶をたよりにぐぐってぐぐって…でた！ メゾンドイッテーのトリュフショコラ！ 去年はまった京都懐石料理店のショコラ♥︎私甘すぎるの苦手だから上品なこのトリュフは素晴らしく美味しく感じた。今年もプランタンにあるのかな？ http://t.co/YtNgDWgSj4
1	@ms2tom 私は今日ばらまき用購入＆自分のやつの下見してきたけど、今年のそごうはときめかなかった。高いやつは素敵だったけども。笑・°°・(＞_＜)・°°・。高島屋＆銀座でリベンジだー♥︎♥︎*\(^o^)/* そうだね♪誰かにあげたいよね（≧w≦）
0	02 的小僧 by Naniya via #soundcloud http://t.co/aiONZ05A4N
0	始めてツイッターでシェアというものをしてみた！！ コメントもかけることに気づいた！！
0	高島屋らぶ！ メゾンドイッテーあった！買った！*\(^o^)/* http://t.co/b20W1fmm32
0	ところで、１５日にスキヤキの肉が届くから、来ない？
0	なにその殺し文句。
0	いくよ。笑
0	最近メールの返事をしてなかったら、母が奥の手（たべもの）をくりだしてきた。笑
0	よくわかっていらっしゃる。笑
0	ソファから動けないのわかってるのに、家つくとソファに座っちゃうんだよねぇ。
0	今日こそ布団でねる…！！笑
1	雪の日は静かでいいね♪ おちつくー。  さむいけどもw
0	なぜだ！ なぜとまる！  暖房！！笑
-1	無理。 ここで止まったら死ぬ。笑
0	そうだ！ お風呂にいこう！（≧w≦）
0	フォトショとトロットでフォトブック作り〜♥︎やっとできあがりそうだ！わーい！
0	ビール飲みながらやってたら寝落ちした …&gt;_&lt;… さて続きをやろうか。。
0	編集おわったー*\(^o^)/* あとは配置だけ♪ 眠…っ。。
1	旅行のトロットが無事できました♥︎はやく届かないかな♪
-1	木金土は飲み過ぎだ。 一月くらい禁酒したいけど手帳確認したらお酒飲む機会ばかりです。(°_°)
1	お財布と肝臓に優しくないなぁ…&gt;_&lt;…
1	電車とまったけど、しんゆりまではいけるぽい！早く動いて…&gt;_&lt;…
0	かえりたーい。。
0	4年ぶりに会った研究室の同期に、綺麗になりましたねっていわれた*\(^o^)/*超気合いいれて化粧した成果がここに！！笑
1	お世辞をさらっと言える男性すごいなー。
0	写真展の解説フリーペーパーが衝撃的すぎた。 http://t.co/eHF5zp6pOz
0	こんなにいたのか！笑  http://t.co/yNa8kd5pfc
0	直属の先輩にリアル倍返しをされて、びっくりした。
0	4000円のチョコを私ふくめ3人に返してた…  そういえばこないだサダハルアオキで5個ぐらいまとめ買いしてる人いたな。(°_°)
1	とりあえず自分じゃ買えないからすんごい嬉しい。笑 先輩、ぐっじょぶ！！( ´ ▽ ` )ﾉ
0	そして一つ目になる、、、笑 http://t.co/5ht8EwqFVO
1	まわりのペルルショコラ（粒粒）のビターのやつがものすごく美味しい。来年買いたい。笑
1	@ms2tom おいしそー♥︎ヨガのちかくにもエッグベネディクトのカフェできたよ！！
0	最後の力をふり絞って、ゲオに天使なんかじゃないを返しに行く！笑
1	@ms2tom 懐かしいでしょ？！半分よんだから、もう半分借りて、そのあとギターの練習やな！笑
0	@ms2tom ライブ後の足にギターその他が総攻撃。神田までたどりつけるかなぁ。。笑 いってきまーす。またのちほど！
0	@roc_dis おめでとーう♥︎(o^^o)
0	@ms2tom 今日の昼ごはんオクラたべた！笑
0	@ms2tom オクラ会社でかいなよw業務用！笑
0	@ms2tom ソファーでオクラ禁止ね！ネバネバになる！笑
0	RT @MTH_OFFICIAL: BRAHMANとの名古屋ファイナル無事終了！７年振りの２マンヤバかった！まさにネ申。有難うございました！ そして舞い上がって写真撮るの忘れてた…ので二次会のメンツのみですが、謎の仮面BARでの写真を。何コレw癖になりそう。笑 byナヲ htt…
1	年度末やばい。早く5月になって。笑 http://t.co/O6RpMxcpnY
0	@GAZiiii ついに後輩がくる！ドキドキ！
1	26日いいメンツだなぁ。。 http://t.co/AtJDJFyaZV
-1	@ms2tom 疑わしいよね！笑 さむい！さむすぎる！笑
0	@GAZiiii そう！めちゃびっくりしたよ！
0	@ms2tom 一回ふってやんだみたい。笑 はれてない！笑
0	@ms2tom あれだ、ふってない、が正解。わら
0	@ms2tom いや、もうふってるんじゃないかな。。ついたけども。笑
0	@ms2tom ガメラってたべれるのレベルの私もしんだw もやしもん読んで帰った( ´ ▽ ` )ﾉ笑
-1	RT @tacticsrecords: TOSHI-LOWより先日結成された「the LOW-ATUSのアーティスト写真です」と送られて来ました…んっ!???細美さん…ゴツいｨｨｨｨｨｨｨｨｨｨｨｨｨｨｨｨｨｨ(ﾟДﾟﾉ)ﾉ!!!! http://t.co/4UAcBAk8TT
0	たけしゃんと松本と深夜ドライブー！プチGW感でたー！
0	@ms2tom 23時スタートだったからだよ！笑 ちなみにたけしゃんは帰る予定ちひろに連絡したってゆってたよー！
1	@ms2tom 松本25時まで仕事らしいー！とりあえず2人とも生きてた！（≧∇≦）笑
0	やば、コナン人形きた！笑
1	@ms2tom めちゃ美味しそー！どこどこ？！(((o(*ﾟ▽ﾟ*)o)))
0	@ms2tom
1	@ms2tom うらやまー♥︎いいね！いこ(((o(*ﾟ▽ﾟ*)o)))
0	また背が伸びた！ いつまで成長期なんだ…‼︎
0	前髪きったら視界がスッキリ*\(^o^)/*
0	レイトショーみにきた。 席、全部空いてますっていわれた。  貸切くるか？！(°_°)‼︎
0	@ms2tom 海老名人身事故らしいね…&gt;_&lt;…
0	@ms2tom ライブいくのー？
0	@ms2tom なななー！ 恨んでも恨みきれないな、、、
0	@ms2tom
1	@ms2tom デデ様、、もしやデデマウス？ VJ素晴らしいよね*\(^o^)/*
1	@ms2tom いいよねー！私が見てた時はアジア色強かったけどいまもそんな感じ？
0	先ほどイケメンと共同作業しておじいさんを助けた。 おじいさんありがとう！笑
0	@ms2tom デリカシーのかけらをあげたい！どこかにデリカシーのかたまり売ってないだろうか！！
0	仕事おわったー（≧∇≦） 人生初の一週間休み♥︎ さて、これから荷物つめなきゃ、、
1	やっと！ 明日 6/20(金)12:00[正午]にSWEET LOVE SHOWER 2014 第5弾出演アーティスト発表！！！詳細→http://t.co/SR8UD5TuGc   #スペシャ、#ラブシャ”
1	おっきいテレビの経費申請書が、、所長！笑 みんなで7時からパブリックビューイング★ http://t.co/Dh4xg6W6hw
0	そして、slsは永ちゃんと達郎、、あとだれやー！
0	人生初のtotoを買った！ 1億あたれー笑
1	ショプリエでスキマ時間にポイントをためよう！→ファッション情報と来店ポイントでお買い物を楽しく、かしこく。 #shoplier http://t.co/wI3iL9N2YS
0	PLAZA PLAZA横浜ジョイナス店にチェックインして20ポイントGETしました！ #shoplier http://t.co/wI3iL9N2YS
0	ショプリエでPLAZA 1000円ギフトカードをGETしました！買わずにポイントが貯まるショプリエがおトク！ #shoplier http://t.co/wI3iL9N2YS
0	ねれん(´･_･`)
0	隣の人がジョーさんに似ててあせったけど、けしてジョーさんではなかった。笑
0	@ms2tom ちひろどこいるの？！
0	@ms2tom わたしもいましたおりてきたから合流したひ！
0	@ms2tom 改札にてまちますー！
0	連勤最終日接待とか(´･_･`) よく食べる新人を派遣したいw
1	@ms2tom 試食会あれば無限にたべるよ！w
0	@ms2tom なんか大量に入ってる業務用グッズパーティしようよ！笑
0	@ms2tom もれなくボイパ披露してくれるよw
0	@ms2tom うちんちは吐かれたらやだから新人いない日ね！笑 きっしーさん呼んでマリカーやろうw
0	@ms2tom まったりしたいよ。冬眠したい。笑
0	@ms2tom 一粒かすめとりなよ！笑
0	@ms2tom 緑じゃなくてびっくりしたよ！笑
0	@sandalbadge お疲れ様です★浅草kurawoodさんでご一緒させて頂いた なにや のギターです♪ 最後ベースサイドで楽しませて頂きました。ありがとうございました〜♪(*^^*)
-1	@omooochi たまにやりたくなるよね〜(*^^*)こないだの三連休で試みて三つ目でダークサイドにおちました(寝落ちした(´･_･`)笑
0	@omooochi ね！平日じゃできないもんね〜(´･_･`)金曜に連作借りたら、食料もかってひきこもり準備を完了させてるw
0	凡人さんに朗報！笑 ゆかたみれるよ！http://t.co/w821NVSZSp
0	@bonjin6770 【悲報】浴衣街コン探したらほぼほぼ終わってた。笑
0	@aap025 雨グラウンドやばいよね、、三塁やー！かっとばせー！
0	RT @setagaya_hanabi: 【たまがわ花火大会開催情報】午前７時現在、本日のたまがわ花火大会は開催予定です。ただし、今後の天候等により、予告なく中止となる場合があります。中止時には、当ツイッターにてお知らせします。
1	RT @kei_0118__: 先程、本日出演のOVERGROUND ACOUSTIC UNDERGROUNDの皆さんがものすごい量の支援物資を持ってきてくださいました！！ ありがとうございます！！ #FREEDOM NAGOYA2014 http://t.co/mURcKGO…
0	とーかいだいテレビにでてるー 未来モンスター！
-1	@bonjin6770 せっかく交流タイムつくったのにギリギリにくるから！笑 ゆきちゃんにちゃんとメールしといてくださいねー！
0	なぜ金曜の夜なんだ。。。
0	月火水木も夜はあるのに金曜夜に電話が鳴るマジック!
1	こうして軽やかに3連休は2連休となった(°_°)ゆっくり寝たい。
1	@ms2tom 早朝だから夜は大丈夫だよ！
1	@ms2tom 気になって調べたら本当にキャンパのOBだった。笑 てか先生松戸なんだね。もしや浦安？笑 すごいねー。
0	@ms2tom サーフィンしまくった笑
0	@ms2tom 否定はできない！笑
1	@ms2tom チャラくてバカですが良い子の集まりです！笑
1	@ms2tom 私3月まで社畜だからなぁ。。あ、社畜も多いよねハワイアン。笑  あれにいきたい！ 12月のやつー
0	@ms2tom 休みかわかんないけど！
0	@ms2tom 最近“もう帰れる？”ってきかれて“帰りたい。笑”ってゆう会話が増えた。笑
0	@ms2tom せんきゅーう！鍛えるwヾ(＠⌒ー⌒＠)ノ
0	@ms2tom だよね！笑 よし、休もう！笑
0	仕事がやばい。 イライラ発散のグッドなアイデアはないものかーT^T
0	今日初めて車がぴよーんってやつみた(°_°)マリカーみたいな事故だった(°_°)
0	まもなく鶴ヶ峰って… 6個も先やん！！笑 頑張れ車掌！(=ﾟωﾟ)ﾉ
0	嵐がハワイだー ハワイにとびたいー
1	@ms2tom なんか弾丸で安いやつでいいからいきたい笑
1	@ms2tom そうだねー！アンダー10万ならサクッといけていいね！＼(^o^)／ hisとかみてみよっかな。
0	仕事おーわり＼(^o^)／ 今日はこれからイルミ＆工事！ ぱぱらっち発動！！
0	not!工事! 工場だった笑
0	やすみだー（≧∇≦）
0	マロンデニッシュを口にした友達が一言。  口の中で栗拾いやぁ〜
0	‼︎笑 私も栗拾いしたいわ笑
1	みーさんが、サロン・ド・テ ロザージュ　をクリアしました！ 箱根でプチ贅沢プレゼントキャンペーン おいしい箱根スイーツを堪能＆店舗制覇で賞品を当てよう！ http://t.co/uAu9ZxKW4U #hakonesweets
1	みーさんが、鈴廣かまぼこの里 汐風カフェ をクリアしました！ 箱根でプチ贅沢プレゼントキャンペーン おいしい箱根スイーツを堪能＆店舗制覇で賞品を当てよう！ http://t.co/4CbUmO4eWl #hakonesweets
1	みーさんが、2店舗制覇して日帰り入浴券に応募しました！ 箱根でプチ贅沢プレゼントキャンペーン おいしい箱根スイーツを堪能＆店舗制覇で賞品を当てよう！ http://t.co/nNGqHOclmF #hakonesweets
1	江の水行ってきたけど素晴らしすぎた！！ http://t.co/lKXmW0Ciqc
0	腕一本で電車を3秒くらいとめたおばちゃんがドヤ顔ではいってきた笑  (♯｀∧´)g  ふんぬって腕入れて、閉まるドアを閉めさせないおばちゃんすごい。
-1	クリームとオイルー♥︎ 30000円くらいポイントたまってた♪ 袋も箱もかわいすぎるー♥︎ http://t.co/8GmuTYOZdm
0	一ヶ月で綺麗さっぱり忘れてしまったー また同じページからかー(´･_･`)
0	おわったー＼(^o^)／ あー寄生獣みたい！
0	来年の数字が倍になった事実Σ（ﾟдﾟlll）
0	さらに2〜3億上乗せの未来が迫っているΣ（ﾟдﾟlll）
0	新幹線がざっくり3億円らしい。
0	プリクラが200万らしい。
0	どこでもドアが64万
0	どこでもドア、コスパよすぎる。笑
0	ボーナス*\(^o^)/*
0	でっかい美術館で迷子になるか、でっかい葡萄畑にいくか… 来年の旅に迷う♥︎
0	急患ラッシュ！
1	おかげで好きな先生のメアドをゲットした！わーい*\(^o^)/*
1	連絡できるし、待たなくていいし嬉しい！笑
1	そしてメーカーさんもしゃれおつ紳士！優しい！今日は当たり日だっo(^▽^)o
-1	寒くて死ぬー
0	中目黒でイルミとお肉ーヾ(＠⌒ー⌒＠)ノ http://t.co/3uJ8yovQzR
0	明日名古屋かー
0	なにたべよ( ´ ▽ `◯ )笑
0	@minaiko_smooch いく！急遽明日いくことになりましたー！ 15〜16時で本社！  うっかりちらっと会えたりするー？！笑
0	@ms2tom 味噌煮込みうどん！
-1	@minaiko_smooch 週のなかびだから難しいかなーと思って連絡しそびれてた＞_＜
0	@minaiko_smooch  17時には終わって、21時くらいの電車で帰れたらいいかなーって思ってる！
0	@minaiko_smooch ほんと？！会いたいー♥︎♥︎ 適当に名駅で時間つぶしてるからいけそうなら夜ご飯行こー*\(^o^)/*
0	@minaiko_smooch ありがとー♥︎♥︎ わーい♥︎♥︎めちゃ久々だっ（≧∇≦）
1	早く正月きてほしい(°_°)
0	ごはんたべたい…
0	@bonjin6770 わたしも練習したかった！しまらないよー2014（笑）
-1	眠いー眠すぎる。おっしまいまいに会えた奇跡*\(^o^)/*
1	しかし疲れた。早く正月きてー
-1	@nattchi0630 やばいよねー！寒いしなつも体調きをつけて！
0	@nattchi0630 わかる〜（笑）落ち着いたらマッサージいこ！（笑）
0	@bonjin6770 とりあえず疲れた！！（笑）
-1	@nattchi0630 私最近温泉とかも響きにやられる！（笑） 無理ない時にご褒美会しよー( ´ ▽ ` )ﾉ
-1	後ろのおじさんがアイスたべてるのが寒そうすぎる（笑）
0	@nattchi0630 潤い注入〜！！！笑
0	@bonjin6770 逃げたい。（笑）
0	@bonjin6770 逃げきったら賞金(=ﾟωﾟ)ﾉ(=ﾟωﾟ)ﾉ(=ﾟωﾟ)ﾉ
-1	お気に入りのスタンプ押したら、シュールですねって言われた。切ない。（笑）
0	@makeinu0waza あのセンスがわからないようでは、同じ釜の飯は食えないっす！（笑）
0	そしてツムツムは女子を捕獲するためのものではなーい！
1	よく知らない人からのハートなんていーらーなーいー（笑）
1	@makeinu0waza  も、モテ… 可愛いスタンプ探したらなかった…(´･_･`)笑
1	花柄と内巻きと眉マスカラで女子力高いって言われたー。 やっぱり装備って大事なんだな… しかしはやく家かえって脱ぎたい！（笑）
0	おなかへったー いつからこんなに代謝がよくなったのだろう…
0	てゆうか代謝してんのか謎！ 筋トレしよー(°_°)
0	逃げたい…(´･_･`) あたまいたい…(´･_･`) 仕事を、つめよう。
0	今日の勉強会叙々苑♥︎ 先輩に賄賂しよー*\(^o^)/*
0	またね〜  にさ  質問で返すのおかしいやろ！(´･_･`)
0	またね と おやすみ は  終了のお知らせだと思ってた。(´･_･`)
0	こいつらを投下する準備する。 http://t.co/glHvAxdJcv
0	@bonjin6770 手術がんばってください。 麻酔するからだいじょーぶ！( ´ ▽ ` )ﾉ
0	歯がいたい(°_°)))
1	U20の人力車男子と仲良くなったー！ 2000円で浅草のせてくれるって( ´ ▽ ` )ﾉわいー♥︎
0	お台場から晴海までラン*\(^o^)/*友達がおひげとリースを用意してくれた♥︎笑 髭♥︎子供達にもてた♥︎*\(^o^)/*笑 http://t.co/bQAJA2L6bF
0	今日は会社休みます の真似っこで、今日はおうち帰りません が会社で流行りはじめてる(°_°)
0	今日は帰る！ 今日こそ帰る！
0	いまから入札なのに頭が起きない〜(p_-) ケタ間違えないように気をつけなきゃ((((；ﾟДﾟ)))))))  シエスタしたい。 サンタさん睡眠時間ください。
0	来年のノルマの1/3確保*\(^o^)/* 少し光が見えてきたよ…！(°_°)
0	内臓の限界をみた一週間だった。
0	サンタさん。 食べ物を口に含む時間をください。笑
0	もぐもぐしたいよ！
0	前に立ってる人の毛玉たちをとりたい。
0	FOUNDRYこみこみー 帰省土産を買い込みなうー
-1	並びすぎでJTBにたどり着けるか不安w
1	無事夢の国への切符を手に入れた*\(^o^)/*
0	菅田将暉の女装かわいすぎるよ！びっくりだ！そして馬場園ちゃんのはまりっぷりがやばいw
-1	体力終了のおしらせだー 眠いー！よくあそんだ！( ´ ▽ ` )ﾉ
1	山梨って近いな。
-1	夢の国→現実→夢の国（まじ眠い）←いまココ
0	久々に今夜ちゃんと寝れる気がする。
0	今年どんどんでてくる（笑）うち抜けるかな（笑） http://t.co/Uu8xkNLZ2h
1	ストック♥︎あー幸せ♥︎ http://t.co/ZyMZAjjrCD
0	ちょっと吉高にきゅんとした！#紅白
0	ぱふゅーむ！*\(^o^)/*
0	山積み（笑） http://t.co/8XovDh7qAO
0	手帳かうのわすれてたー！(°_°)
0	朝の任務完了！
0	起きれないとやばいから寝なかった。
0	サイコパス全部みれた*\(^o^)/*
0	よし寝る。おやすみなさいー(=ﾟωﾟ)ﾉ
0	電話なりすぎー
0	羽田から、島根→鳥取→岡山→兵庫→京都とまいりまして、これから大阪向かうー。2015年も弾丸*\(^o^)/*
1	ものすごい気力を使ってメッセージおくった。。
0	今日は双子座98点だから頑張ったよ…！
0	神様おねがいしますー！
0	やった♥︎*\(^o^)/* 双子座ありがとう！♥︎
0	@ms2tom Σ（ﾟдﾟlll）
1	@ms2tom 災難だねー。最近多いよね。。。
0	@ms2tom せやな！時代は京王なんだ！笑
0	今日は昼抜きが濃厚になってきた、、
0	てゆうか、朝もたべわすれたよ！
0	よく考えたら昨日の夜もたべてない！！！
1	人間意外と大丈夫なもんだな（笑）
0	食後30時間が経過いたしました。 そろそろお仕事離脱をもくろまねば！おなかへったーーー！&gt;_&lt;
0	看護師さんからお土産で甘いものたくさんもらったけど、これ食べたらめっちゃ吸収する。確実にする。笑
0	食料難すぎて内臓一揆がおきそう。笑
0	今日は糖尿病内科やー わたし糖たりません先生。
1	あと2時間がんばる。 美味しいものたべたい。。。
0	お金の勉強にあきちゃったので、英語をはじめてみた♪海外旅でしゃべれたらたのしいだろうなぁ♥︎
0	タリーズに毎日きてるきがする。（笑）
0	今日のぶんおしまいヾ(＠⌒ー⌒＠)ノ
0	だれだ！ サイコパス全部かりてったやつ！涙
0	おなかすいた！ 死ぬ！。・°°・(＞_＜)・°°・。
-1	京急運転あらいー
1	久々に美味しいごはんたべた♥︎
0	あげたいなと思ってたのに、一緒に買いに行くことになったー！(°_°)
1	@merci_thx ミスドセンスいいー♥︎ちょっと行きたくなっちゃいました(o^^o)
1	@ms2tom とても！本当久々に好きかもって感情が蘇ったよ！笑
0	@ms2tom キラキラさん2号！笑
-1	@ms2tom でも渋谷で下、半裸の人に絡まれて大変だった(°_°) 若い子怖い…&gt;_&lt;… 恥ずかしい事をしている自覚ないのかな。。
0	@ms2tom がんばるー！！ 23歳山口県出身の年下イケメンだよ！笑 なぜ半裸なのだ！と説教しそうになったよ！（笑）
0	@ms2tom 普通に困るよね！笑 キラキラさんって呼び方私も気に入ってる！笑
1	東出さんの喋りがおもしろすぎる（笑）
-1	お客様からも製造元からも使えないと言われる代理店担当者がなんだか可哀想になってきた(´･_･`) 言われないように気をつけよ。。
0	なんで8:30からオペなんだー 9:00にしてー（笑）
0	あと二日、頑張ろ(&gt;_&lt;)
0	ドキドキすると思ってはかるとだいたい微熱〜 http://t.co/4GwYwLW5c8
0	もう少しあがったら帰ろうと思えるのに（笑）
0	RT @omooochi: 冬は中村一義の声が聞きたくなる
0	RT @natalie_mu: 下北沢屋根裏、3月末に閉店 http://t.co/5GZsdeo6pq http://t.co/NwTURi0rt3
0	昨日から本気のキャパオーバーしてたら先輩が2時間解放の時間をくれた…‼︎ ほんと神だと思った。。
1	@ms2tom 同じお店のこれも日曜のんだら美味しかったよ♥︎いいかおりのやつ(*^^*) http://t.co/m0q8pZJPDr
1	@ms2tom お酒好きトップの座ありがとうございますーヾ(＠⌒ー⌒＠)ノ笑
1	安定して微熱な平熱‼︎(°_°) http://t.co/iiLXWp8pjC
0	今日は終電じゃない*\(^o^)/*
0	@ms2tom いつでもー*\(^o^)/*
0	はじめてめぐたまさんきた！ ドキドキがとまらない！！！
0	@ms2tom 今年は北欧いくから長いやつはむずい！ 弾丸なら！笑
0	チョコ悩むー あっちへウロウロ こっちへウロウロ…(&gt;_&lt;)
0	ブノアがかなりいいかんじ♥︎ 結局迷って自分用も買ってしまったー笑 http://t.co/HUmvsD4dpM
1	@ms2tom アールグレイおいしかったよね♥︎(o^^o) でもダルシーはそれ以外かなり花感つよいから好み分かれそうなんだよね。。
1	@ms2tom みためは可愛いのに！（笑） キラキラさんはブノアにしようかと思ってるんだー♪
0	@ms2tom 2015年後半なら弾丸要相談で！（笑）
1	@ms2tom 結局全部試食するよね（笑） 町田はやくはじまれー！
0	@ms2tom 要検討します！やすいプランみつけて有休消化しよーよー！
0	昨日高島屋でFAR YEAST買うの忘れたー。。
1	今日会議頑張って、明日はやくかえろう。
0	これから家具屋さんになってまいる(=ﾟωﾟ)ﾉどろん！
1	@ms2tom はやくかえんなよ！そんなまで仕事したらあかんよ！
0	今日、会社合併します。
0	NO残業デー横浜プリンスやーだー
0	磯子出向やーだー笑
0	明日の夜色々わかるらしい。。 ついにこの日がきてしまった（ ;  ; ）
-1	@ms2tom 磯子行きは確定だからねぇ。・°°・(＞_＜)・°°・。 引っ越しめんどくさいな。笑
0	会議→勉強会→辞令交付→勉強会→金曜！
0	金曜ダッシュで帰って月曜休む策を練ろう。。
0	月初なのにバタバタ(´･_･`)
1	@ms2tom だ、大丈夫だよ！！磯子神奈川だから！！！ 結構ちかいから！！笑
0	@ms2tom こちらこそ！笑
0	@merci_thx 引っ越すか迷いますー。・°°・(＞_＜)・°°・。 でも県内だからまた飲んでくださいねー！！
0	@ms2tom それ正解！そして私は根岸決定しました！なみだ
0	@ms2tom 根岸‼︎笑
0	@ms2tom 合併先にのりこむぜ！（笑）
1	@ms2tom 磯子に新しくできるはずが、根岸をそのまま使う事になったのー！ 根岸は石川町の次だった気がするよ！
0	@ms2tom できるだけ大和にいすわる！笑
0	@ms2tom サダハルアオキたべたいよね。。王道ひととおり制覇したいよね。。
0	@ms2tom わたし5000円とかの買いたいんだよね。
0	@ms2tom JMMは5000円の今年買うかも！あとは色んなショコラティエがはいってるアソート！
0	@ms2tom 自分用ー？！
1	@ms2tom いーねー！（笑） わたしもそうしよ（笑）
0	@ms2tom ジャンポールエヴァンはボンボンショコラよりキャビア（パール？）チョコが優秀だよ！！2000円くらいの！
0	@ms2tom あとデメルは生クッキーぜひたべてみて（笑）チョコじゃないけど！（笑）
0	@ms2tomダイヤのたべたことない！たべてみたい（笑）
0	関内ビアバーでひとり飲み!
1	ラインで相談のってくれる男友達のありがたさ。。
1	@ms2tom ダイヤかわいい！ なんか結局いつもかうのはシンプルで可愛くない奴（笑） そうだね！JMMはまるみがあるもんね！
1	@ms2tom 大丈夫！（笑）いつでも目標おくって！ わたしは今日ふるやにカウンセリングしてもらってきたよ！笑
0	ウィンターソルジャーみるためのファーストアベンジャーズ！
0	バッキー！号泣
0	スティーブ！！！号泣
0	バッキー生きてるじゃん！！
1	@ms2tom 明日何人かでゴハンしてくるよー*\(^o^)/*  堀内さんがビールのんでくれて嬉しい♥︎（^人^）
0	様子がわからないから外堀からうめろとのアドバイスがありまして(｀_´)ゞ笑 進展はなにもないからね。。  なになに？近々またごはんでもいこー！
0	パスカルカフェのコーヒーちょこまいう♥︎ http://t.co/y9VuFEaaeq
1	@ms2tom いいね♥︎わたしも買い込んだ♥︎先輩たちにあげて、一粒ずつ味見させてもらうー！（笑）
1	ミシャのマスカラ、やっすいのに優秀すぎる！
1	@ms2tom あー！今日かえばよかった…！！
0	ベイマックスみて朝から号泣
0	お気に入りのアクセサリーこわしてしまったー涙
1	自分で買ったやつで良かった。。 2代目さがそう。。
1	ホワイトデーはペルルショコラがいいです。って短冊かけて先輩にチョコわたそう。笑
-1	@hit_my_ms 600円で2本だよ（笑） おちない、にじまないでコスパ◎だったー！ でも普通のよりカール力弱い！
0	@ms2tom あー（笑）ツイッター難しい（笑） うん、にじまない事だけに重点おいたらミシャかなり優秀！
0	いっぱいチョコもらえた♥︎笑
0	あと柿の種とおせんべいも。。
0	だれかお酒もください。
1	@ms2tom いいね！（笑）
0	今年はイタリアにゆく！！ http://t.co/vuU05a79wD
0	そのための自炊（笑） ボーナスの為に働くー！
0	ぼーっとしてのりすごした！！
0	ペッパー！！涙
-1	ごはんたべいくのに、緊張でごはんたべれる気がしない。 中学生くらいに戻った気分。。笑
0	@ms2tom ‼︎
0	得意じゃないけど、ゆっくり頑張ろうー 。
-1	長かったセゾンブームもおわり、結局IPAに戻ってきた。 しかし13時〜23時のアルコール摂取は眠いね。。
1	色々かさなりすぎて帯状疱疹でてきた(°_°)服でかくせるとこでよかったー（ ;  ; ）
0	地獄…
0	食べ物と睡眠ほしい。
0	やっとひと段落！
0	家に帰ってイベント用の雑巾をぬわねば！笑
0	なんだかんだで60人こえたらしいので、予定どおり挽肉10kg仕入れたのにびっくり。。
0	今日のイベント用のPOPやっと完成〜*\(^o^)/* さて髪の毛セットしにいこうかな。 http://t.co/DA74H3jTl5
1	スイーツ&amp;ビアーのペアリングイベントも無事おわりました♡みなさまに楽しんで頂けて嬉しかったー（^人^） http://t.co/Cr65uejY2n
0	京都旅行計画 in 名古屋（笑） http://t.co/ekHh4q9jzo
1	睡眠って大事だ！
0	やっと離脱したのに電話がー
0	これぞ年度末ブラック！。・°°・(＞_＜)・°°・。
0	やすみたい…
0	もうほんとに売上いらないからやすみたい
0	癒しなかったら今頃絶対鬱だったな。笑 あとちょっとがんばって生き延びよう。
0	おわったーヾ(＠⌒ー⌒＠)ノ
0	@merci_thx のみましょー！年度末おわったらぜひ！ わたし幸せきましたヾ(＠⌒ー⌒＠)ノ
-1	FAR YEAST TOKYO IPA♡日本クラフトビールさんはラベルもお味もおしゃれで飲むのがもったいないけど、明日ご褒美開栓予定♪♪ http://t.co/eHgiIpmEYH
1	寝落ちして明け方起きる寝不足ループ。。今日こそ早く帰らないと&gt;_&lt;
1	ちっちゃな日常の幸せにすごく癒される。早く落ちついて、恩返ししたいな。
-1	ひまだからお世話になったみなさまにメッセージを書こう！と思ったら急に異動さびしくなってきたー笑
1	三軒茶屋のピガールさんにフォローして頂けた！(((o(*ﾟ▽ﾟ*)o)))カウンター派なので幸せ空間♡ヨーロッパのビールはラベルがスタイリッシュだから目の保養だよー（笑）またいきたい♪(*^^*) http://t.co/Ns0MqbxUIo
0	@nattchi0630 おつかれー！おかえりヾ(＠⌒ー⌒＠)ノ 東京の桜風にまってるよー！満開ーo(^▽^)o
1	@nattchi0630 大丈夫でしょー！ お天気もつといいね！。・°°・(＞_＜)・°°・。
0	業務さんたちがしんどそう。。明日夜さしいれしようかと思うけど、なにがいいかな。。
0	RT @kaguabeer: 今日から東京ビアウィークがスタート。Burger Mania恵比寿店では今日から12日まで、日本クラフトビールの「馨和 KAGUA」「Far Yeast」シリーズ全6種がTap Jack！ゆずと山椒を使った限定バーガーも登場します！http://t…
-1	仕事後の関内通過しんどい。
0	絶対はいらないサイズの人がとなりに座ってやばい。。涙
1	今日は許容できる余裕がない。。 はやく家かえりたい。涙
0	カバンにはいってる縫合糸でお口にチャックしたい。
0	なんでカバンからレモンジーナ6本でてくるのー。スケールちがうな（笑）
1	ひたすら好きな事に囲まれて癒された休みだった♡三茶の焼菓子屋さんの香りが天国すぎた♡ http://t.co/7et79hW5ES
0	シェフ見てきた♪とてもほっこりした♡ https://t.co/t2GvraRhd1
1	２夜連続の北沢小西さん♡ ラベル買いポーターはどストライクでしたヾ(＠⌒ー⌒＠)ノおいし♡ http://t.co/0fRnUVAE2u
0	@makeinu0waza ムスタング？何ムスタングですか？笑
1	@makeinu0waza そしたら多分それモチーフですこれ！かっこいいですよね！
1	@makeinu0waza かっこいい*\(^o^)/*笑 このビールは下北のその場でのめる酒屋さんのなんですけど、アメリカンクラフトビールの酒屋&amp;飲み屋なら関内にあるのでどちらもご案内しますよー*\(^o^)/*
1	@ms2tom 大阪いーねー*\(^o^)/*
-1	やばい（笑） 笑えるくらいやばい（笑）
0	@ms2tom いこーよー！やすんでぱーっとしたい！
0	@ms2tom 潮干狩りいこう！笑
1	石原さとみのCM可愛い！！ https://t.co/4MV1KnY9qV
0	こんな時間なので。。漬け込んでおいたトマトと金柑のピクルスがまいうー( ´ ▽ ` ) http://t.co/3nk5zMPzbV
0	前営業所19連勤&lt;現営業所の9連勤
1	明日は代休♡新しい布団が届くのでテンションだだあがりちゅー。☆*:.｡. o(≧▽≦)o .｡.:*☆
0	甘酒の豆乳割りにはまりつつある。。足りない野菜と酵素を大量摂取*\(^o^)/* http://t.co/c8ciewuzn4
0	おさらばしてくる！ http://t.co/4XUbBmztkn
0	断髪！ http://t.co/lyVIrn4iwT
-1	みじかっ！さむっ！笑
0	もうナンバーふってある時点でかなりテンションがあがります。。辻口さんのチョコ頂いたー♡ http://t.co/DJJr2XnZ3X
1	ゴマおはぎのチョコがこんなに美味いなんて。。。
0	日本のチョコ。もっと食べてみよう。
0	毎日おこり・おこられあってる私の先輩と後輩。
0	365日かかすことなく、ついに１年を経過しました*\(^o^)/*笑
0	そんな2人に刺客をおくってみた。
0	先輩→信玄餅（2個入） 後輩→チョコパイ（2個入）
0	シェアするのか…いなか…‼︎
0	おみやげで楽しむ私でございました。笑
0	しっかし、うちの後輩くんはもの食べる時顔がぶんっってなるんだよ。
0	首がこった時も、ぶわんって回すんだよ。
0	パソコンみてる私が隣で気づいてしまうぐらいの、ぶわんっ。笑
0	最近かなり、うずらとトマトのピクルスがブーム♡ http://t.co/ZfvjZutd5V
0	鎌倉海ビーしてきたら、チーズケーキとんびにとられた！(°_°) http://t.co/xNA5hrRl4g
0	でもドーナツは死守したんだから(°_°) 指に羽ばたんされたけど(°_°)
0	そして北沢小西さんへ♪GWからのシアトルサイダーも飲みに行きたいなぁ。。 http://t.co/hekAp3LC0e
0	注文とか依頼ごとがたまりすぎてはけない。。。(&gt;_&lt;)
1	営業所かわったら終電が早くなったから全然おわらないよー。
0	気づいたらみんな引越してて、来週から遠征わたしだけ。。。(・ω・)ノ
1	車で帰るたびに赤信号につっこむので、早く引越したい所存です笑
0	明日は豊洲野音でTOSHI-LOWさんを久々に見れるのがたのしみすぎる！
0	もやっとする〜。たぶん寝てないからだな。。寝る時間欲しい。
0	お風呂はいってスッキリしよ(&gt;_&lt;)
0	明日おきれるのか。  と思うと毎日ねれないチキンです笑
0	そして今日も夜更かしループ。。 木金がやばそうだなぁ。
0	1時間ごとにつぶやきそう笑
0	こまかいこと気にしすぎたな(&gt;_&lt;) とりあえず生活をなんとかなおそ！
0	夏フェス用タトゥーゲットしました♡ http://t.co/pqLeC1IyCl
0	RT @FzRyu: TOSHI-LOW @ 豊洲野音カーニバル セットリスト  満月の夕 トンネル抜けて 明日なき世界 レデンプションソング グリーングリーン 君がいれば
1	新しい営業所にはTBNがいる。。
0	しかも美人でおしゃれで若い。
0	でも係長の手を握ってしゃべっておられる。。(&gt;_&lt;)
-1	もったいない。。
-1	てゆうか、おそろしい！Σ（ﾟдﾟlll）
0	みんな働き過ぎなんだね。。
0	あと１日がんばればGW!
0	今年もがっつりあーそーぶー♡♪( ´θ｀)ノ
0	豊洲で皿回してきた！皿意外とまわせる！ http://t.co/6qaXH4enzv
-1	先輩が寝坊したら代理入札なんだけど、まだ先輩から連絡こない。。。
-1	寝坊か！！笑
0	もっと髪切りたい。
1	よし、いってきます！(&gt;_&lt;)
0	やっとGW!
1	お手伝い楽しかった！素敵なお姉様方との出会いがありましたー！そしてUijinxKAGUAまいう♡ http://t.co/V4ZkhB0rse
1	やったことない事にチャレンジするのは、やっぱりいいな。
-1	家に着いたら、散々飲んだけど日本クラフトビールさんでお疲れ晩酌しようかな♡笑
1	美味しいおつまみも冷蔵庫に待機してることを思い出した！！☆*:.｡. o(≧▽≦)o .｡.:*☆
1	もう今日のお疲れビールはこれで決まりだ！大好きなビール会社さんの中の人を体験できて、嬉しい！幸せ！乾杯*\(^o^)/*日本クラフトビール＊FAR YEAST TOKYO IPA http://t.co/7fP7MWjD5L
1	ベルジャンが好きー。
0	砂肝うまー(&gt;_&lt;)‼︎
0	最近のおしの一品！日本酒もあけたくなる♪ http://t.co/98i6SU4eE9
-1	RT @beerbrewersjp: ＜ゆるブル＞ PIZZA PORT x 志賀高原は、"So Sexy Brown" ！ http://t.co/G5uLLkXm1I #beerbrewer PIZZA PORT BREWING とのコラボは、これになりました。"SO SE…
0	(｡-_-｡)よく寝た。。笑
0	午前中に部屋綺麗にして、、おつまみの補充をつくる！(・ω・)ノ
0	幕張、今日もお天気もちますように(&gt;人&lt;)
0	昨日明け方までお片づけしてたから、意外に起きたら片付いてる（笑）
0	午後は仲良しさんと久々のおあそびー♡楽しみ楽しみ♪
1	豆乳に豆腐に納豆に、、大豆製品は美味しいものが多い（^人^） 久々のゆるり朝ごはん〜。 http://t.co/MgQHDwyySf
0	屋久島！リベンジしたいな。。
0	海とか山とか川にいけるシーズンになってきたよ…‼︎カメラ持って出かけたい欲がムクムク。。 http://t.co/12OP9cGldo
0	@ms2tom 楽しみだなまる（笑）
0	なんか作ろうかと思ったけど、やっぱり寝よう。
0	寝不足はもやもやのもと！(・ω・)ノおやすみなさいー。
1	今日をいかに穏やかに乗り切るか。
0	畳でゴロゴロバタバタしたくなる１日がきた…(&gt;_&lt;)
1	ちっちゃい女の子が電車で歌ってて可愛らしい〜
0	そのまましばらく歌っててほしい（笑）なごむわー(&gt;_&lt;)
0	イライラした時は千切りがかなり効果的なのですが、なにぶん電車の中なので（笑）
0	エアー千切り‼︎
0	家に帰ればきゅうりと人参がある…‼︎ （千切り対象にロックオン）
0	@ms2tom ごめん！うつした？
0	(&gt;_&lt;)人にあたらないように気をつけないと。
0	@minaiko_smooch おめでとー♡（≧∇≦）
0	リベルターブルのピスタチオムース、中はプチプチしたライチが入っているのです‼︎食感に‼︎(°_°)てなるよ！白ワインが合う上にいっぱい注がれすぎて‼︎(°_°)てなるよ！ http://t.co/HeFgGklEBd
0	4席しかないのですが、母といきたいなー。。
1	お仕事中に発見したメガネリングがかわゆすー♡ http://t.co/Ezy9ZvGV8C
1	可愛いーねー。福島カフェ電車♪ http://t.co/jSq5UGeeYa
0	テレフォンズのMステみたかった！！
0	ツイートみながら、ひたすらテレフォンズの愛され度を感じる帰り道(o^^o)
0	youtubeとかにあがってないかなー。みたい！
1	@ms2tom みたいー！こんどみにいく！！ノブさん大丈夫だった？！（笑）
1	@ms2tom ぶるーれい、、今は見れないけどいつか！（笑）  ノブさん激しいもんね（笑）なんかすごく母のような気持ちでMステタイムをすごしたよ（笑）
0	帰ったら明日の準備ー！
1	早くも夏休みとってみた♡笑
0	5末〜6でノルマ終わらせて、2015年ゆるりと過ごす為のチャージ休暇！
0	和とビール三昧してきます〜(o^^o)
-1	レンタカーを遅めに返す方向で、、、！
0	こざると京都旅行♡ http://t.co/M24yLvUWI1
0	よくあそんだ…‼︎ 家につくまでが旅行です！ 布団でねれるように頑張る…‼︎
0	今日はやっと帰れそうな兆しがある…‼︎*\(^o^)/*
1	朝から仕事ぎゅうぎゅうの日はもりもり仕事できて好きだー！
1	東京ホワイトのヴァイツェンエディションのみたい！ 今日暑いし、、、おいしそー♡ https://t.co/dYoYNoBN0D
1	久々のMTG♡スフレオムレツめっちゃおいしいのだけど、作れないかなー。。 http://t.co/K6BTRyt35e
1	”もやもやは「正体不明」ではなく、立派な「感情」です。逃げるのではなく、向き合いましょう”
0	シルフスコープを思い出した 。
0	不眠スパイラルに終止符をうちたい…‼︎
0	昨日のはゴース レベルだったので、もうたいじょぶだな（笑）
0	久々にポケモンやりたい
0	あと、セーラームーンがみたいよ！
0	時間ができたらマン喫いきたい…‼︎
0	あ、今日勝負日だ。
0	仕事スイッチがONされました。
0	やる気と車のスピードは比例します。
0	そんなことより作戦タイムだ！
0	脳内ポイズンベリー お仕事ver
1	うまく喋れますように‼︎(＞人＜)
1	今日調子いい（^人^）
0	27歳ラストの日に結果でそう。気合いはいるー♡
1	やっぱり商談は楽しい( ´ ▽ ` )
0	糖をね、使うんだよね。 ATPが頭ぐるぐるしてるー
1	どうでもいいけど、六炭糖って困り顔で可愛いよね（笑） http://t.co/KQlKQHCU9b
0	今日わたしもいってた！（笑） https://t.co/L3jnhULzIC
1	今日やっぱり調子いい。
0	結果がでたあかつきに開栓するビールはきめてあるー♪
0	家でチョコが待ってると思うと、帰るのがたのしみでならない（^人^）
0	ラスト、もいっちょmtg!
1	可愛い！可愛いけど値段が可愛いくないよスノピ！ https://t.co/zjbwSIgNx3
1	ペンドルトンぐっずもほしい。 あの柄好き。
-1	愛用中のペンドルトンは冬仕様だからそろそろしまわなきゃで悲しい。
0	今年もかごバックさがしの旅にでよう。
0	いでよ、資金(・ω・)ノ
0	さて、仕事にもどろうか。
0	21時まえにあがれたヾ(＠⌒ー⌒＠)ノ
0	帰って週末用のおつまみつくろー♪
0	頭ぶつけて目が覚めた！
-1	ゴツって言ったけど、寝過ごさなかったから気にしない
0	あと１日頑張ろー♪
0	水と酸素があれば生きていける気がしたけど、お日さまあびたらとけそう。。。
1	ビタミンDは紫外線をあびて骨を強くするわけですが
0	植物は骨ないもんね
0	あ、
0	葉緑体があった  ！
-1	液胞って不要物の貯留地なんだね。。
0	帰り道にプチ現実逃避中（笑）
0	睡眠
0	車のうしろにふとんしいときたいな。
0	フルーツ摂取したい！
1	25時まで空いてるマルエツ素晴らしい。
-1	体の右側面が縦ラインで痛い。ぐーぐる先生〜
0	そのへんにあるの、腎とか肝なんですよ。でも最近そんな飲んでないのにな。。 http://t.co/ApwRDcgqXz
-1	でもちょっと食べたいものがなくなってきたので不安。あと2週間弱のむヨーグルトは不健康な、気がする。
1	土日まで生き延びよ。週末リフレッシュ！
1	京都がすごく楽かったので、また夏に予約してしまった♡
0	来月は新潟ー♪ ことしは旅行にたくさんいこうとおもいます。
0	ほぼ月1ペースなので、お財布テロ。
0	しっかり稼がないと（≧∇≦）
0	すみません、とか、ありがとうとか小さな気遣いが沁みます。
-1	この渋滞まずい！寝る！（笑）
0	道路ベルトコンベアになってほしい！
0	ドラえもんの21.世紀はベルトコンベアだったよ！
1	RT @livingyokohama: たぶん6/27（土）のアド街ック天国は「横浜 関内」！ 利休庵へ、冷やしおかめうどんを食べに行ったらカメラクルーが来てました。「後姿が映るかもしれませんがよろしいですか？」と聞かれました。前でものいいのに…(^.^)（編集長）
1	車、トランスフォーマーがいいー
0	ベッドになって！！
1	早く引っ越さないと赤信号につっこむ、、、（笑）
0	ラブシャのチケット発売がまだこなくてうずうず！！
0	明日や！
0	今年は土器と稲穂でレキシみる！
0	最終電車にのりこむ！
0	動物の立ち入りで遅延の小田急。。
0	きっと海老名より向こう側だな（笑）
0	カーボンプレート、体の中でクラックされて5年で二酸化炭素になって排出されるんだって。
1	固体が気体になるってすごいね〜。。勉強になりました。
0	@bonjin6770 もう土に還りたいです（笑）
0	家がどんどん荒れてきて途方にくれております。。
0	@bonjin6770 あー。。海もいいですね。。（遠い目）
0	部屋の乱れは心の乱れにつながるので、深夜の大掃除を開始するかなやむ。
1	@bonjin6770 そうかー！！酒の海なら楽しそうです。久しぶりに楽しい想像ができました（笑）
-1	キャパオーバーだそうで、出世した先輩から仕事をひきつぐ。。
-1	が、しかし。こっちもほぼキャパオーバーだよ！（笑）
1	そして週末出張ならもっとはやくいって〜
0	おみやげ買ってきてもらおう。そうしよう。
1	あー。こんな天気のいい日には縁側で生ビールと枝豆たべたい。 http://t.co/wyl6v8Oue9
0	枝豆三兄弟。まめ！ http://t.co/bw8pjxEqpB
-1	27歳のうちに家にかえれるかギリギリ。
0	フランス工場が1月納期おくれるってきいて。ああバカンスの時期か！
1	そうゆうゆるりなのいいね。大事だね。
1	シエスタとかも響きがいいね！
0	中学の英語の教科書で1番覚えてる単語、シエスタ！
0	たぶん英語じゃないけど（笑）
0	今日は布団でねる！！
0	@ms2tom お！いくの？！
0	久々に税金のお勉強を再開。
0	40P手前で爆睡。笑
1	@ms2tom 石毛さんいーなー♡( ´ ▽ ` )ﾉ
0	けやきのシーズン2は何のもうかな。。
0	バスケがしたいです！！
0	バイトがしたいです！
0	バンドがしたいです！
0	飲み友のお姉さま方とスタジオにはいることになった( ´ ▽ ` )ﾉフジファブ濃厚だから楽しみ。…弾けるかわからんけど‼︎
0	BRAHMAN,ナンバーガール、ミッシェルがすきですだなんてなかなか言えない。(´･_･`)
0	RIZE とか ばっくほーんとか。すきです。
1	キーボが映えるってのでフジファブに落ちついたんだけど、他にキーボいりで好きなバンドあったかな。。
0	電話以外で（笑）
0	そういえば、
0	リンドバーグやったな。。。
0	いますぐキスミー！
1	なつかし。
0	おやすみなさい。
0	久々に関内で終電ーこの時間のんでる人ばっかだね。わさわさ
-1	滋賀高原のシール無かったら絶対みつけられなかった。 http://t.co/DjSGu4EEEp
1	クラフトビアバー→大好きなジャンバール。明日仕事だから三杯でうちどめてかえりますー。
0	気づいたら横にいるの元会社の先輩(°_°)
1	髪きったから気づかれない♪（^人^）きってよかった。
0	書類つくりおわった*\(^o^)/* あとは地下でまーひー。
-1	@roc_dis わかる！ねてもねてもねてもねてもねむい！！！！！笑
0	今日はにおい運がない。
0	こっからひたすら寝る！
0	部屋は散らかりはじめると、加速して散らかる。
0	片付けたい。。。 1日フリーな日があれば家のこと全部やっちゃうのにな。
-1	スケジューリングへたなのを28歳はどうにかしようと思う。。
0	@ms2tom ラブシャおかねはらってきた！
0	無理！よこのおっきいひと無理！なんかわからないけどおっきい！涙
0	あー。慣れたな（笑）
1	切り替えてこ！楽しい時間にもやを持ち込むのもったない。
-1	誰も悪くないけどタイミングが悪い時ってあるよね。1人の時間が必要だー。
1	ちょっと回復(=ﾟωﾟ)ﾉ寒いな電車。早く太陽！
0	昨日ねおちしたから、風邪ひいたのかな。。全然元気だけど寒い（笑）
0	おっきいひと、デカパン競争くらいのパンツだったよ。。裾上げめっちゃした形跡あったけど、あれ標準で着る人いたら巨人だわー。
1	オドループ弾きたい！おもしろそ。
0	もうすぐ新都心！
1	誕生日の買ってもらえてクラフトマンさんでお祝い中なう♡（^人^） きのうのけやきは楽しかったなー♪ http://t.co/gdEuuN36Zz
1	好きなビールが美味しいっていってもらえるの嬉しい！
0	なんでかわからないけど後輩が3ヶ月も名古屋にいく。。。その代理を新人がやる。。。
0	後輩の仕事と新人の教育を押し付けられそうだ。やばい。
0	きづいた。家賃補助の交渉するなら今だ‼︎(°_°)
1	‼︎一週間有給とれるのかな、、後輩よ行くなら早く行ってほしい。（笑）
0	全身いたいのに日直（笑）おわったらダッシュでかえる。 http://t.co/DikyANlWiD
0	におい運ない。やばい。におい運のお祓いしたい。
0	両サイドやばい（笑）なんだろう。。
0	におい 神社 お祓い  で検索したら、霊臭ってでてきた。（笑）
0	なんなん霊臭（笑）
0	まちがえた！いずみ野線かこれ！
0	だからすいてたんや、、、
0	二俣川ってゆうか二又川だな。やってしまった戻らねば（笑）
0	霊臭とか調べてたからなのか。。（笑）
-1	電車寒いなー。
0	内臓一揆と血管一揆きた。
0	ヘモグロビンの援軍を要請したい。
1	やまほどレバーをたべればいいのかな。レバ刺したべたい。。
0	うみにいきたいーよー！
0	いきたいなー。 https://t.co/4wZmWFt7zn
-1	@ms2tom 営業所かわってから体調がずっと微妙だよー。。こんなメンタル弱かったかなってちょっとへこむ。笑
0	@ms2tom ありがとー！…&gt;_&lt;… なんか身体動かしたい！体育館とかいきたい（笑）
0	相鉄すすまない。。
-1	もー間に合うかギリギリ。( T_T)
0	いっそ止まってほしい（笑）
0	どっかからココナッツミルクのにおいが…‼︎朝からグリーンカレーたべたこだれだ？！（ヒマ）
-1	京急も？
0	こみすぎやばい。
0	週も折り返しになると後半もう生きてたくないとかなるのか。。
1	電車で座れたので全ての機嫌が回復する自分でよかった（笑）
0	さっきの電車の殺気、やばかった。笑 朝はみんなイライラしてるんだな&gt;_&lt;
0	@ms2tom ピ ン ジ ャ ーー！ ！笑
0	@ms2tom しゃしゃりしゃー（笑） http://t.co/ViKhYatwM3
0	@ms2tom いこーよ！
0	@ms2tom わたしえのすぱいきたい！ http://t.co/QUfeIk8z3G
1	@ms2tom あれでもいいよ！イアス！
0	ひさびさにサンダル履いて、フットネイルと足裏ケアしたいと思った！
-1	角質をふにゃふにゃにしたい（笑）
1	今週は安定の37度台です。
1	酵素が活発になる温度だよね、37.2度。
1	低体温気味なので、喜ばしいことかも。。代謝よあがれ！働け細胞*\(^o^)/*
0	おなかすいた、、、。（´-`）.｡oO（
1	RT @CraftbeerTokyo: 日本酒「紀土きっど」の銘柄で知られる海南市の「平和酒造」がビール醸造を開始。  ビールは3種類 ●ペールエール ●ウィートエール ●夏みかんエール  「第６回クラフト　ビア　ライブ２０１５ｉｎなんば」で披露されるとか。... http:/…
0	ギネスに泡アートしてもらった♡♡ http://t.co/fboxL863hm
0	週末はひさびさに親に会う。なんだかんだで楽しみ♡
0	土日は6時起きして終電まで遊ぶって伝えた時の先輩の顔ったらなかった。笑
1	人生の先輩は寛大だなと思った。おおらかなのってとても魅力的*\(^o^)/*
0	ゆれたね。
-1	こないだ、車で昼寝してて緊急地震速報で目覚めた！
0	ひさびさにバンアパをみにゆく！
0	@ms2tom これにゆく！フェス( ´ ▽ ` )ﾉhttp://t.co/OODPUtybN2
1	いいな！高いとこからみたい！ 海外で山登れる友だちほしい。。 スイスでちょっと登った時めちゃきれいだったー*\(^o^)/* http://t.co/5d4AjlIAVf
0	@ms2tom  え？！なかね？！笑
-1	あれだね、登るのハードル高いけど軽いトレッキングしたいね。
0	あと暑くなってきたからラフティング&amp;キャニオリングしたい！
1	ラフティングすると、生きてるんだなぁとなんかよくわからない実感がでて好き（笑）
1	シュノーケリングも、、、自然っていいねー。
0	20代のうちに行きたい。。マウナケア！！ http://t.co/SwfC4lYIV4
0	@ms2tom ゴライコーズ！（笑）
0	@ms2tom つぼすぎる！笑
0	@ms2tom 次のハワイ旅行にはくみこみたい！カウアイ島とかハワイ島もいきたいねー*\(^o^)/*
0	@ms2tom ぜひにー！*\(^o^)/*
0	くちびるやけた。 ひりひりー(･8･)
1	おかんとおそろでビルケン♡2015限定色かわいーけど、私の指きのこみたい、、、。笑 http://t.co/bGxa8JM0T0
0	ペンドルトンからエーグルに衣替え！ http://t.co/2ANtIL2OG9
0	6月5日は健康診断というなの身体測定。。(°_°)
1	繁忙期最終日に加えてがっつり糖質制限中。
-1	しんどい事は重ねても意外と相乗効果ないので、集中してこなしたいと思います。
-1	しんどい週間残り4日！
0	あと97時間!( ﾟﾛﾟ)乂(ﾟﾛﾟ )!!
1	100時間きってることに気づいてなんか元気でてきた（笑）
0	そして、なんかもうめっちゃ癒されました。。
0	つくづく自分男脳だなっておもった笑
0	ピーマンとオクラが大量にある。。
0	朝ごはんと昼ごはんなにんしよう。。笑
0	塩ピーマンつくろう！これ綺麗。http://t.co/9ETIT7Dbu7
0	朝ギターの練習時間がとれることに感動している*\(^o^)/*
0	デュレイほしー
0	今日はこれ！ http://t.co/MOmfow0sKP
1	なつかし。
0	指つりそう。。笑 さぼりすぎてたな（笑）
0	SNSの非公開グループとかで、誰々を誘うの誘わないのの相談ってなんかもやっとするわー。。
0	高校生でLINEはぶとかあるっぽいけど、大人もそうかわんないな。
-1	不用意な発言しないように自分も気をつけよ。。
0	なんて思ってたら、棒棒鶏のゴマだれが通行許可証にとんでしまった昼休み（笑）
0	あー。。(°_°)
0	そして充電器がお亡くなりになった。 http://t.co/GjgAw4qx9S
0	享年1才2ヶ月でした
-1	使い方がわるいのか、中々2年もたない…由々しき問題。
-1	あーでんしゃない。。。かなしい。。
0	@ms2tom うん、やばいね！地雷のような子だね…（笑）
1	繁忙期は心折れそうになるけど、ささやかな事がとても幸せに感じるね。
0	あと2日！(｀_´)ゞ
0	今年はいっぱい旅立つから、がっつり稼いで、するっとおやすみもらう計画を虎視眈々とねらい中(￣ー￣)
0	ロフトあつい。。 梅雨ですね。。
0	しめきりまであと27時間…(°_°)
0	おわっ…おわ…おわったぁああああ‼︎‼︎‼︎。ﾟﾟ(´□｀｡)°ﾟ。
0	奇跡の先生遭遇率と書類通過率だった…‼︎
0	おととい:1 きのう:5 きょう:10  エンジンかかるのおっそいな自分（笑）
1	明日は大事な商談！集中できそうでよかった♡
0	もう頭の中はビアガーデンとボーナスと新潟旅行が点滅中です*\(^o^)/*
0	おなかすいて、ちからでない。。。
0	@ms2tom ないわ！しかも歳上なんだね。。。
1	あと1日がんばったらご褒美開栓しよう！！明日の不健康診断おわったら自由だー*\(^o^)/*
1	あ、もうなんか本当泣けてきた。おわったよ。。今日は平和だな。。
1	でもね、ジョナサン。早くこないと胃が爆発する
0	おなかすいたーーーー！
0	これから不健康診断にいってきます。
0	朝遅いのすごいらくちんや。。。
1	美味しいジェラートがたべたいなー。
0	きた、、心電図…わたしの鬼門…orz
-1	緊急糖質制限がきいたのか一週間で体重もどせた*\(^o^)/*
0	明日はアフタヌーンティーにゆくからまたもどるけど。。。
0	平日糖質制限しよう。そうしよう。
-1	右目が1.0だけ見えなくて、1.2〜2.0は見えてるのにねぇ。。と不思議がられた。
0	結果初の0.9ですよ。1.0割れはじめてだ！(=ﾟωﾟ)
-1	毎年、内診をしてくれる先生が得意先の先生で気まずい。。
0	もー死んでもたるんだ体はみせられないから鍛えた←
0	でれんのサマソニ  の 秀逸なバンド名。
0	神々のゴライコーズ ニーチェ先生賞あげたいぐらいぐっときた。笑 http://t.co/RXkqXy0UVw
0	@ms2tom http://t.co/yIChDNOxIc これがかなりやばい。笑
0	@ms2tom たぶん最後までみていられないと思う笑 みてみて！笑
1	原っぱ会 もうなんでサマソニなのかわかんないけどサブウェイでここまでひっぱれるのすごいわ。。。 http://t.co/Me5OtJY0be
0	ブレーメンにリトルマーメイド…パン屋さんの名前ってメルヘン多いのかもー http://t.co/JHf0df4p0J
0	アンデルセンとか！
0	おなかいっぱいだよー。景色めっちゃ綺麗だった♡ http://t.co/lcKbDbdIBD
0	明日は天気よければカメラ持ってふらりしたいけど、、どうなのかな。
0	高層階×角×ソファー…おはなしがとまらない。
1	ヤフーお見合いの話が面白すぎた（笑）
0	ルミネに水着コーナーできてて、
1	もう本気でやせないとやばいと実感した。あと1カ月で海はいれちゃうよ。。
1	海好きだからなー。 がんばりましょう。みーうー。
1	桜木町のビアバーさん♪きづいたらカウンターみんな友達になってました。こーゆー空気大好き(*^_^*) http://t.co/S27VcIUKta
1	@nattchi0630 あれ結構おもしろいよね笑
0	昨日は久々にごはんを作って、ついにご褒美開栓♡KAGUA special edition♪ http://t.co/lJR0aBBmEg
0	夜景とダースベイダーとかテンションあがりすぎる…‼︎( ´ ▽ ` )♡ http://t.co/VubL4s7eWd
0	今週は色々と不安な事もありましたが、全部聞いてもらえて安心した。。
1	仕事もおちついたし、どっかのタイミングでちゃんと病院いこ。。健康管理は大事だ。
0	今日、先頭車両のったらSASUKE状態。
0	家をさがそう。
0	ゆるりと映画とか見たいな。
1	繁忙期がすぎたので、とりあえずお片づけだ。このタイミングで整理しないとエンドレスぐちゃぐちゃな気がする。。。(°_°)
0	いま電車でおひめさまとおった！！
1	金髪ではなかんむりのっけたコ。かーわいい。ちっちゃいこ、癒されるー。。
0	陽炎だけさらえなかったーまあ、なんとかなる。
-1	1番ゆゆしき問題は、おうちのビールわすれた事orz
0	のむ 〉スタジオ の日なのに。orz
0	ギターしょう日は背後にめっちゃ気をつける。死んでもおじぎしない。
1	傘もってる人も階段とか気をつけたほうが、いいよ。ジャスト、目玉だから(°_°)
0	と、いう訳で今日は初のフジファブリックと事変を弾いてきます*\(^o^)/*
0	やばい！今日雨予報！涙
0	傘買わないと。相方が濡れてしまうー。
-1	ゆゆしき事態です…‼︎ヾ(･ω･`;)ﾉぁゎゎ
0	STONEのステッカーがお気に入り♡アメリカンクラフトのステッカーいっぱい欲しい‼︎ http://t.co/MZOIzFo65J
0	うおーいヾ(･ω･`;)ﾉ not駅！ ここトンネル！ don't stop!!
1	スタジオやっぱいい‼︎ぐだぐだでもいい ‼︎
0	やっぱり音楽すきー。
1	相方さんにちらりと会えて元気のでた月曜日（^人^）♡
1	ソラチエース！にがにがホップなバンド名( ´ ▽ ` )ﾉ♡今日月曜日とか関係なくこのあとものむのむ。みんな強い。 http://t.co/sPQpJAZwUu
1	繁忙期だから、と、日程調整さぼってたやつをひたすら消化中。
0	波があるんですよ、なにごとも。
1	気分がのってない時の最低ラインをどこまで標準に近づけられるかが大事。
0	1時間、車で寝落ちした私が言い訳します笑
0	バンドリーダーが雰囲気をきかれて、
0	爆笑した。笑 http://t.co/Hj5Fvnlt47
0	今日ロックの日や！！！！
-1	自分の芯を維持しながら、他人とぶつからないようにするのって難しい。
1	中心だけ固いオモチみたいな生き方がしたいな。笑
0	これやばい！笑 わらび餅舞妓ちゃん‼︎（笑）透けすぎや！中身おじちゃんやん！ http://t.co/urtH8Io7gt
0	今日は馬車タプにかけこみ。。おにーさまおねーさま方とロックの日をちょこっと満喫！ http://t.co/WKtMbhCs4A
0	ビールのステッカー追加！ロックの日だから！（もうすぎたけど） http://t.co/MCwAnhDp35
0	個人的には19時とか19時半に待ち合わせにつけるの、めちゃめちゃがんばっているつもりなのですが、、、
0	17時定時とかの人と待ち合わせると申し訳ない気になる。。
0	待ち合わせっていうより、ひたすら待たせるだけ…orz
-1	相手を嫌な気持ちにさせないように気をつけよう。。
0	毎日定時にかえる自分がまったく想像できないから、そんな日はこないと思う。笑
0	うっかりバイトとかしてしまいそうだよ。てもちぶさたすぎて。
0	さて、都内にきたよー！ リフレッシュするぞー！( ´ ▽ ` )ﾉ
0	なんかもう、よく飲んだなと。 …今日水曜日。笑 http://t.co/b52MIZ2ebG
0	朝早の終電が板についてきました。
0	横浜ひっこそう。。。
0	平日、つくろうと思えば時間つくれるんだ！
1	体力だな。大事なのは。
0	仕事もしたいし、やりたい事もしたい！体力つけよう！
0	結局よくばりさん(・8・)ノ
0	腹筋 はじめました。
0	背筋 はじめました。
0	腕立て はじめません。
0	体幹鍛えよう体幹。
0	会社の近くにベランダで筋トレしてるおじさんがいる。
1	ブンブン棒もってすごいブンブンしてる。
0	T字のつきあたりだから、一種の名物になっているしブンブン気になって事故りそうだから気づいて欲しい。笑
0	関内駅付近にはヨガおにいさんもいるしね。みんなメンタル強すぎ！
1	歯ブラシのCMってみてて気持ちいい。笑
0	汚れをかき出す小人とかになりたい。くまなくかき出したい。(・ω・)
1	明日はお休みだから思いっきり色々捨てて身軽になりますー。すっきりするぞー。
1	むん。若い女子だからとなめられた。おじさんと組んだ事を後悔すればいいんだ。
1	まあ気持ちもわかるけど。。真摯に向き合ってくれるメーカーさんは優しいんだな。
-1	はらぐろ知恵袋をフル活用してがんばる（笑）
0	꒰｡•`ｪ´•｡꒱۶
1	@ms2tom いーねー！うらやましすぎる！
0	うみにいきたい！
0	))))))))(｡･ω･)/ｽﾀｽﾀ･･･うーみ！うーみ！
1	透明な水に足をつつこみたいー！！
0	ゲノムの量は朝刊に換算すると25年分らしいよ！！人体すごーーー！！
1	@ms2tom うらやましすぎるよ！海ー海ー！いきたい！
0	今日はすっぴん。
0	全然かわらないと。笑
0	すっぴん韓国認定されたうえに、韓流メイクとチマチョゴリをすすめられるっていう。（笑）
0	韓国海苔と焼肉たべたくなってくるやないかーい(・8・)ノ
1	@ms2tom あの朝6時、夜12時は楽しかったね！安い時あればいきたい！！
-1	終電のお酒の匂いって、やっぱちょっときついなぁ。
0	飲むのは好きなんだけどな。なぜ素面だときついのか。。(・ω・)
0	RT @usamopf: なんとスタバなんです！都内に3つしかない「inspired by Starbucks」でFar Yeastが飲めます！ http://t.co/OYlH4jQFw4 http://t.co/7GrF7RnN0Y
0	果物と野菜がもりもりっと食べたいなぁ(・8・)
0	なにしてるんですか娘現る！
0	あれで2歳は秀逸‼︎
0	いま必死に聞かれたらなんで答えようか考えてる‼︎(°_°)
0	先生にあてられそうな授業の気持ち！
1	子宮がとても綺麗だった*\(^o^)/* エコー中に画像自分で見れるのけっこう好きー。
1	4Dがね、やばいです。いきものに見えるよ（まあいきものなんだけど笑）
1	早く内視鏡がもっと楽になってほしいな。。そしたら受けにいくのに。。
1	新しいda vinci!!もはや勝手にうごきそうだよね。。かっこいー！ http://t.co/8FzfX8LUXC
0	ドローンみたい。
0	雑誌よんでたらフェス婚なるものが！クラフトの波おしよせてるねー。 http://t.co/jIi1t9EZxQ
0	伊勢丹でサンプル祭りしてきて、手がつるっつる。 http://t.co/VpxfNcf5KO
0	いでよアイデア！ http://t.co/O6WYfLmhvm
0	キャンプだほい！キャンプだほい！キャンプだほいほいほい！  …って歌あったよね（笑）カレーだほい！*\(^o^)/* http://t.co/zBTJcrZWrw
1	felisi買ってもらった♡ピンクかーわいい(*^^*) http://t.co/mIPORIX0Vs
0	@chams_no_pengin すごいわかります！！私のまわり仕事を増やすでっかいおじさんばっかで悲しいです。。日本もバカンスの月がほしいです！（笑）
1	クリニーク使い出したらやたら調子いい…。週末買おう。そうしよう。。
1	給料とボーナスがまちどおしい今日このごろ٩꒰๑ơ౪ơ꒱۶♥
0	@nattchi0630 うん！ブースターと美容液だけサンプル使い始めたけど肌質かわったよー！やらかくなった！
0	めちゃ雨ふってきたけどノーアンブレラです。
0	トンネルを抜けたら快晴でした。ってないかな。
0	やばい！きたこれ！
0	トンネル（意外に３つも）こえたらみんな傘さしてない！( ´ ▽ ` )
0	*\(^o^)/*！地面乾いてるし、太陽でてきた。。。わいー*\(^o^)/*
0	先日、後輩とMTG。意を決して本日、先輩とMTG。
0	やっぱり崩壊寸前だった。あぶなー。相性ってほんとにあるね。
0	そしてちゃっかり今年の休み勝ちとった！♡10月高飛びして、ちょい悪オヤジを見学してくる(=ﾟωﾟ)ﾉ
0	電車なれたなー。
1	体が鈍りすぎて、本気で会社にトレーニングルームほしい。
0	同期は朝走ってから会社にきて、体力オバケっていわれてるけど。走りたい気持ちわかるわー。
1	10秒チャージゼリーのアニメかわいいなぁ。誰が作ってるんだろ？
1	そろそろi Macの出番かなー。仕事が落ち着いたから、制作をよなよなしてるけどやっぱり楽しい(o^^o)
0	（アニメではない。）
0	ポイズンベリーみそこねたけど、アベンジャーズは見る？
-1	見る！見る（笑）なぜ疑問系にした。
1	最近うまく携帯がうてない。スマホ反抗期到来。
0	お昼寝してたらメーカーにおこされた。
0	しかも初めましての人。そして話長い。寝る場所間違えた、
-1	と、言うわけで眠いです。ハイエースなら後ろにふとんひけるのにな。。
0	勉強会おわったら帰ってねよー。
0	今日はアメリカ軍で使ってる高速輸血装置の勉強会だったよ。
0	昨日は英軍が地雷ふんだ後に付けてる機械の勉強会。
0	日本では普通に院内で使ってるけど、やたらハイスペックなのはそのせいか。
0	ビアバーでアメリカのインポーターさんと話してたら、シアトルの水不足がやばいって話題になって。
0	最近テレビを見ないから、人との交流だけが唯一の情報源になっております。
0	ネットで読んでもあんま頭はいらないのはなんでだろう。
0	赤血球が溶血するとカリウムが出ると聞いたら、もう絵を描かずにはいられないリケジョです。
1	BRAHMANの映画はやくはじまんないかな。
0	宮本浩次、トータス松本、toshi-low…私の好きなひとたち男くさいな（笑）
0	ひさびさにスネオヘアーのライブをみたいな。エンジェルボイスに癒されたい。
-1	銀座に熟成肉デビュしにいって出会ったあまいもの。アスパラチーズケーキ、絶品でした…‼︎ http://t.co/Q9GCa7yMwN
0	あまりにアスパラだったので、アスパラトランスフォーマー！！と友達とはしゃぐ。(・ω・)ノ
1	あと初めて246commonいってきたけど、ここ好きー。ジャーサラダにゆる猫発見！ http://t.co/4V2f4VTiDg
0	やっぱ家まで微妙にとおいい。。
-1	深夜通勤は30分くらいじゃないとキツイね。
0	はらへりで胃が爆発するー！(°_°)
0	今週はもれなくこの時間なので、今日も寝落ちな気がしてならない。。。
-1	同期が帰るのもめんどくさくなってるけど、わたしはふかふかお布団で寝たい！！笑
1	昨日も安定の寝落ちでした。
1	そして今日の午後休も華麗に崩れさっているなうです。。
0	新潟の支度なにもしてないやばいー
0	@ms2tom わたしもでんぱ組でサイリウムでびゅした！( ´ ▽ ` )ﾉ笑
0	@ms2tom 最終的にライトセーバーにしてあそんだ！！笑
0	RT @kaguabeer: 【News Release】「東京」をテーマにしたクラフトビールブランド「Far Yeast」より、 限定醸造品「Far Yeast Tokyo IPA」第2版を発売 http://t.co/EWfkVF2bS7
0	なにっ、昨日新潟にブラフマンいたんだ、、、
1	新潟おいしかった！そして最近まわるお寿司にはまっている！ http://t.co/59RrNhj4E9
1	イケメンはいなかったけど、イケオジはいたから炙りたのめばよかったよ。
0	今週はワシンさんのFar Yeastイベントにいけるように仕事頑張る！東京IPAと餃子たのしみ♡
0	ひさびさに21時前に会社でれた！
0	今日はギター練習する、爪切ったし！林檎さんむずー。
1	RT @_seven_seas: 雨の種山でブラフマンが登場した瞬間あたりが霧に包まれ無数の祈る手が伸びモッシュをかき分けるTOSHI-LOWを担ぎながら全身鳥肌が立ったあれは確か2009気仙ロックフェス ブラフの野外ライブは晴天より雨のが好きだ #KRF
0	一仕事おえたので、これからひたすらネットの楽譜を写す内職（笑） http://t.co/N16gPrA3AU
1	Far Yeastの新しいIPA美味しい♡あとホワイト6版！ 瓶はやくでないかな（^人^）♪ http://t.co/nbLGJmoqRI
0	@usamopf うさみさーん！！今日はありがとうございました♪発見したら確保します♡（^人^）
0	満員電車ー(´･_･`)
-1	ライブの時もだけど、髪長い人は束ねてあると大変たすかるね。。
1	ロングにもどしたら気をつけよう。。(&gt;_&lt;)
1	RT @ShowAyanocozey: BRAHMANのLIVEが素晴らしすぎて、最初からずっと鳥肌が立ちっぱなしだった。最後はもう涙出た。表現方法は違うけど、伝えたい事は同じ。この国がずっと平和で、時にはみんなでこんな風に集まって、音楽で盛り上がったり、美味い酒飲んで、笑顔で…
0	本当週末癒されるー。。明日は勝負日！がんばろ！
1	アベンジャーズみてきた！おもしろい！
0	ただ、予告編の進撃〜に精神を破壊されました。。。
-1	巨人こわい、、、。
0	おっことぬし様以来の襲撃！(/ _ ; )
0	なんかすっごいくだらない映画みたいな（笑）
0	しっかしスタークさんはお金持ちだ！
0	明日は勝負勝てたらノー残業にしてブラフマン見に行くよ！
0	食い気味の定時でいかないと間に合わない。
0	祝杯だ！！٩꒰⍢ ꒱۶⁼³₌₃
0	映画チケット予約したし、今日は帰る♡
0	胸にニキビできた！(´･_･`)
0	ちょっとアイアンマンっぽい、事にテンションがあがる。笑
1	しかしブラフマンかっこいいよ。
0	なんで通勤圏内にCD屋がないのか
0	データ社会になってしまったからなのか。。笑 ダウンロード増えてるんだろうね。
0	今絶賛七夕テロをうけています。
0	計算 対  無意識 の戦い。笑
0	もうなんか、、水曜日ですよ！ http://t.co/3ArngGpnVf
1	家に帰るとちょうどいい酔い覚ましだし、ひたすらみんな強すぎる。。。
0	あ、スタジオでした！not飲み会！
1	おひるやすみ内職♡笑 果たして間に合うのだろうか、、でも切り貼り楽しい♡ http://t.co/oQQ9FX9aO6
1	休み時間に本気だすタイプです。笑
0	あと8分したら働く。
1	新しい営業所の飲み会はやたら楽しい( ´ ▽ ` )
0	あんまいきたくないけど、会社行事にも行こうかなと思う。平日なら（笑）
1	男性陣は女子アナ好きがよくわかった金曜日でした（笑）
0	でた急患！そして先輩絶対寝てるわ、、、
0	この時間は寝過ぎや！！
1	よし、月曜に休みの申請だそう。
-1	断りにくい日を狙い打ち！(=ﾟωﾟ)ﾉ
0	最近Eテレにはまってる。
0	てゆか先輩まだ寝てるのか。
0	とけちゃうぞ！
0	ものもらいがやばすぎる。いたた…&gt;_&lt;…
0	今日は念願のmile post cafe デートですよ( ´ ▽ ` )ﾉスカイツリー綺麗だー！ http://t.co/KJLJLG7kEz
0	なんだか様子がおかしいと思ったらお友達外されてた。
0	なんか、したか。
0	もやっとするー(´･_･`)
0	結局私は別れた人とは仲良くなれないっぽい。(´･_･`)
-1	不便はないけど、へこむ(´･_･`)
0	凹
-1	ゆゆしき問題なのは
0	まだBRAHMANのCDが買えていないこと…初回のDVD付きまだ、のこってるかな。。。
0	@ms2tom K氏にFBはずされたー(´･_･`)
0	検診ひっかかったorz
0	お疲れの相方さんは寝てしまいましたが、ゆるりと楽しめた旅でしたー。明日からおみやばらまくー*＊\(^o^)/*・＊
0	台風の鴨川やばかった（笑） http://t.co/WG75EaPvIV
0	こちらは台風の嵐山でございます。あらぶる川！ http://t.co/EonQMXYZbC
0	RT @kaguabeer: 本日まで開催のビアフェス大阪2015 において、Far Yeast 東京ブロンドが大阪府知事賞を頂きました。ありがとうございます！！ http://t.co/14EdIEQlnJ
1	最近親からの連絡がありがたい。。実家にしばし帰りたくなる…‼︎
1	日曜日も病院やっててほしいけど、お仕事的にはやってなくてよかったなと思う（笑）
1	体ごとオーバーホールにだしたい！１日で全部みてよ先生。
0	わたし、午後休なんですけど。
0	予定あるの知ってて頼んでくる人の気がしれない。
0	今週は3人分を1人でやったので、金曜日までこんな感じは耐えられない。。。
0	もー！イライラしすぎて魔人ブゥとか生まれてきそう！（笑）
0	サプライズ成功！*\(^o^)/*
1	アンプで音だすの楽しすぎる！ ハイスタ*\(^o^)/* 男子にうまれたかったー！
-1	でもマネージャーこないから少し寂しすでした。で、水曜終電。
0	日曜にねえさんに話し聞いてもらおう。
0	おなかすいたー。滝さんの刺身ぶあつくてぷりぷりだった！ http://t.co/yB4DskpVAi
0	しばし どろんします(・ω・)
0	あまりにも寝れない病でブルーライト遠ざけてみたけど関係なかった（笑）
1	せっかく早く帰ってきたのにな(´･8･`)
1	困った。。 ホットミルクとか好きじゃないしな。。ホットバナナとかで眠れないものか。笑
0	しかも見る夢が悪夢（日本のホラー映画的なやつ）！
0	夢はうはうはなの見たい‼︎神様 ‼︎
0	http://t.co/bhOHqVP9s8 ゆめみ〜る！
0	ドラえもんかっ！
0	とりあえず、森の夢に設定！
0	結果は明日！！
0	うーん。
0	小鳥のさえずりが聞こえた（笑）
0	鳩さん達おどきなさい、轢かれるよ（私に）
0	鳩速度で運転中。。絶賛鳥の気持ち。。
1	もはや普通にみんな轢かれちゃいそうで心配になってきた。とりあえず早く飛んで。
0	RT @TOWER_Machida: #BRAHMAN　「尽未来際」発売記念と致しまして、土・日ストアプレイ企画を実施します!!なんと１時間まるっとBRAHMAN！ライブ感を味わえるセットリストでお送りします♪夕方頃を予定しておりますが、時間は追ってお伝えいたします！オープニン…
0	@ms2tom 打ちすぎてて、、もっとハラハラしたい！（笑） 8-0なう！
0	@ms2tom 9-0ですよ！
1	@ms2tom 相手チームのするどい打球ーー！！ 1アウト2塁。。
0	@ms2tom 9-1∑(ﾟДﾟ)
0	@ms2tom さらにはデッドボォォォル！！（ ｉ _ ｉ ）
0	@ms2tom 2アウト1塁2塁、、、
0	@ms2tom 9-2…よしだぁああああ！
0	@ms2tom 小笠原続投です。
1	@ms2tom 三振！！よかった、、！
0	@ms2tom こんな時に桜島！（笑）
0	@ms2tom 避難準備だってさ！
0	@ms2tom 相模の攻撃、瞬間でおわった…！ 頑張ってまもるんやー！
0	@ms2tom 11-2!!
0	@ms2tom 9回は北村だよ！
0	勝ちましたヾ(＠⌒ー⌒＠)ノ
0	山梨から帰還します！ 今年もアウトサイダー寄らなかったな。。
0	横浜で花ヘアバンみる！ それかグラサン作ってみようかと思う！
0	PLAZA PLAZA 横浜ｼﾞｮｲﾅｽ店にチェックインして10ポイントGETしました！ #shoplier http://t.co/wI3iL9uTKK
0	ショプリエでPLAZA 2000円ギフトカードをGETしました！買わずにポイントが貯まるショプリエがおトク！ #shoplier http://t.co/wI3iL9uTKK
0	新星堂 新星堂 横浜ｼﾞｮｲﾅｽ店にチェックインして10ポイントGETしました！ #shoplier http://t.co/wI3iL9uTKK
0	Sonny Label URBAN RESEARCH Sonny Label URBAN RESEARCH ｼﾞｮｲﾅｽ横浜店にチェックインして30ポイントGETしました！ #shoplier http://t.co/wI3iL9uTKK
0	nano・universe nano･universe The 1st.Floor 横浜にチェックインして30ポイントGETしました！ #shoplier http://t.co/wI3iL9uTKK
0	先月から口コミ投稿してたら3000円たまったのでフラッシュタトゥー入手！
0	地元に100均がないので、ちょっと寄り道！
1	DIY好きー これから夏休みの工作にとりくみます*\(^o^)/*
0	わたしなつやすみ。 あと7じかん。
0	7／48！  残り1／7みっちりたのしむ！
0	色々衝撃的な電話だった、、、
0	お母様とお話ししてしまったが、気づいたらこんな深夜。。。
0	時々びっくりする技を繰り出す。
0	果たして明日覚えているのか。
0	謎だ。
0	お昼にトンカツ山盛りもられたから、夜ごはんはおろかまだおなか減らない。
0	おそるべしトンカツ！
0	やっぱり覚えてない(´･_･`)
0	そしてトンカツ効果で朝もおなか減らない。
0	おそるべしトンカツ！ぱーと2
1	素晴らしい！祝！祝！*\(^o^)/* https://t.co/oNYqfczqxT
0	生ハムもらった*\(^o^)/*
-1	ねむぅ〜
0	山中湖が終わりましたので九州に行って、肉を焼いて、北海道に行ってきます。
1	みんながレキシを気に入ってくれて嬉しい。
0	タケダマケタオダニマケタカワイソウダナ*\(^o^)/*武田、頑張れ！
0	今日、気抜いたら多分どこでも寝る。（笑）
0	もやっとしたらキラキラ武士！
0	なんだかみんなどうでもよくなる（笑）
0	さて、やること整理タイムしよう。
0	@ms2tom 爆弾かかえてたの？！気づかずごめん（ ;  ; ）
0	@ms2tom 私も同じくだったー！そしてともみもそれで欠席(TдT)かさなるねー。
1	@ms2tom わたし今寝たい！すごい寝たい（笑）
1	地元マルエツの夜勤店員さんいつも神対応で素敵。。おっきくて無愛想そうな見た目とのギャップがまたよし（笑）
0	友達が綾野剛似の寿司屋さんが方言しゃべりだした瞬間に好感度めちゃあがったとゆってたけど、多分そんなかんじ。
0	夏に遊んだ奴まとめてお片づけ。 http://t.co/ZeH145yQAm
0	ロイズのパン、板チョコ！（笑） http://t.co/a8Wei82K5J
1	雲海みれるかなぁ。星はめっちゃきれいだけど。
1	普段寝る時間に起きるからすごい逆転生活。
1	ちょっといいスーツ買いたい。 びしっとできるやつ。
0	やばい。かなり体力が限界なのに休めないという事実しか見えてこない。。。
1	全部片して気持ちよくイタリアへとびたちたい。
-1	無気力期に突入してしまったので、体動かして、風呂、寝る時間をなんとかして確保せねばです。
0	筋肉使うと治るときあるよね。
0	さて、はたらきます。
0	もう限界なので帰ります。
0	そしたら電車の隣がココナッツ
0	電車の前がオレンジ
0	まだ関内
-1	南国が厳しい今日この頃。。
0	今なら、鼻つまって欲しい。風邪引け自分。
0	ココナッツがくしゃみしてる。こっちだよ、風邪菌！
1	一刻も早く家に着きたい所存です。(ΦωΦ)
1	こうゆう時こそパイ投げしたい！大学で生クリーム投げたのが、懐かしい！
-1	@ms2tom お肌が、おいりー生クリームに耐えれないかも（笑）でもくだらないストレス発散がしたいね！（笑）
0	@ms2tom いこいこー！なんか初めてストレスが内臓直撃してるよ(*´﹃｀*)とりあえず相模会！！！
1	地元の駅はいい香りだ！
0	明日のホワイトボードは、　布団　直行直帰　にしたい。
0	@ms2tom 後輩帰ってくるまでなんとかもちこたえる！ バースデーやろー！そんな感じの店さがすねー！
1	せっかくいくからイタリア語を勉強中。 初めてやるけど、なんだかスペイン語にちかいものを感じる！
0	@ryospirit 15日から1週間！ふるやと一緒だよ٩(♡ε♡ )۶りょちん、体調だいじょぶ？？
0	がっつり風邪引いた。ずびずび
1	月曜日かと思ったらまだ日曜でした。まだまだ寝れる。幸せ(´；ω；｀)
0	mi piace questo vino rosso♡ https://t.co/ZAXirtlNGD
0	せっかく勉強したのにしばらくイタリア語使う機会なくて、もったない。（笑）
0	大和〜二俣川で、30分以上だよー。相鉄おくれすぎ。(¯―¯٥)
1	久々にやる気だして早くでたら遅延（笑）全然朝礼出れない٩(๑´0`๑)۶
0	久しくお酒を飲んでいなかったのですが、会社の飲み会で飲んだらいくらでもいけてびっくりした（笑）
0	まあ明日も仕事なのですが（笑）
0	いろいろうまく行かぬー。 ほっかいろが温くて体が救われています(´・ω・｀)
0	おうちが、決まった！٩(๑´0`๑)۶
0	風邪ひいた(´・ω・`)ずび
1	おかんに色々相談のってもらった(｡ŏ﹏ŏ)母ってすごいわー。
0	ちょっと色々がんばる。
-1	自分のTwitterがネガティブと欲望だらけであせった（笑）
1	お風呂出て、寝るまでの時間が1番幸せー♡
0	週末彼ママとゴハンだから、お母さんにお母さんの気持ちをヒアリングしてみたの（笑）
-1	@ms2tom あーうー（笑）Twitterむずかしーよー（笑）
0	ついに私はパ○ドラを削除した！！
0	睡眠時間増えた（笑）
0	@ms2tom こちとら10時出社を提案したいです！（笑）
0	久々のポタジエ♡これは栗とナスー！ https://t.co/8uH0VFjUtM
0	@ms2tom (´・ω・`)
0	@ms2tom ゆこーゆこー！！٩(๑´0`๑)۶
0	@ms2tom わかる！！
1	彼氏さんも彼氏さんのご家族もとても好きだなぁと思えた週末。色々頑張らないと！！
-1	絶対間に合うように仕事したのに、先輩のせいで台無しだ。本当にもう少しどうにかしてほしい٩(๑`^´๑)۶
-1	"@tetsukumae233: 【速報】 横浜駅で痴漢と言われた男性が線路内に立ち入り逃走 ↓ 蒲田駅付近でその影響を受け停止した列車から客がドアコックを開け線路内に立ち入る ↓ 緊急停止した列車はエアセクション内のため車両点検実施 ↓ 大森駅付近で車両に投石←NEW!!"
0	テロでしかないわ。 なぜ今日なのか。。
0	nano・universe nano･universe The 1st.Floor 横浜にチェックインして30ポイントGETしました！ #shoplier https://t.co/wI3iL9uTKK
0	お気に入りアクセの修復完了！ 今日はもう寝ないコース(๑•̀ㅁ•́๑)✧
0	駅チカのクロサワは最悪だったけど、昔ながらのイシバシは神対応すぎて泣ける。。相方ちゃんが直りますように！！٩(๑´0`๑)۶
1	セッションバビロンめちゃ楽しかった♪ https://t.co/pfGSObZiuK
1	結婚式にいく人だらけ〜@みなとみらい 天気よくて良かったね♪
0	足が死亡。やばい（笑）
0	@bonjin6770 うちのあげます！（笑）
0	@bonjin6770 ぬあ！引っ越しにともない断捨離中なんです（笑）
0	@bonjin6770 (# ﾟДﾟ)！！
1	内臓さん達が限界…若いってすごい事なんだな。
0	ベテラン営業に勝てる所ってどこだと思う？って就活の時聞かれたけど…体力と内臓機能だと今ならはっきりわかる。笑
1	そろそろがむしゃら期からバランス期にシフトしなければー( ･ั﹏･ั)
0	土曜日が楽しみ♡あと一日頑張ろう！
0	おわった！！
1	心優しい先輩がいてほんとに助かる。
1	久々に綺麗な部屋みた。懐かし。（笑） https://t.co/kKofNpF43n
-1	信じられないくらいお金がとんでゆく。。
0	ボーナス時期じゃなかったらもたなかったな（精神が）
0	来年もがしがし稼ごう( ･ั﹏･ั)
1	今年の手みやげは色々美味しい物を見つけたから迷わずにすみそう♡はやく年末こーい！
1	久々にMacが使いやすい環境♡嬉しい！♡
0	3日がかりで片付けたけどこれから忘年会にむけて小道具の制作。 https://t.co/4xGEKXTf0v
1	会社を抜けて内勤さんへの賄賂を買った♡ここは美味しなチーズ屋さん♡ https://t.co/3JfqOaDFw4
1	いいかんじにできてきた٩(♡ε♡ )۶ https://t.co/vjKRjMuCjd
1	@ms2tom うあー！ハイスペック可愛い！(๑•̀ㅁ•́๑)✧
0	@ms2tom 年明けあそぼー！！！
1	お天気の良い日は山が綺麗に見えてすごく好き！第二の故郷なう♡(๑´ڡ`๑) https://t.co/ctbyd9L0Ke
0	設楽すきー！
0	日本酒会からの、シャンプーしなければハゲないトーク！やばい（笑）
1	久々に美味い日本のワイン！ https://t.co/N5o5tGwYOR
0	ポン酢が… https://t.co/X7BnSl3duF
0	今年はここいこう！ https://t.co/WNpPYBtHVC
0	お金が出る出るなんだけど。なんなの。出る出る詐欺なの？（笑）
-1	1月頭にして、ああ、もう今月は自炊だと。決まった。恐ろしや引っ越し。
1	来週は雪国ー！美しいものと日本の良きものに出会いたいな。
1	そうして仕事初めの夜は更けてゆく。。早く帰ってお風呂しよー٩(๑´0`๑)۶
1	やばい加賀屋素晴らしすぎる。奮発してよかった！(*˘︶˘*).｡.:*♡
1	sono andata dal parrucchiere e mi  sono fatta tagliare i capelli.  巻いたら大人っぽくなったー！美容師さんすごし！٩(♡ε♡ )۶
0	Era molto interessante♡ かんざし綺麗やった(*^^*) ひがし茶屋街　志摩 https://t.co/VSl8y6SPjp
0	またイタリアに行きたいので、猛特訓する(๑•̀ㅂ•́)و✧ Leggere il giornale d'inglese ogni giorno 思わず世界遺産の本買っちゃたよ(๑´ڡ`๑)
0	3日はつぶやく… 飽きっぽいけど、、、 がんばる。。。
1	金沢の21世紀美術館ほぼほぼ無料なんです。 アートを無料で見られるって、本当に素晴らしい！！
0	イタリアは結構美術館めぐりにお金かかっちゃったけど、保護とか修復とかあるからね。また見に行きたいし、喜んでだします•̀.̫•́✧
1	しかしもはや街のモニュメントが芸術だらけだった。ちっちゃい頃から身近にあーゆーのあるの憧れる！
-1	しかし寒いな今日！！( ；∀；) Desidero  la primavera..
-1	寒すぎる！
0	しゃべりすぎてお腹へった、、、
0	Ieri ho incontrato a Kanda una amica che non vedevo da piu di tre anni.Che coincidenza frlice! :) https://t.co/vMdEtaWUl3
0	Voglio dormire .....zz
0	@ms2tom おめでとうー！！祝いや！❤(ӦｖӦ｡)
1	サロン・デュ・ショコラ♡ ベトナムのバーおいしい٩(♡ε♡ )۶ #マルゥ https://t.co/32Ef8CPvN7
0	@ryospirit ほったらかし！もったない！(✽ ﾟдﾟ ✽)笑
0	食前の薬は飲み忘れる！(座右の銘)
0	@ms2tom わたしも頭派！（笑）
0	次こそは飲むよ、、、、。
1	肝心な奴は食後なのでだんだん効いてきた(｡&gt;﹏&lt;｡)食前って食べ物の事しか考えてないからな。。。
1	【豪華賞品が当たる！得トク祭】に応募しました。マツモトキヨシ公式アプリ会員になるだけ！期間限定の賞品を今すぐチェック！ https://t.co/BHEGhuuPt0
0	はやい！ねむい！(*´﹃｀*)
-1	@ms2tom ちひろは毎日朝早ですごいなぁとおもったよ。。寒っ暗っ( ；∀；)
1	自社製品のプレゼンなのに遅刻してくる人、仕事なめすぎ。ワンパンかましとけばよかった（笑） https://t.co/eVRaZ0MwLO
1	やっと引越のおおそうじおわったヾ(｡&gt;﹏&lt;｡)ﾉﾞ✧*。これから事務処理か…( ；∀；)
0	地底付近まで沈み込んで眠れそうな気がする。そんな連勤地獄(✽ ﾟдﾟ ✽)
0	肉様から荷物が届いたようです。。(✽ ﾟдﾟ ✽) https://t.co/ac00RoXglZ
0	ミニ会話、... 『CD付 聴ける!読める!書ける!話せる! イタリア語初...』 1時間5分 23ページ https://t.co/k2TwWJWIzI #studyplus
0	『CD付 聴ける!読める!書ける!話せる! イタリア語初...』 51分 https://t.co/eFwFviYa9f #studyplus
0	『CD付 聴ける!読める!書ける!話せる! イタリア語初...』 31分 16ページ https://t.co/iQqDtfdbAd #studyplus
0	続々と結果でる♡…結果、連勤がやばい。(*´ω｀*)ラッシュ超えたら温泉か山いきたいなー。
1	3月やばい。。あと2日…本気で寝たい(*´﹃｀*)本気出して寝たい。笑
0	@ms2tom 私昨日行って並びすぎてて撃沈したー涙　平日いけぬものかと考えちゃった！（笑）
0	@ms2tom いきたい！有給〜（笑）
0	『CD付 聴ける!読める!書ける!話せる! イタリア語初...』 30分 1ページ https://t.co/nXrEw5z1l3 #studyplus
0	切に1ヶ月位休みほしい。。
0	RT @ARABAKIROCKFEST: タイムテーブル発表！ https://t.co/HaU6Dqjr9G #ARABAKI https://t.co/mUPyWLZq5P
0	場面別フレーズ　おわり 『CD付 聴ける!読める!書ける!話せる! イタリア語初...』 50分 1ページ https://t.co/3dZOKsN2fa #studyplus
0	『CD付 聴ける!読める!書ける!話せる! イタリア語初...』 40分 1ページ https://t.co/uY5zLfAfo8 #studyplus
0	絵を書くと覚えやすいって桜木先生がいってた(๑´•.̫ • `๑) https://t.co/zljAQF7rUK
1	米食べて女子高生死亡したのかと思ってすごい焦った。違った。 https://t.co/3Uio0eeIIW
0	『CD付 聴ける!読める!書ける!話せる! イタリア語初...』 1時間20分 1ページ https://t.co/ZJ3lqLevvI #studyplus
1	@ms2tom びっくりしたよ！悔いのないように追っかけるの大事！
1	新しい会社はホテルの下。就業時間長すぎてホテルから出勤してると思われ始めてる。(✽ ﾟдﾟ ✽)
0	慰労でセンパイがフォアグラステーキ会してくれた…ちょっと癒えた。。。
0	まだまだ働きたい気持ちと、よゆーで起きれないのあいだをゆらゆら。笑
1	きたれ、フレックスタイム！！！٩(๑òωó๑)۶  会議で熱弁し続け早3年。。。
0	自主フレックスタイム制をとりいれました。(๑´•.̫ • `๑)
0	caffe pausa!! メガネでびゅしようか検討中。。 https://t.co/i1A17HWH8S
0	動詞の活用、過去分詞 『CD付 聴ける!読める!書ける!話せる! イタリア語初...』 1時間 79ページ https://t.co/RlYNyO2nf5 #studyplus
0	@ms2tom 16日に癒そう、あなをうめるんや！
0	@ms2tom 私明日出勤で悲しみ。ふりきゅーたまるわー。ちひろ有給とかもつかえるのー？
0	基本単語 『イタリア語で手帳をつけてみる』 2時間 45ページ https://t.co/E1BA4LVUoX #studyplus
0	動詞16個... 『CD付 聴ける!読める!書ける!話せる! イタリア語初...』 1時間20分 1ページ https://t.co/FEb7Hm1rTp #studyplus
0	『CD付 聴ける!読める!書ける!話せる! イタリア語初...』 1時間30分 1ページ https://t.co/KO4tdyzM5H #studyplus
0	『CD付 聴ける!読める!書ける!話せる! イタリア語初...』 1時間 1ページ https://t.co/jRYnDPXw16 #studyplus
1	やっと、簡単日記くらいなら読めるようになってきた…！嬉しい(๑´ڡ`๑) https://t.co/o72FTywqY5
0	さて、打ち合わせに行きますか。 #休み時間終了のお知らせ https://t.co/PifamEtXog
0	『イタリア語で手帳をつけてみる』 1時間 1ページ https://t.co/EOD3YEi9FC #studyplus
0	お仕事終了！ 明日は4時に山梨に旅立つ！やまー！(๑•̀ㅂ•́)و✧
0	Firenze♡:) Museo di santa maria novella. あーもっかい行きたい。  #firenze#trip#museo https://t.co/cyjuaqU6AK
1	大学の友達っていいわー(๑´ڡ`๑)10年記念♡男女問わずみんな好き！
0	そして終電前に身を引けるようになって、大人になったと思う。笑
1	昇進したり、出産したり、みんな色々あるんだね。今日は素直にお祝いできてよかった(*´ω｀*)
0	@ms2tom 偶然だね！！リアルに卒業ぶりの子もいたけど名前覚えててくれた(*´ω｀*)あとはるっぴについて語り合ってきた！（笑）
0	@ms2tom なつか！なつの予定を確認しよう！！
0	@ms2tom 寒川の？！
0	駐車場から会社までの帰り道が森すぎる件。 https://t.co/T7PzzLAoCw
0	あと一時間もすると釣りおじさんがあらわれる件
-1	あぶない
0	着くとartなんだけどね。ギャップやばい。 https://t.co/9VH6xilUvr
0	『CD付 聴ける!読める!書ける!話せる! イタリア語初...』 1時間30分 1ページ https://t.co/3rk5IhKzde #studyplus
0	『CD付 聴ける!読める!書ける!話せる! イタリア語初...』 1時間30分 1ページ https://t.co/o0sjs5RQal #studyplus
0	@ms2tom ほんとだ！笑　第二弾みてもぴんとこない笑
0	@ms2tom 土曜にね！
1	素敵な宅急便がきた！ヾ(｡&gt;﹏&lt;｡)ﾉﾞ✧*。 Nice gift arrived at my house today! I really like it. #faryaestbrewing#craftbeer#fender https://t.co/ADYChev2L9
0	よく寝た@湘南新宿ライン
0	さて、スタジオだ！
0	なんだよ！今日BRAHMANのライブ渋谷であるのか、、！@渋谷
0	いきたい、、、。(･ัω･ั)
0	@ms2tom ギターもってたからいけなかった！（笑）
1	@ms2tom いいなー。姉妹(๑´ڡ`๑)
0	お仕事休憩ー٩(๑´0`๑)۶今年はかしこくなりたい！ https://t.co/hjQwKTbBtQ
0	そして父から電話かかってきたのに、おもいきり誕生日するーっていう！
0	老いたな、父よ、、、。
0	イタリア語の単語帳ポチッた(๑´ڡ`๑)高いから躊躇してたけど、今日はご褒美出費ありな気がした♡がんばろー！
0	帯状疱疹きた…(´；ω；｀)ﾌﾞﾜｯ
0	@ms2tom 私の友達めちゃはるっぴ押しだよ！投票をうながされた！笑
0	サボらず働くと痩せるんだ！(✽ ﾟдﾟ ✽)
0	昼ごはんを逃した午後の、病院食みそ汁香りテロ(๑´•.̫ • `๑)
0	和食がたべたい！ほっこり系の！
1	かぜつよすぎてやばい。
1	ほんとはやく電車きて
0	携帯が小型化したから飛びそうやばい
0	@ms2tom 関西弁ってなんかオアシスなにおいが 〜٩(๑´0`๑)۶
0	バスケしてきた。 明日おきあがれる気がしない。
0	筋肉をつけないといけないのをものっそいかんじたー。コートひろっ。男の子走るのはやっ。
1	明日行ってくる。 今年は完全版を全巻、ってサンタさんにお願いしたい気持ち。(15000円…) https://t.co/Ze8BdDXH0g
0	にゃんぽん！！  って叫ばれた。
0	にゃんぽんて、なんやー。
0	ぐぐってもメイドカフェしかでてこないよ。にゃんぽん。(･ัω･ั)
0	にゃんちゃう、ならしってるんだけど。
1	プレゼン資料がいいかんじにできた♡ 終電にすべりこんで、帰ったら少しだけご褒美しようと思う(๑´ڡ`๑) #ご褒美 #craftbeer #FARYEAST https://t.co/9VolRwBUeT
1	セーラームーン展の前売り。LAWSONで買えて、しかも五戦士のうち好きな戦士を選んでプリントしてもらえるんですよ。
0	よく行くLAWSONの男子大学生バイト君が発券してくれたんですよ。
0	発券した瞬間、彼の顔が曇った。
-1	なんかイラストがプリントされる不具合起きてます、ってベテランさんに相談しだす訳ですよ。
1	大丈夫大丈夫正常だよと心の底で叫びつつ。やっぱりこの世代はセーラームーン知らないのか…！！(✽ ﾟдﾟ ✽)とショックを受けた金曜日。
0	@makeinu0waza バカンスバカンス！
0	電車においやばい。 梅雨だなぁ。むしむし。
0	@makeinu0waza 金くれ金くれ！いや、まずは休みください！笑
0	@makeinu0waza これ、時間できるけどお金なくなるやつ！！（笑）
0	彼氏がこれ見て言ったんだ。  あ！ポンチョパンツ！  …うん。気持ちはわかる（笑） https://t.co/4hVo4y275n
0	英語わからなすぎてforest開いてる。
0	超なつかしいかと思いきや、高校時代開いたことないから初めまして感が半端ないわ。。
0	ボーナスっっ！！
0	今年は旅立てないから貯める…！！
0	ひるさがりの勉強会≒おひるねたいむ
0	おやすみなさい。。。
0	予定通り病院→いねむり勉強会…の直前に呼び出しで病院→会議終了間際からの呼び出しで病院(いまここ)
0	このあとみんなで焼肉だけど、開始間に合って途中で呼び出されそうな流れ。。。
0	4度目あったら笑える(*´ω｀*)
0	ボーナスがはいった今。あとは睡眠さえあればなにもいらない。帰りたい…！！
0	睡 眠  ≫ 焼  肉
0	最近の楽しみはよく食べる後輩くんの成長をみることです。
1	微笑ましいし、やたら急速成長しててもう目が離せないかんじ。
0	今日もいっぱい、肉たべさせて、成長をうながそうとおもいます。
1	@bonjin6770 おっさんに萌えるのちょっとわかります。えっ、わかって大丈夫なやつですか？笑
1	飲んで帰ってこの時間っていーねー(*´ω｀*)
0	@bonjin6770 ( ﾟдﾟ)ﾊｯ!
-1	@bonjin6770 なにいってるんですか。おっさんがおっさんに萌えたらキモチワルイじゃないですか。
0	@bonjin6770 ちなみに私のタイプ(おじさん部門)は香川照之ですが、凡人さんはだれですか？？
0	@bonjin6770 …えー。つまんない（笑）
1	@bonjin6770 すごい話変わるんですけど、今すごくおさるさんのほっけがたべたい！
0	@bonjin6770 え〜〜(´・ω・`)じゃあビビンバ。
0	まだ地元のスーパーあいてる！！感動！(T_T)
1	最近その日のうちに帰れたことなかったから、いなげやで買い物できる幸せをかみしめています。。
0	@bonjin6770 7年前くらい…？！やばい。懐かしい。笑
0	おうちに帰ったらアイスがまってる♡
1	幸せフライデー٩(๑´3｀๑)۶
1	休日出勤しすぎで、人事部から代休とれとれメールがきた。3通連続で。人事部の本気感じた。
0	とける。。
0	連日のスタジオで、右手が死亡
0	どのぐらい死亡かというと、ハーフグラスを持つ手がぷるぷるするぐらい死亡
-1	重量がつらい、、、
1	学生時代はよくあんなに曲覚えられたな〜って思う。若いってすばらしい！！
1	無事美容院予約できたー。あとは新幹線のチケットとればいい、、だけ！
0	@makeinu0waza わかります。。
0	@minaiko_smooch 大丈夫？仕事大変なの〜？💦
1	新しく買ったヘアオイルがとてもいいかんじ♡(*´ω｀*)
0	久々のはや上がり(｡&gt;﹏&lt;｡)
0	帰ったらハイスタをさらおう。
0	親からあれしろこれしろメールがきて、うが〜ってなる。
-1	1ヶ月くらいフリーダムしたいね(･ัω･ั)。
1	会社で富士山でご来光見るとモテるジンクスがはやってる！山グッズを真剣に選ぶ後輩が可愛い。笑
0	ビール爆弾浴びた！ありえん！(｡ŏ﹏ŏ)
0	@minaiko_smooch 家と仕事の事両方なんてできる気がしないよー。。もうすぐ同棲だけどちゃんとできる自信ない…(T_T) いま名古屋むかってるー♡のちほど！(*´ω｀*)
1	後ろにめっちゃ倒す時は声かけようよ。大人なのに意外としない人多いよね。
1	横でお子さまが、おせきたおしていいですか？(๑´•.̫ • `๑)？って聞いてて。あまりに可愛すぎて、もう180度倒してもいいよっ。て思った笑
0	甘々と稲妻読みたいきもち
1	関西の結婚式めっちゃおもしろい(｡&gt;﹏&lt;｡) 絶対同じ感じにならないけど、結婚式に憧れた1日でした✨
1	@merci_thx 美味しそー！•̀.̫•́✧　九州うまいもの多そう！
0	旅立ちたいー！お金はないけど！(･ัω･ั)
0	おわったーヾ(｡&gt;﹏&lt;｡)ﾉﾞ✧*気持ちが若返りました…次は来月…またスコアとの戦い…！
0	ギターを弾いている【なにや】というバンドの音源がネットで公開できるようになりました✨ヾ(｡&gt;﹏&lt;｡)ﾉﾞ✧*。 【蔵開き】 朝日をにらむんだ/的小僧/お祝い/突っ立っている https://t.co/qQ8wFJOy3e https://t.co/t5FBpmdZf5
0	あめやばい
1	ぶわーっ　て愚痴られると、いっそ潔くて気持ちいいとすら思う。ぶわーっ　がポイント。笑
-1	新人指導つらい、、、
0	ノートパソコンを、“ノーパソ”と呼ばないように注意することからはじめる金曜日。新人、見た目は政治家秘書なんだけどね(･ัω･ั)
0	まじめだよね、というと、“  だんだんアイスブレイクしますから！”  (･ัω･ั)うん。 わかんないけどわかった。
0	教育放棄しないようにがんばる。
0	報告書の日本語がおかしくて、赤字で直してたら真っ赤になった。どうしよう(･ัω･ั)
-1	あと入札の名前を代理で書いてもらったら、やばすぎた。。。私も字汚いから、一緒にドリルやろうかな（笑）
0	全国後輩に悩む会とかあったら入りたい…！！
0	今日ご飯来ないのに会計置く店員さんや、電車のドアふさいでるおじさまにも教育的指導をしそうになり、溜まってるねって仕事仲間に笑われた〜(T_T)
0	とにかく三連休だからもうオールオッケーだ(*´ω｀*)
1	久々に昔の班で集まってごはんできてよかったな(๑´ڡ`๑)
0	まぐろたべる。(๑´ڡ`๑) https://t.co/OrqBFzFeF8
0	ヤフータダ読みでワンピースとびとび読みしたら、間がやっぱり読みたいけど70巻とか読み切る自信ない…
1	誰か主要な巻をピンポイントで教えてください…
-1	頼むから宅急便の発送くらい指定通りにやって(T_T)
-1	危うく休日出勤して怒られて帰るパターンだった…
0	体重おちたー(少し)٩(๑´3｀๑)۶ 糖質制限頑張ったかいがあった…
0	今から72時間で5曲覚える、いける気がしてきた。
0	ゲオが安かったからCD大量借りしてきた٩(๑´3｀๑)۶
1	定期預金10年間の金利資料みてたら、なんか素晴らしい金利の時代あった、忘れかけてた。
0	投資商品を今日中に選ばねばならないらしい( ･ั﹏･ั)にーさで練習しようと思ってたのに。。
0	みんな適当に書いてるけどビビりだから一応調べる。
0	実践だとお金が動くから緊張。。だけど、少し楽しみ。冒険しすぎず勉強しよう〜(*´ω｀*)
0	みんなで合わせると覚えれるんだけどな( ･ั﹏･ั)
1	平日スタジオって幸せだなぁ(๑´ڡ`๑)♡
0	帰って今週末の準備しなきゃ。
0	ワンオクの音作りググってまんまやったら、いつもと全然違う設定で、ちょっと世界が開けた٩(๑´0`๑)۶
1	コピーも楽しい♡:)
0	そしてポケモンのダウンロード全然おわらん(笑)
0	@ms2tom え！まじか！(T_T)
-1	@ms2tom ベスト8くらい？
0	形成外科の先生が毎年毎年神すぎるので、形成外科専任になりたい…！！！
0	ひたすら癒やしな先生が来るから潤ってる。。今日は手を振ってもらえた上に、明日も会える…！早起きしてちゃんと準備しよう…！
0	今日あつすぎて溶ける、、
1	ひさびさに良い感じで飲んで、いいきぶん(๑´ڡ`๑)
0	立ち飲みで足腰を鍛え中〜！
1	試飲したら美味しかったのでお持ちかえり♡おうちでカナダします(*´ω｀*) FATTUG IPAは上品な甘みを苦味がくるんって感じだった。開栓直後はもっとドライらしい。気になる〜。 #bcbeertrading#canada https://t.co/9hBgCSuf03
1	やっぱり現役のこは上手(*´ω｀*)母の気持ちで過ごした1日でした。
0	ついに稲穂買った
0	ねむすぎやばい
0	石垣島にリターンしたい
0	海レス
0	@ms2tom いきたい！マウナケア&amp;シュノーケリングしたいよ〜！
0	お祝いして頂いたー♡これから準備頑張ろう、、！！ https://t.co/MK0DjrGFAA
1	@ms2tom わかるー！そしてこのメンツは泣くほど笑えるから、次はウォータープルーフ仕様で臨む！早く風邪なおしなよ！
0	@nattchi0630@ms2tom ありがと！パーティ決まったら色々相談する！！よろしく！！
0	おなかが、はちきれる
1	おしゃべりの時間、大事。
0	満喫、いきたい。
0	@bonjin6770 私なら2500円でくっつけますよ！( ｰ`дｰ´)ｷﾘｯ
-1	@bonjin6770 失礼な！2500円払って生まれ変わるのですよ！(←元には戻らない)
1	色々あってmixi見返してたら、すごくキャピっていた、、、、。
0	いま→徹夜して日中寝る
0	これから→徹夜してバーベキューにいく
1	あ、まだ、そこそこ元気かもしれない(・へ・)
0	@ms2tom 例の写真写真がんばって撮ってくるね！（笑）
1	@ms2tom 大事な事だから〜的なやつね！笑
0	@ms2tom　焼こう！そのマシュマロボディ焼こう！笑
0	最近タダ読みふえてるなぁ。
0	@bonjin6770 フェス部へようこそ！笑
0	もう筋肉痛。花火よりお風呂にはいりたいから帰ります。笑 https://t.co/4efPX50gF0
1	@ms2tom ちょっといい靴磨くやつとかは？？革靴限定だけど💦
0	35日間、ふやけるまで温泉にはいりたい。 #最長35連泊 #健康のど飴35周年 https://t.co/SOGZMjjNU3 https://t.co/Ejz6Vyxyqk
0	35日有給消化したい。
0	#マンガ図書館Z　の「ドラゴン桜」はおすすめ。まだ読んでいないなら、一度読んでみて。　#無料 #マンガ https://t.co/QEBT8dbNjj
0	式場の資料とにらめっこ。わかってはいたけどお高いね(¯―¯٥)
0	毎日ドラゴン桜だけ読んでるわけじゃないんですよ。あーまんきつに引きこもりたい。。
0	@ms2tom ありがとー(T_T)
-1	昨日体中痛い38度→8時間爆睡→今日35度
0	睡眠すごー
0	なので本日も休まず営業しています
0	やすみたい
1	ヒカリエHIROBのお兄さん神ってる。いい人！！
-1	TOEIC受けようと思って頭から火がでるくらい勉強して、火がでそうなのでちょっと休憩。。。
0	中学から戻ってやりなおしたい
0	すべてわすれた
0	(゜-゜)
-1	キャパオーバーだ！仕事やばい(゜-゜)
0	やすみたいやすみたいやすみたいやすめない(゜-゜)
0	ゆっくりお風呂にはいってゆっくり寝るのが夢です
1	はやくお正月
0	きて。(゜-゜)
0	ぼーっとしてたら通り過ぎてしまった！
0	たまに知らないところ行くとリフレッシュ。これから知恵熱たいむだー。
0	隣の人が22日で仕事納めって言ってる！1週間の格差はなんなんや…
-1	さむすぎてみなみのしまにいきたい
0	@ms2tom はわいやはわい！
0	ひさびさの友達に連絡取ったけど、自分たちがもうすぐ30歳とか信じられない笑
0	足先しびれすぎやばい
-1	@bonjin6770 求められすぎるのも辛いですね。。
1	やばい。浅野屋のアヒージョパンめっちゃ美味しい…！
0	箸をわすれた、、おべんとつくったのに箸を忘れた、、
0	仕事がやばすぎるのと、入籍準備全然できてなさすぎて心折れそう。というか折れてる。(T_T)
0	チョコの小袋が2つ空になってた。ストレスの見える化。
0	毎日朝昼ごはん無しの夕方〜夜に2-3回ごはんっていう集中型。やばい。
0	そんなこんなで、これから家にかえります。あと5日。。
0	やっと布団。。寝顔癒される。#お父さんの気持ち#明日もがんばろう
0	@ms2tom 深呼吸するー。呼吸わすれそう(笑)新年あそぼう(^^)
0	やっと昼ごはん。。(笑)タリーズの店員さん神対応で泣ける。。(ToT) https://t.co/mBkZtQve3M
1	@ms2tom !!((゜o゜)たしかに！(笑)でもMみだから大丈夫！（笑）ん、Mみでもないか（笑）
0	旦那さん(もうすぐ)のおかげで人間らしい生活が送れていて感謝の気持ちしか出ない。。。
-1	レコーディングダイエットはレコーディングがめんどくさいから次第に食べなくなる→痩せる→あるある。で盛り上がる深夜の会社。いやいやいや。わかる。。
0	おなかすいた！٩(๑´3｀๑)۶
0	やっと全部おわったー( ；∀；)疲れた、、！頑張った、、！
-1	@ms2tom ほんとにお疲れ様！お正月くらいはゆっくり休んでー！！
0	旦那さんとオチョダイエットはじめた！
0	友達のウェディングムービーにstarmine sister使ってみた♪いいかんじ♡:)
1	@hit_my_ms いいチョイスでしょ♡(๑´ڡ`๑)
1	1ヶ月記念にささやかなプレゼントを買ってかえる♪夜中になっちゃうけど、今日中に会えるといいなぁ。:)
1	今日はほんとにひっさびさに一緒に帰れる♪うれしいなー❤:)
0	@ms2tom あおぼーずやりたいねー(^^)
0	電車おりたらおじさんパンチをくらった。大人になったら余裕を持って電車にのりたいものです。
0	魔法円ではーっ！てやりたかった(昨日ストレンジみた)
0	白身魚のフライってかいてあったけど、これどう考えてもメンチや！笑 https://t.co/thkECZdecW
0	胃がやばい
1	@ms2tom 来週からハワイに飛べたら大丈夫な気がする！(笑)
1	@ms2tom 現実的な案で温泉とかでいいから行きたい！(笑)海じゃなくてお湯でもいい！(笑)
1	@ms2tom 岩盤浴！(笑)いいね！わたしいったことないからいきたい！
0	パン特集にでてる木南晴夏さん、、むっちゃどっかで見た事あると思ったら勇者ヨシヒコだ！(笑)
0	雪がやばい。
0	患者A「園児がドナドナ状態だったよ〜」 私「！？」　  ドナドナ=団体行動らしい。 あせる。笑
0	ちなみに、 患者A「この前はサザエさん状態だったよ〜」 私「！？」  サザエさん=1列縦体　らしい。 ふわふわした例えや。笑
0	デスマーチがきた、、死の3月でございます。。。
1	旦那さんが可愛い。。癒やし。。早く帰ろう。。 https://t.co/SP4lCHKw3z
1	@chams_no_pengin 完璧に右側の生活…(´-﹏-`；)洗い物めんどくさ〜とか食べながら思ってしまいます。。。笑
1	@chams_no_pengin ですです。。働きすぎなのです。。。早くみなこさんのお子さんに会いたいな〜♡お腹でうごきますか？？
-1	もう1つの関節も動かしたくないくらいの疲れ(12時間昼なし)
1	@makeinu0waza これ美味しそう…
1	旦那さんごはん！嬉しい！ https://t.co/WTlIwdCJl5
0	花粉だかなんだかわからないけど、謎の炎症により左半分が、おばあちゃんと化した。
-1	らぶしゃに銀杏BOYZがくる！見れそうにない！悲しい！
-1	ただ、レキシとゆずは見れそう！ゆず久しぶりすぎる！✨10年ぶりくらいかも(遠い目)
-1	あす楽なのに全然届かない上にオーダー勝手に消されてる怒りがとまらない。
0	明日使うのに明日発送とか、ありえん～💢まだ今日発送できるのに！持ち込めば絶対できるのに！
0	請求だけ来たら書類揃えて乗り込もうと思う(電波経由で)
0	(ノ-_-)ノ~┻━┻
0	不動産屋には乗り込んだことある(電波経由で)
1	その時の書類はなかなかの出来映えだった(立派なクレーマーになれるやつ)
0	請求がこないことを祈る…‼クレームしたくないわー。。。
0	既に週40時間の労働を越えているので明日は休みたい。が、休めない上に残業が確定している現実。
0	@ms2tom 引退後はハワイに住もう。そしてもう引退しよう！(笑)
-1	さがみせーん…ねむーい…(pω・。)
