0	“I did it !!” PRIMARY Q.5  http://t.co/hPzNAO0nts  #liicaQ http://t.co/IXLOrKPqG6
0	“I did it !!” PRIMARY Q.6  http://t.co/hPzNAO0nts  #liicaQ http://t.co/DpLuiQshRf
0	“I did it !!” PRIMARY Q.7  http://t.co/hPzNAO0nts  #liicaQ http://t.co/mW9p162qeY
0	“I did it !!” PRIMARY Q.9  http://t.co/hPzNAO0nts  #liicaQ http://t.co/Chh5ZNUnru
0	“I did it !!” PRIMARY Q.10  http://t.co/hPzNAO0nts  #liicaQ http://t.co/2EuMqvlpUe
0	“I did it !!” PRIMARY Q.11  http://t.co/hPzNAO0nts  #liicaQ http://t.co/PoN3i9P1k5
0	“I did it !!” PRIMARY Q.12  http://t.co/hPzNAO0nts  #liicaQ http://t.co/l10FN8pxAv
0	“I did it !!” PRIMARY Q.13  http://t.co/hPzNAO0nts  #liicaQ http://t.co/Nrp6A4cX0y
0	“I did it !!” PRIMARY Q.14  http://t.co/hPzNAO0nts  #liicaQ http://t.co/jUgDg0FKNd
1	カナヘイの大人気ピスケ＆うさぎのレア壁紙をゲットしようﾟ+.(ﾉ*･ω･)ﾉ*.カナヘイ描き下ろしも多数♡iPhoneをサクサクにする無料アプリのDL→  http://t.co/NLn2wMO9mv
1	おい！隣の草刈りぶいーんてやるなら声かけろ！そっち側に車とめてんのに小石で傷だらけになるやろ！意味不明！
0	“I did it !!” PRIMARY Q.15  http://t.co/hPzNAO0nts  #liicaQ http://t.co/u43pS4ruFp
0	“I did it !!” PRIMARY Q.16  http://t.co/hPzNAO0nts  #liicaQ http://t.co/QqQeYJcmnm
0	“I did it !!” PRIMARY Q.17  http://t.co/4W7jdw4oA7  #liicaQ http://t.co/j3KHkFHzsu
0	“I did it !!” PRIMARY Q.19  http://t.co/4W7jdw4oA7  #liicaQ http://t.co/5A3M0aw3P1
0	“I did it !!” PRIMARY Q.20  http://t.co/4W7jdw4oA7  #liicaQ http://t.co/Wqh7SrXSEt
0	Dlife、CM多すぎ！！CM、２分だけドラマ、CMってなんやねん！！！
-1	もったいないから食べちゃだめってさ！突き飛ばした時点で地面に落ちてるやろ？そっちのがもったいないわ。うざいCM
-1	ほんまジュニアのおもんなーい
0	骨なしケンタッキー旨塩発売記念キャンペーンはコチラ→http://t.co/jwlwKwBpwk #このチキン野郎
1	ショプリエでスキマ時間にポイントをためよう！→ファッション情報と来店ポイントでお買い物を楽しく、かしこく。 #shoplier http://t.co/dn8NFi4lSW
0	きっちりパンダとお友達になれたよ！ きっちりパンダって？ http://t.co/KkXqKkoGwZ
0	私の診断結果は左左脳でした。  『論理的にとらえ、論理的に表現するタイプ』  歴史上の人物で例えるなら明智光秀やニュートン。  iPhoneの人は無料で診断できます。 http://t.co/QaojDUdc5J #右脳左脳診断 http://t.co/NwUbl3XZF8
0	パズルタンタンつながらへん！クエストできひんやーん！最悪(*｀へ´*)
0	またタンタンつながれへんしー！
0	「謎のビーム光線直撃」で救出失敗… 秒速の脱出ゲーム「40秒で支度しな！」 #40秒 http://t.co/SvCaWCAboQ http://t.co/D5Nj7DSE1p
0	「謎のビーム光線直撃」で救出失敗… 秒速の脱出ゲーム「40秒で支度しな！」 #40秒わけわかめ http://t.co/SvCaWCAboQ http://t.co/rr7j7saeYR
0	「勢い余って事故る」で救出失敗… 秒速の脱出ゲーム「40秒で支度しな！」 #40秒あれー http://t.co/SvCaWCAboQ http://t.co/Czlpq8bjPf
0	「勢い余って事故る」で救出失敗… 秒速の脱出ゲーム「40秒で支度しな！」 #40秒 なんでやねん http://t.co/SvCaWCAboQ http://t.co/tfHlA7lpjL
0	「勢い余って事故る」で救出失敗… 秒速の脱出ゲーム「40秒で支度しな！」 #40秒 http://t.co/SvCaWCAboQ http://t.co/4dTI97OQ3l
0	RT @akiko_lawson: 具だくさん アップルパイ発売記念！@akiko_lawson をフォロー、この投稿をリツイート！抽選で3名様に「ローソンオリジナルプリペイドカード1万円分」をプレゼント♪ #アップルパイ http://t.co/YKqTh4IY9F http…
0	アリスのマジカルライン(｡･ω･｡)ステージ1をクリアしたよ！
0	アリスのマジカルライン(｡･ω･｡)ステージ2をクリアしたよ！
0	アリスのマジカルライン(｡･ω･｡)ステージ3をクリアしたよ！
0	アリスのマジカルライン(｡･ω･｡)ステージ4をクリアしたよ！
0	アリスのマジカルライン(｡･ω･｡)ステージ5をクリアしたよ！
0	アリスのマジカルライン(｡･ω･｡)ステージ6をクリアしたよ！
0	アリスのマジカルライン(｡･ω･｡)ステージ7をクリアしたよ！
0	アリスのマジカルライン(｡･ω･｡)ステージ8をクリアしたよ！
0	アリスのマジカルライン(｡･ω･｡)ステージ9をクリアしたよ！
0	あなたは ぬかりがない優等生！ 錬金術師味クッキーです。 #クッキーラン性格テスト http://t.co/tFM5w7m6e6
-1	たばこ吸うのはいいけど、外に出て吸うくらいなら吸うなよ？外にいる人の迷惑考えたら？中で吸え。
0	あ〜都構想負けた！最悪！！市民じゃないけど大阪から橋下さんがいなくなるとか最悪！なんてことしてくれんのよ！結局は悪が蔓延るんよ
0	【今日のwakononの街】 #ランブルシティ 最近まんねり http://t.co/Mn380qGHnr http://t.co/UtYNzfpN9F
0	【今日のwakononの街】 #ランブルシティ 金脈がぁ http://t.co/Mn380qGHnr http://t.co/aEuYMChIPh
-1	【今日のwakononの街】 #ランブルシティ 伐採きついわ http://t.co/Mn380qGHnr http://t.co/ETBnfXqQ3u
0	今日始めた  http://t.co/gXRMPxxn4c
-1	【今日のwakononの街】 #ランブルシティ 猫探しめんどくさくなったわ http://t.co/Mn380qGHnr http://t.co/lZyhsVCSyB
0	【今日のwakononの街】 #ランブルシティ 棘でれへん http://t.co/Mn380qGHnr http://t.co/sHOCnKJwk4
0	癒し系★放置で遊ぶ開拓シミュレーション http://t.co/uFHv0xoIai #ホシビト http://t.co/H0WBDa7FSI
0	癒し系★放置で遊ぶ開拓シミュレーション http://t.co/uFHv0x76LI #ホシビト http://t.co/6atIwoj3hQ
0	癒し系★放置で遊ぶ開拓シミュレーション http://t.co/uFHv0x76LI #ホシビト http://t.co/cOsG0bk1u8
0	【今日のwakononの街】 #ランブルシティ 電力やら警察やら個数増やして〜たりひーん http://t.co/Mn380qGHnr http://t.co/Bndoy4Dguy
0	【今日のwakononの街】 #ランブルシティ http://t.co/Mn380qGHnr http://t.co/f7GaZnu64i
0	『金魚って隠れるんやね』このままやとあかーん！｜http://t.co/8F7c7ro8rv
0	『燻製！！』このままやとあかーん！｜http://t.co/cfzmDjSd5u
0	『コールマンの食器セット！』このままやとあかーん！｜http://t.co/taRdzJcvxc
0	『恋と軍艦　西炯子』このままやとあかーん！｜http://t.co/FD9KDJSiTA
0	『燻製！！』このままやとあかーん！｜http://t.co/cfzmDjSd5u
0	『コストコのクーラーボックス！』このままやとあかーん！｜http://t.co/FqFD7oBmz8
0	『キッチンのゴミ箱はシンクの下！！』このままやとあかーん！｜http://t.co/J5Rp8lVyLV
0	『みなさん、おトイレのゴミ箱どんなの？　うちカリプソ☆』このままやとあかーん！｜http://t.co/DyFMLJacht
1	『部屋のゴミ箱もかわいいのがいい！　うちヤマト工芸☆』このままやとあかーん！｜http://t.co/u2l9ZBT84H
1	『宇宙兄弟　おもしろい』このままやとあかーん！｜http://t.co/3Su5dzVpdo
1	#一番くじリラックマ和 かわいーけど、620円って！高いなぁ〜((((；ﾟДﾟ)))))))
0	『コストコのぶどう、レッドシードレスグレープ☆』このままやとあかーん！｜http://t.co/sT8chJrG2n
0	『ameba からの引っ越し？』このままやとあかーん！｜http://t.co/A1sS7BxgMR
0	『LINEスタンプ　ぽにょり　販売中です☆』このままやとあかーん！｜http://t.co/VpIjtwS8CC
0	『箕面スノーピーク』このままやとあかーん！｜http://t.co/kDeNDsF6aR
0	『コストコのキウィ』このままやとあかーん！｜http://t.co/JICftkxuFt
0	『LINEスタンプ　おにまる販売中☆』このままやとあかーん！｜http://t.co/2koYYX3NeD
0	『コストコのバニラアイス！！』このままやとあかーん！｜http://t.co/3vT3l2LVym
0	『食欲の秋が来てしまった！』このままやとあかーん！｜http://t.co/DqqNlkEDmo
0	『コストコのコーヒー豆　山本珈琲』このままやとあかーん！｜http://t.co/nvcv25BSwd
0	『ビデオカメラ　SONYのプロジェクターか、パナのワイプか！』このままやとあかーん！｜http://t.co/0MCyoe2M6h
0	『セリアで買った、伸びる靴紐』このままやとあかーん！｜http://t.co/O7zC3c03Pt
-1	『親知らずが痛い』このままやとあかーん！｜http://t.co/vHJ763rYkb
0	『ビデオカメラ、結局PanasonicのHC-W570Mになった...』このままやとあかーん！｜http://t.co/jkdnULej31
0	『学生時代、バレー部やった☆』このままやとあかーん！｜http://t.co/2fpPCSaCzd
0	『電子ピアノか生ピアノか』このままやとあかーん！｜http://t.co/CElW4P3H6K
0	『もみじまんじゅう　冷凍したよ☆』このままやとあかーん！｜https://t.co/thTNSoNnjC
-1	『食洗機　やっぱり臭い』このままやとあかーん！｜https://t.co/1atRbSiuRh
0	『２段の脚立（ステップ台）　アシスタ』このままやとあかーん！｜https://t.co/p4mCradL0t
0	『子育て中のイライラを抑える方法？？』このままやとあかーん！｜https://t.co/yIXqYA2Hd6
0	『南海でんしゃまつり　2015！』このままやとあかーん！｜https://t.co/ipIcy1GiBw
0	『南海でんしゃまつり　2015！　後編』このままやとあかーん！｜https://t.co/zprjKsqDfK
0	『南海でんしゃまつり　2015！　番外編』このままやとあかーん！｜https://t.co/Kvy08PbqXD
0	『最近の店員さんは気にならんのかな』このままやとあかーん！｜https://t.co/756tjWOZzZ
0	『心に余裕がないな～～～』このままやとあかーん！｜https://t.co/Wqs9oBlymM
0	『電子ピアノ　どれにしよ～かな～～～』このままやとあかーん！｜https://t.co/E9MmoJpyaj
0	『近所の子がいやだー』このままやとあかーん！｜https://t.co/XnNnOCJrc2
0	『電子ピアノを見に行く』このままやとあかーん！｜https://t.co/M2z6S2n7Hz
0	『読書は常にしてる』このままやとあかーん！｜https://t.co/52WzBdmP3k
0	『Z会からのDM停止方法』このままやとあかーん！｜https://t.co/NffwVhnT7m
0	『ご飯作ってるときについね。』このままやとあかーん！｜https://t.co/5ZoUJkpXOE
0	『電子ピアノ　完結！』このままやとあかーん！｜https://t.co/ZeiP39z3AT
0	『ぼっちですよね～』このままやとあかーん！｜https://t.co/zNdbbHEsGd
0	『LINEスタンプの作り方』このままやとあかーん！｜https://t.co/vMQtaaiYHO
0	『大阪、維新圧勝♪』このままやとあかーん！｜https://t.co/H6PVKkthQe
1	『身近にいたヘンテコな名前』このままやとあかーん！｜https://t.co/0irmfyg0Hd
0	1回目は500p！ 三井ショッピングパークアプリでお得なゲーム開催中！ゲームに挑戦してお得なクーポンやポイント獲得のチャンス！https://t.co/T8xkWVcD6h #三井ショッピングパーク_アプリ #msp_app
0	『イラチって治るんかな？』このままやとあかーん！｜https://t.co/tRiuZo9cQW
0	『LINEスタンプの作り方２』このままやとあかーん！｜https://t.co/aM7Hl8Zukn
0	初回だけ当たって他はずれかいな 三井ショッピングパークアプリでお得なゲーム開催中！ゲームに挑戦してお得なクーポンやポイント獲得のチャンス！https://t.co/T8xkWVcD6h #三井ショッピングパーク_アプリ #msp_app
0	1000p当たったわ三井のポイント（≧∇≦）初回だけとか言ってすいません(=ﾟωﾟ)ﾉ
0	何が来たかと思ったら！子供が喜んでた（≧∇≦） #yo-kaiamazon https://t.co/5Zj016o7ac
1	『ぬりかべも、目玉おやじも好きやった(´Д｀。)』このままやとあかーん！｜https://t.co/aaEExp4cNt
0	『レッグウォーマーは必須』このままやとあかーん！｜https://t.co/BtUGEc309Z
0	『はい。来ました～(#ﾟДﾟ)一悶着！　電子ピアノの件』このままやとあかーん！｜https://t.co/wGawh9Da1I
0	『担当の子からの電話　電子ピアノの件』このままやとあかーん！｜https://t.co/Q5Bt3jy56m
0	『返金処理に出向いたら』このままやとあかーん！｜https://t.co/jX4extqegB
0	『大阪、御堂筋にＦ１！！』このままやとあかーん！｜https://t.co/0xUYZc7rqz
1	RT @narucole_jp: 【CM記念RTキャンペーン開催！】キャンペーン期間中の公式からの投稿に対するリツイート総数に応じて豪華報酬をプレゼント！ https://t.co/YQK3uWLaIb　#NARUTO_TVCMパロディ #RTキャンペーン https://t.…
0	『電子ピアノ、　ローランドHP605届きました！』このままやとあかーん！｜https://t.co/X8YSY7QB2D
1	『師走...めっちゃ早いし！！』このままやとあかーん！｜https://t.co/qSYXfxKAnA
0	すごいなー。イヤホンして後ろ振り向きもせんと自転車で横断すんやなー。危うく跳ね飛ばすとこやったし！アホが
0	RT @KHUX_PR: 【リツイートCP】ポセッサー大量発生！@KHUX_PRをフォロー＆このツイートをRTしてアイコンを大掃除！１万RT達成でジュエル3000個プレゼント！12/31まで！ https://t.co/bwkI6GyO21 #KH大掃除 https://t.c…
0	『ガスのたこ焼き器』このままやとあかーん！｜https://t.co/Jejrk2yQ77
0	【今日のwakononの街】 #ランブルシティ https://t.co/Mn380qGHnr https://t.co/xyWxm41oZD
0	【今日のwakononの街】 #ランブルシティ https://t.co/Mn380qGHnr https://t.co/6ki6BQ11Za
0	『まだまだ子供』このままやとあかーん！｜https://t.co/PiounqS4ch
-1	パン屋に行ったらガキがいて、やな予感したからガン見してたら、指ぺろりんちょ、めろんぱんブス、指ぺろりんちょ、めろんぱんブス、ってしてた最悪。親気付いてない。後で店員に言ってさげてもらったけど。躾くらいしろ。
0	【今日のwakononの街】 #ランブルシティ https://t.co/Mn380qYiM1 https://t.co/32dinHedT8
0	【今日のwakononの街】 #ランブルシティ https://t.co/Mn380qGHnr https://t.co/DMXNDQCjyJ
0	【今日のwakononの街】 #ランブルシティ https://t.co/Mn380qGHnr https://t.co/QDqGrL4ChN
0	【今日のwakononの街】 #ランブルシティ https://t.co/Mn380qGHnr https://t.co/i5yVCHAVLf
0	【今日のwakononの街】 #ランブルシティ https://t.co/Mn380qGHnr https://t.co/5z8oTZJMWK
0	【今日のwakononの街】 #ランブルシティ https://t.co/Mn380qGHnr https://t.co/joSjKNwN4a
-1	『基本、あんまり食べへんのやけど』このままやとあかーん！｜https://t.co/wCXgjwa51g
0	【今日のwakononの街】 #ランブルシティ https://t.co/Mn380qGHnr https://t.co/MzYnJLQ40R
1	『ホットサンドメーカーもらった☆』このままやとあかーん！｜https://t.co/GGwTHJETI4
0	【今日のwakononの街】 #ランブルシティ https://t.co/Mn380qGHnr https://t.co/Qp6QwKWViW
1	豪華賞品がその場で当たるプレゼントキャンペーン【わが家のリクシルを探せ！】にトイレでチャレンジ中。ロゴを撮って当てよう！ https://t.co/bo776fshWw #リクシルを探せ https://t.co/2Ln4nNsKoq
1	豪華賞品がその場で当たるプレゼントキャンペーン【わが家のリクシルを探せ！】に窓でチャレンジ中。ロゴを撮って当てよう！ https://t.co/bo776fshWw #リクシルを探せ https://t.co/VVihrpyBrJ
0	【今日のwakononの街】 #ランブルシティ https://t.co/Mn380qGHnr https://t.co/Cj8tTItro4
0	三井ショッピングパークアプリでお得なゲーム開催中！ゲームに挑戦してお得なクーポンやポイント獲得のチャンス！https://t.co/T8xkWVcD6h #三井ショッピングパーク_アプリ #msp_app
0	【今日のwakononの街】 #ランブルシティ https://t.co/Mn380qGHnr https://t.co/u1pYDhy2oW
0	『コストコの強力粉とドライイースト♪』このままやとあかーん！｜https://t.co/zfdgXk5Lf5
1	『保育園落ちたがすごい反響やね』このままやとあかーん！｜https://t.co/E8QzIFGfqX
0	あたらん 三井ショッピングパークアプリでお得なゲーム開催中！ゲームに挑戦してお得なクーポンやポイント獲得のチャンス！https://t.co/T8xkWVcD6h #三井ショッピングパーク_アプリ #msp_app
0	5等 10p 三井ショッピングパークアプリでお得なゲーム開催中！ゲームに挑戦してお得なクーポンやポイント獲得のチャンス！https://t.co/T8xkWVcD6h #三井ショッピングパーク_アプリ #msp_app
0	【今日のwakononの街】 #ランブルシティ https://t.co/Mn380qGHnr https://t.co/nvl18Uur4i
0	【今日のwakononの街】 #ランブルシティ https://t.co/Mn380qGHnr https://t.co/8PzW3UdAVv
0	『卒園式、終わった～～～』このままやとあかーん！｜https://t.co/qAUun2mZ7k
0	【今日のwakononの街】 #ランブルシティ https://t.co/Mn380qGHnr https://t.co/emWN7ThVBm
0	【今日のwakononの街】 #ランブルシティ https://t.co/Mn380qGHnr https://t.co/CfX1ryX9J4
1	TOVYは、テレビやスマートフォン、デジタルサイネージを縦横無尽に行き来するあなたの相棒です。 自分好みのTOVYをデザインして様々な企画に参加しよう！  https://t.co/vEHAGNn5B2 #TOVY
0	【今日のwakononの街】 #ランブルシティ https://t.co/Mn380qGHnr https://t.co/b6CjYA1FQ7
0	『ご飯食べへん娘にイラチMAX』このままやとあかーん！｜https://t.co/CMGMrI3YW4
0	『ピアノの発表会☆』このままやとあかーん！｜https://t.co/cxNBrtabLo
0	『アイスすくうやつ買ってみた』このままやとあかーん！｜https://t.co/VZBMmweB5E
-1	『うちの子もたまにくさい...』このままやとあかーん！｜https://t.co/k3qpfORfdW
0	【今日のwakononの街】 #ランブルシティ https://t.co/Mn380qGHnr https://t.co/UYs1Kdz0ZJ
0	全世界が遊んでいるディズニーマジカルダイス！サイコロを振った先には冒険が待っている！ レベル2 (2016.05.09)
0	『かき氷じゃないけど、チョコミント！！』このままやとあかーん！｜https://t.co/fyOk47ZA6l
0	『アイロンビース遅ればせながら☆』このままやとあかーん！｜https://t.co/fI5TwBiqXy
0	【今日のwakononの街】 #ランブルシティ https://t.co/Mn380qGHnr https://t.co/cdlvyyOX25
0	『アイロンビーズ　☆ツムツムミッキー☆ツムツムミニー☆』このままやとあかーん！｜https://t.co/PNMfTsjc6J
0	『アイロンビーズ　☆マイメロ☆』このままやとあかーん！｜https://t.co/dFIblcRSTH
0	『アイロンビーズ　☆ぐでたま☆』このままやとあかーん！｜https://t.co/9B8RHlJnrg
0	『アイロンビーズ　☆キキララの写真立て☆失敗...』このままやとあかーん！｜https://t.co/54gx8HIqrs
0	『近所うざい』このままやとあかーん！｜https://t.co/rU2vSdyK5R
0	『アイロンビーズ　☆ほっぺちゃん☆』このままやとあかーん！｜https://t.co/GvbuzyBvhp
0	【今日のwakononの街】 #ランブルシティ https://t.co/Mn380qYiM1 https://t.co/WrFjlmM1tk
0	【今日のwakononの街】 #ランブルシティ https://t.co/Mn380qGHnr https://t.co/KVBmyYloKE
0	『アイロンビーズ　☆トトロ一味☆』このままやとあかーん！｜https://t.co/OyUZoLe5VR
0	『東芝ドラム式洗濯機またエラー！！！　その１　CPエラー』このままやとあかーん！｜https://t.co/HUIi4Flf0U
0	『東芝ドラム式洗濯機またエラー！！！　その２　EF1エラー』このままやとあかーん！｜https://t.co/sAgnbJ9ewf
0	【今日のwakononの街】 #ランブルシティ https://t.co/Mn380qYiM1 https://t.co/QoSWjSTW94
0	【今日のwakononの街】 #ランブルシティ https://t.co/Mn380qGHnr https://t.co/Jetw2fYHlg
0	『家の前の街路樹に蜂？の巣』このままやとあかーん！｜https://t.co/rvZsVnSAp1
0	『ソヨゴ（木）に蜂！！』このままやとあかーん！｜https://t.co/Gu09W1g5bR
0	『運動会は雨やった』このままやとあかーん！｜https://t.co/r35Gyf7a27
0	『ガゲナウ食洗機　扉壊れた』このままやとあかーん！｜https://t.co/zk4gubscuo
0	【今日のwakononの街】 #ランブルシティ https://t.co/Mn380qGHnr https://t.co/5IsLflmZL3
1	『東芝ドラム式洗濯機...いい加減にしろ　CPエラー再び』このままやとあかーん！｜https://t.co/FChr1GKn28
0	【今日のwakononの街】 #ランブルシティ https://t.co/Mn380qGHnr https://t.co/fnwDPYLHl9
0	【今日のwakononの街】 #ランブルシティ https://t.co/Mn380qGHnr https://t.co/clSjjl5Akq
0	【今日のwakononの街】 #ランブルシティ https://t.co/Mn380qGHnr https://t.co/VQAKciiJnK
0	【今日のwakononの街】 #ランブルシティ https://t.co/Mn380qGHnr https://t.co/7CXoB3BHyt
0	【今日のwakononの街】 #ランブルシティ https://t.co/Mn380qGHnr https://t.co/1TakApQ31Y
0	【今日のwakononの街】 #ランブルシティ https://t.co/Mn380qYiM1 https://t.co/bhS0F9TyMw
0	【今日のwakononの街】 #ランブルシティ https://t.co/Mn380qGHnr https://t.co/plIyHXaJAL
0	【今日のwakononの街】 #ランブルシティ https://t.co/Mn380qGHnr https://t.co/v5KmWKZzjI
0	毎月当たるプレゼントキャンペーン！今月のプレゼントは三菱コードレススティッククリーナー HC-VXF20P https://t.co/DnuBltwMD7 #チャンスイット #懸賞 #プレゼント
0	私もおうちdeエステはじめます！ #花王ビオレおうちdeエステ https://t.co/iGRwur9A8R
0	新入浴剤「バブ　エピュール」WEBモニター体験キャンペーン実施中！お風呂で発汗、代謝をアップ！ #エピュール #bub_epur https://t.co/52hp7c3nSb https://t.co/Yt2ACeZl73
-1	前は、『ぬかりがない優等生！ 錬金術師味クッキー』やったのに...あなたは現状満足型 面倒くさがり屋 ヴァンパイア味クッキーです。 #クッキーラン性格テスト https://t.co/tFM5w7m6e6
0	ドンゴロス。さて、この言葉が意味するものは何でしょう？解答者求む！君もダイドーブレンドQに挑戦して、ダイドーブレンド微糖 世界一のバリスタ監修 6本セットをゲットしよう！ ブレンドQ https://t.co/kmQFNy45cy
0	これ気になる！！！自分が若い時にもあればな～～～。Juice up＆Juice Paint 発売記念キャンペーン！白黒パンダノートを1000名にプレゼント中！ https://t.co/N6W3y196Ir #カラフル鮮やかジュースアップジュースペイント
1	書きやすいペンが欲しい。安けりゃいいってもんじゃない。 https://t.co/DcA75pucyz #デキる男のアクロボールM
1	一切の妥協を許さない！？そんなことないけど笑。あなたは「たまごスープ」タイプ！何事もパーフェクトを目指す完璧主義者です。｜コープタイプ診断キャンペーン https://t.co/iedccaHbXd #コープタイプ診断CP
0	プリンの黄色いとこから食べたいから！！！　https://t.co/B4WKKOkT0y #プッチンしない派
1	RT @BANDAID_JP: 今日からバンドエイド®スゴ指パフォーマンス「Dancing BAND-AID」webムービー公開！このキャンペーン対象ツイートをリツイートして特別プレゼントを当てよう！https://t.co/c9IE8gOdeO #がんばる人 https://…
1	ここなら飛行機に乗らなくても行ける！！！講談社『週刊 奇跡の絶景』創刊記念キャンペーンに応募完了「神々しいまでに深く美しい原始の森」屋久島へ行きたい！このツイートをRTでも応募OK！ https://t.co/kusZlWpcVw https://t.co/V7fjA5kO3J
1	RT @SoftBank: 島根県にある #石見銀山 。 自然と共生した銀山として世界遺産にも登録されているスポットです。  エリア拡充を記念して、伝統芸能・ #石見神楽のチケット と石見銀山天領生そば、竹のしおりをセットでプレゼント♫ @SoftBank をフォロー＆これをリ…
0	RT @SoftBank: 世界遺産にも登録されている島根県の #石見銀山 。 観光地としても人気のエリアです。  エリア拡充を記念して、地元産・幻の酒米 #改良八反流 を100%使用した純米吟醸酒をプレゼント♫（20歳以上のみ応募OK） @SoftBank をフォロー＆これを…
-1	漫画かと思ったら違うかったけど、気になる！！！ #3分キャンペーン
1	RT @dole_bikatu: #ドール美活スタイル応援計画 ドールグミ・キャンディプレゼントキャンペーン実施中！Dole美活スタイル応援計画 @dole_bikatu をフォロー&amp;この投稿をリツイートで応募！ 詳細 https://t.co/nHr78Q0jFu https…
1	地元水ナス頑張れ！　応援したいおつまみはどれ？｜十勝スマートチーズご当地おつまみ選手権 https://t.co/vsocS78k0E #大阪 #スマートチーズご当地おつまみ
1	RT @AQUARIUS_SPORTS: #レモミン シャッフル、わかるかな？ ＼この投稿をRTで今すぐ応募！／  レモン50個分のビタミンC入り！#アクエリアスビタミン&amp;「抱きつき #レモミン」当たる！ 「み～んな、ゲンキにな～レモン」#レモミン元気便 ▼詳細 https:/…
0	色が珍しいし、軽量で持ち運びやすいってことでこれ！ https://t.co/jO3wsLUSnb #走れッツノート #SZ6P #キャンペーン
0	ハインツケチャップをさがせ！を【01：01】でクリア！合計1000名にウォーリーグッズやQUOカードが当たるキャンペーンに応募したよ！ https://t.co/MjX1sikXTZ https://t.co/2frjWFsQXI #ハインツケチャップをさがせ
0	ハインツケチャップをさがせ！を【00：20】でクリア！合計1000名にウォーリーグッズやQUOカードが当たるキャンペーンに応募したよ！ https://t.co/QC2zhaWfQb https://t.co/2frjWFsQXI #ハインツケチャップをさがせ
0	ハインツケチャップをさがせ！を【00：09】でクリア！合計1000名にウォーリーグッズやQUOカードが当たるキャンペーンに応募したよ！ https://t.co/slJVrZ9Tkx https://t.co/2frjWFsQXI #ハインツケチャップをさがせ
0	ハインツケチャップをさがせ！を【00：13】でクリア！合計1000名にウォーリーグッズやQUOカードが当たるキャンペーンに応募したよ！ https://t.co/QC2zhaWfQb https://t.co/2frjWFsQXI #ハインツケチャップをさがせ
0	ハインツケチャップをさがせ！を【00：40】でクリア！合計1000名にウォーリーグッズやQUOカードが当たるキャンペーンに応募したよ！ https://t.co/5j5ZEOkUEx https://t.co/2frjWFsQXI #ハインツケチャップをさがせ
0	ハインツケチャップをさがせ！を【00：43】でクリア！合計1000名にウォーリーグッズやQUOカードが当たるキャンペーンに応募したよ！ https://t.co/5j5ZEOkUEx https://t.co/2frjWFsQXI #ハインツケチャップをさがせ
1	いい音で聴きたいアーティスト名　→（B'z） そのアーティスト一押しの曲名　→（BAD COMMUNICATION） #mysoundハイレゾ配信記念 #プレゼント #ヘッドホン https://t.co/VPULPPJPms
0	ディスる、かなぁ。でも今年特にってわけじゃないしなー。 #今年の新語2016
0	そらあかんやろなー。Wiiでいいやん。 パロディウス出してーw  人気ソフト恵まれず「Ｗｉｉ　Ｕ」生産終了へ　「ニンテンドー・スイッチ」などに資源集中　任天堂 https://t.co/YKmxrS6o9I @SankeiNews_WESTより
0	見たい！！！  スーパームーン：大きな月、会えるかな　あす６８年ぶり最接近 - 毎日新聞 https://t.co/q5YCqthnRd
-1	NZもちょこちょこあるね。南海地震怖いなぁ…  ニュージーランドで地震　Ｍ７．４　当局が津波警報：朝日新聞デジタル https://t.co/LaAMnEbfjF
0	買えねーw 15円ならだせるけど  FF15のアウディを現実世界で販売！お値段なんと5,000万15円！ https://t.co/4EY5ssvL5A @cinematodayより
0	そこまでして働かせる意味はなんやねん。  配偶者手当の見直し要請＝来年初めに働き方会議―政府（時事通信） - Yahoo!ニュース https://t.co/3bISDzC5F0 #Yahooニュース
1	＼100名様に当たる!／ 11月の新商品5種類が当たる! 応募方法は@asahiinryo_jpをフォロー＆この投稿をリツイートするだけ! #5つのおいしさをお届け ▽詳細はこちら▽ ≪https://t.co/Ftp9kc3jXE≫
0	食べたい！ 【@Haagen_Dazs_JP】をフォロー、この投稿をリツイートすると抽選で100名様に新商品ミニカップ≪Decorations（デコレーションズ）≫4個と交換できるギフト券2枚をプレゼント♪ #ざくざくまぜまぜ https://t.co/n9SRMVqM9I
1	＼光る三ツ矢パンチ キャンペーン実施中！／ 抽選で100名様に「光る三ツ矢パンチキット」が当たる！ @asahiinryo_jpをフォローして、この投稿をリツイートで応募完了！ #パーティーに三ツ矢パンチ ▽詳細はこちら▽ ≪https://t.co/Gb2KFQKlgV≫
0	RT @CG_jp: フォロー＆これをRT！抽選で5名様にクリスタルガイザー700mlx24本プレゼント！締切11/15☆その他のプレゼント最新情報はこちらhttps://t.co/5f8Hdza0dy https://t.co/nqirpMpfaO #CG_pt #懸賞 #プ…
1	外れた(´Д⊂ヽ  ニッカウヰスキー公式Twitterキャンペーン！『ブラックニッカ ブレンダーズスピリット』プレゼント！ くじを引いて当たりが出ると、『ブラックニッカ ブレンダーズスピリット』をプレゼント！（瓶700ml×1本） https://t.co/dgqwHemc9c
1	RT @Kirin_Company: ＼100名様に当たる(*∩´ω｀∩*)♪！／ 冬限定のキリン メッツ ピンクジンジャーエールをフォロー＆リツイートでプレゼント♡ キャンペーン詳細はこちら→  https://t.co/BiwBE10lO6  #強炭酸キリンメッツ #ピンク…
0	🍣😍😱  #絵文字で音楽発見
0	無料やったら一部しか遊ばれへんのぉー！それなら課金制にしてー😱  任天堂、初の本格スマホゲーム　マリオラン１２月配信：朝日新聞デジタル https://t.co/oJonJxt6fm
1	もうそんな時期かぁ😩はやいなぁ😩  日本テレビ：11年連続「笑ってはいけない」で年越し　今年は「科学博士24時！」 - 毎日新聞 https://t.co/f0M68wCTLg
0	現在2,502票【回答受付中】「リアル書店」に行く頻度は？ - Y!ニュース意識調査 https://t.co/hAHEPnO4GB
0	App Storeがまた読み込み中のまま…バージョン最新やのにぃ〜Σ(-᷅_-᷄๑)
0	遊戯王のせいでApp Store落ちたんかよーΣ(-᷅_-᷄๑)落ちひんよーにしといてよ！
0	RT @Haagen_Dazs_JP: 【@Haagen_Dazs_JP】をフォロー、この投稿をリツイートすると抽選で100名様に新商品ミニカップ≪Decorations（デコレーションズ）≫4個と交換できるギフト券2枚をプレゼント♪ #ざくざくまぜまぜ https://t.c…
0	RT @Panasonic_cp: 小便小僧がついに小便以外を！？ #泡コートトワレ Web限定ムービー「 #はじめての小便以外篇 」に思わず笑った！ #小便小僧Web限定ムービー公開中 https://t.co/63PVrMqkDJ
1	斎藤さんだぞ！！ （トレンディエンジェル　斎藤司さん）  カバさんの声の主は誰？Twitter公式アカウントフォロー+ハッシュタグ付投稿で、カバさんオリジナルグッズが合計100名様に当たる！ https://t.co/JlTpO0WQHU #カバさんの声 #明治うがい薬
0	RT @CG_jp: 【フォロー＆RTプレゼント】 @CG_jpと@monteur_mr_shuuをフォロー＆これをRT！ 抽選で5名様に「クリスタルガイザー700mlx24本とモンテールの12月限定クリスマススイーツ詰め合わせBOX」をプレゼント！ 締切11/30  #毎月1…
0	RT @natalie_mu: ONE OK ROCKが2年ぶりアルバム発表、アヴリル・ラヴィーン参加の新曲も https://t.co/MriY4YIGiK https://t.co/GTHJnF0Mjy
0	「彼にお礼が言いたい」　「BLEACH」作者、最終回前に亡くなったファンレター差出人の情報を募集（ITmedia ニュース） - Yahoo!ニュース https://t.co/lrKUlWORCh #Yahooニュース
-1	ぴん？？？はーと？？？酷すぎ  2016年の赤ちゃん名づけ男女年間トレンド、読みに「ぴん」「はーと」（リセマム） - Yahoo!ニュース https://t.co/TZ8bdud12D #Yahooニュース
0	RT @USJ_Official: 【いよいよ明日、キャンペーン応募締切！】【ユニバーサル・カウントダウン・パーティへご招待！（待ち時間を短縮する特典付き！）】応募は当アカウントをフォローして ↓ をRTするだけ！今すぐフォロー＆RT！ #USJ  https://t.co/1…
0	RT @akiko_lawson: 毎月20日から24日はローソン得市セール開催中です(^^)ローソンセレクト冷蔵・冷凍商品など、ご飯のおかずにぴったりな商品がおトクになっています♪ #ローソン https://t.co/j7C35Vdpo2 https://t.co/9d5M…
1	かわいい❤️  キュートな「ポムポムプリンカフェ」が名古屋にオープン！--“ひつまぶし”など限定メニューも | ニコニコニュース https://t.co/N8MjFmfUAr
0	他の方々がもらい辛くなりませんように😔  博多陥没　「賠償金は必要なところに」受け取り辞退の経営者も（産経新聞） - Yahoo!ニュース https://t.co/NGyYZMUPFU #Yahooニュース
-1	日テレ？地震の原稿読んでる人、下手くそやなー。イライラするわ。別の人に変わってよ。
0	飲みきり“炭酸水”「ヨサソーダの人、増えてます！」キャンペーン https://t.co/i9GW8FjyIZ
0	午後の紅茶　こだわり素材キャンペーン https://t.co/S6GQBrZqGg
0	パーティーチーズセット プレゼントキャンペーン https://t.co/pNQma2jsmB
0	早食いしてもたら味わからんやん…。  おにぎり早食い競争で死亡､喉詰まらせ3日後 | 読売新聞 | 東洋経済オンライン https://t.co/OjblSj25yf
0	ゴミ増えて枚数減った。 ジップロックみたいに封出来る外袋にしたらえーやろ。  「なんて姿に」　ココナッツサブレ「小分け包装」で嘆き節……「食べ切る背徳感、魅力だったのに」 (1/3) https://t.co/YPxWmYaktw
0	冬限定の #ビターズゆず 発売記念　ビターズ ６缶セット当たる！キャンペーン https://t.co/bpQuqCdGlz https://t.co/f3t5NluNgN
0	オレンジ！ https://t.co/bjnhHO2n5e
1	RT @Fanta_Japan: ＼#ファンタ飲みごろラフランス新発売／ Twitterユーザー限定！1ケース100名様にプレセント！  ▼応募は12/4まで！ ①@Fanta_Japan をフォロー ②この投稿をリツイート 詳しくは→https://t.co/he3KdmGz…
0	RT @cinematoday: 「おそ松さん」がサンリオキャラクターになっちゃった！ https://t.co/aRgKYrcI7p https://t.co/o5w6WQTEKu
0	慰安婦「記憶遺産」申請　ユダヤ系団体が批判「ホロコーストをねじ曲げ」（夕刊フジ） - Yahoo!ニュース https://t.co/gfCSJEyBYe #Yahooニュース
0	配偶者控除　夫年収１２２０万円でゼロ　政府・与党調整（産経新聞） - Yahoo!ニュース https://t.co/pn5QkLZbAl #Yahooニュース
0	RT @asahiinryo_jp: ＼三ツ矢サイダー マンスリークイズ！／ 抽選で5名様に「#三ツ矢サイダー」1ケースをプレゼント！今月のクイズは、「三ツ矢サイダー」を愛飲していた作家について！⇒ https://t.co/OWvFKDDNbK #プレゼント https://…
0	RT @ichibanKUJI: 靴の底には『DISNEY CRYSTAL SEASON』限定のプリント入り【一番くじセレクション ディズニークリスタルシーズン】販売中！https://t.co/Cqx5aq1CUF ＃ディズニー #ぬいぐるみだけの一番くじ https://t…
0	死骸の上で楽しく滑られへんわ。  「残酷」スケートリンク謝罪、中止に　魚5000匹氷漬けの上を滑る https://t.co/YtSYa9g09F
0	敵で結構。こっち見るな。  「韓国版トランプ」人気上昇、日本は敵と主張－ポピュリズム台頭（Bloomberg） - Yahoo!ニュース https://t.co/b6qIPCEazZ #Yahooニュース
0	まだ食べてない😱  https://t.co/cYMj41w7yz #塩から揚_復活 #ほっともっと
0	あ〜あ…😩  ＡＳＫＡ元被告 覚醒剤使用容疑で逮捕へ 警視庁 | NHKニュース https://t.co/oowvQERyEr
0	RT @NBCGrimm: Right back at you, Grimmster. #Grimm https://t.co/cGOXb5f5Lo
1	おめでとー😍  V6長野博と白石美帆が“いい肉の日”に結婚、「明るく朗らかな家庭を」 https://t.co/FngJrtrrdj
0	RT @itmedia_news: 星野源さん「過労による体調不良」　今夜の「ベストアーティスト」出演辞退 https://t.co/XSdtvuzCDR https://t.co/p82mqwr8Ly
1	いつもJAM思い出すわ。１人でも多く助かればいいけど…怖いなぁ飛行機😞  コロンビアで飛行機墜落　ブラジルのサッカー選手ら81人搭乗【UPDATE】 https://t.co/SC6ccrOLbF
0	RT @itmedia_news: 「マリオ」がUSJに　任天堂、テーマパークを数年内に開業へ https://t.co/NBNzMgh4qi https://t.co/BpF5hDlMEM
0	懸念も何も、もう10億払ってんからほっとけよ。強気で対応してください。  政府、日韓合意への影響懸念＝3カ国会談開催も厳しく（時事通信） - Yahoo!ニュース https://t.co/rID1R0HIqH #Yahooニュース
0	RT @Kirin_Company: も、もう…？！(( ；ﾟДﾟ))ﾌﾞﾙﾌﾞﾙ #読めた人はRT #ヒント　今日は #鏡の日 https://t.co/eYuJiTUsE7
0	RT @Disney: #Cars3. Summer 2017. https://t.co/WiKEjLMAXS
0	やることやってからもらえー😤  ＜三菱自＞役員報酬枠３倍増の３０億円　高給ゴーン氏対策か（毎日新聞） - Yahoo!ニュース https://t.co/JIthLwcrbp #Yahooニュース
0	日本語がなんか変。  LINEの偽メール再び出現、「安全認証」と称して情報を盗む（ITmedia エンタープライズ） - Yahoo!ニュース https://t.co/kIXeKAjmeH #Yahooニュース
0	RT @Haagen_Dazs_JP: 抽選で1名様に新商品「クリスピーサンド≪ストロベリーフロマージュ≫」100個セットをプレゼント♪@Haagen_Dazs_JP をフォロー→この投稿をリツイートしてね！ #苺とチーズのマリアージュ https://t.co/uZnqcfK…
1	＼三ツ矢サイダークイズに正解して豪華グッズを当てよう！／ 三ツ矢サイダーと加湿ストリ―マ、ワイヤレススピーカーなど“すっきり爽快“な豪華グッズを抽選で100名様に！#三ツ矢サイダーすっきり爽快グッズプレゼント https://t.co/AoKuOnBbGD
0	RT @engadgetjp: 113番元素は「ニホニウム」に正式決定、元素記号は「Nh」に - https://t.co/S4zzaxBzFW https://t.co/St6puIRyXa
0	RT @itmedia_news: 「マツコの知らない世界」で“ねつ造”　掃除前後でキーボードが別のものに　TBSが謝罪 https://t.co/0SO5oVQYCp https://t.co/EG4USrV9U2
0	RT @CG_jp: フォロー＆これをRT！抽選で5名様にクリスタルガイザー700mlx24本プレゼント！締切12/15☆その他のプレゼント最新情報はこちらhttps://t.co/5f8Hdza0dy https://t.co/nqirpMpfaO #CG_pt #懸賞 #プ…
1	RT @Panasonic_cp: 🎄本日からスタート🎄 @Panasonic_cpをフォロー&amp;RTで豪華賞品が毎日200人以上に当たるキャンペーン🎁#毎日挑戦 してね！#パナソニックに願いを #クリスマスボックス▶https://t.co/Vzc22w29XR https:/…
0	RT @CG_jp: 【フォロー＆RTでプレゼント】@foryouHeartGiftと@CG_jpをフォロー＆これをRT！5名様にクリスタルガイザー24本とキャンドルグラスをプレゼント！締切12/8  #気持ち伝える贈り物 https://t.co/SoyKXxUgu0
1	RT @USJ_Official: 【フォロー＆RTするだけで応募完了！抽選で先行体験にご招待】「キミがコナンの切り札になる」原作そのままの世界に入り込みコナンたちと協力し謎を解く、究極のリアル脱出ゲームが登場【名探偵コナン・ザ・エスケープ】詳細は⇒ https://t.co/…
1	RT @USJ_Official: 【フォロー＆RTするだけで応募完了！抽選で先行体験にご招待】「すべて現実。」目の前に現れた巨大な使徒から、なす術もなく逃げまどう！エヴァ史上初、ライド・アトラクションが出現。【エヴァンゲリオン XRライド】詳細は⇒ https://t.co/…
1	RT @USJ_Official: 【フォロー＆RTするだけで応募完了！抽選で先行体験にご招待】「やっと、本当に、狩れるんだ！」モンハン史上初、等身大モンスターを“狩れる”アトラクションがついに登場！【モンスターハンター・ザ・リアル】詳細は⇒ https://t.co/ehw3…
0	RT @natalie_mu: ONE OK ROCKが地上波初出演、1000人の18歳と作り上げる1曲限りのステージ https://t.co/33pDF20kSg #ONEOKROCK https://t.co/Mu7OpXwlHV
1	RT @Suitswomanjp: 乾燥した空気でダメージを受けた肌へ 濃密な潤いとハリを与えます♪ フェイスパック『ベキュアスパ / エッセンスマスク』をプレゼント！  フォロー＆RTするだけで応募完了！！  詳細はこちら→ https://t.co/jdmNWBSwUO #…
1	＼新発売記念！「三ツ矢 新搾り」が発売前に飲める！／ 応募方法は@asahiinryo_jpをフォロー＆この投稿をリツイートするだけ！ 抽選で328（みつや）名に当たります！ #果実が活きる新搾り ▽詳細はこちら▽ ≪https://t.co/CLkq3aocMo≫
0	私が目指したいのは #つるすべ肌 あなたの目指したい肌は？ @_sekkisui_ をフォロー&amp;投票で化粧水＆乳液現品を抽選でプレゼント！ #雪肌粋 https://t.co/zh3faBhy4D
0	＼#がぶっと美味しいろはすなし新登場／ 1,000名様にその場で当たる！ 鳥取県産なしエキス入りで、かじりついた瞬間に口いっぱいに広がるなしの味わいが楽しめる！ ▼応募は12/7まで https://t.co/D3FWjRTeOI
1	ノズル！  ふとん乾燥機カラリエハイパワータイプは、温風をより広範囲に届けるために #立体ノズルを装備しました。 #ふとん乾燥機カラリエ #アイリスオーヤマ https://t.co/ePn3H0wSqK 詳しくは→ https://t.co/LYWwSmUjI2
1	RT @risoco_hanshin: 宅配便を使う新しい収納【リソコ(risoco)】ダイソン コードレスクリーナーをプレゼント！／@risoco_hanshin をフォロー＆この投稿をRTするだけ♪ 好評につき第２弾開始！！ 詳細⇒  https://t.co/IaMtqi…
0	RT @Magica_Nanoarai: コラボ記念🎉プレゼントCP🎶フォロー＆＃Magica #GReeeeN をつけてRTしてね😉 eeeeveryday収録最新シングルとLED電球スピーカーをプレゼント💖 この電球、E26口金のソケットに装着可、スマホの音楽をBlueto…
0	(^^ゞ https://t.co/hihOfjPKDD
1	RT @asahiinryo_jp: 今日は #日本人宇宙飛行記念日！ なんと1990年の今日、#日本人初 の宇宙飛行が成功しました。近い将来身近なものになるかもしれない宇宙旅行、みなさんはどちらに行きたいですか？🚀 月→ #RT、 火星→ #いいね で教えて下さい☆ http…
0	RT @Fanta_Japan: ＼12/4まで！／ #ファンタ飲みごろラフランス 1ケース100名様にプレゼント！  ▼この投稿をRTしていますぐ応募！ https://t.co/ZZ1fr1RJOK
0	＼#がぶっと美味しいろはすなし新登場／ 1,000名様にその場で当たる！ 鳥取県産なしエキス入りで、かじりついた瞬間に口いっぱいに広がるなしの味わいが楽しめる！ ▼応募は12/7まで https://t.co/D3FWjRTeOI
1	RT @asahiinryo_jp: ＼とうとう明日締め切り／ 「三ツ矢新搾り」が発売前に飲める！ 応募方法は@asahiinryo_jp をフォロー＆この投稿をリツイートするだけ！ 328（みつや）名に当たります！ #果実が活きる新搾り ▽詳細はこちら▽ https://t.…
1	RT @Fanta_Japan: ＼#ファンタレモンプラスC先行体験／ Twitter限定！来年1/9発売のNewレモン+Cを発売前にプレゼント！ ▼応募は12/13まで ①@Fanta_Japan をフォロー ②この投稿をリツイート 詳しくは→https://t.co/QAn…
0	RT @itmedia_news: 「サントリー天然水」「フルグラ」など41ブランド  ボタン押すだけで日用品が届く「Amazon Dash Button」日本上陸　水や洗剤など1プッシュ注文 https://t.co/WGWwq3EZ79 https://t.co/5uBwi…
0	RT @Fanta_Japan: ＼#ファンタレモンプラスC先行体験／ ツイッター限定！来年1/9発売のレモン＋Cを一足お先にプレゼント！ ▼12/13まで ①@Fanta_Japan をフォロー&amp;この投稿をRT ②応募フォームに入力→https://t.co/Zef5Fdi2…
0	RT @akiko_lawson: 「サンリオサボテン/６種」発売記念キャンペーン @akiko_lawson をフォローしリツイート！抽選で『サボテン６個セット』をプレゼント♪ #ローソン #サンリオサボテン https://t.co/36wjTcOWLw https://t…
0	ぐでたまのかわいい😍でもネット販売だけって😩  https://t.co/OVxYZXMHzO #郵便年賀
0	RT @Sankei_news: 外国人が誤解しそうな「温泉マーク」、一転存続で調整　業者からの反対受け経産省   https://t.co/BoFmmrz9Wy https://t.co/iVTKxevNY5
-1	再開するの断念せなあかんくらい費用がかかるんかぁ。企業は助けてあげられへんのかなー。もったいないなぁ…  アヲハタ：コーン缶なくなります　６６年にわたり継続 https://t.co/IaQ4MZI4dl
-1	ギャンブル依存症ガァーとかゆうなら街中にあふれてるパチンコ無くしてから言え。ナマポの溜まり場こそ不要。ほんまいらん。  カジノ法案衆院通過：賛否両論、国民戸惑い - 毎日新聞 https://t.co/HHmI2J7ZcW
0	①番😊 飲みたい〜😋 https://t.co/skOrQRs3Dh
1	RT @t_ishin: IRによってギャンブル依存症が増える、だって？きれいごとを言う連中は社会の現実をまだ分かっていない。既にギャンブル依存症はある。パチンコ、公営ギャンブルなど。にもかかわらず国の本気の対策がなかった。それならIR法案で、包括的なギャンブル依存症対策をやれ…
0	えー！！マジで！！！ ご冥福をお祈りします…  訃報：黒沢健一さん４８歳＝バンド「Ｌ⇔Ｒ」ボーカル https://t.co/Gc0frh8QYe
1	RT @asahiinryo_jp: みんなでRT数を達成して豪華賞品をGETしよう！ @asahiinryo_jp をフォロー＆この投稿をRTするだけで応募完了！年末年始にピッタリな豪華賞品が当たる！#Wのトクホで健康を応援 #アサヒ飲料に願いを ▽詳細はこちら▽ https…
1	RT @KINGSOFT_PR: ＼#WPSってなに／ Twitterユーザー限定！最大10万円の旅行券が当たる！  ▼応募は12/25まで！ ①@KINGSOFT_PR をフォロー ②この投稿をリツイート 詳しくは→ https://t.co/gf4oBYGU34 https…
0	RT @CocaColaJapan: 体についた脂肪を減らす ＼#からだ巡茶Advance／ 1/30新登場！Twitterユーザー限定で 1万名様に発売前にプレゼント。 応募は12/20まで！ ①この投稿をリツイート ②応募フォームに入力→ https://t.co/gxfb…
1	RT @shimamura_gr: ✨🎄12/25（日）まで毎日挑戦してね🎄✨ 1,000円分の #しまむら グループ共通商品券を1,000名様にプレゼント🎁 応募はとっても簡単🎅❗ ①しまむら公式アカウントをフォロー ②本投稿をリツイート ③結果がすぐに届くよ(°∞°)  #…
1	RT @Panasonic_cp: 🎄#パナソニックに願いを🎄 🎁豪華賞品が毎日200名以上に当たる🎁 応募は簡単！ ①フォロー ②本投稿をリツイート ③すぐに結果が届く 規約はこちら https://t.co/urSR53WkeC  #クラパナコイン https://t.co…
1	RT @Panasonic_cp: 🎄#パナソニックに願いを🎄 🎁豪華賞品が毎日200名以上に当たる🎁 応募は簡単！ ①フォロー ②本投稿をリツイート ③すぐに結果が届く 規約はこちら https://t.co/urSR53WkeC #クラパナコイン https://t.co/…
1	RT @AmazonJP: ┏━━━━━┓ ┃最　終　日┃ ┗━━━━━┛ 本日23:59終了 サイバーマンデーウィーク https://t.co/GtWlxu6O1c ←会場はこちら 本日の特選セールはPS4本体+FF15ソフト、surfaceなど目玉商品が盛り沢山！ #ビッ…
1	RT @USJ_Official: 【任天堂のテーマエリアが世界で初めて#USJ に誕生】世界に人気の任天堂キャラクターが大集結。あの世界を、徹底的なこだわりで再現する巨大複合エリア「SUPER NINTENDO WORLD™」は東京オリンピック開催前にオープン予定！https…
0	あたし的には『乱』やってんけどなー😩  今年の漢字は「金」　リオ五輪、政治資金問題、PPAPなど（オリコン） - Yahoo!ニュース https://t.co/SUCEtwKOpd #Yahooニュース
1	お金さえあればなんぼでも使ったるわ😤欲しいもんいっぱいあるわ😤早く帰ったからってなんやねん。そもそもお金ないっちゅーねん😤役所が15時とか言ってるらしーけど、土日開けろや！  プレミアムフライデー：月末金曜は早帰りを…消費喚起狙い https://t.co/dFqVB5X9M4
0	国へ帰ってください👋  逮捕の男 電車降りて約３分後に突き落としたか | NHKニュース https://t.co/b8crdBI7YF
0	RT @t_ishin: （都政）https://t.co/H7NPc1E0u1 小池さん、すでに報酬を半減しているのに、豊洲の責任をとってさらに報酬減額。この捨て身の姿勢が、有権者の支持を集めている。豊洲の問題は都議会の責任も大ありだ。都議会は何してんだ？
1	ニッカウヰスキー公式Twitterキャンペーン！くじを引いて当たりが出ると、『スーパーニッカ（瓶700ml×1本）』をプレゼント！ https://t.co/6MRN6oO3Bp https://t.co/wNEl1hPUP9
0	RT @NBCGrimm: RETWEET if you got Monroe!  Find out which #Grimm character you're most like: https://t.co/oDKU2s4yt8. https://t.co/QP2fb9UhRa
1	RT @Panasonic_cp: #パナソニックに願いを🎄 豪華賞品が毎日200名以上に当たる🎁 応募は簡単！ ①フォロー ②本投稿をリツイート ③すぐに結果が届く 今すぐ挑戦！ 規約はこちら https://t.co/urSR53WkeC  #クラパナコイン https:/…
0	RT @KITKATJapan: 今日も挑戦してね♪ ＼🎄"キットカット"のクリスマスプレゼント🎅／ フォロー＆RTで2000名様に、"キットカット 毎日の贅沢"と"キットカット ショコラトリー"の詰め合わせが当たる♪フォローの後にRT！  #キットカットに願いを https:…
1	RT @shimamura_gr: 12/25(日)まで毎日挑戦👏💚 #しまむら グループ共通商品券が1,000名様にあたる🎁 応募はとっても簡単🎅❗🎄 ①@shimamura_grをフォロー ②この投稿をリツイート ③しまうさサンタから結果がすぐに届くよ(°∞°)💌  #しま…
0	サンプルいただきました😊ありがとうございます〜からだの保湿に使ってみま〜す😄  #キュレル https://t.co/aR06OgJlSQ
1	RT @ministop_fan: 12/25まで！ フォロー&amp;リツイートでキリン メッツ コーラが3000名さまにいきなり当たる！  いきなりステーキ監修商品との相性抜群！ 詳しくはこちらhttps://t.co/8LKuGofybN #いきなりミニストップ #いきなりステー…
1	RT @Panasonic_cp: 🎄#パナソニックに願いを🎄 豪華賞品が毎日200名以上に当たる🎁 1日1回運だめし♪ ①フォロー ②本投稿をリツイート ③すぐに結果が届く 規約はこちら https://t.co/urSR53WkeC  #クラパナコイン https://t.…
0	@CocaColaJapan ジンジャーうまそう！！フツーに飲みたい！！これにして！
0	RT @CocaColaJapan: ＼#ひと味違う新フレーバー を当てよう／ コカ･コーラの新フレーバーが 【候補④#しょうが】だと思ったら、 この投稿をリツイート＆フォーム入力https://t.co/UTKbjsmZ1Mで応募しよう♪  参加者の中から、抽選で2,000名…
0	ご飯作ってる時とかに、西野カナの「Have a nice day」☆  【あなたの家事フェスソング教えてtwitter キャンペーン実施中！】 https://t.co/7RBqKkCoa2 #家事フェス
0	毎日赤ちゃんの世話でぐったり...旦那に赤ちゃんのお風呂を入れてもらって、自分は後からゆっくり入る時に使いたい～～～！  #ファインヒート
1	RT @kibun_osechi: お正月は福おせちを食べて開運・福招き！@kibun_osechiをフォローして、このツイートをリツイートで豪華おとし玉プレゼント！ 【生命力、不老長寿の象徴 福なると（松竹梅）】 https://t.co/4C9aYEPFFC https:/…
1	RT @kibun_osechi: お正月は福おせちを食べて開運・福招き！@kibun_osechiをフォローして、このツイートをリツイートで豪華おとし玉プレゼント！ 【めで"たい" 福かま 鯛（白）】 https://t.co/4C9aYEPFFC https://t.co/…
0	やっぱビーフシチュー！ https://t.co/b9qKYZUtJA
0	RT @sbfoods_jp: S&amp;B濃いシチュー「クリスマス×濃いシチューであったかキャンペーン」君が食べたいのはどっちか教えてくれ！クリーム？ビーフ？今すぐリツイート投票しよう！応募は12月26日14時まで！https://t.co/E1qRzsOjTQ #濃いシチュー #…
0	RT @cinematoday_stf: 「笑ゥせぇるすまん」25年ぶりにアニメ化！声は玄田哲章 #アニメ #笑ゥせぇるすまん https://t.co/208jp1psf3 https://t.co/AU4evQkAvL
0	RT @jcast_news: 水素水「やっぱりただの水」　国民生活センター調査の唖然は - https://t.co/f21KM9NsN6 https://t.co/a2uShDfUnp
0	RT @natalie_mu: 米津玄師、桐山零モチーフの「3月のライオン」ED曲ジャケ https://t.co/81bmSWfetY https://t.co/inLHgy14KH
0	ひ〜😱😱😱😱😱  阪神高速　上限を９３０円から１３００円に　（毎日放送） - Yahoo!ニュース https://t.co/8g9vpOtuCw #Yahooニュース
0	〔海外地震〕パプアニューギニア付近でM7.9　日本への津波の有無は調査中(12/17)（レスキューナウニュース） - Yahoo!ニュース https://t.co/ynGlpA8QyQ #Yahooニュース
1	RT @USJ_Official: 【クリスマス・グッズ】サンタ姿のエルモとクッキーが、まんまる編みぐるみになって、カチューシャに！クリスマスカラーがかわいいエルモとクッキーモンスターの靴下も！ https://t.co/8GtyYdbGnM  #USJ https://t.c…
0	２回もピンポンならさんといてよ😤出れたら出てるわ😡
1	RT @Panasonic_cp: 🎄明日はクリスマスイヴ🎅 #パナソニックに願いを 豪華賞品が毎日200名以上に当たる！ ①フォロー ②本投稿をリツイート ③すぐに結果が届く 規約は ▶ https://t.co/urSR53WkeC #クラパナコイン https://t.c…
1	RT @shimamura_gr: ＼残り3日😱／ 1,000円分の #しまむら グループ共通商品券を1,000名様にプレゼント🎁 応募はとっても簡単🎅❗🎄 ①@shimamura_grをフォロー ②この投稿ををリツイート ③しまうさサンタから結果がすぐに届くよ(°∞°)  #…
1	RT @asahibeer_jp: ＼毎日１０名様に当たる／ もぎたて新鮮レモンを１０名様に！12/24午前9時59分まで！ ①@asahibeer_jp をフォロー ②この投稿をリツイート 詳しくは⇒https://t.co/seDI9K96Lm  #もぎたてレモンプレゼント…
0	ほぼ一日中いてるのに、ほんのちょっと外出した時間に配達来たりする…どうにかならんかなぁ 「アマゾン多過ぎ」ヤマトドライバーから悲鳴続出、「利便性」が生んだ過酷な実態（弁護士ドットコム） - Yahoo!ニュース https://t.co/tzt4YdqxDk #Yahooニュース
-1	一時どころかあんな国に行かんでえーわ。関係悪化？結構結構。断交で！！  韓国の慰安婦像設置に対抗､大使が一時帰国 | 日テレNEWS24 | 東洋経済オンライン https://t.co/fxUuW2ac1k
1	RT @Magica_Nanoarai: Magica発売2周年＆フォロワー1万人突破記念🎉　感謝の気持ちを込めて、ルクルーゼの可愛い💖オリジナルキッチンタイマーをどどん‼と100名様にプレゼント🎶 1⃣Magica公式アカウントをフォロー 2⃣ #Magica #ルクルーゼ…
0	MGS！おめでとー！  大塚明夫さんが結婚　ニコラス・ケイジ吹き替え、『攻殻機動隊』バトー役など https://t.co/o5tPC2UsHF
-1	ラクトアイス…。残念。  スーパーカップに史上初の「アップルカスタード味」！ほんのりシナモン風味＆コクのある味わい | ニコニコニュース https://t.co/TTxtVbdLnx
0	RT @ILOHAS: ＼ #九州限定いろはすあまおう先行体験！／ Twitter限定で全国の皆さんに飲めるチャンス♪ #いろはすあまおう 2/13新登場！ ▼今すぐ応募！&lt;1/18まで&gt; ①@ILOHAS をフォロー＆この投稿をRT ②応募フォームに入力⇒https://t.…
0	RT @AXNJapan: ウェントワース・ミラー、「プリズン・ブレイク」復活の背景には、あのドラマの存在があった！！ https://t.co/kDqTziObuF #AXNJapan #海外ドラマ https://t.co/5EZOfk8S3k
0	RT @NBCGrimm: 😳 #Grimm https://t.co/RR7dw7x3i7
0	RT @t_ishin: （慰安婦問題）韓国人も日本人も世界各国軍の戦場における性の問題を知らなさ過ぎる。日本が法的責任を負わなければならないのなら世界各国も法的責任を負う。世界各国が道義的責任までなら日本もそこまで。日本軍を正当化せずに他国比較をしっかりとやるべき。国際政治学…
1	RT @takenoma: 政府は駐韓大使を「一時帰国」させたというが、素早い対抗措置を取ったことは高く評価されるべき。本来は、ありもしない「従軍慰安婦」の像を目と前に建てられた以上、大使館と領事館は閉鎖すべきだろう。少女像が撤去されたら、初めて再開を検討すればいい。
1	少女像じゃないやろ。慰安婦像やろ。  少女像「外交公館前は望ましくない」 韓国外相、市民団体と協議の必要性強調 https://t.co/31dZMng3i4
-1	ほんま寒いわー😵 雪❄️降ってへんけど。  【大雪】列島、今季一番の寒さ　名古屋・広島で降雪　新幹線や空の便に影響 https://t.co/WdSkPEjILS
0	あー東京タワーいつ出来んねん！！  わたしの「東京」 #東京ツクール https://t.co/z2x5gprvlj https://t.co/gFLKSZuemC
0	どっちかっつーと太平洋側に住んでて家は山側にあるのに朝起きても雪積もってなーい😣子供が悲しんでる😢  雪雲 太平洋側にも流れ込む(日直予報士) https://t.co/ck5M97NHep
1	RT @TVGroove: 週間人気記事13位☆ 待望の復活を遂げた人気ドラマ「プリズン・ブレイク」、最新シーズンが４月４日より全米でついに放送開始   ★詳しくはコチラ↓↓↓ https://t.co/EzlYaurcAM
-1	なんじゃこりゃ笑 パッと見て勝敗わかりにくいわ！  「きのこの山」VS「たけのこの里」オセロ誕生　ほぼ原寸大 https://t.co/2rMfH1oCXd
1	ほんまそうよ。行かんでえーよ。あんな国。国民も、もううんざりしてる😩まじで断交してほしい。  【釜山・慰安婦像設置】駐韓大使帰任に慎重　官邸、韓国側の対応見極め　安倍首相「早く帰す必要はない。国民も納得しない」 https://t.co/lDB9sX3f7P
0	GJ😊  アパホテルが南京大虐殺否定本、中国SNSで炎上⇨同社は「客室から撤去しない」【UPDATE】 https://t.co/ZjDbr23WJE
0	RT @takenoma: 五輪を政治宣伝に利用するのは、韓国の「国技」。ロンドン五輪中に李大統領が竹島上陸、韓国の選手が竹島のプラカード掲示など枚挙にいとまがない。  「独島」の表記、ＪＯＣが修正求める　平昌五輪のＨＰ（朝日新聞デジタル） https://t.co/2hWRP…
0	RT @asahiinryo_jp: ⏰残り24時間！⏰ 新商品「三ツ矢 新搾り」を、抽選で100名様にプレゼント！@asahiinryo_jp をフォロー＆この投稿をリツイートするだけで応募完了！いよいよ明日締め切りです！ #収穫後24時間以内の果汁で作る三ツ矢 https:…
1	RT @Dlife_BS258: Dlife開局5周年スペシャル「海外ドラマ SO!選挙」開催❗ 過去に放送したことがある35作品の中から、今こそ見たい海外ドラマを決定❗上位作品は3月に毎晩5時間以上の特別放送しちゃいますよ。 気になる投票は2/3（金）スタートです😁🎵 どんな…
1	RT @CocaColaJapan: ＼コカ･コーラ ジンジャー 本日発売／ キレ味するどい大人のフレーバー、#ひと味違うコカコーラジンジャー！ 発売を記念して、なんと１ケースを50名様にプレゼント！ フォロー＆リツイートで応募してね♪ 2/5(日)締切！ 詳細：https:/…
0	RT @KentGilbert01: 韓国軍が数千人ベトナム女性を強姦し、慰安婦にしていた…米国メディア「日本より先に謝罪すべきだ」 https://t.co/UTOVVbEHTc
1	おいしいんかなぁ〜😋  雪見だいふくに「厚もち」仕立て…黄金のみたらし　1月30日発売 | レスポンス（Response.jp） https://t.co/h99dvnMqQ8
0	RT @asahibeer_jp: ズバリ一推しのウィルキンソンRTDのフレーバーはどれ！？
1	RT @Doronpa01: 韓国・大田地裁が対馬で盗難に遭った仏像について、麗末鮮初の浮石寺とは何の関係もない現在の浮石寺に引き渡すよう命じる判決を下しました。泥棒を国家が追認する国、それが韓国です。これで日韓関係は決定的になりました。日韓断交に向けて政府は本気で取り組み、在…
0	飲食店で授乳して何があかんの？自分らもご飯食べてんやん。赤ちゃんもご飯食べてるだけやろ。丸出しならともかく、ケープして隠しても気にする奴ってなに。 https://t.co/oH38drFVHb #Yahooニュース
1	どこにそんな余裕あんのよ。アホちゃう。自分の金でやれよ。  外国人に生活保護「人道上必要」厚労省（エコノミックニュース） - Yahoo!ニュース https://t.co/uhUVCXHpcN #Yahooニュース
0	RT @t_ishin: https://t.co/6klvIb872u 「朝鮮学校への補助金不支給適法」 僕は主観的政治判断で補助金を不支給にしたわけじゃない。きっちりとルールを作った。ここが他の自治体の不支給とは異なるところ。君が代起立斉唱条例もイデオロギーではなく教育委員…
0	欲しい！けど😖  『FF』歴代ボスキャラがカップヌードルを占拠　「空腹は最強の敵だ」 https://t.co/kxUVgTcuoi
1	RT @MorinagaChoco: もうすぐバレンタイン！ 今年は #カレドショコラ で #気配りチョコ しませんか？ 手軽だけど本格的なカレドショコラで、お世話になったあの人へそっと気配りを。  カレドショコラが当たる #RTキャンペーン も実施中！ 詳細はこちら▼ htt…
0	『もうすぐ６か月の赤ちゃん　血便かな？』このままやとあかーん！｜https://t.co/iWRSpNMnrU
-1	【今日のwakononの街】 #ランブルシティ 久しぶりに起動したらまたなんかマップ変わってるわー見にくいわ https://t.co/Mn380qGHnr https://t.co/lY5PSB0kuL
1	RT @CAO_BOUSAI: ９日から12日にかけて強い冬型の気圧配置となり、西日本の日本海側を中心に大雪が予想され太平洋側でも積雪のおそれがあります。路面凍結による交通障害、水道管の凍結、除雪時の怪我などに十分注意してください。不要な外出を控え、外出する際は交通機関の情報を…
-1	RT @MLIT_JAPAN: 【大雪に対する国土交通省緊急発表】 明日９日（木）からの大雪に備え、ドライバー等の皆様は不要不急の外出は控えるとともに、やむを得ず運転する場合には、冬用タイヤやチェーンの早めの装着をお願いします。 https://t.co/gCtKQhxsa2…
1	RT @TVGroove: 「デビアスなメイドたち」シーズン３に「Glee」ナヤ・リヴェラが登場！ 今度はメイドに！？ #海外ドラマ  ☆詳しくはこちら↓↓↓ https://t.co/jiWkDEHO1J
0	驚き…。殺さんでも…  金正男氏が死亡、マレーシアで北朝鮮工作員が毒殺か - 社会 : 日刊スポーツ https://t.co/61ZXN9j5QG
0	カメラ、いいやつ欲しいけど重いしでかいし邪魔になるんよなー😩 フィルムカメラがほしーわ🎞  「カメラのキタムラ」など１２９店舗閉鎖へ https://t.co/SM9jvpfkga
-1	東芝の洗濯機で嫌な思いしまくりやから東芝嫌いやけど、半導体とかあちらの国には売るなよ〜アホな決断するなよ〜  東芝：解体の危機　相次ぐ優良事業の切り売り https://t.co/uxcrY7HmF2
0	RT @akiko_lawson: 「アーモンドショコラリング」が新発売です♪チョコとパイ、アーモンドや飴の食感と味を楽しめます(^^)今だけ10円引です♪ #ローソン https://t.co/mCJNTjJ5Qr https://t.co/ZSB2SHpsZN
0	RT @takenoma: 韓国なんかにイルカを売るんじゃなかった。当たり屋みたいな国だから。  日本から輸入のイルカ死ぬ…動物保護団体が糾弾＝韓国（中央日報日本語版） - Y!ニュース #Yahooニュースアプリ https://t.co/0QvSQ6Blo7
0	＜オールフリーをどんな時に飲みたいですか？＞ 【授乳中やからお酒飲まれへん😥だから夜ご飯でホッと一息ついた時にぐびー！！っと飲みたい🍺】 https://t.co/jQg5tHl2SF #新オールフリー
1	RT @Panasonic_cp: 🗻2月23日は「富士山の日」🗻 写真共有サイトPicMateから美しい富士山の写真をご紹介。 高さだけじゃなく、美しさにもきっと驚くはず。 LUMIXを持って、見たままの感動をカメラに収めてみませんか？ https://t.co/n6jPXf…
0	子供との時間がない、なにかと忙しすぎて限界が来たからとかゆって退社したのに、市長？？   清水健・元読売テレビアナ、維新から堺市長選に立候補へ https://t.co/VuDWW8CZsw
0	移転？？？？は？？？撤去してくださいー  【釜山・慰安婦像設置】韓国政府が地元自治体に移転を要請　韓国メディア https://t.co/yWJGFu7LB1
0	Amazonがヤマトじゃなくなるとなーヤマトのポイントためてるしなー宅配ボックス設置キャンペーンとかしてほしーなー🤔  ヤマト、宅配総量抑制へ　人手不足受け労使で交渉 https://t.co/rEYuNQRsTd
1	RT @asahiinryo_jp: ホット飲料、飲むときはお熱いのでお気をつけください！ 画像の中に、一文字だけ違う漢字が隠れています。分かった方は「いいね」で教えてください♪ 分からなかった方は「あったまる十六茶」で、一息ついてくださいね。#クイズ https://t.co…
1	RT @Fanta_Japan: ＼#大人のファンタ解禁／ 味わいリッチなピーチ果汁にピューレのおいしさ。 新発売 #大人のファンタピーチ🍑100名様にプレゼント！  ▼応募は3/7まで！ ①@Fanta_Japan をフォロー ②この投稿をリツイート https://t.co…
1	RT @asahiinryo_jp: ＼フォロー&amp;ツイートで新商品が当たる！／ 2月の新商品7種類セットが抽選で100名様に当たる！@asahiinryo_jp をフォロー＆この投稿をRTするだけでも応募出来ます♪ #2月は７つのおいしさをお届け ▽詳細はこちら▽ https:…
1	RT @asahibeer_jp: 空前絶後のォォ！超絶怒涛の宴会ぶちょうォォ！#プレミアムフライデー を愛し #プレミアムフライデー に愛された男ォ！ビール、ジョッキ、ビールサーバー、すべての「うまい」の産みの親ァ！そう我こそはァ！プレミアムッ！フラッ！フライデェッ！イェェー…
0	「Googleアカウントが変更されました」突然の強制ログアウト続出　Google「フィッシングではない」 https://t.co/muaffnoRGX
-1	営業所ちょっと遠いから細かい地域に分けて小規模営業所を配置して欲しい。で不在時のはそこに取りに行きたい。  【新聞ウォッチ】ヤマトの宅急便ドライバー不足で「正午から午後2時」の配達指定廃止へ | レスポンス（Response.jp） https://t.co/y0iitBijSc
1	RT @asahibeer_jp: ＼平日毎日１０名様に当たる！／ #クリアアサヒ贅沢ゼロ をプレゼント！締切は３／２　午前９時５９分まで！ ①@asahibeer_jp をフォロー ②この投稿をリツイート 詳しくは⇒ https://t.co/JeWjeHnakN https…
1	身の回りで新しくなったもの、うちは包丁！を新しくしました！切れ味抜群！ #新しくなった伊右衛門 https://t.co/7aaLSBfO3H https://t.co/K7oS5IpUdb
0	キリンのチャレンジ 「キリン ゼロイチ発売前1万人実感キャンペーン」！抽選で10,000名様に新商品キリン ゼロイチ(350ml缶×2本)が当たる！ https://t.co/D4bABpeYyt
0	RT @takenoma: 国の機関が穴の空いた国旗を掲揚するというのは、他国ではありえない。これなら掲揚すべきではない。これを見た外国人は驚愕するだろう。一体何やってんだ！国の恥。穴の空いた国旗が唯一許されるのは戦場のみ。  日章旗に穴 国機関の庁舎掲揚  https://t…
1	RT @asahibeer_jp: ＼平日毎日１０名様に当たる！／ #クリアアサヒ贅沢ゼロ をプレゼント！締切は３／１０　午前９時５９分まで！ ①@asahibeer_jp をフォロー ②この投稿をリツイート 詳しくは⇒ https://t.co/0dIF7a1JhS http…
1	RT @asahibeer_jp: ＼ #ウィルキンソンRTDプレゼント ／ ４フレーバーが当たる！応募は３／２７　午前１０時まで！  ①@asahibeer_jp をフォロー ②この投稿をリツイート 詳しくは⇒ https://t.co/DYeMjJINzO https://…
0	新今宮に星野リゾート！？場違い感が…  ⚡️ “星野リゾート進出で大阪・新今宮は変わるか？”  https://t.co/l5dcKL4ZSM
0	ありえへんやろ！意味わからんわ！裁判員裁判の意味ないやん。  ＜ミナミ通り魔＞死刑破棄、父ぼうぜん「吐きそう」（毎日新聞） - Yahoo!ニュース https://t.co/Flg36p9BzA #Yahooニュース
-1	マイツム降ってこなすぎ。ばりうざい。おもんないわ。
1	RT @asahibeer_jp: ＼平日毎日１０名様に当たる！／ #エクストラハード をプレゼント！締切は３／１５　午前９時５９分まで！ ①@asahibeer_jp をフォロー ②この投稿をリツイート 詳しくは⇒ https://t.co/nhEO3DYMkH https:…
0	RT @Panasonic_cp: 【フォロー＆RTキャンペーン】  #入学 &amp; #就職 お祝いにピッタリなハイレゾ音源再生対応高音質ステレオヘッドフォンRP-HD10を3名様へプレゼント🎧応募は3/19まで！ ①フォロー ②この投稿をRTで完了 規約⇒ https://t.c…
1	RT @asahibeer_jp: もう応募しましたか？！あと４回！ ＼平日毎日１０名様に当たる！／ #クリアアサヒ贅沢ゼロ をプレゼント！締切は３／１５　午前９時５９分まで！ ①@asahibeer_jp をフォロー ②この投稿をリツイート 詳しくは⇒ https://t.c…
1	RT @asahibeer_jp: ＼ #プレミアムフライデー までにお届け！／ 本格芋焼酎「 #金黒 」が当たる！応募は３／１７　午前１０時まで！  ①@asahibeer_jp をフォロー ②この投稿をリツイート 詳しくは⇒ https://t.co/Rv6CnN7FXl…
1	RT @asahibeer_jp: ＼ #プレミアムフライデー までにお届け！／ #アルパカ が当たる！応募は３／１７　午前１０時まで！  ①@asahibeer_jp をフォロー ②この投稿をリツイート 詳しくは⇒ https://t.co/W43A1H0ZEv https:…
1	RT @takenoma: （ラーメン二郎問題）客に二度とくるなと言うのは店の自由だと思う。でも、店がSNSで客を批判するのは頂けない。最低だ。サービス業で客をdisるなど同じ日本人として恥ずかしい。  ラーメン二郎、客への怒りに賛否（AbemaTIMES） https://t…
1	RT @Dlife_BS258: ＼結果発表／ 1位　メンタリスト 2位　NCIS ネイビー犯罪捜査班 3位　クリミナル・マインド／FBI vs. 異常犯罪 4位　BONES-骨は語る- 5位　Major Crimes ～重大犯罪課 6位　キャッスル／ミステリー作家のNY事件簿…
0	RT @MrReggieLee: Is pilot season done? Can I take a nap yet? Happy #nationalnappingday https://t.co/GXFhr5sjKr
1	RT @USJ_Official: 【フォロー＆RTするだけで応募完了！第２弾ドラゴンクエスト・ザ・リアルへご招待】 “勇者の僕が、目を覚ます！” 自称、元勇者の宮下叶一さんは、勇者になれるのか！？TVCMの前後ストーリーを含む特別動画を公開！https://t.co/urSb…
1	RT @asahibeer_jp: ＼平日毎日１０名様に当たる！／ #クリアアサヒ贅沢ゼロ をプレゼント！締切は３／１６　午前９時５９分まで！ ①@asahibeer_jp をフォロー ②この投稿をリツイート 詳しくは⇒ https://t.co/q0A233PyOV http…
1	😱マジでー😫警部が…夜明さんが…😫もっと見たかった😫 ご冥福をお祈りいたします。  渡瀬恒彦さん死去…７２歳、胆のうがん　１５年から闘病も完治せず（スポニチアネックス） - Yahoo!ニュース https://t.co/oHXFptbNn7 #Yahooニュース
0	『離乳食用の食器 ☆SKATER 離乳食 小鉢 4個セット☆』このままやとあかーん！｜https://t.co/PwRBn0JGO1
1	RT @asahibeer_jp: ＼平日毎日１０名様に当たる！／ #エクストラハード をプレゼント！締切は３／１８　午前９時５９分まで！ ①@asahibeer_jp をフォロー ②この投稿をリツイート 詳しくは⇒ https://t.co/P2kwFbrixh https:…
0	RT @NBCGrimm: 😱😱😱 #Grimm https://t.co/sW7rhJ141y
0	RT @FOXTVJAPAN: マイケルが生きていた…!? あの #プリズンブレイク の最新シーズン5を  #FOX で放送！マイケルとその兄リンカーンはもちろん、スクレやティーバッグなど、おなじみのキャラが戻ってきます♪  今回はどんな脱獄劇を魅せてくれるのか！ https:…
0	えー。ビターなオレンジやろー(＞＜)なにやろー？チョコレート？ #ビターオレンジと食事 #甘くないすっきり #ストロングゼロ https://t.co/9oXagkakxD https://t.co/nIBqW1AAcU
1	RT @asahibeer_jp: ＼平日毎日１０名様に当たる！／ #エクストラハード をプレゼント！締切は３／２４　午前９時５９分まで！ ①@asahibeer_jp をフォロー ②この投稿をリツイート 詳しくは⇒ https://t.co/7Y0AgHscGm https:…
0	RT @KFC_jp: ＼ #サクサク #骨なしケンタッキー／ 　　 ＼オニオン＆コンソメ／ 　 　【　新　登　場　！　】 春の新作は衣サクサクっ＆うまみじわー♡ CMもサクサクしまくりっ！皆でサクサクしちゃいましょ♪ヾ(●´∀｀●)ﾉ 今すぐチェック！➡https://t.c…
0	RT @AQUARIUS_SPORTS: ＼いつもの水分補給をオトクに！／ #CokeON アプリで15本買うと、なんと1本無料に！運動のあとは、ぜひCoke ONでアクエリアスを♪ ▼今すぐダウンロード！ https://t.co/YS5LuFh9jR https://t.c…
1	RT @asahibeer_jp: ＼平日毎日１０名様に当たる！／ #エクストラハード をプレゼント！締切は３／２５　午前９時５９分まで！ ①@asahibeer_jp をフォロー ②この投稿をリツイート 詳しくは⇒ https://t.co/eKcyTvxXTs https:…
1	RT @asahiinryo_jp: ＼その場で当たる！／ 「#三ツ矢サイダー」と「#三ツ矢サイダーW」を総計1,000名様にプレゼント♪ @asahiinryo_jpをフォロー&amp;この投稿をRTで応募完了！詳細⇒https://t.co/aZLYJR10Kf #3月28日は三ツ…
1	RT @Dlife_BS258: 5月からDlifeで日本初放送の「ラプンツェル あたらしい冒険」 “Dlife限定”ポスターアートを公開！(๑•̀ㅂ•́)و✨ 今から放送が待ち遠しいですね💕 https://t.co/4lqJCEQoma #Dlife　#ラプンツェル htt…
0	RT @TVGroove: [VIDEO]AUSTIN MAHONE Arrived At Narita Airport, Japan today(March 24)! He greets LOTS OF JP fans taking selfies! ⇒ https://t.…
1	RT @asahiinryo_jp: ＼その場で当たる！／ 「#三ツ矢サイダー」と「#三ツ矢サイダーW」を総計1,000名様にプレゼント♪ @asahiinryo_jpをフォロー&amp;この投稿をRTで応募完了！詳細⇒https://t.co/aZLYJR10Kf #3月28日は三ツ…
0	RT @Panasonic_cp: 【フォロー＆RTキャンペーン】 #1人暮らし のお部屋にピッタリ！「すき間」「壁ぎわ」もこれ一本。コードレススティック掃除機「iT」を２名様にプレゼント❗応募は3/31まで！ ①フォロー ②この投稿をRTで完了 規約⇒ https://t.c…
-1	RT @takenoma: 単なる印象操作に過ぎない悪質な記事。総理夫人に担当がついて何が悪い。秘書として担当する以上「しもべのように」振る舞うのは当たり前。不貞腐れたり、偉そうだったりしたらおかしい。  「しもべのように」首相公邸の夫人付職員（朝日新聞D） https://t…
1	RT @10ytv: 総額200万円分のクーポンが総勢10,000名様に当たる！ なんと、ギフトは日替わりで、毎日参加が可能なんです。つまり、何度もクーポンをゲットするチャンスがあるんです！ 詳しくは「ちいさな幸せ集めよう」で検索、またはリモコンの「dボタン」をぽちっと♪(=￣…
0	ありがとー(((o(*ﾟ▽ﾟ*)o)))♡ 読売テレビ！ https://t.co/G1g9I6nQ1Y
0	焼き鳥！食べたい！ #ビターオレンジと食事 #甘くないすっきり #ストロングゼロ https://t.co/9oXagkrVpb https://t.co/uS0k36ZQTy
1	RT @asahiinryo_jp: ＼あと2日！／ 「#三ツ矢サイダー」と「#三ツ矢サイダーW」を総計1,000名様にプレゼント☆ @asahiinryo_jpをフォロー&amp;この投稿をRTですぐに結果を発表！詳細⇒https://t.co/aZLYJR10Kf #3月28日は三…
1	RT @t_ishin: https://t.co/1SeJ8moXwy 大阪市地下鉄民営化可決。 吉村市長の大偉業。議会と粘り強く協議して、さらに国との交渉で交付税継続も獲得。これは凄過ぎる。僕にはとてもじゃないけどできないね。これで大阪がさらに前進。吉村市長、公約はほぼ１０…
0	びみょー！  つくってみた！似てるかな？パンソンワークスの似顔絵キャラクター入りの「マイミンティア名刺」がつくれる、MY MINTIA MAKER MEISHI ver．実施中！更に1万名様に当たる！ #mintiamaker  https://t.co/Vys9jH7pZS
1	RT @asahibeer_jp: ＼平日毎日１０名様に当たる！／ #アサヒドライゼロプレゼント ！締切は４／４　午前９時５９分まで！ ①@asahibeer_jp をフォロー ②この投稿をリツイート 詳しくは⇒ https://t.co/zCKXz5xDUC https://…
1	RT @Panasonic_cp: 【フォロー＆RTキャンペーン】#新生活、#新学期 の通勤、通学に便利な電動アシスト自転車ティモ・F BE-ELTF63を1名様へプレゼント🚲応募は4/30まで！ ①アカウントをフォロー ②この投稿をRTで完了 規約⇒ https://t.co…
0	RT @NBCGrimm: ♥️ ♥️ ♥️  #Grimm #GrimmFinale https://t.co/WdEJHWHnlR
1	RT @Panasonic_cp: これ、な～んだ？大人には、懐かしい。学生さんにとっては、まだまだ日常的なモノかも知れませんね？パッと見ただけで思い出せるでしょうか？ヒントは、放課後に息を止めてパンパン（笑）https://t.co/cGzL1MAgjj https://t.…
0	RT @NBCGrimm: Noooooooooo. 😱 #Grimm https://t.co/D6X61qYMmh
0	RT @NBCGrimm: 😭 😭 😭 #Grimm #GrimmFinale https://t.co/tY6IHWCpX9
1	RT @koikeya_cp: ＼今日から発売！／ 劇場版『名探偵コナン から紅の恋歌(ラブレター)』公開記念！コラボ新商品です☆詳細→https://t.co/o2DpdgjOWM   ポリンキーお好み焼き味／すっぱムーチョレモンソルト味／カラムーチョからくないノットチリ味…
0	RT @TVGroove: 【今日はオースティン２１歳の誕生日🎂✨】 オースティン・マホーン 来日インタビュー！ 「ダーティ・ワーク」が起用されている、ブルゾンちえみのネタを見た感想は…？ #AustinJP  ★記事はコチラ↓↓ https://t.co/JlkIG7gCdR
0	RT @asahi_mogitate: ＼ #芸能人格付けチェック ／ 本日テレビ朝日系列で放送予定の「芸能人格付けチェック」内CMで１夜限りの「もぎたて×芸能人格付けチェック」篇が登場！ 1,000名様に「新・もぎたて」が当たるキャンペーンも実施中！ お見逃しなく！！⇒ ht…
1	RT @AXNJapan: アメリカの現在の姿が大きく違っていたかもしれない・・・！ リンカーン大統領暗殺事件の犯人の衝撃の発言とは！？  リンカーン大統領暗殺事件に迫る！「タイムレス」その時何が起きたのか？  動画を見る⇒https://t.co/j5iuphPLLu #AX…
0	RT @asahi_mogitate: ＼リプライで当たりがすぐにわかる／ 毎日挑戦できる「もぎたてスロット」キャンペーンがスタート！！期間中合計1,000名様にプレゼント！ ①アカウントをフォロー ②この投稿をRT 今すぐチャレンジ(｡･ω･)ﾉ #新もぎたてプレゼント ht…
1	RT @USJ_Official: 4月21日グランドオープン！【ミニオン・パーク】「ミニオン・ハチャメチャ・ライド」でハチャメチャ大騒動のど真ん中へ！世界最大級のドームスクリーンに映し出された臨場感あふれる映像で、ミニオンのかわいさを満喫しよう。 https://t.co/q…
0	ありがとー！読売テレビ！！😋😋 https://t.co/rPHDulG8oD
0	RT @NBCGrimm: Rage for a good cause! All proceeds from @sasharoiz's #ShirtlessRage attire go to Dress for Success Oregon: https://t.co/MXCc…
1	RT @asahibeer_jp: ＼平日毎日１０名様に当たる！／ #アサヒドライゼロプレゼント ！締切は４／７　午前９時５９分まで！ ①@asahibeer_jp をフォロー ②この投稿をリツイート 詳しくは⇒ https://t.co/aFIjWx3dUc https://…
-1	RT @Fanta_Japan: いよいよ #新学期！  おや、おっちょこちょいな先生が作った時間割表にミスを発見！ まちがいを5つ見つけられたらリツイート！ https://t.co/bPUHldpKM1
1	RT @asahibeer_jp: ＼平日毎日１０名様に当たる！／ #アサヒドライゼロプレゼント ！締切は４／８　午前９時５９分まで！ ①@asahibeer_jp をフォロー ②この投稿をリツイート 詳しくは⇒ https://t.co/5Ly0vFsUX9 https://…
0	RT @FOXTVJAPAN: #プリズンブレイク シーズン5　放送開始まであと4日!! FOXチャンネルにて4月10日（月）21時スタート https://t.co/9Rq85iVzUG https://t.co/AVjBoHwaL3
0	見たことない！食べたいわー！😋  『ゆかり』にライバル出現？　『かおり』話題で三角関係と思いきや『あかり』まで…　三島食品に聞きました（withnews） - Yahoo!ニュース https://t.co/8hrtsTqDyg #Yahooニュース
1	RT @asahibeer_jp: ＼平日毎日１０名様に当たる！／ #アサヒドライゼロプレゼント ！締切は４／１５　午前９時５９分まで！ ①@asahibeer_jp をフォロー ②この投稿をリツイート 詳しくは⇒ https://t.co/4J2qdYZ4Bp https:/…
1	RT @asahibeer_jp: ＼ #プレミアムフライデー までにお届け！／ 本格芋焼酎「 #金黒 」が当たる！応募は４／１４　午前１０時まで！  ①@asahibeer_jp をフォロー ②この投稿をリツイート 詳しくは⇒ https://t.co/ifKsv8l4lR…
1	RT @FOXTVJAPAN: #プリズンブレイク 5に再集結したオリジナルキャストが新シーズンの見どころを語る特別番組を公開中！製作に至る経緯や作品への熱い想いを語っています🎥こちらからどうぞ https://t.co/9Rq85iVzUG https://t.co/6rX8…
1	RT @takaratomytoys: 今朝、マクドナルドでもらえる「おもちゃのトミカ」紹介しましたが、それと同じデザインの「ホンモノのトミカ」があたるキャンペンが4月22日から始まります。先着順なのでお見逃しなく( ・ω・)⊃  詳細こちら↓ https://t.co/AJ9…
1	RT @USJ_Official: グランドオープンまであと7日！【ミニオン・パーク】 世界最大の“ハチャメチャ”ミニオン・エリアで、ミニオンのユニークなかわいさを、思う存分楽しもう！  https://t.co/EGSnV7r2zM #USJ https://t.co/ug0…
1	RT @USJ_Official: 【ミニオン・パーク、4/21グランドオープン！】大人気のミニオン・ポップコーンバケツに「キング・ボブ」が登場！ミニオン・パーク内「ポパ・ナーナ」やポップコーンカートでゲット！年間スタジオ・パスをお持ちの方限定の特別企画も⇒ https://t…
-1	病院来るくらいなんやろーマスクしろよーなに撒き散らしてんねんほんま。うざいわ。
0	アホか🙄  今村復興相を激怒させたジャーナリストの正体　“国会議事堂にも慰安婦像を”（デイリー新潮） - Yahoo!ニュース https://t.co/Qe7SzTjS89 #Yahooニュース
0	RT @FOXTVJAPAN: #ウォーキングデッド 7 後半のメイキング＆インタビュー映像が届きました！リックたちの撮影時の想いやシヴァ活躍の裏側など、お宝映像が満載です…！こちらからご覧いただけます♪ https://t.co/isafKOZ4Kl https://t.co…
0	RT @takenoma: やっていることは、どう見ても「中国のスパイ」にしか見えないが、、、  「娘２人、中国に行ったことないのに…」　翁長知事（朝日新聞デジタル） https://t.co/2IFaPJ2j8X
1	RT @takaratomytoys: ＼予約受付中／ プラレールより、『きかんしゃトーマス』のぼくもだいすき！たのしい列車シリーズに「大井川鉄道きかんしゃジェームス号」が新登場ですo[(○'ー'○)]o  https://t.co/aE93JeERKK  ☆プラレールを買うと…
0	RT @kingjim: ぶん  ぶん  ぶん  文房具メーカーのキングジムです . 🐝｡*･*｡　　｡*･*｡　　｡*･｡ 　　　 *｡｡*　　 *｡｡*　   フォローお願いします
1	RT @takaratomytoys: ＼イベントお知らせ／ 4月23日（日）10:00-16:30、鉄道博物館で「プラレールＥ７系新幹線かがやきチャレンジ！」イベントやります。  先着でエコレールもプレゼントします ( ✧Д✧) ｶｯ!!  詳細こちら↓ https://t.…
1	RT @Panasonic_cp: 【締切間近🎁フォロー＆RTキャンペーン】 通学に便利な電動アシスト自転車ティモ・Fを1名様へプレゼント🚲応募は4/30まで！ ①フォロー ②この投稿をRTで完了 規約⇒ https://t.co/JC7lJRmiI7 https://t.co…
1	RT @asahiinryo_jp: ＼あと2日で締め切り！／ 「おいしい水プラス『カルピス』の乳酸菌」を総計1,000名様にプレゼント！@asahiinryo_jpをフォロー&amp;この投稿をRTで濱田岳さんが結果をすぐにお知らせ☆ 詳細⇒https://t.co/0x8YqMyV…
1	RT @Magica_Nanoarai: 第2弾🎉 #リサラーソン さんとのコラボCP💗 持って出かけるとウキウキなお弁当箱💖とマグネット(15種）を5名様にプレゼント‼  1⃣Magica公式アカウントをフォロー 2⃣ #Magica #リサラーソン をつけてこのツイートを、…
0	RT @takaratomytoys: ポッキーがのってるトミカでまぁあああああああああす！！！！！ https://t.co/Lf9ElsfUQk
0	ありがとー😋サントリー！！ https://t.co/ABbJRI27WN
1	RT @asahibeer_jp: ＼贅沢ゼロ　プレゼント！／  #クリアアサヒ贅沢ゼロ　応募は５／９　午前１０時まで！ ①@asahibeer_jp をフォロー ②この投稿をリツイート 詳しくは⇒ https://t.co/vQbYOip42w https://t.co/Xx…
0	お〜。県民じゃないから投票でけへんわ〜。かつやさんがんばれー！  コラムニスト、勝谷誠彦氏が兵庫県知事選出馬の意向　「恩返しがしたい」（産経新聞） - Yahoo!ニュース https://t.co/M8EXugLNhe #Yahooニュース
1	RT @akiko_lawson: 数量限定の「食べマス リラックマ」と「食べマス コリラックマ」が新発売♪見上げる顔が可愛いらしい練りきりの和菓子です(^^) #ローソン https://t.co/haXgJVKDmW https://t.co/AcaOYNP61M
0	RT @kingjim: キングジム創業90周年！＠kingjimをフォロー&amp;RTで当たる【90万円分のキングジム争奪戦キャンペーン】実施中 #90万円分のキングジム争奪戦 #ガーリーテプラ https://t.co/vu3NsWEUs3 https://t.co/Eks4Yi…
0	#プライムリッチ プライムリッチモニター総計5万名大募集！ https://t.co/EveRyn12kP https://t.co/RjPUFVZNfU
0	RT @Haagen_Dazs_JP: 【@Haagen_Dazs_JP】をフォロー、この投稿をリツイートすると抽選で100名様に新商品ミニカップ≪ほうじ茶ラテ≫4個と交換できるギフト券2枚をプレゼント♪ #2種類のアイスクリーム https://t.co/r2o1Q5NZ0I…
0	RT @TVGroove: 【 #オースティン・マホーン 再来日🎶】 オースティンは限られた時間のなか、集まったファンとセルフィーを撮影💕 カメラに向けてポーズも取ってくれました😊 #AustinJP @AustinMahoneJP https://t.co/NtXEvNK9im
0	RT @akiko_lawson: ハッシュタグキャンペーン実施中♪ #ローソンでリラックマ をつけて対象景品の写真を投稿すると抽選でオリジナルグッズをプレゼント(^^)フォローをお忘れなく♪ #ローソン #リラックマ https://t.co/awetBxOw5K https…
1	RT @takaratomytoys: 5月20日にすみっコぐらしのトミカ4種が発売されます ( ✧Д✧) ｶｯ!!  発売後、店頭で品薄になることも予想されるので、確実に手に入れたい方はご予約をおすすめします↓  https://t.co/S9YdF2NHPF https:/…
-1	ゆうパックさー！届くの遅すぎんねん！！ヤマトなら昨日届いてるわ！この調子じゃゆうパック届くの明日ちゃう！？なにしてんの！？
1	RT @Haagen_Dazs_JP: ハーゲンダッツベーカリーにGWスペシャルメニューが4/29から新登場！ アイスクリームコーンをイメージしたクロワッサンに、6種類の中からお好きなハーゲンダッツアイスクリームを組み合わせてお召し上がりいただけるスイーツです♪食べてみたい方は…
0	RT @takaratomytoys: ＼好評発売中／ こえだちゃんシリーズから「マイメロディ きせかえおしゃれハウス」が登場！  きせかえ用のお洋服や小物も１４パーツ付いていますヽ(•̀ω•́ )ゝ✧  https://t.co/WCwMCKaMYe https://t.co…
0	RT @asahibeer_jp: ＼🍺総計５０,０００名様 大募集🍺／ #プライムリッチ が全国のコンビニで受け取れる引換え券がもらえるキャンペーンがスタート！ アンケートに回答するだけで応募完了！今すぐこちらからどうぞ！ https://t.co/oIjzgpNvkx
0	RT @asahibeer_jp: ＼すぐに当たりがリプライでわかる／ 毎日挑戦できる「金黒スロット」キャンペーン実施中！！ ①アカウントをフォロー ②この投稿をRT 期間中合計100名様にプレゼント！レッツチャレンジ！！ #金黒プレゼント https://t.co/ZXrO4…
0	RT @asahibeer_jp: ＼すぐにリプライで抽選結果をお知らせ／ 期間中合計100名様にプレゼント！毎日挑戦できる「金黒スロット」キャンペーン実施中！！ ①アカウントをフォロー ②この投稿をRT レッツチャレンジっ！！ #金黒プレゼント https://t.co/39…
1	RT @Panasonic_cp: 【フォロー＆RTキャンペーン】 4K #セルフィー 機能でキュートな #自撮り がカンタンに撮れる #LUMIX GF9が抽選で当たる！応募は5/31まで ①アカウントをフォロー ②この投稿をRTで応募完了 規約⇒ https://t.co/…
1	RT @asahiinryo_jp: ＼明日締め切り！／ 「おいしい水プラス『カルピス』の乳酸菌」1ケースが500名に当たる！ このアカウントをフォロー&amp; #おいしい水プラス新登場 をつけて、飲んだ感想や商品・広告に関連する画像を投稿で応募完了！ ▽詳しくはこちら▽ https…
0	昨日からシムシティ落ちる(*´Д｀*)起動すらでけへん(*´Д｀*)
0	RT @asahibeer_jp: 【リプライで当たりがわかる】 毎日挑戦できる「金黒スロット」キャンペーン実施中！！ ①アカウントをフォロー ②この投稿をRT レッツチャレンジっ！！ #期間中合計100名様に当たる #金黒プレゼント https://t.co/IHUrEm1i…
0	RT @KFC_jp: ＼GW＆アプリ限定クーポン登場！／   ＼半額以上おトクなクーポンも♪／ 5/3（水）～5/7（日）の5日間限定！ ナゲット半額やドリンク100円…などなど。全4種♪。*:゜☆ヽ(*’∀’*)/☆゜:。*。 ★アプリをチェック！➡https://t.co…
0	あ〜((((；ﾟДﾟ)))))))シムシティーーーー！ロード中に落ちるのいつなおるん((((；ﾟДﾟ)))))))いつ遊べるんよ！
0	.°(ಗдಗ。)°.シムシティいつできるん…
0	RT @asahibeer_jp: ＼今すぐチャレンジ／ 毎日挑戦「金黒スロット」キャンペーン実施中！ 　①アカウントをフォロー 　②この投稿をRT 　③リプライで当たりが分かる #期間中合計100名様に当たる #金黒プレゼント https://t.co/jrnPlSJyj2…
0	シムシティ…入れ直した(*´Д｀*)でもなんかカクカクしてるなぁ…容量めっちゃあるんやけどなー(*´Д｀*)
0	RT @asahibeer_jp: ＼すぐにリプライで当たりがわかる／ 毎日挑戦できる「金黒スロット」キャンペーン実施中！！  　①アカウントをフォロー 　②この投稿をRT  レッツチャレンジ！ #期間中合計100名様に当たる #金黒プレゼント https://t.co/2nh…
0	RT @asahibeer_jp: ＼今日の運だめし／ 毎日挑戦できる「金黒スロット」キャンペーン実施中！！ 　①アカウントをフォロー 　②この投稿をRT 　③リプライで当たりが分かる #期間中合計100名様に当たる #金黒プレゼント https://t.co/4cdFFLSk…
1	RT @Fanta_Japan: ＼#ファンタキウイプラスE新発売／ 1日に必要な約1/2のビタミンE！#ファンタキウイプラスE を100名様にプレゼント！  ▼応募は5/16まで ①フォロー②この投稿をリツイート https://t.co/cwRN7SgPjS https:/…
0	RT @koikeya_cp: おはようございます。GW明けの様子。 https://t.co/eXBbP2Elb9
1	RT @takaratomytoys: 今日はかなり熱くなりそうなので、水風船のバンチオバルーン、投げつけたい気分。  （っ'-')╮ =͟͟͞͞〇　ﾌﾞｵﾝ  （っ'-')╮ =͟͟͞͞〇　ﾌﾞｵﾝ  （っ'-')╮ =͟͟͞͞〇　ﾌﾞｵﾝ https://t.co/2YOm…
0	Just posted a photo https://t.co/nKxekjReo8
0	RT @asahibeer_jp: ＼すぐにリプライで当たりがわかる／ 毎日挑戦できる「金黒スロット」キャンペーン実施中！！  　①アカウントをフォロー 　②この投稿をRT  レッツチャレンジっ！ #期間中合計100名様に当たる #金黒プレゼント https://t.co/7K…
0	RT @FOXTVJAPAN: セレブな実業家が警察署を丸ごと買収 💰👮💰👮‍♀️💰 ハイテク機器をフル活用した超現代型クライム・アクション！新作 #海外ドラマ 「APB ハイテク捜査網」が来週18日(木)夜9時にFOXチャンネルにて放送スタート♪ https://t.co/A…
1	RT @JMA_kishou: 【報道発表】（H29.5.12）エルニーニョ監視海域の海面水温が基準値より高い状態が続いていますが、エルニーニョ現象として発達する明瞭な兆候は見られません。秋のはじめまでにエルニーニョ現象が発生する可能性は50％です。 https://t.co/…
0	RT @lettuce__club: 焼き鳥屋にいる気分で家飲み！おつまみにもおすすめのとり皮料理5選 https://t.co/swFDGIBQlR https://t.co/8ZrxSrbRGF
1	RT @lettuce__club: これからの季節に！アレンジ味つけで冷しゃぶをさらにおいしく https://t.co/70yAjWtXRf https://t.co/iOXrIRCETF
1	首相！ガツンと言ってやって！！ほんまイライラするわあほちゃう！  国連委員会が「慰安婦」日韓合意見直しを勧告「補償や名誉回復は十分でない」　両政府に（産経新聞） - Yahoo!ニュース https://t.co/CmIY5vBm27 @YahooNewsTopics
1	RT @TVGroove: 「ワンス・アポン・ア・タイム」エマ役ジェニファー・モリソンが降板を発表！ ファンに衝撃 #OnceUponATime #OUAT #JenniferMorrison  ☆詳しくはこちら↓↓　https://t.co/xw4zRMbf2l
0	RT @AXNJapan: 「シカゴ・ファイア」第6シーズンに突入！「P.D.」「メッド」も更新 https://t.co/81VW0eJnrG #AXNJapan #海外ドラマ https://t.co/gM0ikjjUlu
0	RT @asahibeer_jp: ＼応募期限はあと３日／ 毎日挑戦できる「金黒スロット」キャンペーン実施中！！ 　①アカウントをフォロー 　②この投稿をRT 　③リプライで当たりが分かる #期間中合計100名様に当たる #金黒プレゼント https://t.co/cIvVKI…
0	RT @asahibeer_jp: ＼本日AM10時まで！／ リプライで当たりが分かる「金黒スロット」最終回！！ 　①アカウントをフォロー 　②この投稿をRT 最後の運だめし、今すぐチャレンジ！！ #期間中合計100名様に当たる #金黒プレゼント https://t.co/x0…
1	RT @asahiinryo_jp: ＼⏰残り24時間⏰／ 新しい「食事と一緒に十六茶W」と「リセットボディ 発芽玄米入りダイエットケア雑炊」のセットをプレゼント♪このアカウントをフォロー＆RTで応募完了✨ #アサヒの健康応援セットプレゼント  ▽詳細はこちら▽ https:/…
0	RT @Fanta_Japan: ＼明日まで！／ 新発売 #ファンタキウイプラスE 100名様に1ケースプレゼント！  ▼この投稿をRTして応募！ https://t.co/sPgoCFCIL4
1	RT @USJ_Official: 【フォロー＆RTするだけで #USJ の #ドリカム ライヴへ応募完了】6/25よりDREAMS COME TRUEと複数のコラボが発動！人気コースターのBGMに『大阪LOVER』搭載！更なるコラボはライヴ当日の6/25に発表！詳細⇒http…
0	いまの気分は『😪』アクエリアス クリアウォーター飲んだらすっきり 🌦 #アクエリアスクリアウォーター新登場　#すっきり味が新しい https://t.co/QXcCV3xFZa https://t.co/zHuqpYRjmc
1	RT @AQUARIUS_SPORTS: ＼#アクエリアスクリアウォーター プレゼント／ すっきり飲みやすいクリアテイスト。#アクエリアスクリアウォーター新登場！ 今の気持ちにぴったりの絵文字と渇きのシーンを選んで投稿すると総計100ケースが当たる！ ▼応募はこちら https…
0	RT @akiko_lawson: マチカフェ カフェインレスコーヒー発売記念キャンペーン @akiko_lawson をフォローしリツイート！抽選で1名様に「プリペイドカード1万円分」をプレゼント♪ #ローソン https://t.co/UBQ5HpmqSj https://…
0	あきこちゃん、ありがとー😋👍 #LAWSON #伊右衛門 https://t.co/uRcaDU8tmw
0	【今日のwakononの街】 #ランブルシティ 全然やってないわー https://t.co/Mn380qGHnr https://t.co/Wle97rDayy
1	RT @asahibeer_jp: ＼平日毎日１０名様に当たる！／ #ドライプレミアム豊醸プレゼント ！締切は５／１８　午前９時５９分まで！ ①@asahibeer_jp をフォロー ②この投稿をリツイート 詳しくは⇒ https://t.co/512Kt7FPBS https…
1	RT @takenoma: 頼りになる中国！  中国人観光客、異常発生カキ食べ尽くしデンマーク救済へ…みんな乗り気「中国人に任せろ」 https://t.co/5BQ4WSzWR9
0	RT @Haagen_Dazs_JP: 5月23日から全国のローソン、ナチュラルローソン限定でミニカップ『日向夏のパンナコッタ～パイを添えて～』が期間限定新発売！みなさん、発売をお楽しみに♪ https://t.co/LB2EyDhU2j
0	RT @kingjim: 茶漬けの日、TLに流そうよ     ∫∫∫ ◥█◤  さ   け    ∫∫∫ ◥█◤ たらこ    ∫∫∫ ◥█◤ の　り    ∫∫∫ ◥█◤ う　め    ∫∫∫ ◥█◤ わさび    ∫∫∫ ◥█◤ た　い    ∫∫∫ ◥█◤ おかか…
0	RT @koikeya_cp: ポリンキーの #強すぎる為に隠し続けた3つの能力 ・ポリンキーズ型になる ・小さくなる ・期間限定ででっかくなる あなたの持ってるポリンキーにも入ってるかも！ぜひ探してみてくださいね～(*´･ω･)△ #おはようございます https://t.c…
0	RT @kingjim: 渋すぎる https://t.co/AInEFK92hm
1	RT @asahi_the_dream: ＼平日毎日１０名様に！／  #アサヒザドリームプレゼント ！締切は５／１８　午前９時５９分まで！ ① @asahi_the_dream をフォロー ②この投稿をリツイート 詳しくは⇒ https://t.co/dHZcScgurl ht…
0	RT @SuperdramaTV: [新着！情報] 「アクエリアス 刑事サム･ホディアック シーズン２ 番宣CM」「SCORPION／スコーピオン シーズン３ 特報」ほか動画を公開！ https://t.co/tYE4KgP0fn #kaigaidrama  以下の動画を公開い…
-1	そろそろアウトキャスト見な…って思ってんけど、いきなり冒頭から無理！！！虫がぁぁぁ((((；ﾟДﾟ)))))))あーキモくて再生できひーん((((；ﾟДﾟ)))))))見たいのに見られへーん((((；ﾟДﾟ)))))))あぁ〜どないしよ.°(ಗдಗ。)°.
1	RT @asahibeer_jp: ＼平日毎日１０名様に当たる！／ #ドライプレミアム豊醸プレゼント ！締切は５／１９　午前９時５９分まで！ ①@asahibeer_jp をフォロー ②この投稿をリツイート 詳しくは⇒ https://t.co/4Mq0hIo2PM https…
1	RT @asahi_the_dream: ＼平日毎日１０名様に！／  #アサヒザドリームプレゼント ！締切は５／１９　午前９時５９分まで！ ① @asahi_the_dream をフォロー ②この投稿をリツイート 詳しくは⇒ https://t.co/8KM0Iyvm0s ht…
1	RT @TVGroove: 【㊗本日 @AXNJapan にてシーズン3放送開始📺】 「#シカゴファイア」主演テイラー・キニーが初来日! 女性ウケ抜群の肉体美も「実は小柄な方」!? マッチョだらけな消防士の実情を告白↓↓↓ @TaylorKinney111 https://t.…
1	RT @asahibeer_jp: ＼平日毎日１０名様に当たる！／ #ドライプレミアム豊醸プレゼント ！締切は５／２０　午前９時５９分まで！ ①@asahibeer_jp をフォロー ②この投稿をリツイート 詳しくは⇒ https://t.co/oMKu6Cd8tY https…
1	RT @asahibeer_jp: ＼発売前に飲める！！／  #ウィルキンソンハード無糖ドライ　　応募は５／２９　午前１０時まで！ ①@asahibeer_jp をフォロー ②この投稿をリツイート 詳しくは⇒https://t.co/lpoQojgvPn https://t.c…
0	RT @asahibeer_jp: おぉっーーっとー、ここでご本人登場だぁぁぁぁぁ！！さぁ、気を取り直して、、、どっちなんだい！！！！！  　きのこ派　⇒　RT！ 　たけのこ派　⇒　RT！ https://t.co/YaU1a75xvt
1	RT @asahi_the_dream: ＼平日毎日１０名様に！／  #アサヒザドリームプレゼント ！締切は５／２０　午前９時５９分まで！ ① @asahi_the_dream をフォロー ②この投稿をリツイート 詳しくは⇒ https://t.co/mae9uTH5PC ht…
0	RT @asahibeer_jp: さぁさぁさぁ国民的とも言えるこの対決、クリア アサヒのパートナーをめぐりっいざ一騎打ち！！さて、皆さま、  　　きのこ派 vs たけのこ派  どっちなんだい？ ？ ？ ？ ！！！！！ https://t.co/1jrmFSoibh
0	【今日のwakononの街】 #ランブルシティ https://t.co/Mn380qGHnr https://t.co/21vviEtBAs
0	くじを引いて当たりが出ると『アサヒ ザ・ドリーム』をプレゼント！（缶350ml×各2本） https://t.co/J9qkfHhpKb https://t.co/EqRfvIToDa
1	RT @takaratomytoys: トミカっぽくて素敵です↓  15階建て「スーパーカーの自動販売機」 シンガポールに出現 https://t.co/tlxd2NzxuW
0	もう、言葉はいらないかも？ #ステッカーで話そう とツイートしよう。 @Apple https://t.co/VPA2Wl07tC
0	RT @lettuce__club: 販売するたび即完売！ “幻の飴”と呼ばれる「惑星キャンディ」が3か月ぶりの再販 https://t.co/1cE7bGlnpP https://t.co/12hr4yeslS
1	RT @Kantei_Saigai: 【北朝鮮ミサイル４】今回の弾道ミサイルの発射は、航空機や船舶の安全確保の観点から極めて問題のある行為であるとともに、安保理決議等への明白な違反。我が国としては、このような北朝鮮による度重なる挑発行為を断じて容認できず、北朝鮮に対し厳重に抗議…
1	RT @Kantei_Saigai: 【北朝鮮ミサイル２】総理には本件について直ちに報告を行い、１．情報収集・分析に全力を挙げ国民に対して迅速・的確な情報提供を行うこと、２．航空機・船舶等の安全確認を徹底すること、３．不測の事態に備え万全の態勢をとること、の３点について指示があ…
0	RT @Kantei_Saigai: 【北朝鮮ミサイル１】本日16時59分頃、北朝鮮西岸より１発の弾道ミサイルが発射され、日本海に落下したとみられる。なお、落下したのは我が国の排他的経済水域（ＥＥＺ）内ではないと推定。
-1	ジェイコム、使いにくいって聞いてたから更新せんと使ってたのに、なんか知らんけど勝手に更新されて、録画リストめっっっさ使いにくいし！！！改悪しか出来ひんのか！😡💢どうやったらこんなイミフな作りにできんねん🙄
1	RT @asahi_the_dream: ＼平日毎日１０名様に！／  #アサヒザドリームプレゼント ！締切は５／２３　午前９時５９分まで！ ① @asahi_the_dream をフォロー ②この投稿をリツイート 詳しくは⇒ https://t.co/ebzXm85W5R ht…
1	RT @asahibeer_jp: ＼平日毎日１０名様に当たる！／ #ドライプレミアム豊醸プレゼント ！締切は５／２３　午前９時５９分まで！ ①@asahibeer_jp をフォロー ②この投稿をリツイート 詳しくは⇒ https://t.co/2Ekk7ZjLAI https…
1	RT @asahibeer_jp: ＼金黒をロックで愉しもう！／ ６月の #プレミアムフライデー までにお届け！本格芋焼酎「 #金黒 」が当たる！応募は５／２９　午前１０時まで！  ①@asahibeer_jp をフォロー ②この投稿をリツイート 詳しくは⇒ https://t…
0	RT @USJ_Official: 【フォロー＆RTするだけで応募完了！抽選で「先行体験」にご招待！】  おしえて!!!銀八先生～！  「 #USJ に #銀魂 のアトラクションができると聞いたんですが、本当ですか？」  続きはこの動画をチェック！  特設サイトは↓ https…
1	RT @TVGroove: 【速報】アリアナ・グランデ、イギリスでのコンサート中に爆発 死傷者多数 #ArianaGrande #ArianaJP  ☆詳しくはこちら↓↓↓ https://t.co/XrZMgoaDyx
0	RT @akiko_lawson: マチカフェのアイスアールグレイティーとアイスミルクティーが5/29まで20円引♪暑い日には冷たい紅茶が美味しいです(^^) #ローソン https://t.co/4DWD9qIlL1 https://t.co/RMcXeDMRFH
1	ジャンボガチャでハズレました... #ジャンボガチャ #ドリームジャンボ https://t.co/Urv0HVSEeF
1	ジャンボガチャでハズレました... #ジャンボガチャ #ドリームジャンボ https://t.co/WlGdLrRPZH
0	当たらん😭  https://t.co/aZKMdTTUzv
0	キリンクイズ検定 -第24回 “キリン 生茶デカフェ”編- https://t.co/UU6tkd1DFI
1	RT @asahibeer_jp: ＼平日毎日１０名様に当たる！／ #ドライプレミアム豊醸プレゼント ！締切は５／２６　午前９時５９分まで！ ①@asahibeer_jp をフォロー ②この投稿をリツイート 詳しくは⇒ https://t.co/GPJQmOryqX https…
1	RT @asahi_the_dream: ＼平日毎日１０名様に！／  #アサヒザドリームプレゼント ！締切は５／２６　午前９時５９分まで！ ① @asahi_the_dream をフォロー ②この投稿をリツイート 詳しくは⇒ https://t.co/bpq9hAaJHa ht…
1	RT @bathclin_jp: 本日、5月25日は「主婦休みの日」です。サンケイリビング新聞社が365日休みなしで働く主婦のために制定した日なのだとか。家事や育児に忙しく、たまにはゆっくりお風呂に入りたい･･･と嘆いている主婦は多いようです。今日はせめてお風呂だけでもゆっくり…
1	RT @akiko_lawson: 「明太釜玉風うどん」が登場です♪明太子と半熟玉子が、もちもち食感のうどんに絡んで美味しいです(^^) #ローソン https://t.co/npLkxgcwmR https://t.co/7Hi1g5qpHF
1	ジャンボガチャでハズレました... #ジャンボガチャ #ドリームジャンボ https://t.co/iKMDluq0tA
0	RT @takaratomytoys: ＼好評発売中／ 手のひらサイズでずっしり重い「メタコレ」シリーズに、ベイマックスのパワードスーツ装着バージョンが新登場です(`・ω・´)ゞ  https://t.co/xKzvHtJkOQ https://t.co/Cjn4YN9lQz
1	うちはいけるわ😊良かったー😋  ＜明治＞「カール」販売中止　中部地方以東　販売低迷で（毎日新聞） - Yahoo!ニュース https://t.co/jbYSxzujWc @YahooNewsTopics
0	情報ネットten.のグリーフケア、こないだと全く同じ内容放送してるやん。
0	『離乳食用　冷凍容器』このままやとあかーん！｜https://t.co/tBefqo2qny
0	『コストコ　☆オキシクリーン☆』このままやとあかーん！｜https://t.co/HPnGQ2ReMP
0	RT @sbfoods_jp: 【知ってる？】にんにくを奉納している神社があるんだって  　　　　　＼みなさんの回答お待ちしています♪／  ＃本生 ＃30周年 ＃本生うんちく
1	RT @asahi_the_dream: ＼平日毎日１０名様に！／  #アサヒザドリームプレゼント ！締切は５／２７　午前９時５９分まで！ ① @asahi_the_dream をフォロー ②この投稿をリツイート 詳しくは⇒ https://t.co/GyBOOYqdSA ht…
1	RT @asahibeer_jp: ＼平日毎日１０名様に当たる！／ #ドライプレミアム豊醸プレゼント ！締切は５／２７　午前９時５９分まで！ ①@asahibeer_jp をフォロー ②この投稿をリツイート 詳しくは⇒ https://t.co/GV21RMzzDa https…
1	RT @asahibeer_jp: ＼平日毎日１０名様に当たる！／ #ジャパンスペシャルプレゼント ！締切は５／２７　午前９時５９分まで！ ①@asahibeer_jp をフォロー ②この投稿をリツイート 詳しくは⇒ https://t.co/0qtcMdPlYm https:…
1	RT @akiko_lawson: 【予告】5/27からローソン外神田三丁目店（東京・秋葉原）に続き日本橋なんさん通り店（大阪）も「ドラゴンクエストXI」特別コラボ装飾を実施♪ #DQ11 #ドラクエ11 #ローソン https://t.co/bZmOWjrvu3 https:…
0	ほんま心の底からウザい。あんたら国内だけで解決しろや。恥を知れ  日韓合意　「人権」前面に蒸し返し　文政権、再交渉を検討（産経新聞） - Yahoo!ニュース https://t.co/7LLo3srgKO @YahooNewsTopics
-1	ハチ怖い！絶滅してほしい！  中国産スズメバチが九州に侵入　在来種、環境を守りながら繰り広げる攻防戦（THE PAGE） - Yahoo!ニュース https://t.co/NONxNL7OY2 @YahooNewsTopics
1	RT @asahi_the_dream: ＼平日毎日１０名様に！／  #アサヒザドリームプレゼント ！締切は５／３０　午前９時５９分まで！ ① @asahi_the_dream をフォロー ②この投稿をリツイート 詳しくは⇒ https://t.co/UWA7JcUtu1 ht…
1	RT @asahibeer_jp: ＼平日毎日１０名様に当たる！／ #ジャパンスペシャルプレゼント ！締切は５／３０　午前９時５９分まで！ ①@asahibeer_jp をフォロー ②この投稿をリツイート 詳しくは⇒ https://t.co/ariPIs9bcN https:…
1	RT @asahibeer_jp: ＼平日毎日１０名様に当たる！／  #スーパードライ瞬冷辛口プレゼント ！締切は５／３０　午前９時５９分まで！ ① @asahibeer_jp をフォロー ②この投稿をリツイート 詳しくは⇒ https://t.co/RTUKfcwNLz ht…
1	RT @asahibeer_jp: 突然ですが、皆様はコロッケとメンチカツ、どっちが好きですか！？こちらの写真をよーく見ていただき、「どっちが好きかな～」「どっちを食べたいかなぁ～」と想像してみてください。ということで、コロッケの方はRT、メンチカツの方はRT、どっちがどっちや…
1	RT @kappa35kappa: 母「ローソン福引で当たった風呂桶かして。使いたい」 私「いいよ」  こんな会話してから数日…家に帰ったら巨大スライムゼリーが出来上がってたー！？500円玉はサイズ比較用w https://t.co/8jE2bdsXmR
1	ジャンボガチャでハズレました... #ジャンボガチャ #ドリームジャンボ https://t.co/FeXghTtY1u
0	ツイートイベント開催中！ジャンボガチャに参加しよう！ #ジャンボガチャ #ドリームジャンボ https://t.co/mGpelombjs
