0	まつげ美容液げっちゅー💖 めっちゃ伸びるらしいから たのしみー✧ \( °∀° )/ ✧ https://t.co/V1wttcaK24
0	人生が70歳で終わるとして もう1/3も過ぎてしまった…。 まだまだ若いって飽きるほど 言われるけど全然若くない。 ほんまに人生楽しまなあかんと ふと思う🙈🙉🙊💭 https://t.co/NlT6Wap9hO
1	買っちゃった😩💖 かわいいよう😭💞 https://t.co/3YOGeYjrNZ
1	クアアイナー\(  ˆoˆ  )/🍴💖 お肉ジューシーすぎておいしい シェイクシャックのハンバーガーも もう1回食べたい💭 https://t.co/DidCi5JEXr
1	観てきた💖 久しぶりに映画館いったなあ。 面白かったけど、 なんか２時間ちょっとで 心がぐるぐるした🙄 次はモアナとSing観やな❣️ #lalaland #ララランド https://t.co/uRQiDUfZf5
1	麻雀好きな人必見✨ https://t.co/T947m2oOk4
1	スポーツ好きにおすすめ❣️  https://t.co/jOQj64wJuM  #野球 #阪神タイガース #侍ジャパン  #侍JAPAN  #サッカー #バスケ
0	ホワイトデー💖 https://t.co/x41KlGfs4j
1	いい天気☺️🌸
0	今日はゆっくりカフェへ💖 時間増えたら趣味も増えたな☺️🌸 https://t.co/6qmJ3MtYDY
0	今日はシーの15周年ファイナルや 混んでるんかなあ( ´･ω･`) #ディズニーシー #15周年ありがとう https://t.co/oO2BuMl7EV
0	念願のピンクヘアにした💖 https://t.co/BLaOpLInrm
0	ロシアのお土産貰いました💖   #ヨーロッパ #お土産 https://t.co/8LBU4ADIOA
1	楽しかったー💖 久しぶりにオールしたわ（笑） 今から寝まーす( ꇐ₃ꇐ ) #オール #飲み会
0	ゆっくりティータイム💖 #お家カフェ https://t.co/5oP50b31TP
0	頭がすごい痛い
1	昨日は彼氏に初めてBARに 連れてってもらいました❤️ やっぱり大切な人との時間は すごく大事だなって思います💖 彼氏やご家族との時間が もっともっと取れるように しませんか？？ ご興味があればご連絡ください❣️ →… https://t.co/Upbg4cD8Dn
0	Disney Expo Japan 2018 開催決定とか絶対行くけどな。 #DisneyExpoJapan2018 https://t.co/BPKb0Pky7b
1	好きなことを好きなだけする人生にしませんか？ お買い物をしながら…旅をしながら… スキマ時間でスマホ一つでお仕事📱✨ その方法を大公開✧ \( °∀° )/ ✧ ご興味があればご連絡ください❣️ &gt;&gt;&gt;&gt;【@ylv6982a】※@をお忘れなく！ #好きな事を好きなだけ
0	ダイエットする…
0	天気いいのに寒いなあ(´-ω-`)
1	明日からディズニーイースターや💖💖 早く行きたいなああ😳💖
0	イースターああああ💖💖💖 はよ行きたい((((；ﾟДﾟ)))) https://t.co/GQyiq0MA0y
1	転売屋さんすごいなあ… 最終日らへんいくけど 多分うさたまごっち無くなるか( ˃̣̣̥ω˂̣̣̥ ) イースターはお菓子しかかえなそう💦 #ディズニーイースター2017  #転売やばい
0	20代で月収100万稼ぐ方法❣️ まずはお問い合わせを☺️💓 【@ylv6982a】※@をお忘れなく！ コピーしてLINE検索お願いします🙆 #お金欲しい #働きたくない
0	今日からダイエットします🙄✨ とりあえず晩御飯は RIZAPレシピにした💦 お腹空いたよおおおお( ˃̣̣̥ω˂̣̣̥ )
1	@dream_ge_ai こちらこそありがとうございます☺️ なかよくしてください💓
-1	寒いか暑いか微妙すぎ😂
0	@dream_ge_ai ありがとうー💓 うれしーい☺️
1	@dream_ge_ai D友さんうれしい💓
0	ワンス終了！？
0	６月インできんくなるかもしれん💦 どうしよ…しぬ
0	イライラしすぎて寝れやん
0	うさたまごっち完売なん…😭😭 #ディズニーイースター2017
1	今から35周年たのしみ💓ワンスもクリスマスでおわりやし、ハピネスも今年で多分おわるけど新しいパレードたのしみ☺️来年ランドのイースターはするんかな？去年シーは周年でなかったけど💦 #ディズニーランド35周年 https://t.co/gfH6Mh96vf
1	美女と野獣観てきた！やばすぎた…物語も曲もアニメーション版に忠実で最初から涙腺が😭😭ディズニーは毎回毎回涙腺ぶっ潰しにかかるからやばめ💦💦
1	スキマ時間でアンケートに答えてお小遣い稼ぎしませんか？コチラのURLから登録してアンケートに答えればボーナスポイントがもらえちゃう。さらに抽選で豪華賞品プレゼント！ マクロミルならアンケートの数が多くてポイントが貯まりやすい！ https://t.co/Mg2KOrUhn0
1	@Em_s_smith @omochired この方のベティちゃんとかすごいですよ💓
