0	@moriko1224 12-24に入ってから100ポストに到達しました！ (現在およそ103ポスト)
1	@MichiruAaa あつまろおおおおおおおおおおめりくりいいいいいい
1	@akb114511810 (ともきも早く太れ)
0	@tigers_nk0507 かわいそう
1	@akb114511810 いいよもっと
0	24日そろそろ終わっちゃうんですけど、ほんとに祝ってくれたみんなありがとうございました！！！(;_;) これからももりこをよろしくお願いします(;_;)
1	これから1年のもっと色々な人に出会っていければいいなって思う！ もっと積極的にイベントに関わって、人と関わってっていきたい！
0	@JmEexVl8zoqGfBp たまき先輩ありがとおおおおおおおおたまき先輩の一旦のラストライブバイトでいけないけどがんばってええええええええええええええ(;_;)
0	@22239abr みなみ先輩ありがとうございますうううううううう٩( 'ω' )ﻭ メリークリスマス*\(^o^)/*
0	RT @murakyamikyami: 間違えたもりさん誕生日おめでとうしね https://t.co/yzNcqBjHjB
0	@ch1c4c ほふたろうwww ありがとwwww
1	@ch1c4c 流石だよほふたろう
0	@sfu2taz ありーくりすます！ がんばるよ就活！！
1	@akb114511810 たんじょうびおめでとおおおおおおおおおおおお19さいいいいいいいいいいいいいいいいいいいい
0	@moriko1224 12-24のポスト数：118 (うちRT：2)
0	@memeshe238 ざまちゃんの破片(
0	@ch1c4c DCはまだ続きそうなのか
0	@ch1c4c 草生える
1	@ch1c4c 運営さえ良ければ良ゲー
-1	@ch1c4c もったいない
0	@ch1c4c ほふたろうブチギレ
0	@ch1c4c おめでたやん
-1	@memeshe238 かなしい
0	@ch1c4c ()
0	@ch1c4c あぁ、、、
0	@ch1c4c いよいよか、、、
0	@memeshe238 もう終わったけどね()
0	@ch1c4c みんなの心には残った
0	@memeshe238 ざませんぱいありがとうございます
0	@memeshe238 ご飯行こう
0	@moudamedagirl お疲れ様
0	@mifaken3 やめろw
0	@mifaken3 やめような
-1	@9715Natsu むらもとじゃん笑 ありがと笑笑
0	@mifaken3 それはやってこうな
0	@9715Natsu 意味わからん笑
0	@candy_kzm  たきちゃんありがとおおおおあお٩( 'ω' )ﻭ
0	@moudamedagirl バイトの忘年会でした笑
0	@nooya0126 @dayoon_akihiro 俺も♡
1	SHANKの新曲まじで良き
0	@nooya0126 @dayoon_akihiro (ΦωΦ)フフフ…
0	@nooya0126 @dayoon_akihiro 離脱できたら勝ち(  ˙-˙  )
0	@nooya0126 @dayoon_akihiro 駆逐しよう
0	@nakasss_uw 余裕でアウトで笑うんだけど ありがと😊😊😊😊😊
0	@kkkkknnnnn415 間に合うとは一体(  ˙-˙  ) けんうありがと😊😊お前ちょいちょい食べに来てるらしいな笑
0	@kkkkknnnnn415 余裕でしてるわ笑
0	@kkkkknnnnn415 五郎丸笑 似てるか？笑あの身長高い人よ笑
0	@kkkkknnnnn415 明日言っとくね(＾ω＾)
1	@kkkkknnnnn415 大丈夫だよ😊
0	@nakasss_uw @kkkkknnnnn415 飲みな行こうよ
0	明日なんか撮ろう
0	撮りたいのいっぱいあるなー
1	ベースでもいいな
0	@moudamedagirl らしいとはなんだしw
0	@candy_kzm もりこは暇人だよ(  ˙-˙  )
0	@candy_kzm いや寝れんかっただけ笑
0	ふあああああああああと6時間とかしたらばいとかああああああ
0	30日にめぐさんに会いに行くからそれを楽しみにバイトするしかない
0	めぐさんほんとツボ
0	@moriko1224 12-25のポスト数：45 (うちRT：0)
0	@candy_kzm ちゃんと寝たよ笑
0	バイトでクリスマスおわり！
0	クリスマススペシャル https://t.co/Dc8etyIFxP
1	やりすぎ() たまご3つは多いよ(；・∀・)
0	@pinyanyas2 当店自慢の豚骨魚介のつけ麺です(＾ω＾)
0	@pinyanyas2 食いしん坊()
0	@pinyanyas2 今日は作ってもらったよ笑
0	明日はなんもないからなにしよー
0	動画にゲームに写真整理に払込みに＼('ω')／＼('ω')／＼('ω')／＼('ω')／＼('ω')／
0	@dayoon_akihiro そうだよ
0	@12Miiiyu おめでと！
-1	うさまるうううううううううかわいああああああああああ＼('ω')／＼('ω')／＼('ω')／ https://t.co/H04xzF871t
1	羅針盤弾くのくそたのしい
0	@shu915cf それ以前に音がぶれすぎたから消したわ
0	@moriko1224 12-26のポスト数：16 (うちRT：0)
0	風つよない？
1	@Zawatorute 強いよ何言ってるの
1	@mnm_ymd つよい
1	@Zawatorute 大丈夫？
0	@Zawatorute 許してやるよ(＾ω＾)
0	最近寝る時間がこの時間になってる(ﾟ_ﾟ)
0	ソトの空気吸ってる
0	@moriko1224 12-27のポスト数：8 (うちRT：0)
0	最近バイト入ってキレそうになるからカルシウム足りてない(
0	バイトおわ
0	@moudamedagirl 酔ってたな
0	@kowamasa あり
0	@_wh1tecat ありがとー
0	最近寝付けないよほんと
0	いつも寝るの4時とかだよ
0	くそって感じ
0	ざーちゃんころすぞ
0	あといぼ痔になったかもしれないこれ
0	@kkkkknnnnn415 @5shuya しね
-1	RT @hamakei: ▽馬車道に「日本酒セルフSAKE SPOT」　100銘柄が飲み放題 https://t.co/tWvEky0r3w #横浜 #yokohama #日本酒 #飲み放題 https://t.co/n3rV5HZqCs
0	@Scottie_you おっめっでっとっう
0	@Zyun_Soup 自分を捨てな
0	@Zyun_Soup じゃあしね
0	@ss8_pm かほやんが？
0	@zawa_rad 全盛期の俺
0	@Zyun_Soup じゃあしぬしかないね
-1	@zawa_rad 5はしんどいよな
0	@Zyun_Soup そういうこと
0	@Zyun_Soup きm
0	@ss8_pm おっさんじゃねぇかwwww
0	@Zyun_Soup へい
0	@ss8_pm 気張っていこうな
0	@kouichi_kato79 SHANKとてんふぃみるのね！！！！！
0	@kouichi_kato79 ハマれ(＾ω＾)そして、メロコアポップパンク沼になれ(＾ω＾)(＾ω＾)(＾ω＾)(＾ω＾)(＾ω＾)(＾ω＾)
1	@kouichi_kato79 locofrankとHawaiian6川島先生大好きだから聞こうな(＾ω＾)
0	@kouichi_kato79 locofrankは俺はハマってしまったよ(
0	@kouichi_kato79 聞いてみて
0	■さりな■でどうですか
0	@moriko1224 @laser_SK @JP_DCEsarina @so__hotter
0	つまんなかったごめんね
0	┐('д')┌┐('д')┌┐('д')┌┐('д')┌┐('д')┌┐('д')┌┐('д')┌┐('д')┌┐('д')┌┐('д')┌┐('д')┌┐('д')┌┐('д')┌┐('д')┌┐('д')┌┐('д')┌┐('д')┌┐('д')┌┐('д')┌┐('д')┌
-1	@laser_SK @JP_DCEsarina @so__hotter ひどいやっつけ感
0	@Kaori_Harapeko
0	@setteriine1023 お前4日前だぞありがと
0	地震やで
0	@setteriine1023 へーそうなんだところでところてん？
0	@setteriine1023 わろたwwww
1	@mnm_ymd @hazzieone いや大丈夫
0	@T_E_R_A_O ばーい(爆発音)
0	@hazzieone @mnm_ymd (  ˙-˙  )？
0	@T_E_R_A_O 草 がんばって池沼客を相手するんだよ
0	@T_E_R_A_O 次の学校が楽しみだァー
0	@mnm_ymd @hazzieone ( ´ﾟдﾟ｀)ｴｰ
0	@T_E_R_A_O わかる
0	@Zyun_Soup おい引きこもり！
0	@hazzieone @mnm_ymd そーだそーだ
0	@hazzieone @mnm_ymd  影1球2だろ
0	@Zyun_Soup そんなほざいてるひまあったらミニ四駆走らせましょーね
0	@mnm_ymd @hazzieone 1人歩きしてる
-1	@setteriine1023 うるさいちんげ
0	@Zyun_Soup 年明けだな
0	@mnm_ymd @hazzieone 俺
0	@T_E_R_A_O やばいもん
0	@mnm_ymd @hazzieone そう思ってるうちが花
0	@T_E_R_A_O バイトと家の往復
0	@mnm_ymd @hazzieone どろんこ
0	@mnm_ymd @hazzieone はいりなよ
0	@setteriine1023 ブーメランおつ
0	@mnm_ymd @hazzieone そうな
0	@takuto1228boozy 誕生日おめでとおおおおおおおおおおおお
0	@setteriine1023 ハハッきもしね
0	ほんとおしりいたい
0	何があったの
0	@moriko1224 12-28のポスト数：66 (うちRT：1)
0	@setteriine1023 おうまってるね
0	@setteriine1023 ここは日本だよ？何言ってるの？
1	@setteriine1023 俺はゴージャスに生で煽られたことある人間だぞ俺を崇めろ
1	@setteriine1023 よかろう
1	@setteriine1023 スマホゲームのフェスいったらゴージャスがいた
0	どっかでアコギコソ練したいな
1	@setteriine1023 すごい負け方したら逆にすごいよwwって言われた笑
-1	@setteriine1023 おじさん眠いから寝るね
1	@hiro_BMW ひろき兄さん連れてって(
0	寝よう、、、
0	@hamatsunorin いやおやすみ
0	@hamatsunorin ないですww
0	@hazzieone ん？
-1	@hazzieone たかだはきつい @Zyun_Soup
0	@Zyun_Soup @hazzieone 全部
0	@Zyun_Soup @hazzieone  全部
1	@Zyun_Soup 風が強いからたかだのズラ取れないようにな🖕
0	@Zyun_Soup へ？
0	@mnm_ymd 同じ画像を何回使うの
0	@Zyun_Soup 植毛？
0	@Zyun_Soup ｷﾉｾｲ
0	@Zyun_Soup り
0	@moriko1224 12-29のポスト数：23 (うちRT：0)
0	バイトおわ
0	仕事納め
0	きたくったー
0	@Kenjigt1230 おめでとな〜
1	@kewpie_sake いしかわさんかわいい
0	@kewpie_sake えっ飲みたい
0	@kewpie_sake 終電終わってるんだよなぁ！？？？？
1	@kewpie_sake 明日予定あるから年明けがいいんだよなぁ！！！！？？？？
0	@tama_kn @kewpie_sake いしかわさん飛んでる(褒め言葉)
1	@kewpie_sake バイトだったので流石に寝させてくださいwwww 年明けしたら行きましょ笑
0	@tama_kn @kewpie_sake 間違いない(
0	@kewpie_sake @tama_kn 今日は石川さん寝て笑 新年冬休みが終わる前に行きましょ指切りげんまん
0	@kewpie_sake @tama_kn  おやすみなさい笑
0	先輩達みたいに愛されるようなキャラになりたいわ〜〜
0	ももくりおわっちゃったよおおおおおおあああおおあああああ
0	俺の中でSMAPよりロスがでかい(時事ネタ)
0	ももくりああああああ(;_;)
0	@mnm_ymd おはよ
0	さぁ準備して大船行ってご飯食べてめぐさんに会いにゆくよ
0	めぐさんのライブ行ってきた！！ https://t.co/hnQTvYiQCW
0	@tigers_nk0507 英語強化トレーニング
0	@tigers_nk0507 https://t.co/uIkyqX2C2W
1	@2Yayatntn 俺はかなり好きよ
0	@moriko1224 12-30のポスト数：24 (うちRT：0)
1	RT @say_fuku_: 冬コミ2日目も平和です #冬コミ #C91コスプレ  #C91 https://t.co/4pBqxm5deQ
1	今年一番の思い出かー やっぱ夏祭り楽しかったなぁ また、来年もやれたらいいな٩( 'ω' )ﻭ
0	来年は色々なチャンスを取りこぼさないように生きていきたいです(
0	ためになりましたかほやん https://t.co/QT3KgpAglJ
0	PTPは知らないけどチラ見した時に違和感
1	@2Yayatntn いいじゃんかいっても( ﾟдﾟ)ww 俺はめぐさん好きだし( ﾟдﾟ)ww
0	@ss8_pm いやねれない笑
0	@ss8_pm イライラしてお前に当たるぞ( ﾟдﾟ)
0	@ss8_pm えんりょー( ﾟд ﾟ)y━~~
0	久々の運転楽しみだな
0	@mnm_ymd は？
0	@mnm_ymd やめとこ
0	@ao_____1231 おたんじょうびおめでと！
0	あけましておめでとうございます 今年もよろしくです。笑
0	【謹賀新年】 @moriko1224 12-31のポスト数：17 (うちRT：2)
0	久々のロングドライブはしんどいれす
0	運転したの3ヵ月ぶりだったけん
0	はーつひーのでー https://t.co/W40NfAmrP6
0	@mnm_ymd ことよろ！
1	つっっっっかれたあああああああたのしかったあああああ 2週間に1回は乗るようにします。笑
0	タイムマシーン3号のクオリティ高くて笑った
0	後輩は未来に行ってしまったようだ、、、
0	@05ryn_aaa1212 そうな
0	@moriko1224 01-01のポスト数：10 (うちRT：1)
0	暇じゃの(´・ω・｀)
0	@yuu_info やばいよな
0	@yuu_info 課金するゲーム
1	@yuu_info 運強いな
0	@yuu_info money more money and time moneytime
0	@yuu_info fkおやすみ
0	おおおおおおおさらっと名前晒してきたぞ
0	石田さん
0	@a101a3710 俺がお前のライバルだ！
0	@a101a3710 チュウニレート 6.34 太鼓 全良 3曲 マイマイレート 4.3ですお願いします＞＜
0	@a101a3710 帰れで草
0	@moriko1224 01-02のポスト数：12 (うちRT：0)
0	ビリヤードなう https://t.co/FTOEVhbiz7
0	@LightRightWrite 戸塚
-1	@LightRightWrite 遠いよ
0	@moriko1224 01-03のポスト数：4 (うちRT：0)
0	@tigers_nk0507 いままでありがとな
0	@tigers_nk0507 借金スタートの年
0	@moriko1224 01-04のポスト数：4 (うちRT：1)
0	きいいいたああああぬ
0	明日暇ちゃん
0	何しよ
0	@ziiiiima8950 じーまさんスタジオいきたい
0	@ziiiiima8950 いつあいてる？
0	@ziiiiima8950 16以降ねー ちょっと予定見ておくね！
0	@Kaori_Harapeko 暇だよ！！！！！！！！！！
1	@Kaori_Harapeko 絵でも書いてないとは(＾ω＾) 画伯が出ちゃうから絵描きはよくない(；・∀・)
0	@Kaori_Harapeko ゲームやってるよ＼('ω')／＼('ω')／＼('ω')／＼('ω')／
0	@Kaori_Harapeko そう考えたらかおりんの方が暇人なんじゃね？ https://t.co/DY2AeDulvU
0	@Kaori_Harapeko 絵描きさんになってるのね(・∀・) かおりん絵上手いよなーその能力少し分けてくれ( ﾟдﾟ )
0	@Kaori_Harapeko 毎日描いてたらどんどん心折れていくんですがそれは()
0	@Kaori_Harapeko 模写かー笑 ありっちゃありだね笑
0	@Kaori_Harapeko ほんとに(´・ω・｀)笑 少し試してみようかな(´・ω・｀)笑
0	@Kaori_Harapeko もりこさんがんばる
-1	@Kaori_Harapeko ねむいです https://t.co/gK56zpXJBu
0	@Kaori_Harapeko なんだと
0	@Kaori_Harapeko そうでしたかおりん食欲旺盛な子でしたね()
0	@moudamedagirl いえあ
1	@Kaori_Harapeko コナンくんは笑う かおりんご飯大好きだもんね！！！
0	@Kaori_Harapeko ほうばってるところしか想像できないです()
1	@Kaori_Harapeko いいキャラしてるよ(   ˙-˙  )b
-1	@Kaori_Harapeko 笑い方こわっ( ﾟдﾟ )
0	@Kaori_Harapeko えっ
1	フレデリックのベースのリフ良いよね
0	@Kaori_Harapeko ごめんて
0	@Kaori_Harapeko ころされそう
0	@Kaori_Harapeko ほんとにやばいやつ＼('ω')／
1	@Kaori_Harapeko 最後においしいご飯が食べたい人生でした＾＾;
0	@Kaori_Harapeko 間違いない(  ˙-˙  )って殺すなし( ﾟдﾟ )
0	@Kaori_Harapeko まだ生きたい
0	@Kaori_Harapeko えっそんな
0	ひーまーなーいーちーにーちー
0	@Kaori_Harapeko わかる
-1	@Kaori_Harapeko わかる5時に寝て10時に起きたからしんどい
-1	@Kaori_Harapeko ねむいよや
0	@Zyun_Soup 明後日ひまなん
0	@Zyun_Soup さがみ野わんちゃんない？
0	@Zyun_Soup さがみ野行くか
0	@Zyun_Soup 13時くらいにさがみ野集合でいいか
0	おなかいたい
0	今日もう3、4回おトイレいってるよどうした
0	@Zyun_Soup おけ
0	@Zyun_Soup その時はパーツで許してやるよ(＾ω＾)
0	@Zyun_Soup 殺すぞ
0	夜ご飯魚介類で食べられない事件
0	何食べましょ
0	@ss8_pm 貴様いかたこえびはまだ食べれん、、、
0	@ss8_pm おろろろろろする
1	@ss8_pm なんか調理の仕方で食べれる食べれないが最近わかった ただ食えんもんまじで強要されたら本気で吐くからな体が拒絶するからな、、、
0	@y_mahiro_k_15 おめでた
0	@ss8_pm すごいな、、、 吐くから食えって言われても無理よほんとに
0	@ss8_pm しゃーなし
0	@moriko1224 01-05のポスト数：54 (うちRT：0)
1	@hiro_BMW 誕生日おめでとひろき兄さん
0	@hiro_BMW 雀荘連れてってくれな
0	@hiro_BMW やりたくてしゃーない
0	@hiro_BMW チョンボしたくてうずうずしてるよ
0	@hiro_BMW わろたwww
1	@akb114511810 大丈夫か
0	@moriko1224 01-06のポスト数：7 (うちRT：0)
0	@akb114511810 まじお大事にな、、、
0	@ya__yu08 誰かと思えばお前か( ﾟдﾟ )
0	@i_am_go3 中村ちゃんやないかい笑
0	@ya__yu08 おうおう
-1	@i_am_go3 唐突笑 おひさだな笑
1	@i_am_go3 なるほどな 俺は元気だよ元気か？一瞬行方不明なってたけど()
0	@i_am_go3 歌いたいんだ笑 クソニートしてんじゃねぇ！働け！
1	@i_am_go3 我慢出来なくなっちゃったのか ちゃんと働いてて安心
0	@i_am_go3 SHANK新譜でるから楽しみ まぁ社畜だもんな
1	@i_am_go3 SHANKはやりたいな確かに ライブもいきたい
0	@i_am_go3 仮に組んだとしよう俺はなにをやればいんすか
-1	@i_am_go3 何言ってるの頭弱い人になってるよ
-1	@i_am_go3 無理に決まってんだろ！かんがえろ！！
0	@i_am_go3 ベースとギターはとりあえず弾けるよ
0	@i_am_go3 誘ったのお前やんけ( ﾟдﾟ )笑
1	@i_am_go3 ノリは大事な
0	@i_am_go3 こういうところでそういうのがでちゃう
0	@i_am_go3 お前専門生舐めすぎだろ(＾ω＾)(＾ω＾)
0	@i_am_go3 今の時期は暇だよ( ´ﾟдﾟ｀)
-1	@i_am_go3 パリピこわい( ﾟдﾟ )
-1	@i_am_go3 もりこぱわー弱いからだめ
0	@i_am_go3 所詮はただの元部長よ
1	@i_am_go3 マジカヨ
0	@i_am_go3 すぐ病むな
0	@i_am_go3 しっかりして
1	@i_am_go3 強く生きろ
0	@i_am_go3 もりさんに任せたら進まないぞ
0	@i_am_go3 いねーよ笑
0	@i_am_go3 ねーよ( ﾟдﾟ )
0	@i_am_go3 踊るロックとは
0	@i_am_go3 ざっくり( ﾟдﾟ )
1	@i_am_go3 多いな笑
0	@i_am_go3 SHANK誰が歌うんだよ(
0	@i_am_go3 オワリ
0	@i_am_go3 そうな
1	最近ベースがテクニカルな曲も好きになってきた
0	@i_am_go3 ねおち
0	@i_am_go3 うるせぇ！
0	@i_am_go3 ブーメランの音が聞こえる
0	この距離おかしいだろ https://t.co/CosbAsfxzn
0	高田とミニ四駆の為だけにさがみ野攻めてきた
1	久々のミニ四駆は楽しかったわ
1	高田が楽しそうだったから何より
0	@yuu_info 次はゆうとの家に走らせに行くから待ってて
0	@moriko1224 01-07のポスト数：45 (うちRT：0)
0	@JP_DCEsarina  や っ た ぜ 。
0	@JP_DCEsarina ぶつぶつぶーつぶーつぶつぶーつぶつぶつぶつぎりマントマンwwwwwwwwwww
0	@kentoppoo あれ？明日なの？笑 今日じゃないんですか？笑
0	@kentoppoo 待ってwwwwwww
1	@kentoppoo 日付感覚おかしいwwwwww１日はやいwwwww
0	@kentoppoo 出直してきますね┐('д')┌
0	ますます迷走していく音作り、、、
0	どうやったらひょうたさんみたいな音にできるのよ、、、
0	@murakyamikyami まじで迷走していく彼のせいで、、、
1	@murakyamikyami 完全に俺じゃない人をバカにしてるだろ┐('д')┌
0	@murakyamikyami 俺もよくわからない
0	もうよくわからなくなってきたから寝る
0	T・T・Yたつやああああああああああああああああああああ(迫力のあるSE)
0	おじさん疲れたから寝るね
0	@tataboo_4 あってるよ豆腐屋さん
0	@tataboo_4 しゅっ(ブーメランの音)
1	@tataboo_4 久々におもしろいこと言ってくれるじゃんやるじゃん
0	@tataboo_4 やめろよ笑今日はエイプリルフールじゃねぇぞ笑嘘つくなって笑
0	@tataboo_4 ピキってるのか(´・ω・｀)笑
0	めぐさんの動画見ると色々なビール試してみたいよね
0	HoegaardenとBrugsだって 飲んでみたいね
1	RT @hanatomo84: 東京都小平市にある egggCafeさん  [ブリュレパンケーキ]  カスタードクリームの旨さを最大限に感じることのできる絶品濃厚パンケーキ！ふっくらとした厚めの生地が2枚重なりカラメルソースを掛けて頂きます。生地の旨さ、全てのバランスを見ても完…
0	うわああああ食べたい
0	@mifaken3 のぎまよくんヌンチャクで弾いてるんですか()
0	@mifaken3 LAなのにチャイナ武器の矛盾()
0	@mifaken3 ブラックメタルはいよいよ犯罪者
0	改めまして成人の先輩方おめでとうございます(`・ω・´)
0	@moriko1224 01-08のポスト数：29 (うちRT：2)
-1	エルレとかものあいず歌えるくらいに上手くなりたい
0	カラオケいきたい
1	新しい敷きパッドふかふかでしねる https://t.co/ejDqUybv6B
0	@_wh1tecat 捗るとかそういうレベルじゃない( ﾟдﾟ )
-1	@miyagaw61 お歌上手くないからしんどいんだよ！！！
0	@miyagaw61 しょうがない
0	@moriko1224 01-09のポスト数：7 (うちRT：0)
1	ウィルキンソンの緑色がほんとにおいしいから飲んでほしい
0	@___3yn お金ためような(
0	@___3yn わかる
1	やっぱ鎌倉人多いな
0	鎌倉きたからアジカンきかなきゃ(使命感)
0	初詣避ければ混んでないね https://t.co/t8P2RXdhoK
0	末吉、、、笑 https://t.co/QTJFtU9tvf
0	初詣したから帰ろ
1	RT @yashi09: ヤカン新しくしたんだけど、お湯湧いた時の音がこっちの想定外すぎてめちゃくちゃ盛り上がってる https://t.co/fyj9Fh1IMO
0	@moriko1224 01-10のポスト数：10 (うちRT：1)
0	@XuLaUqMPBdhE2Ql 車買ってくれ(＾ω＾)
0	RT @fashionpressnet: [明日から開催]「大黄金展」純金の‟きかんしゃトーマス”が新宿髙島屋に登場 - https://t.co/IbMIcc5Yu8 https://t.co/UvmSRxYGrj
0	@XuLaUqMPBdhE2Ql しぬかな？？？？？？
0	@mifaken3 やすい
0	@XuLaUqMPBdhE2Ql 終わらないよ(ﾟωﾟ) チョイノリ買ってあまるじゃん(ﾟωﾟ)
0	@mifaken3 さすが
1	麻雀何もわからねぇけど楽しかったぞ
0	@moriko1224 01-11のポスト数：8 (うちRT：1)
0	1人で食べられるわけないだろ https://t.co/lGGiUX0Wwa
0	@kowamasa むりな？
0	@moriko1224 01-12のポスト数：3 (うちRT：0)
0	ばいとおわー
0	遅刻するやでって学校に連絡した瞬間電車来るやつ
0	あー速度おっそおわり
0	遅刻ですこれはありがとうございます
1	SCANDAL良きだな
0	頭が働いてない(脳がやばい) https://t.co/Uiy2WODGex
0	そうだけどそうじゃない
0	@tama_kn バカが出ちゃう
0	@tama_kn 俺も書いてびっくりしたよ
0	@matsu9love4yuu 頭がフルに働いてない証拠(やばい)
0	@tama_kn 光一だから助かった浩二とかだったら詰み
0	RT @matsu9love4yuu: @moriko1224  森 光1
0	@matsu9love4yuu そうだけどそうじゃない
0	@tama_kn 英数字で助かるタイプの人間
0	@tama_kn だいたい()
0	@saitotototo がんばってくれこーちゃんまじで。
0	@zawa_rad ワイヤレスは草
0	@zawa_rad そんな動くんすか、、笑
-1	@zawa_rad こわすぎ()
0	@saitotototo だいぶ前笑 ありがと笑
0	かおりんがあれてる、、、
0	@moriko1224 01-13のポスト数：22 (うちRT：1)
0	@mifaken3 わかる
0	@mifaken3 おとこのおおおおおおお
0	@mifaken3 どこまでみたかわからないけど確かに京一以外は頭悪い
0	@mifaken3 間違いない せいじはシミュレーション3でいかずに調子のってシミュレーション2で行って負けるお猿さんだから
0	@mifaken3 ぱぁん(ビンタの音)
0	@mifaken3 グーパンとか峠の麓で意識落とす気かな(困惑)
0	@mifaken3 てことはもう4thstageか
0	@mifaken3 けいすけ様々事件
0	@mifaken3 けんたは小物キャラ確率
0	@mifaken3 飽きないよな
0	@mifaken3 ゴットハンドゴットフットはほんとあつい
0	@mifaken3 たぶん城島さんと星野さんかな
0	雪！
0	@moriko1224 01-14のポスト数：15 (うちRT：1)
0	@ss8_pm おっさん
0	@ss8_pm 他におやじがいないからこうなる
0	@1210akiraaa なーに買ったの
0	@Scottie_you 遅れてごめんな！！！！おめでととととおおととおお
1	@1210akiraaa オーテクいいよな٩( 'ω' )ﻭ
0	@1210akiraaa いくら？笑
0	@1210akiraaa たっか笑 俺のより高いぞ( ﾟдﾟ )笑
0	@1210akiraaa やばいね笑
0	@moriko1224 01-15のポスト数：9 (うちRT：0)
0	@1210akiraaa 就活だから行けたらな笑
-1	RT @nanrakanoki: 自己評価が低い森 「オレ林かも」
0	森だから思わず笑ったわ
0	RT @yui_george: 星野源さんの「恋」を ドラムとギターと歌の同時演奏でカバーしてみました！  #逃げ恥 #星野源 #カバー #恋ダンス https://t.co/EOlpuFGsec
0	どーゆう写真を欲しいのかけいちゃん先輩を詠みながら選別していかないとな
-1	やばねむいお
0	髪の毛切ってさっぱりした٩( 'ω' )ﻭ
1	@mzmzlife25 林になった感じだね笑 完全にパーマのちりちりは無くなったよ笑 明日はスーツだよ笑
0	@mzmzlife25 ゴミって感じ┐('д')┌
0	@kagero0915 はーい笑
0	@kentoppoo @kagero0915 しおい先輩集合。
0	@mnm_ymd @kentoppoo @kagero0915 殺すぞみなみ
1	@toshi_0203_Gt 雨水さん元気
0	@mnm_ymd わかるよ
0	@mnm_ymd じゃあ理解しろ
0	@ghk_o @mnm_ymd おい
0	@dayoon_akihiro @ghk_o @mnm_ymd あっきー？(＾ω＾)
0	誰かonsenUI教えてくれ()
0	RT @nanrakanoki: 絵踏みでついでに韻も踏む https://t.co/6ta7mSBz5q
0	@toshi_0203_Gt 雨水さんだよ
0	@toshi_0203_Gt ないよ(どーん)
0	@toshi_0203_Gt いえー
0	@toshi_0203_Gt もち
-1	久々のうすい https://t.co/ApVRpPKjmu
1	(国内盤のワンオクちゃちゃっと買って喜んでる人、そう、そうだよ、お前の事だよ輸入盤と国内盤で入ってる曲微妙に違うの知ってるか知らなかったやつ早くタワレコに飛び込むんだ)
0	@jfr8uNps47LmiOW だろ？
-1	うすいにギブソン借りるわもう
1	@jfr8uNps47LmiOW レスポールいいっすよほんと
0	@moriko1224 01-16のポスト数：29 (うちRT：3)
0	@ken10sho15 俺が買ったワンオクの輸入盤1000円で買え！！( ﾟдﾟ )
1	@ken10sho15 500円でいいよ買ってくれほんと( ﾟдﾟ )
0	絵描き歌でらコック描いた https://t.co/UC2O8JZFeI
0	@Kaori_Harapeko 画伯の力
0	絵描き歌でスプー https://t.co/XzG4NZuZE6
0	@Kaori_Harapeko くそ煽ってんじゃねぇか笑 やめろ笑
0	@Kaori_Harapeko バレバレなぁ！？
0	@moriko1224 01-17のポスト数：8 (うちRT：0)
0	SHANKのアルバム楽しみでしかない
0	@1210akiraaa 応募してない！
0	@1210akiraaa いつだっけ
0	@1210akiraaa まじか笑 どうしようかな笑
0	@1210akiraaa まじか笑
0	@ch1c4c やったぜ。 こっちに来るのかな？
1	@ch1c4c そっかそっかw とりあえず無事決まってよかったねw
0	@ch1c4c おぉww
1	@ch1c4c つよいなw
0	@ch1c4c まじw
1	@ch1c4c すごいなw
0	@ali4254_sa 交通ルールを覚えましょう()
0	@moriko1224 01-18のポスト数：13 (うちRT：0)
1	@haduki1208 ボタン押させたら新しいhtmlに飛ばすことでとりあえず落ち着きました笑
0	@moriko1224 01-19のポスト数：2 (うちRT：0)
0	けいちゃん先輩スーツ
0	@mifaken3 ねろ
0	@Hyt_r12 @mifaken3 学校で忙しい(´・ω・｀)
-1	@jfr8uNps47LmiOW なーにがじぇじぇじぇ！だよレスポールで轢き殺すぞ！！！！！！！！！1111111
-1	@T_E_R_A_O ねむいな
0	@jfr8uNps47LmiOW レスポールが欲しいそしてレスポール買ったらレスポールが欲しい
0	@jfr8uNps47LmiOW チェリーとハニーが欲しいよ
0	@T_E_R_A_O てらおひまそうだったからゆるされるかなって
1	@T_E_R_A_O T6のおまいらとは遊びてぇよ笑 カラオケでも飲みでも雀荘でもいいからさ笑
0	@T_E_R_A_O バイトより小プロで忙しいおじさん笑
0	@T_E_R_A_O こればっかりは仕方ない笑
0	@T_E_R_A_O 遊ぼう言って捨てられる俺(  ˙-˙  )
0	@T_E_R_A_O しゃーない笑
0	@moriko1224 01-20のポスト数：14 (うちRT：0)
0	@jfr8uNps47LmiOW そんなお金ないよ
0	@jfr8uNps47LmiOW ギブソン1つ欲しいよね
-1	@mnm_ymd ねむい
1	SCANDALいいよなまじで
0	2週間に1回は絶対聞いてるわ
-1	京急久々だわ
1	源泉はやっぱおいしいね https://t.co/SlJkaoQW2D
1	@D_spaceZ 源泉おいしいいいいいい 戸塚にあるから行きやすいしね笑
0	@W0CCA はじめてないよー なんでだ笑
0	@moriko1224 01-21のポスト数：10 (うちRT：0)
0	@D_spaceZ えっ
0	@W0CCA なるほどね笑 一応アカウントはあるんだけどね笑
0	@W0CCA うむw
1	@kagero0915 すごく自分にとって色々考えされられた良い場でした！ お疲れ様でした*\(^o^)/*
0	@XuLaUqMPBdhE2Ql なんてラーメン屋？笑
1	@XuLaUqMPBdhE2Ql 名前大事だろ！笑 覚えててよ気になるんだから笑
0	@XuLaUqMPBdhE2Ql 気になる木
0	@XuLaUqMPBdhE2Ql 明日かなー()
0	やっぱこっちにストラップかけた方がやりやすい https://t.co/S7MdNKPhTh
0	煽り散らかしてる
0	@moriko1224 01-22のポスト数：12 (うちRT：1)
0	@murakyamikyami ご飯食べ過ぎじゃない？？？
0	くそ久々にワンオクをきいてる
1	ワンオクは昔の方が好きぞ
0	@murakyamikyami 教習所乗り回そ
-1	@murakyamikyami 残念だわ
0	@murakyamikyami 教習所を乗り回すというパワーワード
0	@murakyamikyami 他の人をでぃするな
0	@murakyamikyami ああああああ俺かああああああ
0	RT @murakyamikyami: @a57ki  自分でいこうな🔞
1	ガス代高速代飯代出してくれて新幹線よりも遅くてお金掛かってもいいならいいって
0	三重あたりに置いていきたいらしい
0	RT @murakyamikyami: @a57ki  なわけねーだろ合宿だわ免許の
0	ばっくえんどにデータいかねぇぞ(#ﾟДﾟ)ｺﾞﾙｧ!!
0	原辰徳
0	めっちゃふぁぼられたしおい先輩に笑
0	RT @T5UMUT5UMU: @各位 https://t.co/qDoeMBYP7w
-1	@dayoon_akihiro たぶん厳しいよ
0	バイトです
0	@dayoon_akihiro がんばって
0	@moriko1224 01-23のポスト数：20 (うちRT：3)
0	@ya__yu08 @ss8_pm 風評被害
-1	RT @T_E_R_A_O: もう無理眠すぎる 明日おれの髪脂ギッシュだったらそういうことだから優しくしてね
0	なんか勇気を貰った
-1	横にJKがいると気まずくならん？
0	@kewpie_sake でました(*´д｀*)ﾊｧﾊｧ笑
0	@mzmzlife25 なんか隣座ってごめんなさいみたいな
0	@KFunayama0709 @mzmzlife25 ふなはｼ━━━ｯd(ºεº；)
0	@mzmzlife25 @KFunayama0709 そんなことよりタルト食べたい
0	@mzmzlife25 @KFunayama0709 違うフルーツタルト
0	@KFunayama0709 @mzmzlife25  ふなｼ━━━ｯd(ºεº；)
0	@mzmzlife25 @KFunayama0709 でしょ
0	RT @mzmzlife25: もりこのスルースキルはゴリ押し型
-1	露骨な無視とかするよ(
0	顔ガン見して無視しよ
0	アルバムthreadえもい気分になれる
0	@i_am_go3 https://t.co/szRI102k2O
0	@i_am_go3 殺されるらしい
1	@i_am_go3 つまりおもろいやん
0	@kewpie_sake いきましょうよ
0	湘南平塚愚連隊悪命wwwwwwwww
0	この時代にあった名前をつけようよ(´・ω・｀)
0	@moriko1224 01-24のポスト数：22 (うちRT：2)
0	なんか言おうとして忘れた
0	凌駕食べに行きたい
0	久々に古賀さんにあいたい
0	@nekotanu0206 あなたはLinuxやめますか？それとも人間やめますか？
-1	ねむすぎる、、、
-1	@nekotanu0206 じゃけんあーちりなっくすの講座開きましょう
0	@nekotanu0206 みんなで一緒にBIOSつくり
0	RT @a101a3710: 個人情報ガバガバすぎィ！！
1	RT @a101a3710: ついに収入まで晒し始めてんの正気か？
0	そろそろ口座の番号晒しそう()
0	お腹減った
0	@mnm_ymd さよならって感じ
1	@mnm_ymd 真面目？
0	@mnm_ymd がんばろうな、、、
0	@mnm_ymd 逆に聞きたい、、、
0	@mnm_ymd えっ言ってたじゃん、、、
0	@mnm_ymd いやがんばるよ
-1	@mnm_ymd しんどい
0	@T_E_R_A_O @maakibump1126 何やってんの学校こよう
0	RT @a101a3710: みにゃさん収入晒しツイ消ししたみたいだけどログ残っちゃってんだよなぁ... https://t.co/X45oZTLfbM
-1	RT @a101a3710: とりあえずいっぺん特定厨の餌食にでもなって痛い目みねえとわかんねえのかこいつは
0	@ya__yu08 ありがと
0	@ya__yu08 ありがとな
0	@moriko1224 01-25のポスト数：25 (うちRT：5)
0	無視されたわ(;_;)
0	@kentoppoo おおおおおおおおお
1	さけちのじっきょうおもろい
0	わろ
0	ちょっとかなしみがふかみでうおおおおおおおおおお
0	(  ˙-˙  )？
-1	@jfr8uNps47LmiOW かなしいな
1	@jfr8uNps47LmiOW 指名大事
0	横溝ちゃんに会った(`・ω・´)
0	RT @BN_McBa: 神奈川厚木の炎上商法です。 https://t.co/FVpy5D9OAj
1	@kagero0915 まじですか大丈夫ですか、、、 お大事にしてください、、、
0	@moriko1224 01-26のポスト数：12 (うちRT：1)
-1	ダメだ大手に魅力をそこまで感じてるわけじゃないからそこがやばい、、、
1	こーいちさんまじでおもしろいわ笑
0	ETCスルーは笑う
0	【弾いてみた】HEY-SMITH True Yourself: https://t.co/HLaBj164Id、@YouTube がアップロード
0	【弾いてみた】HEY-SMITH True Yourself ノリとノリで弾いてみました https://t.co/35Y0F07fiu
0	@mnm_ymd おはよ
0	お前ら朝だぞ起きろおおおおおおおおあ
0	@callmindspecial だめだよ
-1	特待生支離滅裂になりそうこれ
0	おはようございます夜ですねそれでは今日も１日おやすみなさいって感じだ
0	@callmindspecial https://t.co/2fIdEjT3PL
0	@mnm_ymd おやすみなさい
0	バイクが風に煽られる
1	Let me flyかっこいい
0	@LightRightWrite 20とかおめでと笑 酒が飲める酒が飲める酒が飲めるぞー
0	@zawa_rad @mifaken3 動画はよ
0	@LightRightWrite 酒おごるから俺の前の誕生日の分で酒おごれ
0	@LightRightWrite ありでしょいこう
1	https://t.co/VOgPVr3GTH けとなーちゃん使ってる俺にはかなり熱い
0	@matsu9love4yuu 今日なのか
0	@matsu9love4yuu  昨日かVRでやろう(  ˙-˙  )笑
0	結局気合いで出しました
0	みずこしくんじゅんちゃん様々(;_;)
0	かずちゃんもまじお疲れ様(´・ω・｀)笑
0	@ghk_o ありがとおおおおお かずちゃんもお疲れ様٩( 'ω' )ﻭ
0	最後の10代が俺だけしかいないのは笑った
0	鬼のようなスケジュールが終わった、、、
0	来週休み取らないとしんじゃう
0	@mnm_ymd おつ
0	@pinyanyas2 ありがと！！
1	ある先生「(時計17時)まだ僕の時計だと14時半だから大丈夫だよ」 とある先生「チクチクチクチク(針の音)」
0	@mnm_ymd もりさん土曜スタートのカレンダー
0	@moriko1224 01-27のポスト数：33 (うちRT：0)
0	@mnm_ymd そり
0	@nooya0126 心の支え
1	@nooya0126 大事笑
0	人を引いたのはかほやんの中でさほど問題じゃないらしい
0	じゅんちゃんが音信不通なんだが、、、
0	マーシャルのヘッドホンってどんな音するんだろマーシャルの音するのかな
-1	ねむい
0	@kowamasa ねないよばか
0	@max128_at たくみおめでと！！！
0	@mnm_ymd おつかれちゅん
0	@moriko1224 01-28のポスト数：11 (うちRT：0)
0	@Zyun_Soup ころすぞ
0	@mnm_ymd 俺の分は？
0	@mnm_ymd あとじゅんちゃん
0	じーまとスタジオいく٩( 'ω' )ﻭ
0	ベビーカーきてるのに察しろよ横のくそ
0	RT @ziiiiima8950: 今日は後輩とスタジオ練 既に疲れてる はしゃぎすぎた 飲みすぎてはない 朝5時のすためしがキイテル 限界まで oh yeah
0	https://t.co/hsNx2gx0Nb @youtubeさんから くっそシュール
0	@mnm_ymd あっ
0	@nooya0126 こうやって休日が終わっていく、、、
0	まーひー
0	@miyagaw61 わかる
0	@moriko1224 01-29のポスト数：12 (うちRT：1)
0	おやす
0	@maakibump1126 きんたま今日は来いよな！
0	@yuu_info ちがうよー
0	@yuu_info 違うよ用無しだよ
-1	@yuu_info ねむいな
0	@maakibump1126 やばくないお前の単位の方がやばい
1	@yuu_info ふかい
0	@maakibump1126 そうな学校毎日こいな
0	RT @Kenjigt1230: ひろきのお友達がお隣に来ました。 今日は６限目じゃなく１時限目から来たみたい
0	@dayoon_akihiro あっきーこれからも一緒にがんばろ まだまだこれからだよ
0	@moriko1224 01-30のポスト数：11 (うちRT：1)
-1	寝坊からの遅延で優勝
1	RT @iruca_sl: ちなみに、 ・店員に大声で怒った→威力業務妨害罪 ・金品を要求する→恐喝罪 ・「誠意を見せろ」などと必要に怒鳴る→脅迫罪 ・「土下座をしろ」と命令→強要罪 ・「お引き取り下さい」「お帰り下さい」で帰らない→不退去罪  最後に、店員はお客様を選べる権利…
0	@ss8_pm んなことねぇよ
1	@ss8_pm なるほどね。 でも、そんな友達あんまいないっていい事だよね
0	@ss8_pm そやで
0	RT @kinnpatuhikaru: 全部で27万円… 服に関してお金を使わない俺にとっては高い買い物だった… https://t.co/i9k9dEEIpe
0	ふと思ったけど星野源の恋のPVベースハマオカモトなの？
0	てんふぃのシングルフラゲしたし帰って曲入れよう
0	あと自賠責払わなきゃ
0	@W0CCA そうだよー
0	@W0CCA そうなん？ 何乗ってるの？
0	@W0CCA 今度はNAの方乗ってるのか ぜひお願いします(　ﾟдﾟ)
0	@W0CCA ありがと！
0	@Hosho_mikio 原付の期限切れちゃうから更新よ
0	@Hosho_mikio 優勝
0	RT @george_10g: #本日の暇カプチーノ、『だるま屋ウィリー事件』。 https://t.co/tkUkuTbxWv
1	てんふぃのシングル良き
0	@moriko1224 01-31のポスト数：18 (うちRT：3)
0	もおおおお疲れたよおおおおおと
0	癒しくれ癒しをおおとおお
-1	まじめにおこ
0	月1でしかやらない計算なんか覚えてるわけないだろ、、、更に毎月やるわけじゃないし俺が、、、、
0	マニュアル作るか電話したらでようぜ、、、
0	なんか腹たってしまったよね。
0	申し訳ない
0	とりあえず明日は起きたらいこう。
0	@Zawatorute んなわけないだろバカ(  ˙-˙  )
1	@nekotanu0206 つよそう
-1	あーしーたーにはーもおここーにーわー
1	ヒトリセカイまじでかっこいい
0	火とリズムもかっけえ
0	てんふぃってかんじ
0	全力で放課後足を捻りました()
0	@Scottie_you そうだよ岩谷とかだね
0	@Scottie_you そういう意味で期待してるわ
-1	たかふみブチギレ
0	歌上手くなりたいから弾き語りしような
0	@mnm_ymd つまり気合いで治せってことかな？
0	@kentoppoo @mnm_ymd 革新的過ぎて試せない、、、笑
0	@mnm_ymd そり
1	弾き語りにいい曲ないかな
0	@jfr8uNps47LmiOW こぐれっちと下北連れてけ(　ﾟдﾟ)
0	@jfr8uNps47LmiOW いこう
0	@tataboo_4 そっかーまた今度な
0	@Zyun_Soup 知ってた
0	@moriko1224 02-01のポスト数：28 (うちRT：0)
1	@mzmzlife25 山が近い(  ˙-˙  )
1	@mzmzlife25 空気美味しそうですね(  ˙-˙  )
0	@mzmzlife25 ODAWARA
0	@mzmzlife25 どこでしたっけ
0	さなーごの写真撮ってるところを撮る人になる
0	@mzmzlife25 YUGAWARA
1	@mzmzlife25 湯河原人多いんですか、、、
0	@mzmzlife25 まじ
0	@saniiigo630 まだ買ってないな？？？？
0	@saniiigo630 (   ˙-˙   )ｳｨｯｽ
0	RT @ILOHAS: ＼#いろはすスパークリングぶどう／ Twitter限定！2/27新登場の、#いろはすスパークリングぶどう先行体験 5,000名様 大募集！ ▼今すぐ応募！&lt;2/8締切&gt; ①フォロー＆この投稿をリツイート ②応募フォームに入力⇒https://t.co/u…
0	@s_tongue 大いにあり
0	つける場所決めました ギターのケースです(ﾟωﾟ) https://t.co/WX71B7k3ON
0	最近神長のことをおじさんって呼んでる
0	@moriko1224 02-02のポスト数：15 (うちRT：1)
0	ノリでパワポのリモコン買いました()
0	そしたらけいちゃん先輩が部費で落とすから領収書ちょーだいって言われました
1	あれあったら便利だなって思って買ったら楽しい展開に(＾ω＾)
1	僕用にもう１個買っていいすか()
0	@_wh1tecat ごめんな、TOKIOと真逆の精神なんだわ
0	@kewpie_sake 気が合いますね(＾ω＾) ってことは来週の週末飲みに行けるってことですね(＾ω＾)
0	@kewpie_sake もりこういち卒研見にいきますよ笑
0	@kewpie_sake ガン見しにいきますわ(＾ω＾)
0	threadまじで捨て曲とか無いよなほんといい曲しかない
0	@teishincho_HG おめでと！！
0	疲れたああああああ
0	でも、けいちゃん先輩とかほんとがんばってるからもりこもがんばらないと
0	あと、特待生さらっと落ちたからな()
1	相馬先生のフォローは嬉しかった
-1	@kagero0915 こわすぎる( ﾟдﾟ )笑笑
1	負け惜しみみたいになっちゃうけど特待落ちたなら他の舞台でがんばればよいのよ
1	@mifaken3 あと1回だけでいいんだ、、、
0	@Scottie_you ありがと笑 もりこまだあと1年色々がんばるよ笑
0	@mifaken3 こんな大人になりたくないベストテン
0	@mifaken3 俺なら刺し殺す勢い
1	@Scottie_you 優しいかよ笑
0	@kowamasa 実際来年も学園祭やる気あるし、小プロやってるしもっとがんがんやってきたいよね
0	@kowamasa いろいろやろう
0	@kagero0915 @IK_0110 そして板挟みになる1年の光一、、、笑
0	RT @IK_0110: @moriko1224  ちょっとさ、俺一年じゃないしそれに近藤と同じ学年で君の先輩でもあるのにタメ口はないと思うんだが。 せめて、プロフを見てくれないかな？
0	@IK_0110 えっあの誤解させるような発言して申し訳ないのですが、、、 僕の森 「光一」です、、、
-1	@IK_0110 写り悪いですが、、、 さすがに会ったことない先輩にタメ口は厳しいです、、、笑 https://t.co/KcpEGb66Wx
1	誤解解けたようなのでよかったε-(´∀｀*)ホッ
0	@yuu_info 仕方ない笑
0	@yuu_info そういう時もある
-1	@yuu_info 誤解する発言した俺も悪い
1	@IK_0110 いやわかっていただければ大丈夫です笑 なかなかいませんもんね光一って名前は笑
0	@yuu_info それは草
1	@yuu_info それの方がおもろいやん
0	@yuu_info わろた
0	@yuu_info やばい
1	@IK_0110 確かにですね笑 武藤先生もそうですが漢字は違いますからね笑
0	涼ちゃんが何故か謝る事件笑
0	@IK_0110 こういちはまぁまぁいます笑
-1	@IK_0110 あともう1人くらいいた気がします笑
0	@T_E_R_A_O はい
0	@T_E_R_A_O 草バイトだわ
0	@T_E_R_A_O お前もやめとけ
0	@T_E_R_A_O こんなん笑うわ
0	@T_E_R_A_O 似てる
0	@moriko1224 02-03のポスト数：46 (うちRT：1)
0	@IK_0110 ありえますね笑
0	さみーしねみーし
0	こぐれがてらだてらおだって
1	@Kaori_Harapeko 大丈夫？
0	@Kaori_Harapeko 安静にしましょう(  ˙-˙  )
1	RT @meia_star39: いつ帰ってきて見ても可愛いなお前 https://t.co/fLSyMEy6zj
0	白カプチかこいい٩( 'ω' )ﻭ
0	@Kaori_Harapeko 案の定捨てたか笑 わかったありがと٩( 'ω' )ﻭ
-1	@Kaori_Harapeko  いやいや笑 むしろ急にごめんねm(_ _)m
1	@Kaori_Harapeko かわいい後輩ちゃんなんて照れるじゃーん(ﾟωﾟ)(ﾟωﾟ)(ﾟωﾟ)(ﾟωﾟ)(ﾟωﾟ)(ﾟωﾟ)(ﾟωﾟ)(ﾟωﾟ)
0	@Kaori_Harapeko 中指を立てるな(  ˙-˙  )
-1	@Kaori_Harapeko わかる最近俺も痛い整形外科いこ
0	@Kaori_Harapeko 何も恥ずかしくないよ(  ˙-˙  )？
0	@Kaori_Harapeko キノセイ(  ˙-˙  )
0	@Kaori_Harapeko それはわかる
0	@Kaori_Harapeko 湿布貼ろうな
0	@Kaori_Harapeko あとは腰を動かさない生活しよ
0	@Kaori_Harapeko かおりん他に持ってそうな先輩っていないかな(´・ω・｀)？
-1	@Kaori_Harapeko 助かるっ！
0	ヒトリセカイまじでえもい
1	てんふぃは元気の源みたいなところある
0	@XuLaUqMPBdhE2Ql 大会なう？
0	@XuLaUqMPBdhE2Ql まじか笑 がんばって笑
0	@XuLaUqMPBdhE2Ql やったぜ。
0	@mifaken3 わかる
0	@mifaken3 ごくふれ
-1	RT @DividedSelf_94: 砂糖シロップを油であげるという想像を絶するインドの激甘菓子。一口かじると揚げた皮の中身から、油とシロップが口内に津波のように押し寄せる。味なんてもんはない。ただ油と甘みが胃と舌を蹂躙する。三口も食べればで天一のコッテリに匹敵する胸焼けを引…
-1	弦交換してだいぶ細いのにしたから物足りない感あるわ笑
0	@moriko1224 02-04のポスト数：29 (うちRT：2)
0	@1210akiraaa アジカンがあつい
0	@1210akiraaa アジカンは20年経っても音楽がブレないってところが魅力だから
0	@1210akiraaa わかる
0	@XuLaUqMPBdhE2Ql 優勝してこいそして焼肉待ってるね
0	@XuLaUqMPBdhE2Ql 今日もがんばれ笑
-1	唐突なドライブ https://t.co/kBWdMcCYum
0	@hosho_mikio 違うな？
0	@hosho_mikio ぶっこわしにいくね
0	@hosho_mikio 任せて
0	@hosho_mikio うぇーいって感じ
0	@hosho_mikio パリピ
0	@hosho_mikio ドクダミでキメるから
0	@hosho_mikio そうだよ
0	@mnm_ymd 日光(  ˙-˙  )
0	@mnm_ymd 多分笑
0	@mnm_ymd 勢いだよ
1	@mnm_ymd 大事
0	@mnm_ymd 木更津になりました
0	すくらんぼーこーさてん https://t.co/rrDPwB6B5E
0	@mnm_ymd 千葉
0	@XuLaUqMPBdhE2Ql お疲れ様
1	@__luckys__ オイル大好き！
0	@__luckys__ 親方の窓ガラス割り選手権2017
0	@__luckys__ えーそんなー
0	@__luckys__ 買ってません(1週間ぶり300回目)
0	@__luckys__ 300年後ね
1	@memeshe238 めっちゃおもしろいじゃんその子
0	@memeshe238 スナフキンは笑う
0	@memeshe238 分析は笑うわ
0	@memeshe238 川崎に移るとは()
0	@memeshe238 なるほど ということでもりこういちの大予想 多分Twitter探られてそう()
0	えのしま https://t.co/2ZSo45auml
0	@memeshe238 ざまちゃん多分掘られるから気をつけて、、、
0	@memeshe238 テクニック持ちかもしれない
0	@memeshe238 気をつけてね
0	@memeshe238 わろた
0	@tt_tennis0205 おめでと！
0	@pinyanyas2 おおおおおお
0	RT @LINE_DEV: 【LINE Beaconプレゼント】#BOTawards IoT/Beacon部門をさらに盛り上げるために、LINE Beacon基板3個×3組にプレゼント！ フォロー＆この投稿をRTで応募完了、締切は2/6（月）AM10時です。どしどしご応募＆エン…
-1	うすい「IDで」
0	@ss8_pm ぱんぱんやんけ！
0	@ss8_pm パンパンやないかい！
0	@pinyanyas2 身長が足りない様子()
0	@moriko1224 02-05のポスト数：45 (うちRT：1)
0	@nekotanu0206 きゃんた誕生日おめでと！！！！！ チャーはしばらく待ってろよな！
0	@nekotanu0206 明日からインターンだから少しの間待ってくれよな( ﾟдﾟ )
0	@nekotanu0206 C#らしいからな未知の領域を技術ってくるよw
0	久々に角田と碓井とたけるに会って1日中ドライブいってきた！！ #木更津アウトレット#箱根#ターンパイク#霧#やばかった#湘南平#めっちゃ#綺麗#走行距離#400km https://t.co/k5lXScVem5
0	@nekotanu0206 3日目かららしいんだけどこの1週間でC#の風浴びてくるわ( ﾟдﾟ )
0	@nekotanu0206 ありかんた！
0	@i_am_go3 友達の真似したら身長足りんかった()
0	@i_am_go3 あ、ありがとうございます
0	わろえない
-1	踏切は無茶すんなよおい
1	専門入ってからやたらこの手のもの多くなった気がする
0	ギリで渡ろうとしたやつまじfk
0	そろそろ気合いを入れよう
0	かみながほんといいやつよな
0	でも、学校はちゃんとこいよな
-1	@nooya0126 20弱に綾鷹吹くところだったあぶないあぶない
1	RT @kumootokodayo: おめでとう三兆円www 公式がキレてるのと、ジバニャンの予選落ちわろたwww  #ぷにぷに   #ぷにぷに人気投票 https://t.co/SMPf1Ta5Uf
-1	@nooya0126 もりこういちは怖くてきれないよそれ( ﾟдﾟ )
0	@nooya0126 ちゃんと明日こぐれに報告しような( ﾟдﾟ )
-1	@nooya0126 こわいこわいこわいこわい笑
0	@nooya0126 10でもやばい笑
0	@nooya0126 減らすなし笑
0	@nooya0126 間違いない笑
0	@i_am_go3 どうした話聞くよ？
0	@i_am_go3 こうやってその人を煽っていくすたいる
0	@moriko1224 02-06のポスト数：26 (うちRT：1)
0	関内まあまあ降りるな
1	RT @icaten_typeA: くら寿司というケーキが美味しい牛丼屋さんに来ました。では早速、担々麺を食べたいと思います！ https://t.co/SjsugVbiDI
0	@zawa_rad ダクソ野郎
0	RT @ice_arr: JavaScriptの書き方、chromeのネットつながらない時の恐竜のゲームのコードが綺麗だし参考になりそう https://t.co/rxloL30hmg
0	@zawa_rad 半日以上で草
0	RT @zawa_rad: @moriko1224 ダクソは1日15時間まで
-1	RT @zawa_rad: ダークソウルクリアしちゃったなぁ
-1	@kewpie_sake 寒いっすよ！笑
1	@kagero0915  気にしないでください！笑 がんばりましょう！そしていい活動にどんどんしていきましょう！！！！
0	@moriko1224 02-07のポスト数：11 (うちRT：5)
0	昨日のゲームボーイはかなりツボだったわ
0	@__luckys__ だめおやすみ
0	@__luckys__ 見える俺には見えるぞおお
0	RT @CMP_official: 【DRAGONFORCE 新規公演決定！】 Dragonforceの新作”Reaching Into Infinity”のリリース決定と共にジャパン・ツアーが決定！ https://t.co/PakGP39TjU https://t.co/R…
0	https://t.co/M7ymiZUDBZ いくしかねぇだろ
0	後ろの女の人腰やばいだろ
0	どんだけ曲げてんの
0	@kewpie_sake 曲がってるんじゃないんすよ( -ω- `)ﾌｯ 曲げてるんすよ(*ФωФ)ﾌﾌﾌ…
0	@kewpie_sake あれ？なんかおかしい
0	@kewpie_sake 電車乗ってたら隙間あいてるはずなのにやたらあたってくるんすよー。
0	@kewpie_sake んなわけあるかーい！笑
0	なんか気分で歌ってるの録音してみたけど歌唱力ほしくなった
0	RT @kinnpatuhikaru: 歩きタバコしたことある人へ https://t.co/3yYQv23Cp9
0	@yuu_info 弾き語りするには足りぬ歌唱力、、、
1	はやくインターン終わって今このツイートみたお前らに会いたい()
0	@yuu_info フルチャン
0	@yuu_info はげてねーよ あんときのゆうとの心折ってきた小学生呼んでくんぞ
0	@yuu_info さすがに( ﾟдﾟ )ってなった
0	@Falcon19980311 @yuu_info なんかトンデモ案件飛んできたぞゆうと
-1	@jfr8uNps47LmiOW 趣味ない人間は人間的につまらないし腐るんやでって言ってみな
0	@jfr8uNps47LmiOW Iパスとれば文句言われないよ多分
1	@T_E_R_A_O 食べていいよ
1	RT @JP_DCEsarina: わー！すご～い！！　君はドリフトシティが得意なフレンズなんだね！！！
0	@jfr8uNps47LmiOW がんばれ
0	@T_E_R_A_O _(┐「ε:)_ｽﾞｺｰ
0	@T_E_R_A_O やめとけお前それほんとに
0	@T_E_R_A_O 草
0	@moriko1224 02-08のポスト数：28 (うちRT：3)
0	ふぉおおおおおおおお
0	@dayoon_akihiro おはよ
0	@dayoon_akihiro 毎朝あっきーがちゃんと起きるかこえええええ笑
0	@dayoon_akihiro ちゃんと明日も気合い入れような
0	@dayoon_akihiro これ1本ってかんちょうのことかな？
1	@kentoppoo @s81_sG しおい先輩大丈夫なんですか、、、
0	@_wh1tecat こばだけ滅びるそして人間とAI共存√わんちゃんある
-1	@kentoppoo @s81_sG ふおおおおおおおおおおおお窓から間違ってダイブしちゃダメですよほんと！こわいから！リレンザ！
1	@_wh1tecat そんな器用に作らせないから
0	@kentoppoo @s81_sG こえええええ笑
0	@_wh1tecat 大文字のスペース突っ込んでやるからな
0	@miyagaw61 @_wh1tecat 殺す命令をつくるな
0	@__luckys__ 濃いめ固め多め
0	@yuu_info もれなくインターン
-1	@__luckys__ ダメなんだよなぁ
-1	RT @mifaken3: お母さんに買ってもらえない悲しさ https://t.co/pff47ZWqGw
-1	@mifaken3 しぬぜえええええええひゅうううううう
0	@mifaken3 ゾンビ肉つくりたい
0	RT @nikaikaracoffee: 教室や職場で男子全員にチョコを配る女性をGHQって呼ぶの、笑ってしまうから本当にやめてほしい。
1	@dayoon_akihiro くら寿司かーーーースシローだったら海老味噌ラーメンおいしかったのに(・ε・｀ )
-1	@dayoon_akihiro そうなのか残念(´・ω・｀)
0	@moriko1224 02-09のポスト数：24 (うちRT：4)
0	パスワード変えたのに癖でいつもの打っては？？？？ってなる
0	@mnm_ymd 俺へのお布施
0	@mnm_ymd おやすみ
0	@mnm_ymd インターンだよばか
0	@mnm_ymd おまっかずちゃんわすれんじゃねーーーよ！ぶっころすぞ！！！
0	@mnm_ymd 俺は許してやるからかずちゃんにちゃんと謝ろうな
0	@ken10sho15 俺からしたら早くCD買ってくれないけんしょーの方がこわいよ
0	@mnm_ymd じゃあ足りてないって
0	@ken10sho15 やったー笑
-1	@callmindspecial 頭悪い
0	@callmindspecial わかるー
0	@jfr8uNps47LmiOW うらあかでーすかっちゃんばーかばーかふおおおおおおおおおおおおおおあああああああああああああ()
0	@jfr8uNps47LmiOW 待ってるね
0	おどろきもものきじゃっくのき
0	@kentoppoo ん？？？
0	@kentoppoo もりことは
0	@moriko1224 02-10のポスト数：17 (うちRT：0)
0	ウィルキンソンのジンジャーエールうめえええ https://t.co/tCwpeLiTT8
0	RT @ao_wife: ノリで妹にフリースタイル仕掛けたら 私があいら つまりはハイパーって返されて戦慄してる。こっわこいつ。
1	@Kaori_Harapeko うまし( ﾟдﾟ )
0	@hamatsunorin https://t.co/vXou9ULxBP
0	@mzmzlife25 いちごチョコチキンタツタ
0	@mzmzlife25 ミスマッチがマッチする
0	@lawson_daiya @XuLaUqMPBdhE2Ql (＾ω＾)
-1	@mzmzlife25 無理してみよう
0	@lawson_daiya @XuLaUqMPBdhE2Ql あいきは沼になっていくんだよ
-1	@XuLaUqMPBdhE2Ql @lawson_daiya  危ない人生送るなし笑
0	@mzmzlife25 だめ( ﾟдﾟ )
0	@murakyamikyami 買っときゃよかったなあんとき
0	@murakyamikyami どんまい、、、
0	@murakyamikyami つんでる
0	@murakyamikyami わかるライブが俺らを待ってる
1	@murakyamikyami あのお肉食べいきたいな確かに
1	@murakyamikyami 明日？いいよ
0	@murakyamikyami おれはいこうよ
0	@murakyamikyami あり
0	【弾いてみた】WANIMA THANX: https://t.co/mkGHj4HTRD、@YouTube がアップロード
0	【弾いてみた】WANIMA THANX 弾いてみました。 わにま https://t.co/xiySPO8uJk
0	関東圏が多すぎな件
0	さりなさんのシビックに114514kgのおもり載せて走らせたい
0	今からひらくと学館やめたC2Aのかみながおじさんとご飯食べてくる
0	@__luckys__ https://t.co/nXa1AloZ6n
0	@__luckys__ どうした親方
0	@__luckys__ そんなあなたに激強打破
0	@__luckys__ おやすみ
0	かみながのおじさん https://t.co/5roIiRTiYg
0	@Chi_sy0 おめでとー！！
0	焼肉からのカラオケ https://t.co/KtNm1NnzHW
0	ひらく普通にうめぇw
1	かみなが上手すぎしねw
0	@kowamasa https://t.co/Hcyv5NC9Xs
0	RT @tanakh: おいおい(´･_･`) / “Intel、24コア/48スレッドのデータセンター向けCPU「Xeon E7-8894 v4」 ～市場想定価格は約101万円 - PC Watch” https://t.co/tWSQwZuHvd
0	@g_stone_m おとさんー？
1	RT @another_tokyo: 銀座「KOSO」の牛トロ重は、和牛生肉がたっぷりのってる。生肉取扱許可をもってるからこそ出せるごはん。にんにく醤油をまわしがけ、卵黄と一緒にかきまぜる。ごはんの熱でお肉がとろけるよ https://t.co/6pkkUomYJN https…
0	あいつらは万葉の湯に消えってた https://t.co/P9Ah9cVQe1
0	@moriko1224 02-11のポスト数：40 (うちRT：4)
-1	戸塚からあるって帰ってるけどさむすぎ
0	ぬくもりがほしい
0	ざーちゃんを１回殴ってみたい
0	@a___3pr ん？
0	@a___3pr はい
0	@a___3pr うえーい
0	@callmindspecial ちがうな？
0	【弾いてみた】WANIMA TRACE: https://t.co/nGj7d20raj、@YouTube がアップロード
0	【弾いてみた】WANIMA TRACE 弾いてみたよ。 わにまわにま https://t.co/KuMJSNxi40
0	@nooya0126 今回も事故ってるんだよなぁ、、、
0	@nooya0126 これがもりこういちクオリティ()
0	@nooya0126 おおおおまた一荒れするぞやめろやめろ
0	@nooya0126 じゅんちゃんブチギレ
0	@nooya0126 さすが(・ε・｀ )
0	@XuLaUqMPBdhE2Ql 戸塚？
0	@XuLaUqMPBdhE2Ql 毎日がんばってるな(￣▽￣;)
0	@XuLaUqMPBdhE2Ql ぼろ負け報告待ってます(＾ω＾)
1	@nooya0126 あー確かにそれもあり(￣▽￣;)
0	@XuLaUqMPBdhE2Ql 回転から1日かけて万回転させような(＾ω＾)
0	戸塚にバイク取りに行かなきゃ、、、
0	@XuLaUqMPBdhE2Ql 気合い入れよう
1	@g_stone_m うまいやん
0	@a101a3710 ( -ω- `)ﾌｯ
1	@nekotanu0206 大丈夫か？空冷から水冷にしよう
0	RT @Jin115: 100RT : 漫画『アカギ』最終回へ！約27年の歴史に終止符！ https://t.co/zDx2LrYdOU
0	BLEACH1話も見てないけど課金してるけど叩かれる＞＜
0	かほやんブチギレ
1	@Zyun_Soup コーラうまかった
1	@Zyun_Soup ミニ四駆が楽しいから
-1	@nekotanu0206 ダメかー(´・ω・｀) ほんとにお大事にしてなー(´・ω・｀)
0	@373ymd お前もかよ( ﾟдﾟ )
0	@nekotanu0206 こえええええええええwwww
0	@373ymd 気のせいかよ( ﾟдﾟ )
0	@373ymd やったじゃん
0	@mnm_ymd バレンタインなにつくろー
0	@mnm_ymd ねーなにつくろー
0	@mnm_ymd 待ってろ
0	@moriko1224 02-12のポスト数：38 (うちRT：1)
0	稼働実験じゃないのこれって？
0	ちゃんと機能してるかみたいな
0	@watary4 どすこおめでどすこ
0	@ya__yu08 はい
0	@ya__yu08 (   ˙-˙   )ｳｨｯｽ
1	@ya__yu08 元気だよ
0	@ya__yu08 えっ()
0	@ya__yu08 男の子です
0	@ya__yu08 なぜか笑われた( ﾟдﾟ )
0	RT @sisigami5_: 原曲通りにやってくれないPunishment[LIVE] これ見て笑ってる https://t.co/my2wIDTfIZ
0	@mnm_ymd @hazzieone そっかぁまた今度なぁ
0	@shu915cf @apple00882 整形かな？？？？ 小早川くん誕生日おめでと(*ﾟ▽ﾟ)
0	@moriko1224 02-13のポスト数：14 (うちRT：2)
1	@ao_wife わがたそおめでたそ〜
0	@yuu_T6 わろ
0	世間ではバレンタインらしい
0	@__luckys__ 380兆個
0	@__luckys__ たこにチョココーティング
0	@__luckys__ 1年に1度限定ちょこすけ
0	@haduki1208 もりこ今日はいない
0	@mnm_ymd おつん
0	東海道はしんだよ
0	横浜戸塚間の東海道気合い入れて
0	東海道が横須賀線を使って東海道の運行してるパワープレイかましてきてる
0	横須賀線乗ったはずなのに横浜の次川崎だから
0	@tigers_nk0507 やふおく？
0	@tigers_nk0507 おつかれじゃん
0	@ali4254_sa 線路やで
0	@ghk_o 面接な
0	@XuLaUqMPBdhE2Ql それは笑う
0	ふうおわりー
0	@XuLaUqMPBdhE2Ql かわいそうに(  ˙-˙  )
0	@XuLaUqMPBdhE2Ql そっかぁ(  ˙-˙  )
0	@XuLaUqMPBdhE2Ql むりです(*´∀｀)
0	凌駕いくぞ
0	こがさんのお店にきた https://t.co/zc8Euk8MqM
1	バレンタイン貰えた！！！嬉しい！！！ありがと！！！！#バレンタイン#素直に嬉しい https://t.co/vgp8kiHMrK
0	@mnm_ymd そうな笑
0	@nekotanu0206 @mnm_ymd すごーい！開発の出来るフレンズなんだねー！わーい！
0	@nekotanu0206 インフルねろしwww
0	@nekotanu0206 潜伏期間あるのでこないでね頼むからww
0	@nekotanu0206 こえええええwwwww
0	@moriko1224 02-14のポスト数：30 (うちRT：0)
0	@haduki1208 今日はいるぞ
0	@zawa_rad ベーシストだから
1	@zawa_rad いや楽しいから大丈夫
0	@zawa_rad ひまだよ
0	@zawa_rad いるよ
0	@zawa_rad はあああああああい
0	かずちゃんにミンティア5個もらった笑笑 https://t.co/k64hRi0zmL
0	ミンティア乞食です。待ってます(^ω^) https://t.co/I6R6xUWJ35
0	そってぃばかww
0	@XuLaUqMPBdhE2Ql わろた
1	@XuLaUqMPBdhE2Ql 確かにね笑
0	@tigers_nk0507 どうした
0	@tigers_nk0507 どんまい
0	@ss8_pm くそわろ
0	RT @tigers_nk0507: @moriko1224 ガン負けよ
0	@ss8_pm どうしたんだろうね
1	@ss8_pm つよすぎ
0	@moriko1224 02-15のポスト数：18 (うちRT：1)
0	@moriko1224 02-16のポスト数：1 (うちRT：0)
0	しょうた先輩に萎えてるしおい先輩 https://t.co/i3clNyXT9h
-1	@s81_sG あやしいっすね、、、笑
0	@IK_0110 ですよ笑
0	@saniiigo630 なーるほどね笑 こんな感じか笑
0	@saniiigo630 てんふぃに病み期の時助けられたみたいなところある実際 てんふぃ聞いてなかったらひたすら病んでた
1	@saniiigo630 好きだからな笑 いや、知らんかったよー
0	@saniiigo630 きいてみるー
0	@moriko1224 02-17のポスト数：8 (うちRT：0)
0	RT @F_________999: ちょっと思考が追いつかないです。 https://t.co/0BeM0cB1Eh
0	@39berry_mush おめでと
0	@zawa_rad @mifaken3 11000回転まできっちり回せ
0	@mifaken3 @zawa_rad 330kmでまがるから
0	半日通話したことになってる( ﾟдﾟ )笑
0	学館の1年に質問ー セーターとかって前の制服と同じ？
0	あと体操着
0	@1210akiraaa 体操着もすべてか( ﾟдﾟ )
0	@1210akiraaa そーなのか、、、
0	@XuLaUqMPBdhE2Ql あいきセーターも何もかも違うって、、、
0	@XuLaUqMPBdhE2Ql 力になれなくてごめんね(￣▽￣;)
0	@XuLaUqMPBdhE2Ql まぁ落ちても学館ならあたりみたいなものよ笑
1	@XuLaUqMPBdhE2Ql 髪型だけはもうしゃーない笑 それだけ我慢すればほんといい学校よ笑
0	@XuLaUqMPBdhE2Ql そうなんだ笑 まぁほんと髪の毛だけはね笑
0	@XuLaUqMPBdhE2Ql だねぇ笑
0	@moriko1224 02-18のポスト数：16 (うちRT：1)
0	@ghk_o つかの間の休日って感じだね
1	元気もらってきた。
0	@toshi_0203_Gt カップ麺自炊してます
0	@toshi_0203_Gt お腹減ったから殺すぞ
0	@toshi_0203_Gt にーと
-1	@toshi_0203_Gt 花粉症しんどいんだけどどーにかして
0	@toshi_0203_Gt いや、めがかゆい
0	@toshi_0203_Gt パワーワード過ぎて草生える
0	@toshi_0203_Gt やばすぎ
-1	@toshi_0203_Gt 無理お医者さん予防のしか渡してこない即効性のくれって感じ
0	@toshi_0203_Gt つまりお前ってこと？
0	@toshi_0203_Gt https://t.co/jOuMnjG9QQ
0	@moriko1224 02-19のポスト数：13 (うちRT：0)
1	RT @fox_info_net: あなたのレンズはフレンズのレンズを呼ぶことができるレンズのフレンズでレンズに付いてるフレンズも呼ぶことができるレンズのフレンズなんだねすごーい！ 似たようなフレンズばっかりだって奥さんに怒られちゃう？ へーきへーき！レンズによって得意なことち…
0	@kentoppoo ごめんさい(;_;)
0	@mifaken3 330kmチャレンジ
0	RT @raysato: プログラミング初心者がつまづきやすい、0とnullの違いを解説した画像です。 https://t.co/I2JiXO8OUr
0	@moriko1224 02-20のポスト数：6 (うちRT：3)
0	@Zyun_Soup しね
0	@Zyun_Soup だめ
-1	@kentoppoo ぽてとでおゆるしおおおおおお(;_;)笑
0	@T_E_R_A_O おつんこ
0	@T_E_R_A_O まぁ俺もバイトだったからな
1	@T_E_R_A_O お前の素晴らしい笑いのセンスで癒して
0	@Zyun_Soup そか
0	@Zyun_Soup おやす
0	@_wh1tecat (直すとは言っていない)
0	@tigers_nk0507 おっ
0	@zawa_rad 草生える
0	@ghk_o 明日8時40分に職員室ね！
0	@zawa_rad ん？
0	@ghk_o 遅れないでねー置いてくよー笑
0	@ghk_o 気合い入れて笑
0	@ghk_o いや今日のかずちゃんに前もって言っておく笑
0	@ghk_o https://t.co/lOQGgx2kZR
1	@ghk_o 遅れなければ大丈夫笑
0	@ghk_o よろしく笑
0	じゅんちゃん言ってることが反転してるんだよなぁ、、、()
0	タスク9個の男はつえぇわ。
1	@nooya0126 つよい
0	@nooya0126 特にじゅんちゃん
0	@zawa_rad やーい髪型うんこー！
-1	@zawa_rad フル単のくせに沸点低い
0	@zawa_rad @gangan_smash あいざわちゃんに言ってるらしい
0	@nooya0126 わんふぉーおーる  おーるふぉあわん
0	@moriko1224 02-21のポスト数：28 (うちRT：0)
0	@nooya0126 @kagero0915 伝わらなかった、、、
0	@kagero0915 @nooya0126 聞いたことある気がするレベルですね、、笑
1	RT @webdesignsokuho: JavaScriptコードは1行のみ！超手軽にWebサイトでパララックス効果を実現できる「Rellax.js」使ってみた - paiza開発日誌 https://t.co/pm81qIPrIM
-1	@mnm_ymd 脆弱性ついてこられそう()
0	@mnm_ymd ぼくにはわからません()
0	@Scottie_you なんかあるのー？
0	@Scottie_you あーあれか
0	@moriko1224 02-22のポスト数：8 (うちRT：1)
0	@mnm_ymd @nekotanu0206 あなたはプログラミングができるフレンズなんだねー！すごーい！
1	@mnm_ymd @nekotanu0206 わーい！たのしー！
0	@dayoon_akihiro なんかやばい気がした
0	@dayoon_akihiro @hazzieone モニコがもりこしたらおかしいよなぁ！？なぁ！？おかしいよなぁ！？
1	@dayoon_akihiro ガチでモニコしといてよかったわ
-1	@hazzieone @dayoon_akihiro うるさくないよ
0	@hazzieone @dayoon_akihiro カタツムリは笑う
0	@hazzieone @dayoon_akihiro わかる
0	@hazzieone @dayoon_akihiro そっかぁまた今度なー
0	@hazzieone 見えてない説
0	@moriko1224 02-23のポスト数：12 (うちRT：1)
0	@murakyamikyami おつ
1	@murakyamikyami はやいでしょ
0	@murakyamikyami 俺ももう就活よ
0	@murakyamikyami 葬儀
0	@murakyamikyami そうしきですかー
0	@murakyamikyami そうな
0	@moriko1224 02-24のポスト数：7 (うちRT：0)
0	@nooya0126 えっ心移りするの？いずみさんじゃないの？
0	@nooya0126 いずみさんは平仮名らしい笑 てことは遊びってことか(＾ω＾)
0	@nooya0126 じゅんちゃんが発狂してる(꒪⌓꒪)笑
1	@nooya0126 じゅんちゃんは大丈夫だよ あとなんかすいません、、、だって笑 https://t.co/5IiIFsjd6G
1	@nooya0126 素晴らしい東京タワーだよ
0	@nooya0126 東京タワーはかつて国民の夢だったんだそれに比べてスカイツリーなんてハイテクは、、、
0	@nooya0126 負け組じゃねぇ！スカイツリーなんか折ってしまえ()
0	@moriko1224 02-25のポスト数：8 (うちRT：0)
0	@__luckys__ ついはい
0	@__luckys__ ツイ廃だよ親方
0	@__luckys__ 嗜む(10万ツイート)
-1	@__luckys__ ねむい
0	@__luckys__？？？？
0	花粉症やばい
1	@n14curvanord 電車は健在なのね
0	@n14curvanord なるほど笑 電車はもう興味なくなったん？
0	バイトバイト
0	@moriko1224 02-26のポスト数：10 (うちRT：0)
0	@1210akiraaa ちゃんと写真撮られる時にピースした？
0	@hazzieone @miyagaw61 test()
0	@hazzieone @miyagaw61 examですね、、、笑
0	@hazzieone @miyagaw61 何かがおかしい()
0	RT @tohohodan: 安倍さんより麻生さん見てしまう https://t.co/tR5CJ5L5Bo
0	@moriko1224 02-27のポスト数：6 (うちRT：1)
0	RT @ha_masho25: “ワンコインPC”「Raspberry Pi Zero」用ケース「Pi Zero Ali Keychain」…PCをキーホルダーに https://t.co/Uu8nypDsmu https://t.co/qsswwhtWpx 絶対使わないけど欲…
0	気になるなる
0	しゅうとだいち卒業かあああはええええ
0	@moriko1224 02-28のポスト数：4 (うちRT：1)
0	@ghk_o ん？
0	@ghk_o 主語がさなすぎて察せないわ笑笑
0	@ghk_o 察し能力最近ガタ落ちしてる()
0	@ghk_o ？？？？
-1	RT @mifaken3: この前鎌倉で見たシビックをみて軽く感動を得た
0	@ghk_o もりこういちおわり()
0	@373ymd ソロ
0	@373ymd いや連れいる京葉線だぞ
0	@373ymd 京葉線
-1	@373ymd 東京駅内を800mくらい歩くよ
1	@373ymd 大丈夫
0	@373ymd 間に合うんじゃない？
0	@373ymd 会場？
0	若そうなスーツ=幕張
0	おおおおげえええええええええい
0	@373ymd それは間に合うと思う
1	@373ymd 幕張メッセまでの案内あるから大丈夫
0	ベガスがでちゃう https://t.co/Hgb3wmD7K8
0	@s_tongue わんちゃんありますね(•'-'•)
0	@s_tongue じゃあ適用されますね
0	@s_tongue (きのこじゃ)ないです
0	@s_tongue そうですよ笑
0	@s_tongue がんばります
0	疲れが顔に出るのなおしたい(´・ω・｀)
0	@________yyyyyk あれ？卒業か？
0	@volgini 誕生日おめでと！
0	@________yyyyyk おめでとじゃん！
0	@________yyyyyk 大学たのしむんだぞ
0	@________yyyyyk あれ？専門なのか笑 どこいくんだっけ笑
1	@________yyyyyk そうなのか！ 何系か知らないけど専門は自分から進んでいろいろやりな！！！必ず良い方向に進んでいくから！！！同じ専門学生としてがんばろ！！
0	@________yyyyyk がんばれ(`・ω・´)
1	@volgini いいねー笑
0	@volgini わろたw
0	@volgini 就活生に投げるんですか(  ˙-˙  )？
0	@volgini ぶっとばすぞ！大橋笑笑
0	@volgini 春休みすら来てねぇよ笑笑
0	@volgini ありがとな！よろしくなたいせい！
0	@moriko1224 03-01のポスト数：38 (うちRT：1)
0	@volgini それな笑
0	@ao_wife わろた
0	@donarudo35 おめでとおとおおおおおお\(*´³`*)/
0	@moriko1224 03-02のポスト数：4 (うちRT：0)
0	まじで疲れた、、、、
0	ポスターじゅんちゃんとみなみががんばってくれたから完成したわ、、、 仕事してなくてごめんなさい、、、｡ﾟ(ﾟ´Д｀ﾟ)゜｡
0	@373ymd お疲れ様、、、
0	@373ymd 色々と刺さってるねみなみ
0	@373ymd ボールにぶつけな
0	@373ymd 再来週からあるよ
0	@373ymd 助け合い 当日がんばろ
0	@dayoon_akihiro お疲れ様！
0	@moriko1224 03-03のポスト数：9 (うちRT：0)
0	RT @ChibaNyanGIGJAP: #HINAMATSURI https://t.co/M6i93ddHAH
-1	だからこういうの弱い
-1	ずるいじゃん童謡をアレンジは
1	@candy_kzm すごいそってます笑
0	@candy_kzm あざ笑笑
0	@nooya0126 @373ymd ほんと当日に体調どん底にならないでね、、、
1	@nooya0126 @373ymd 救急車で現場まで運んでもらうから安心して(＾ω＾)
0	もりこはストレスフリーになった
0	RT @1210akiraaa: 小さな恋のうたって実は激しい歌🙄 #モンパチ #サタニック #邦ロック https://t.co/2KNksYOF0l
0	@1210akiraaa 出演時間5分
0	@1210akiraaa わんちゃんある笑 見つけられてない笑
0	@moriko1224 03-04のポスト数：12 (うちRT：2)
-1	ネガティブな人はどうやってその場を対応しましたか？ #pblsummit
-1	RT @PBLSummit2017: [議事録]Qネガティブな人はどうやって対応したか？A 何故ネガティブな意見をいうのか理由を聞く。  #pblsummit
0	RT @PBLSummit2017: [議事録]Qネガティブな人はどうやって対応したか？A ネガティブな事を言う人は問題点に気づくことが出来る人。場合によってはすごい活躍する。強みとしてコミュニケーションをとると良い。  #pblsummit
0	RT @ak1225_062708: Xの紅など激しい曲ばかりではなくて、ここで1曲お子さん向けの曲を…！と始まったアンパンマンのマーチですが、、、  段々激しくなっていく2番からの演奏をご覧下さい。 https://t.co/MjL74UAaa2
1	疲れたけど楽しかったしアドバイス頂けたし最＆高 https://t.co/y6tyCDpPBw
0	@moriko1224 @nooya0126
1	@nooya0126 楽しかったな
0	@nooya0126 会えたのね笑
1	@nooya0126 おもしろすぎでしょ笑
0	@nooya0126 そんなん笑うわw
1	@nooya0126 じゅんちゃんの新しいジャンルは開拓しないでね
0	@b21d45a8cd85468 ありがとー(`・ω・´)
0	@nooya0126 やばそう
0	帰ってきたあああああ
0	@kowamasa ありがとー
0	@373ymd おつかれーー
-1	アンパンマンわくわくクレーンゲーム Anpanman Crane Game https://t.co/RFOBz8hZdd @YouTubeさんから こういうの弱い
0	@Zawatorute ない
0	@dayoon_akihiro ありがと
0	@moriko1224 03-05のポスト数：20 (うちRT：3)
1	@memeshe238 こち亀全巻でいいよ(`・ω・´)
0	@__luckys__ 親方レーシング
0	@__luckys__ たこすけって名前が廃れそう
0	@__luckys__ カットするな
0	来年度のけーおん部活立て直しレベルで人いないからがんばらないと
0	みんなで0からはじめよーぜ
-1	@memeshe238 ざまちゃんならちょろそう
0	@nooya0126 いえええええええええええええ
0	@nooya0126 俺も明後日ぶっ込んでくるわ！
0	@nooya0126 残してくる(`・ω・´)
0	@nooya0126 あーあり
0	@moriko1224 03-06のポスト数：12 (うちRT：0)
0	久々に9mm聞いてるけどやっぱ変態だわ
0	桜木町さみぃ
-1	@Kenjigt1230 寒いよな笑
1	けいちゃん先輩もりなさんもかなみもほんと夜遅くまで毎日毎日残ってて本当にお疲れ様でした！ 活動が認められてよかった｡ﾟ(ﾟ´Д｀ﾟ)゜｡ これからも誇り持ってこの活動やっていきたいし更に良くしていきたい！
0	@moriko1224 03-07のポスト数：5 (うちRT：0)
0	最終面接ではないっぽい、、、？
0	まぁわからんなこれ
1	お偉いさんと話せたからよかった
0	東海道が新幹線抜かしてて草
0	内々定もらった
0	@mnm_ymd ありがと
-1	@soccer__0118 それでも1月後半からやってたから1ヶ月半くらいの戦いだったよ笑
0	@ken10sho15 ありがと！
1	@telecastichh パックマンとメタルマリオがおもしろい
0	@soccer__0118 お互いがんばろ(`・ω・´)
0	@telecastichh さすがじゃん
0	@moriko1224 03-08のポスト数：12 (うちRT：0)
1	みぞおちがすごい違和感、、、
0	@zawa_rad それな
0	@ghk_o だらだらするよかマシだった、、、
-1	@ghk_o うるせ笑 明日の準備もう万端よ(＾ω＾)
0	@ghk_o がんばる、、、笑
0	@ghk_o まあまあ笑
1	@dayoon_akihiro そういう時はスポーツでいい汗かこう\(*´³`*)/
0	@dayoon_akihiro 今のテニプリ殺し合いなんだよなぁ、、、
0	@dayoon_akihiro アクションマンガ
0	@dayoon_akihiro ラケット4本突っ込んどいたわ笑
1	大丈夫か心配だぜぇ(´・ω・)
-1	@toshi_0203_Gt うすいのトプ画すこ
0	@moriko1224 03-09のポスト数：13 (うちRT：0)
1	RT @hiro_BMW: @miyagaw61 出席率85%切ったら坊主にするわ！ お前は有能だから多少あれでも大丈夫やろw
0	@miyagaw61 50mの壁があるとしたらどれくらい下がりますかw
0	どうやったら綺麗なハウリングだせるんだろ
1	@miyagaw61 半分以上下がるってすごいな
0	@miyagaw61 なるほどね
0	@saitotototo やったな！！！おめでと！！！
0	@__luckys__ おやかた
0	@tigers_nk0507 にーと
0	@ss8_pm いるだろたまには？ってなるとき
0	@ss8_pm うんこ
1	@ss8_pm いつも通りで安心したわ
0	@tigers_nk0507 やばすぎ
1	@s_tongue 違いますけどでもいいなって思ってる会社なのでよかったです笑
0	@s_tongue まだまだ始まったばっかなんでがんばります
0	@s_tongue 元カノ、、、？
0	@s_tongue 先生もがんばってください！！！！！！
0	@s_tongue ああああwww
0	@s_tongue (´ー｀)ﾌｯ
0	@s_tongue 俺からしたら一生先生ですよ！笑
0	@saniiigo630 ありがと笑
0	@s_tongue ふぁいとですよ先生(`・ω・´)
0	@s_tongue あれなのか。
0	@saitotototo こーちゃんやっぱつええわ笑
0	@saitotototo たまたま(実力)
0	@saitotototo 行こうね！笑
0	@moriko1224 03-10のポスト数：27 (うちRT：2)
0	@ryosec0311 おめでと！
0	@ryosec0311 ありがと！がんばる！
0	@ryosec0311 @yuu_info @hazzieone
0	@moriko1224 03-11のポスト数：4 (うちRT：0)
0	じゅんちゃんの写真集ができそう
1	RT @saniiigo630: もりこが幸せそうで嬉しいよ もりこが幸せなことなんて珍しいからね
0	珍しいまで言われる俺って()
0	@hazzieone お母さん
1	@hazzieone お母さんおもしろいね
0	@hazzieone 疲れそうだな、、、
0	@dayoon_akihiro なんかある？
0	@dayoon_akihiro そうだなぁ(´・ω・｀)
0	@setteriine1023 俺？
0	@setteriine1023 まぁ俺は面接の方が得意だけど手伝おうか？
1	@setteriine1023 いいよー
0	@moriko1224 03-12のポスト数：13 (うちRT：1)
0	最近寝落ち癖がまた出てきた、、、、 ガチでごめんねって気持ちになる(´；ω；｀)
0	@dayoon_akihiro おつかれさま！
0	@moriko1224 03-13のポスト数：3 (うちRT：0)
0	@moriko1224 03-14のポスト数：1 (うちRT：0)
0	@XuLaUqMPBdhE2Ql ママチャリで調子乗ってるスポーツチャリをぶち抜く話し(序盤だけ)
0	@XuLaUqMPBdhE2Ql わろた
1	華麗に筋肉痛
1	美味しいって言ってくれたからよかった(*´ω`)
0	@moriko1224 03-15のポスト数：6 (うちRT：1)
0	@nooya0126 ぶっこみ
0	@nooya0126 やばいね笑
0	@nooya0126 やばすぎる笑
1	@nooya0126 違う意味で強そう
0	@nooya0126 いってらっさい笑
1	@nooya0126 完璧よ
0	RT @My_kwk_N: 自己紹介でドツボに入るミッキーマウス https://t.co/HEnh3E04X9
0	@nooya0126 大人の恋愛(？)
0	@nooya0126 あり
0	@nooya0126 がんばって笑笑
0	久々にBOØWYきいてるいいね
1	@3864_mpc たまにきくとよきです
1	RT @4cornerMMD: バボちゃん職人は流石に不意打ちだった https://t.co/5nwxGYhExw
0	@moriko1224 03-16のポスト数：14 (うちRT：2)
0	@PoleyTaku 笑うんだけど
0	@PoleyTaku はは、はははははははは、はははははははははは
0	@saniiigo630 何をしたら留年の危機になるんですか、、、
0	@saniiigo630 バックレか、、、
0	@saniiigo630 ちゃんといこうな
0	@saniiigo630 そうながんばろうな(´・ω・｀)
0	@NBAbsk23 玉手の晴れ着姿想像できない、、、(ﾟ_ﾟ)
0	@819_stereo @NBAbsk23 ある意味お前の晴れ着姿がみてみてぇよ
0	@moriko1224 03-17のポスト数：9 (うちRT：0)
0	RT @Jin115: 【注意】次の「iOS10.3」アップデートにはバックアップが必須！？ファイルシステムの変更でアップデートにミスるとデータが全て消えるかも！！ https://t.co/Wa0UzGbpjH
1	@s_tongue 先生の授業受けれてよかったです。
1	@s_tongue 楽しかったです
0	@s_tongue ですね
1	お昼おいしおいし https://t.co/jl1FUA9TC8
1	抹茶！！！！こいいいいいいい https://t.co/drZfUpSzbA
0	@hazzieone プレミアムとみた
0	@hazzieone わろた
0	@yuta3018 誕生日おめでと！！！！
0	@moriko1224 03-18のポスト数：10 (うちRT：1)
0	回転ずしでカフェしてる人がいる https://t.co/kxbUU0XjMv
0	@moriko1224 03-19のポスト数：2 (うちRT：0)
0	@nooya0126  じゅんちゃんがなんか言ってる https://t.co/pBh0vlUuY9
1	@nooya0126 平和っていいなぁ
0	@ghk_o @nooya0126 ないよ
0	RT @_bokunou: ユーチューバーを目指しています 「バブを驚かせてみた」 https://t.co/pU7boUAou9
0	RT @TOTALFAT_crew: 【TOTALFAT】LIVE HOLICありがとうございました！ Kubotyの頭で何か回ってます。 #LiveHolic  #TOTALFAT #スペシャ https://t.co/J9IGiixgev
0	@shu915cf わかるピザ食べたい
0	@shu915cf 何時いくら
0	@shu915cf おけ
0	@moriko1224 03-20のポスト数：10 (うちRT：3)
-1	RT @SHIMADEN: @najudasp いろんな学校の校歌の音楽を総合的に要約してみた（弾きにくいかも） https://t.co/QSn4uYh3Zg
0	https://t.co/zPnP8VmbF3
0	@moriko1224 03-21のポスト数：3 (うちRT：1)
0	@murakyamikyami 難民だ
0	つまりどういうことだってばよ https://t.co/x9s6Li8D5m
0	@nooya0126 なるほどね
0	@dayoon_akihiro 無視をするっていう新たな選択肢が生まれた
0	@nooya0126 なぞなぞみたいだな。笑笑
0	@nooya0126 ほんとね笑
0	@nooya0126 間違いない笑
0	@dayoon_akihiro 知ってた()
0	さてバイト、、、
0	@moriko1224 03-22のポスト数：10 (うちRT：0)
0	@dayoon_akihiro @nooya0126 まじ(´・ω・｀)
0	@nooya0126 @dayoon_akihiro とりあえずガンダするしかない、、、
0	@dayoon_akihiro @nooya0126 面接で卍解していこ！
0	@nooya0126 @dayoon_akihiro がんばれ、、、！！
1	バンドリの動画見てたけど青のストラト持ってる声優(？)の人うまくね？え？少なくとも俺の3000倍くらいうまいよ？？？
0	@murakyamikyami https://t.co/OtKIIJWf1j
0	@murakyamikyami いうて、お前は上に立ったらガンギマリよ
0	@murakyamikyami ドヤ顔でひくよ
0	@murakyamikyami そうな
0	@murakyamikyami 語
0	RT @murakyamikyami: @moriko1224 (敬意のない敬語)
1	@murakyamikyami もはや丁寧語だよね
0	@murakyamikyami お前文系やろ
0	@murakyamikyami 語な
0	@murakyamikyami そうな
0	@murakyamikyami いえーい
0	@moriko1224 03-23のポスト数：18 (うちRT：2)
0	@telecastichh ともやおめでと(`・ω・´)
1	@telecastichh いいよ笑
1	RT @mini4wd: 【ミニ四駆35周年スタートキャンペーン】４月から始まります！キャンペーン参加のショップで、VS強化シャーシセット（ホワイト）の販売や非売品アイテムのプレゼントを実施。詳しくはタミヤのホームページをチェック！ https://t.co/xEHvePOPO…
1	カーボンパターンだって熱いね
0	@33___________k そっかぁおめでとなぁ
0	@miyagaw61 あいつか
0	たかみが煽ってる
0	@moriko1224 03-24のポスト数：8 (うちRT：1)
0	@kouichi_kato79 かわいそうに、、、 音作りお互いがんばっていこうな、、、
1	RT @Jpn_RNA: 車を運転する時の「かもしれない」が大事な運転の仕方。  ボールが出てきた  「子供が飛び出してくるかもしれない。」   車が脇に止まっている  「人が出てくるかもしれない」  コーナーに差しかかった  「ぼくはレーサーかもしれない。」
0	@mmk_y0325 おめでと！！！(`・ω・´)
0	RT @yujaku_aa: たい焼きでインスタンスの説明 https://t.co/wyj2XYu4Dk
0	【弾いてみた】ONE OK ROCK じぶんROCK: https://t.co/UOunsUB6Xr、@YouTube がアップロード
0	【弾いてみた】HEY-SMITH Truth Inside: https://t.co/suAjzm3SE8、@YouTube がアップロード
0	@moriko1224 03-25のポスト数：8 (うちRT：2)
0	RT @ryofujii2000: ただのしりとりを全てサウンドロゴ化するという新しい遊びです。実際にやってみて、つくるの大変なので流行らない事がわかりました。 #サウンドロゴしりとり https://t.co/9I0HSZUVzi
0	キング牧師すき
1	RT @nekuma221: 当時高校生だったフォロワーが大学受験して、高校卒業して、大学入学して、大学生活満喫して、就活を始めて、内定を得て、とうとう大学卒業までを見届けてしまい、「◯◯君も大きくなったなぁ…」と父親目線で感動を覚えさせられるこのTwitterとかいうSNSヤ…
0	初鎌倉パスタ https://t.co/jrrgk805qE
0	@hazzieone お箸も出てくるね
0	@dayoon_akihiro 鎌倉はいってないな？
0	31。 https://t.co/OWBWr0eJc5
0	@373ymd @dayoon_akihiro 戸塚
0	@373ymd @dayoon_akihiro 誰か当ててみてクイズだよ〜〜〜〜〜〜〜〜〜〜
0	@373ymd @dayoon_akihiro そうかもしれないね〜
0	@yuu_info 前人未到の5回転決めた？
0	@373ymd @dayoon_akihiro 自分がこの人だなって思った人が答え
0	@yuu_info 救世主
0	@373ymd @dayoon_akihiro そうだね
0	@dayoon_akihiro 先客がいたわ
0	@dayoon_akihiro https://t.co/YeMdLQqN8g
1	@dayoon_akihiro うまい
0	RT @Fraib0: 警察24時風字幕の練習 https://t.co/73IIUXpUuU
0	どりーみんー！
0	おーいえーあいわずどりーみんー
0	@moriko1224 03-26のポスト数：21 (うちRT：3)
0	【弾いてみた】HEY-SMITH Goodbye To Say Hello: https://t.co/JODddc5Fdd、@YouTube がアップロード
0	【弾いてみた】10-FEET 1sec.: https://t.co/olrUsDweDt、@YouTube がアップロード
0	@ao_wife 何部やってんの
-1	RT @yuk_1: Twitter年齢制限の件で厳しいと言ってる人が多いですが最近の中高生はネットリテラシーが無さすぎます。肖像権を無視してTwitterに載せたり日常ツイートにフェイクを入れなかったり。 運営側がこのような対処をしてくるのは妥当かと。 まずはネットの恐ろしさ…
0	@JP_DCEsarina 個人情報ガバガバsuke
1	RT @sailoryuyumoon: 20年ぶりにミニ四駆にハマっている旦那さんは、机の上には物を置かない事を条件にミニ四駆スペースを手作り。 健気に守っていますが、引き出しの一部を出してみたらお小遣いの中から結構タミヤさんに貢いでいますね。笑  #ミニ四駆の日2017 #m…
0	返却リストつくってて心病みそう
0	リストが貸与毎に部品名から個数までめちゃめちゃだから心折れてる
0	@ao_wife くっそ体力使うじゃん
0	@moriko1224 03-27のポスト数：10 (うちRT：2)
0	@moriko1224 03-28のポスト数：1 (うちRT：0)
1	RT @kinnpatuhikaru: 呟いたら、好感度好感度って好感度なんて誰からも気にしてもらえん人の嘆きやな。 不言実行が美学なら何も呟かず黙っとけばいい。 俺が呟く理由は自分の決意や想いを再確認する意味があって、 言葉にすることで更に頑張ろうと思える。 まず、好感度気に…
1	ヒカルのこういう考え方とか結構好き
0	@moriko1224 03-29のポスト数：3 (うちRT：1)
0	@tigers_nk0507 草
0	RT @tigers_nk0507: 死ねよw https://t.co/UTA5JTiSBS
0	RT @tigers_nk0507: 地元のパチ屋唯一ジャグラーだけは戦えると思ってたのにそれすら戦えなくなっててもう用ないらしい
0	@moriko1224 03-30のポスト数：5 (うちRT：3)
0	@setteriine1023 たけるが行こうとしてたのどうした、、、？
0	@moriko1224 03-31のポスト数：2 (うちRT：0)
0	雨ふってるからバイクもとりにいけねぇ
1	ももたかわいい https://t.co/pGNseLGY5o
0	@pinyanyas2 【遊びに来てみた】
0	@dayoon_akihiro 笑った
-1	@pinyanyas2 A.ももたは苦手じゃなかったです
0	@ao_0812 ももたはみんなのアイドルという言葉を残していきたいと思います
0	@1210akiraaa 彼女とフェスってどうなんですか 飛ぶんですか
0	@1210akiraaa なんだ違うのか笑 ベースどうしましょうか笑
0	@s81_sG お疲れ様です社会人がんばりてください そして次の開催楽しみに待ってます
0	ほふたろうの最近あげてる車はなんのゲームだ
0	@1210akiraaa なるほどね笑 2日とか渡せるけどどう？
0	@1210akiraaa おけ！
0	@laser_SK 両方！笑
0	@laser_SK Forza PC版あるの！買うわリンク！！！
0	@laser_SK ありがと！
0	@moriko1224 04-01のポスト数：16 (うちRT：0)
0	@s81_sG 色々溜まってそうですね笑笑
0	RT @seyakko_tf: 本日瀬谷公会堂にてテックフェアです！  #seyakko2017 https://t.co/FMVfLxD8ug
0	RT @townnews_twi: 【瀬谷区版】せやっこテックフェア2017｜「最新技術を楽しんで」｜区民有志ら、初の試み｜２０２０年から小学校で始まる見通しのプログラミング教育に向け、子どもたちに最新テクノロジーに親しんでもらおうと、区民有志が…｜https://t.co/j…
1	RT @noriben_jp: ノリノリ勉強室の代表 西本が実行委員長を務める「せやっこテックフェア2017(4/2開催)」がタウンニュースに取り上げられました。【タウンニュース瀬谷区版】「最新技術を楽しんで」 区民有志ら、初の試み https://t.co/h7FB0hmdfT
0	あのネジでロボット組み立てるブースやってた人社長さんでした(
1	帰り電車で話しながら帰ってたけど会社のパンフ貰ったし楽しかったし一期一会って大事だなぁとしみじみ感じた今日でした
0	社長ってなんか似てるよ雰囲気やっぱ
0	@__luckys__ はい
0	@__luckys__ はい
0	@__luckys__ 流すな
0	@moriko1224 04-02のポスト数：11 (うちRT：3)
0	RT @Jin115: 『頭文字D』作者・しげの秀一先生の自動車マンガが新連載決定！！車の”自動運転”が普及した日本が舞台！！ https://t.co/PCdSH34hyz
0	激アツ
0	@mnm_ymd 誕おめ
0	@moriko1224 04-03のポスト数：4 (うちRT：1)
0	@kinpachiyaoc 草
0	@moriko1224 04-04のポスト数：2 (うちRT：0)
0	@tigers_nk0507 タス食わすぞ
0	@jfr8uNps47LmiOW かっちゃんおめでと(*´ω`)
0	大船にあったつけ麺 https://t.co/5NYmDDiLS6
0	RT @PALLETS_FPGA: 感情を読み取るAIにすべて見透かされる。。。 本格稼働する富士通のAI「Zinrai」--今後はAIそのものが“武器”になる https://t.co/WeZUx1SLdq @cnet_japanさんから #Fujitsu #Pallets…
0	学校誰もいない暇
0	サングラス
0	@Zawatorute うん
0	@Zawatorute ジュースね(ﾟωﾟ)
0	@Zawatorute (ﾟωﾟ)
0	@moriko1224 04-05のポスト数：10 (うちRT：1)
1	お邪魔してご飯まで頂いてありがとうございましたm(_ _)m お父さんお母さんが優しくて羨ましかった(•'-'•)
0	@moriko1224 04-06のポスト数：2 (うちRT：0)
0	RT @oomatsuemi: ディズニーランドキャスト、新人とベテランの違い  #ディズニーハロウィン https://t.co/aVRzypGdEp
0	@moriko1224 04-07のポスト数：2 (うちRT：1)
0	麺場ちゃっちゃか 横浜鶏系 https://t.co/PAW99Zkf7Z
0	@Zyun_Soup ぼっちおつ
0	@Zyun_Soup ミニ四駆つくりな
0	@murakyamikyami うんこ
0	RT @hiyoooooorin: かれし＝かれぴっぴ し＝ぴっぴ ししおどし＝ぴっぴぴっぴおどぴっぴ 死者＝ぴっぴぴっぴゃ ピクシー＝ピクピッピー 鹿＝ピッピカ ミシシッピ州＝ミピッピピッピッピピッピュウ 新春シャンソンショー＝ピッピンピッピュンピッピャンソンピッピョー
-1	10年振りくらいにねるねるねるね食べてる https://t.co/ZopHJ4oG2u
0	@shu915cf そろそろやる時期？
0	@shu915cf 笑う
0	@moriko1224 04-08のポスト数：9 (うちRT：1)
1	RT @kiri_ga_aru: 广州恒大のシーズンチケットを人から借りたら、めちゃくちゃ見晴らしの良い席だった素敵な話が中国で話題に https://t.co/5YpBtpY0vH
0	@moriko1224 04-09のポスト数：2 (うちRT：1)
0	@setteriine1023 しね！
0	@setteriine1023 ふふーい(•'-'•)
0	@setteriine1023 せ やな
0	ちょすちょす〜\(*´³`*)/
0	@5shuya おめでと✿ﾟ❀.(*´▽`*)❀.ﾟ✿
0	@moriko1224 04-10のポスト数：6 (うちRT：0)
0	@takuto1228boozy 俺の雰囲気に合わせてカクテル作って(ﾟωﾟ)
1	@5shuya 大丈夫(ﾟωﾟ)
0	@i_am_go3 @zawa_rad コメント荒れそう
0	@zawa_rad @i_am_go3 その勢いでヤフーにものりそう
0	@i_am_go3 @zawa_rad はいはいわろすわろす
0	雨やば
1	@s_tongue それはつよい
0	@DriftCityJP 仕事しろ
1	RT @mifaken3: なつかしいのでてきた https://t.co/jL1yJYz9Lv
1	@yotsubanow 就活たのしいぞ
0	@yotsubanow ↑就活生
-1	しゅうやのGPAとか0.3くらい？
0	笑
0	@5shuya 違うの！？
0	@5shuya ばっちこい
0	@moriko1224 04-11のポスト数：16 (うちRT：1)
1	Jayfiのモニターできたイヤホン2つ共くっそ低音強い
0	低音でズクズク
0	RT @DriftCityJP: @moriko1224 ありがとうございます。引き続き皆様にお楽しみいただけるよう努力してまいります。
0	@moriko1224 04-12のポスト数：4 (うちRT：1)
0	@nooya0126 俺は書くぞ(ﾟωﾟ)
0	@nooya0126 ここ〇
0	@nooya0126 俺はここ行くぞって意思を見せつけよう
0	@Asperger0922 おめでと！！！！！
0	@moriko1224 04-13のポスト数：5 (うちRT：0)
0	佐藤光さんの区です https://t.co/YLZhDB8bTl
0	@tigers_nk0507 ジューじゃんしたいから学校ちゃんとこい
0	@tigers_nk0507 (笑)だろそれいつまでインターンにしてんだよ笑笑
0	@tigers_nk0507 来週からはちゃんと来ような笑
0	@tigers_nk0507 ひっぱたくぞ笑笑
0	@moriko1224 04-14のポスト数：6 (うちRT：0)
0	@moriko1224 04-15のポスト数：1 (うちRT：0)
-1	RT @081NATORI081: 「人間の80%は水だから…」←この呪文を覚えておくとすこし人生楽になるからおすすめだよ 嫌な事言われた→「あの人も80%水だし考えたって仕方ないわ」 失敗しちゃった→「私なんか80%水だしこんなん出来ないの当たり前だわ 逆に80%水なのにここ…
0	飯島のサンマルク結構混んでて驚き笑
-1	立地ごみだからガラガラかと思ってた笑
0	和ごはんとカフェ chawan https://t.co/waGcyhJgZz
0	@Kenjigt1230 どうやってらつくったの笑笑
1	@Kenjigt1230 すごい笑
0	@ao_wife  あおちゃんどったの〜(`・ω・´)！ https://t.co/NlmqHKXvBj
0	@ao_wife 乗っ取られてるじゃんわろた
0	@ao_wife まじか
0	@ao_wife ほんとだ笑
0	てんふぃはどの曲もえもい
0	RT @tribe_12345: [Gt.スガワラ生誕祭🎉]  5/19(金)大塚Deepa  tribe サヨナラの最終回 雨音コンプレックス loomer the shes gone MONOMER  ADV/¥1400 (+1D)  OPEN/17:30  5月都内はこの…
0	とらいぶとものまーついに対バンする時がきたのか
0	場所知らないけどいきたいかも
0	@moriko1224 04-16のポスト数：16 (うちRT：3)
0	@fuuuuttan わろた笑 ちょっと予定確認してみる(`・ω・´)
0	@kinpachiyaoc てれれてれれてれれてれれてれれー
0	@kinpachiyaoc みんなだいすきぶどうかん
-1	@kinpachiyaoc 武道館の敷居が低くなっていくね
0	@murakyamikyami わろた
0	武蔵小杉のつくりほんとどうにかてくれ
0	@murakyamikyami なんようきたの
0	@murakyamikyami 先週水曜しかはいってない
0	@murakyamikyami  https://t.co/e9zth86qTo
0	RT @murakyamikyami: @moriko1224 ブーメランと言いたいんかてめえその通りだよ
1	@murakyamikyami 完璧なブーメランありがと
0	@murakyamikyami 花丸の答え
-1	@murakyamikyami だいちのせいで民度が低く見られる
0	@murakyamikyami いんきゃで草
0	@murakyamikyami おめちょす
0	出せたから悔いはねぇ
0	@mnm_ymd 二度あることは三度あるから
0	@mnm_ymd 今日行ったところ21までらしいけど(`・ω・´)
0	@mnm_ymd 今日は子会社 俺が出したの本社
0	@mnm_ymd 岩チャレは本社
0	@mnm_ymd 本社ぎり
0	@mnm_ymd ふぁい
0	RT @ro69_jp: 【10リスト】10-FEET、一生聴き続けられる名曲10はこれだ！ - 邦楽ニュース https://t.co/Xrvy2BDsb0  #10リスト
0	@laser_SK ふぉるつぁ音が出ませんssyr
1	@laser_SK 最初のOPみたいなのは出るんだけど肝心の車とかの音が出ない
0	@murakyamikyami 飲み行きたい
0	@murakyamikyami いこー
0	@murakyamikyami ころしたれ
0	@murakyamikyami しゅう飲んだ時うっさいからな
0	@laser_SK ありがと！
0	@moriko1224 04-17のポスト数：31 (うちRT：2)
0	@mifaken3 なにやんの
0	@mifaken3 足場でも組むんか笑笑
1	@mifaken3 すごいじゃん
0	@mifaken3 任せろ
0	@memeshe238 まーた歯が折れるよ(´・ω・｀)
0	@memeshe238 やったね！
1	RT @1025gccxManabu: そろそろサークル紹介があるから少し宣伝笑 私が入っているEXP．の主な活動は小学生ロボットプログラミング教室を行っているサークルです！硬そうな活動だと思われると思いますが、チームみんな和気あいあいと活動しています！皆仲がいいのでスポーツな…
1	RT @1025gccxManabu: 少しでも興味があったら、21日の放課後16:00〜 509教室で交流会を開きます！なのでよかった来てください！！！！ 何か聞きたいことがあったら自分にリプとかDM飛ばしてくれても大丈夫です！
0	@moriko1224 04-18のポスト数：9 (うちRT：2)
1	ふぉるつぁがなかなか楽しい
0	@VRH35Z_notfound 来年な
0	@VRH35Z_notfound 34解体祭り
0	@__luckys__ 親方の34解体祭り2017
1	@__luckys__ 今年は風強いから中止だって
0	@moriko1224 04-19のポスト数：6 (うちRT：0)
0	@__luckys__ カルシウム不足
1	けーおんの部長ですよろしけ
0	@nooya0126 わかる
0	@1025gccxManabu @nooya0126 ボーイ笑
0	@1025gccxManabu @nooya0126 おい
0	@373ymd @1025gccxManabu @nooya0126 それは許されない
0	@moriko1224 04-20のポスト数：7 (うちRT：0)
1	RT @373ymd: 来週の木曜日、ISC女子会やりまーす。  女の子たちで集まっておしゃべりできたらいいなーって思ってます！！ビジネス科の先輩は捕まえられなかったのが残念ですが、、  みんなと仲良くなれたらいいなあ((((( 'ω')))))
1	友達に企画手伝ってって言われるとやっぱ嬉しいよね
0	@5shuya ん？
0	@5shuya fk
0	@5shuya あ
0	@guitarhrun 火、木、金ですよ！
0	@guitarhrun 活動自体は再来週にバンドを組んでってやるので、ぜひ、来週のサークル説明会にきてください！(•'-'•)
0	@2Yayatntn え？
0	@2Yayatntn #何故たこやきなのか
0	@haduki1208 眠みが深い
1	@haduki1208 つよい
0	@moriko1224 04-21のポスト数：15 (うちRT：4)
0	@XuLaUqMPBdhE2Ql どこいる？
0	@XuLaUqMPBdhE2Ql なるほどね笑
0	@moriko1224 04-22のポスト数：3 (うちRT：0)
0	@moriko1224 04-23のポスト数：1 (うちRT：0)
0	RT @yukkurisagami: nullの読み方をずっと「ぬる」だと思ってて「おまたがnullnullするよぉ…」とかふざけたことツイートしてたらフォロワーから「なる」だよって指摘されて「ああ、nullほどね」って返したら愛想尽かされてブロックされた話ならあるよ
0	@hosho_mikio ER34破壊祭2017
0	@hosho_mikio 2017祭り
0	@moriko1224 04-24のポスト数：4 (うちRT：1)
0	今日けーおんのサークル説明会でーす 15:40〜608でーす 気になってる人とかきてねー
0	全部人の金 @tigers_nk0507  @g_stone_m https://t.co/ZPiMwEmJfW
0	@tigers_nk0507 @g_stone_m ありがと
0	@moriko1224 04-25のポスト数：4 (うちRT：0)
0	@moriko1224 04-26のポスト数：1 (うちRT：0)
0	人の金で選ばれたらしい https://t.co/CwqUFf8lB0
0	.@callmindspecial  @hazzieone
0	ミンティアプレゼント待ってます https://t.co/Lfy4klx044 @AmazonJPさんから
0	RT @moriko1224: ミンティアプレゼント待ってます https://t.co/Lfy4klx044 @AmazonJPさんから
0	@moriko1224 04-27のポスト数：6 (うちRT：2)
0	しょうた先輩としおい先輩の奢りで焼肉
0	@moriko1224 04-28のポスト数：2 (うちRT：0)
0	RT @TANITAofficial: こちら弊社関連会社『MEGWIN TV』の代表MEGWINが年末までに登録者数100万を目指します。こちらご協力のほどよろしくお願いいたします。 https://t.co/8UamphO0M5
0	@XuLaUqMPBdhE2Ql OGRしてくれ
0	@nooya0126 おつかれじゅんちゃん(●´ω｀●)
0	@XuLaUqMPBdhE2Ql やったぜ。
0	@tigers_nk0507 何があった
0	@nooya0126 死ぬのはこれから＼(^o^)／
0	@nooya0126 そこまでがんばろw
0	@nooya0126 癒しかぁ
0	@moriko1224 04-29のポスト数：9 (うちRT：1)
0	@tigers_nk0507 なるwww
0	@setteriine1023 いなか
0	@moriko1224 04-30のポスト数：3 (うちRT：0)
0	@moriko1224 05-01のポスト数：1 (うちRT：0)
0	お仕事しような俺
0	@moriko1224 05-02のポスト数：2 (うちRT：0)
0	なにForzaのホライゾンってクラブなんかあんの
0	これは草 https://t.co/0LrUXkpxQN
0	RT @miwa34783: クロスフェイス モノリス(04) https://t.co/fwGVAy5mXL
-1	混ぜるな危険
0	@moriko1224 05-03のポスト数：6 (うちRT：2)
0	@moriko1224 05-04のポスト数：1 (うちRT：0)
0	かなみとサザンビーチカフェ来たヽ(*ﾟ∀ﾟ*)ﾉ #サザンビーチカフェ #おしゃれ#GW#満喫 https://t.co/NsPDXkTlM3
0	ゴールデンウィーク満喫ちう。 https://t.co/Pf7wZNLRZf
0	@mifaken3 焼肉食ってんのか
0	@moriko1224 05-05のポスト数：4 (うちRT：0)
1	@callmindspecial 体に良さそう
1	@callmindspecial 近いやん
0	@mifaken3 うまそうやん
1	@callmindspecial そうだから近い
0	@SjQcyell9PxGLIs さくらこだ
1	19日のライブはどっちで予約取ればいいんだ
0	とらいぶとものまー
0	@SjQcyell9PxGLIs なるほどね笑
1	@SjQcyell9PxGLIs 懐かしいな笑
1	@SjQcyell9PxGLIs 元気だと思う笑
0	@SjQcyell9PxGLIs 俺は会ってないね笑
-1	@SjQcyell9PxGLIs 意外と就活とか学校が大変でね笑
-1	@callmindspecial 3万年くらい待って
-1	@SjQcyell9PxGLIs 2年制だからさ短い笑
0	@callmindspecial 名古屋でじゃんけんあり？
0	@SjQcyell9PxGLIs ありがと笑
0	@bass_daichi せっかくだしね笑
0	@callmindspecial 月曜が楽しみで仕方ねぇ
-1	@callmindspecial 無しではない
0	@callmindspecial fk
0	事務キチ行ってみたい
-1	@bass_daichi 滅多にないだろうからね笑
0	@moriko1224 05-06のポスト数：23 (うちRT：0)
0	@bass_daichi いや彼女と行こうかと思ってるー
0	@___RAMRIN @bass_daichi すーぐ中指を立てる
0	@bass_daichi そうする！
0	次の @YouTube 再生リストに動画を追加しました: https://t.co/R0qLPQotkh Baby smoker / Butterfly
0	@moriko1224 05-07のポスト数：5 (うちRT：0)
0	@i_am_go3 おめ
0	今日の自分謎過ぎてやばみ
0	@moriko1224 05-08のポスト数：3 (うちRT：0)
0	@kagero0915 おめめめめめめめめめめめ(*๓´˘`๓)ざいます！！！！
0	RT @jfr8uNps47LmiOW: ISC軽音サークルの副部長になりました、 ささっとギターソロ https://t.co/8m0yAFIm0B
0	@moriko1224 05-09のポスト数：3 (うちRT：1)
0	@akitomo0012 尚、数こなさないと記録されてる模様、、、
1	おもしろそうだから買ってみた https://t.co/Xz4830veOd
0	@pinyanyas2 やってた人だよ笑
0	@pinyanyas2 やめろおおおおおおおお
0	@pinyanyas2 君も一緒にマグマダイバー
0	@pinyanyas2 やめなさい
0	@pinyanyas2 どっから拾ってんの笑
0	@pinyanyas2 ついはい(´O｀)
0	@pinyanyas2 ついはいのフレンズなんだねー！
0	@nooya0126 そりゃ買うでしょあんだけ探したんだもん笑
0	@nooya0126 プログラミングの勉強だからJavaの暇な時間わんちゃん(ﾟωﾟ)
0	@nooya0126 先生に怒られるところまで読めた(ﾟωﾟ)
0	@nooya0126 間違いない笑
1	@bass_daichi すみさーん19日のチケット予約はHPでした方がいいのー？
0	@moriko1224 05-10のポスト数：15 (うちRT：0)
1	@nyam10_ プログラミングしてものが動くからかなり楽しそうだよね！笑 ついでに、横浜の有隣堂にはありませんでした笑
0	@kinpachiyaoc ま？
0	@bass_daichi ありがと！！！
0	@nyam10_ まだこれからだけどパラパラ読みした感じはおすすめできそう笑
0	@murakyamikyami @kouichi_kato79 ライブしたい
0	@murakyamikyami @kouichi_kato79 そろそろみろみろーーいしたくない？
0	@murakyamikyami おててのしわとしわありがとおおおおおは？
0	@murakyamikyami でも、ライブやりたくない？
0	@murakyamikyami 合宿あり？
0	@nooya0126 おつぽんぬ、、、
0	@murakyamikyami きわいか
-1	@nooya0126 神は言っているまだ死ぬべきでは無いと
0	@murakyamikyami 俺来年から社会人だからいけないぞ
1	@nooya0126 まだはやい延命して
0	@nooya0126 だめ
1	@nooya0126 俺はいいけどもりこういちはなんて言うかな
0	@murakyamikyami 働くんだよ
0	@murakyamikyami だめ
0	@moriko1224 05-11のポスト数：19 (うちRT：0)
0	@murakyamikyami らいぶしたい
-1	@nooya0126 ねむいひと
0	@nooya0126 でも、来週有給だからがんばれる
0	@nooya0126 いや
0	@nooya0126 だね
0	@nooya0126 任せろ
0	@nooya0126 落ち着いて笑笑
0	@1025gccxManabu 手がな調べちゃったんだよな
1	@nooya0126 俺は元気だよ！！！
0	@1025gccxManabu 俺
0	@nooya0126 まだまだお若いよ2人とも
-1	@nooya0126 まずいですよ！
0	@nooya0126 わかる
0	@nooya0126 ねり
0	@nooya0126 寝る
0	@nooya0126 そうだよ連用形
0	@1025gccxManabu ないよ
0	https://t.co/jiUrhOBZHY
0	@mifaken3 セトリ
0	@mifaken3 まんじよ
0	誰かと思ったら椎名くんか
0	@moriko1224 05-12のポスト数：22 (うちRT：0)
0	@murakyamikyami おかわりした？
0	@murakyamikyami さすがじゃん
0	RT @yoshida_justice: 10億RTされると、数学上未解決の問題に挑戦することになるので、RTしないで下さい。 #鷹の爪 #たのしいクイズ https://t.co/WLTMZiPeyM
0	@moriko1224 05-13のポスト数：4 (うちRT：1)
0	@jfr8uNps47LmiOW やったぜ。
1	@1218kyouta @nooya0126 俺も好きだけ詳しくない笑
0	@nooya0126 @1218kyouta 儂はすぽーつかーだいすき(´O｀)
0	@moriko1224 05-14のポスト数：4 (うちRT：0)
0	@1218kyouta @nooya0126 おぉ笑
0	@nooya0126 @1218kyouta カイエンとか乗ってみたいよねぇ(｡･ω･)y-ﾟﾟﾟ なんかGT-Rさんのエンジン載せた1000馬力のジュークがあるらしいよ(｡･ω･)y-ﾟﾟﾟ
0	@nooya0126 @1218kyouta っ https://t.co/SsVYfK1Cko
1	@1218kyouta @nooya0126 じゅんちゃんにぴったりだね(｡･ω･)y-ﾟﾟﾟ
0	@nooya0126 @1218kyouta ゴリゴリはだめか(´O｀)
0	@jfr8uNps47LmiOW とりあえずお疲れ様！
0	@akitomo0012 2年て参加出来んの？ 確かにキャパ1年だけでギリギリだった気がする
0	@mifaken3 メルカリで売ろ
0	@s9h1u5 インフル
-1	@mifaken3 民度低いから売れそうw
0	@mifaken3 商品のジャンルをゲームとかにしてメルカリ見てるキッズの顔を真っ青にしよう祭2017
0	@mifaken3 売れるよ
1	@akitomo0012 担任に確認してみた方が良いかもねぇ 一応うちのクラスは明日も休みになってるからさ
1	@akitomo0012 多いよ
0	@akitomo0012 わかる
0	@tigers_nk0507 夜飯ありがと
0	@tigers_nk0507 さよならじゃねぇよ
0	@akitomo0012 ステート
-1	@mifaken3 全部食べたらああしぬぜええええひゅううううううう↑
0	@mifaken3 たけるがやったの？
0	@mifaken3 ま！？
0	@mifaken3 めぐさんのおもしろさがなかなか理解してもらえないから悲しい
0	@moriko1224 05-15のポスト数：23 (うちRT：0)
0	@soccer__0118 おめ！
1	じゅんちゃんの貴重な時間をいただきますた
0	@moriko1224 05-16のポスト数：3 (うちRT：0)
0	@hazzieone 2000年後な(｡･ω･)y-ﾟﾟﾟ
0	@hazzieone バイトがんばって
1	@hazzieone セブンのチキン美味しかった
0	@hazzieone エスカルゴ
0	@moriko1224 05-17のポスト数：5 (うちRT：0)
0	@moriko1224 05-18のポスト数：1 (うちRT：0)
0	@Scottie_you すごーい！
0	@tama_kn おおさか
0	@tama_kn えっ
0	@hazzieone @akitomo0012 小さい小暮
0	@tama_kn まやかし
0	@tama_kn 大阪はなんだったの
0	@hazzieone @akitomo0012 ？
0	@akitomo0012 昨日ラボにイヤホン忘れてった？
0	@akitomo0012 ラボ行った時に見覚えしかないShureのイヤホンが置いてあったからさ笑
-1	@akitomo0012 1万2000円がぞんざいに扱われた瞬間であった
0	@laser_SK |ω・`)じー
0	@laser_SK なるほどねw
0	@moriko1224 05-19のポスト数：13 (うちRT：0)
1	凌駕の家系美味そうじゃ
0	@tigers_nk0507 お金くれまじで
0	飯島にすた丼出来たからもうご飯に困らない
0	@kentoppoo 家の近くにすた丼出来たんですよ(・∀・)笑
1	@Zyun_Soup 良きかな
1	うちの近くは森がいっぱいだから好き https://t.co/ZSOtlSeSjV
0	暑いくらいだけど風もあるし最高に気持ちいい
0	@tigers_nk0507 おっ
0	@mnm_ymd ココ横浜市
0	@mnm_ymd 森あるほう
0	@LightRightWrite なんでだろう、、、 この既視感()
0	@nooya0126 @kagero0915 ぼくしらない
1	@LightRightWrite まじで笑笑 すごい見覚えしかない()
0	@hamatsunorin GTsportsはよ
0	@hamatsunorin そういう噂はある
0	@kagero0915 @nooya0126 町田商店のラーメン特盛で許してください＞＜；
1	@kagero0915 @nooya0126 ジャンキーなもの好きなけいちゃん先輩ならいけると思います！(・∀・)
0	@kagero0915 @nooya0126 やばいw
0	@moriko1224 05-20のポスト数：19 (うちRT：0)
0	@0521MARIDONO おめでとあ！
0	@sointo32 いきてるか
0	@Kenta_Umi @nooya0126 俺にもね(*´꒳`*)
1	@sointo32 元気そうなら良きなのよ
0	@moriko1224 05-21のポスト数：5 (うちRT：0)
1	人の金で飲むお茶はうまい @tigers_nk0507 @callmindspecial https://t.co/nmkVoHDKAn
1	RT @moriko1224: 人の金で飲むお茶はうまい @tigers_nk0507 @callmindspecial https://t.co/nmkVoHDKAn
0	RT @tigers_nk0507: 負けた人がやめるって言うまで終わらないじゃんけん https://t.co/vpOaZ93CXj
0	「開幕!!パドックGP2」 https://t.co/T9VursyMH6 でレースチームを運営しているよ。一緒に参戦しませんか～ フレンドID: 845690639 #カイロソフト https://t.co/KNUmPHphwh
0	@hazzieone @mnm_ymd var Kusa = "草"；
0	@rupann_0924 しゅうへえええええええええ
-1	@rupann_0924 うるさい！！！ うちのもりこくんだ！！！
0	@rupann_0924 もちのろんԅ(¯﹃¯ԅ)
0	おおとや https://t.co/G5TYWMOwcc
0	@dayoon_akihiro かなみじゃ
0	@nooya0126 @dayoon_akihiro わろた
-1	@nooya0126 @dayoon_akihiro 今日は無いよ
0	@dayoon_akihiro @nooya0126 ちゃんと学校来ようね
0	@moriko1224 05-22のポスト数：14 (うちRT：2)
0	@laser_SK ブリザードマウンテンが起動してくれない ＞＜
0	@laser_SK うむ、、、
0	@laser_SK moriko1224 これであってるんかな？ https://t.co/C5vFZJFNkQ
0	@laser_SK むしろ俺が送るよww
0	@laser_SK おくれたっぽいいいい
0	@laser_SK よろしくw
0	@tigers_nk0507 チート使え
0	@QhGkd やったぜ
0	@kagero0915 @s81_sG @kentoppoo もりっこは今日バイトです、、、
0	俺もしょうた先輩としおいパイセンに会いたい
0	@kentoppoo @kagero0915 @s81_sG 無料優待券笑笑 次は連れてってくださいね！笑
0	@moriko1224 05-23のポスト数：12 (うちRT：0)
0	@yuya50_baseball でと
0	@murakyamikyami 草
0	@setteriine1023 うんこ
0	@moriko1224 05-24のポスト数：4 (うちRT：0)
0	@moriko1224 05-25のポスト数：1 (うちRT：0)
1	RT @Jabberwocky2469: 本番リリース2日前にプログラマが「根本的な設計に欠陥があった、今なんで動いてるのかマジでわからない」と言い出した時のぼく https://t.co/ORK8BsoaVK
1	めちゃめちゃおもしろいけど笑えない
0	矛盾
0	@moriko1224 05-26のポスト数：4 (うちRT：1)
0	@hazzieone こぐれっちこぐれっちになった？
0	@hazzieone バイトいってくるね
0	@moriko1224 05-27のポスト数：3 (うちRT：0)
0	戸塚撮り鉄がいる
1	趣味っていいね
0	ほんとにこの撮り鉄達見てると害悪な撮り鉄ってほんと一部なんだなって思う
0	やってTRYやってる https://t.co/JApjY18zzX
0	@1025gccxManabu ちゅーりん1人？
0	@gangan_smash @matsu9love4yuu どうも環2神勝軒です
0	@moriko1224 05-28のポスト数：7 (うちRT：0)
0	Challenge&amp;Innovation
0	あと1ヵ月
0	FOOOOOOOOOOO
1	@i_am_5mi ツイート楽しそうだからやってみた
0	@i_am_5mi 草って感じだな
0	@ss8_pm そうだいな
0	@ss8_pm でぃすり
-1	@ss8_pm かほさんが見るのもしんどいってかなりしんどいぞそれ
0	@s9h1u5 うちの仕事先の同僚が草
0	@moriko1224 05-29のポスト数：10 (うちRT：0)
0	@_ok1218 やばいよね、、、
0	RT @responsejp: スズキ カプチーノ、20年振り後継モデル登場か https://t.co/UHbqs3HF5t  #話題の記事 #スズキカプチーノ #20年振り後継モデル登場 https://t.co/63Tyq3PKAl
0	@_ok1218 今度の休みに綺麗にすることにしました、、、笑
0	あっきーやばい
0	@_ok1218 がんばろうね、、、笑
