0	雨降りだがカラダファクトリーへ。いったん会社に行って電話を探そう。
0	ニコ生のマブヤーを泣く泣く 切り上げて。
0	オバァって何歳？
0	フードがびしょ濡れ。
0	整体終了。一ヶ月も間があくと終わった後のスッキリ感がほとんどない。まだまだ足りず。
-1	ミッション予定より15分遅れで終了。 雨の年末はダメだね。
-1	無駄使い終了。
0	『写真を取るならデジカメ？ スマホ？』という質問に「スマホ以外」と投票しました。※理由→デジカメ使ったほうが電池持つから。 ◇結果を見る →  http://t.co/smg6UjYD #zzhh_q51 / from インターネット国民投票「ゼゼヒヒ」 @zzhh
0	『あなたは今年テレビドラマを見ましたか？』という質問に「見た」と投票しました。※理由→リーガルハイって今年だったはず。 ◇結果を見る →  http://t.co/BEuRi1he #zzhh_q56 / from インターネット国民投票「ゼゼヒヒ」 @zzhh
0	『あなたは今年映画を映画館で見ましたか？』という質問に「見た」と投票しました。※理由→バイオハザードとテルマエとアウトレイジとあとな...＞続きを読む →  http://t.co/fLEQ4sn4 #zzhh_q57 / from インターネット国民投票「ゼゼヒヒ」 @zzhh
1	『「あむろ」と言えば？』という質問に「安室奈美恵」と投票しました。※理由→世代かな。ガンダムも好きだけど、小学生の時だしそんなにイン...＞続きを読む →  http://t.co/6D9ORv8x #zzhh_q84 / from インターネット国民投票「ゼゼヒヒ」 @zzhh
0	『2012年、あなたは何かの音楽ソフトを買った？』という質問に「買った」と投票しました。※理由→イェスー、スラスラ、ニューロシス、プ...＞続きを読む →  http://t.co/T6H3N78S #zzhh_q99 / from インターネット国民投票「ゼゼヒヒ」 @zzhh
-1	身体中が痛い。
0	いつの間にやら年越し。
0	おこしとは「名を起こす」か。
1	湯楽の里でゆっくりと。と思いきや割と人が多い。
0	甥っ子やら姪っ子やらに渡すお年玉は用意したぞと。
0	『2013年、何か抱負はありますか？』という質問に「ある」と投票しました。※理由→ちゃんと休む。もっと温泉に行く。 ◇結果を見る →  http://t.co/YtQJw1Ld #zzhh_q106 / from インターネット国民投票「ゼゼヒヒ」 @zzhh
0	『年越しそば、食べます（ました）か？ 』という質問に「食べる（食べた）」と投票しました。※理由→食べたよ。 ◇結果を見る →  http://t.co/Mckh28lU #zzhh_q103 / from インターネット国民投票「ゼゼヒヒ」 @zzhh
0	温泉もはいるのかな？でも公共じゃないか。→プールなどの公共娯楽施設で入れ墨・タトゥーの入った人を入場禁止にすべきだと思いますか？ | ゼゼヒヒ - インターネット国民投票 http://t.co/24ShF9Hk
0	靴を磨こう！
0	テッカテカやで！ http://t.co/Z7CraR2O
0	やたらおなかが減るので、深大寺そばを食べることにする。
0	ふぅ。
0	那須湯元の宿を予約した。
-1	ちょっとおならが出すぎるし臭すぎる。思い当たるのは大麦飲んでないこと。一日２～３杯飲まないと。
1	立川駅は初売り狙いらしき人達でえらい人混み。
0	福袋は諦めて那須にむかう。
1	良い言葉「素晴らしい」を0回ツイートしたnbhr000さんの2013年の運勢は吉です - 【 #日頃の行いおみくじ 】2012年のツイートを分析して2013年の運勢を表示!結果はこちら→ http://t.co/mXicnI0R
0	黒磯着いた。
0	思いがけず黒磯神社で初詣。巻き物式のおみくじは小吉でした。 http://t.co/fifAZcv6
1	硫黄の香りがプンプンやで。なつかしいなぁ。
1	宿についた！一人では持て余す部屋の広さかな。
0	ひとっぷろ浴びて出て来たら雪が降ってきた。 http://t.co/QTAgBaqA
1	いつもながら宿の食事の量はちょっと多い。がんばって全部食べる。
0	まだ９時か。
0	雪。 http://t.co/YmKfrIFH #夜景フォト http://t.co/xroQtJP9
0	すっかり雪。 http://t.co/NLnLLuRu
0	殺生石も雪化粧。 http://t.co/ZYqZtDW4
0	茶臼岳。一面雪景色。
0	ポイント交換でもらったソーラー充電池だが本当にiＰhoneに充電できるようだ。
0	まじ大雪。 http://t.co/V01kw7ZV
0	降りて来たら雪なんぞどこへやら。でも風はすごく冷たい。ゆっくり帰るぜ！ http://t.co/LuIMWCZP
0	紀行文ってどうやって書いてるのかな？真似してみようか。
0	そういえば帰りのバスでお菓子の城っていう施設の前を通ったんだけど、「御用邸の月」とかいう垂れ幕が下がってた。萩の月の類似品かな？
1	おとなしく黒磯駅前で温泉まんじゅうとチーズケーキを買ってきたよ。
0	餅を食う人の気がしれない。
0	安納芋は種子島産に限るよ。
0	やっぱりたけのこ派。
-1	さむさむ。部屋の中が11℃だって。さむさむ
0	丸じゅんいきたいなぁ。
0	整いマイケル⁉
0	たけのこの里は一種類しか... http://t.co/xqej8Oh8
-1	さむさむ。手がかじかむ。部屋の中だけど。
0	伊勢丹で服を買うミッション終了。
1	確か手袋を買いに来たはずだった。
1	温泉旅行にかかったお金の計算。一泊二日で約２４０００円でした（お土産含む）。いい範囲。
0	世界初のラジカセはアイワなんだね。
0	ラテカセ！なんか聞いたことあるきがする！
0	ブラック。。ブラック。。ブラック。。　「ブラック企業名言集」は本当にブラック？ #BLOGOS http://t.co/nSouDEnm
0	『今年は七草粥、食べましたか？ 』という質問に「食べてない」と投票しました。※理由→食べてないよ。 ◇結果を見る →  http://t.co/Zjdb2ch4 #zzhh_q113 / from インターネット国民投票「ゼゼヒヒ」 @zzhh
0	『あなたはツイッターをどうやって見てる？』という質問に「専用クライアント」と投票しました。※理由→HOOTSUITE使ってます。で...＞続きを読む →  http://t.co/PLabSS9Y #zzhh_q114 / from インターネット国民投票「ゼゼヒヒ」 @zzhh
0	「焼き芋小百科」なんてあるんだ。http://t.co/2U3Y2iHw
0	ほんとに部屋の中で手がかじかむなんて！
1	テレビ観ながら「なんで旦那はもっと早く病院に連れてかないんだよ！！」って母親と妹が憤っておる。
0	焼き芋ってちょっと高いよね。
0	いつのまにやら駅前の宝くじ売り場がなくなってた。
0	国立駅の改札が一つになると。高架化工事も大詰めなのかな。
1	納得のいかない美味しさ！
0	腰が砕け散る…
1	RT @travel_jp: キタキタ！LCCピーチが片道1000円から！今日11日17時～13日17時にて48時間セールの開催を発表！⇒ http://t.co/J1HakCM6 ピーチ詳細⇒ http://t.co/dinxmUDz #tj_lcc
1	ファンキーだ！
1	会社の中で子供達がはしりまわっとる。おおらかな会社だ。
1	部屋用の手ぶくろを買ったのでした。 http://t.co/GIA8J5Y5 スマホも扱えるので快適です。
0	腰が。。。
0	メガネの各部のネジが緩んでグラグラだ。
0	ハンタ映画見てきた。う〜〜ん？
-1	整体に行ったら先生に「私がついて以来最高の状態になってますよ」って言われた。もちろん悪い意味で。自覚バッチリ。
1	前に光麺があったところに新しいラーメン屋ができたので来てみた。極太麺だそうだが茹でるのに十分もかかるのはいかがなものか？どんだけ太いのかな。
0	ぷりんアラモー丼が気になる。
0	太い。
0	顎が疲れる。
0	肉はステーキのような食感。
0	三本くらいずつがちょどよい。
0	今日はダイオウイカの放送の日だった！
1	確か録画予約したはず。
0	湯楽の里でゆったり。
0	雪だよ。
0	ほんとに勉強のしかたわすれちゃったな。
-1	会社でワンマンだとエアコンつけてても寒い。外もだいぶ積もってみたい。
0	食事をしようと外へ出たら、あまりの雪に近場のとんかつ屋で済ませた。マックにしとけば600円かそこらだったのに、1500円も掛けてしまった。牡蠣とヒレカツ定食。
1	ほんとすごい雪だな。帰れるかな？
0	足元冷える。
0	集中力切れた！もうなんかやってらんない！
0	kindleストアのワンクリこえー。すぐポチる。
-1	kindleでも買えるのか。。　限界集落(ギリギリ)温泉第一巻 (限界集落(ギリギリ）温泉) 鈴木みそ http://t.co/4dJ2vDqO @AmazonJPさんから
0	焼き芋はなぜ値段がたかいのだろうか？
0	軒先か...
0	産直野菜が17万円。出店料が6300円。
0	狙ってたところがとられるかもしれん。
0	消防署の地図記号はさすまただと！
-1	意志薄弱。
0	フランクフルトとアメリカンドッグ勘違いした。
1	通勤電車に乗らなくてもよいというのは「幸せだな」と思う。
0	RT @mido4299: 自分が潤わない経済活動を「利権」、自分が知らない意思決定を「陰謀」、自分が知らない情報を「隠蔽」、自分が入ってない関係を「癒着」、これらを批判しない人を「御用」。自分と意見が違う人を「工作員」。こういう言葉をよく使う人を「放射脳」と呼ぶらしい。
0	お金が戻ってきた。
0	200円を１００回ポチったら一万円だよね。
0	人を呪わば穴二つ。。。
1	RT @YoshitoHori: プレジデント誌のアンケートで、年収500万円、800万円、2000万円以上の比較が載っていた。2000万円以上は「テレビを殆ど観ない」が、33％と断トツ多い。一方、500万円台は、「民放バライエティを観る」が、突出して多い。この違いが、最 ...
1	バラエティは楽しいが、何も残らない。
0	つくづくiPadは重いと思う。
1	西新井大師なう。初なう。人が多いねえ。 http://t.co/uTsb7Ljw
-1	屋台のシロコロホルモン食べたら、歯に脂ががっちりこびりついて気持ち悪い(ﾟoﾟ;;
0	ブラックラーメンで口直し。
0	退散！
1	切符はいいのかな？？
0	妙蓮寺まで来たけど東横線で人身事故。
0	「プ」ロマイドなんだね。ず～っとブロマイドだと思ってた。
0	ものの言い方だね。気をつけよう。
1	いさぎよく死ぬってできない世の中。時事ドットコム：麻生財務相の発言要旨 http://t.co/nmF2eaqQ
0	RT @mktredwell: この発言ね、夕方話題になっていたの。よく読むと、さっさと死ぬというのは、麻生さんの遺書にある自分の言葉何ですね。&gt; 時事ドットコム：麻生財務相の発言要旨 http://t.co/EBBZgP6z
0	「できるだけのことはしてもらいたい」というのをどこまで続けるかが問題。
1	RT @travel_jp: LCCピーチが新就航地を発表です！4月に関西ー仙台、6月に関西ー石垣、9月に那覇ー石垣と関西ープサンに就航予定！→ http://t.co/aFRPhOPu ピーチ詳細→ http://t.co/5L5wmZbi #tj_lcc
0	そういえば遺書は死んだあとに読むものだから、植物状態になったらどうするかってことを書いてもしょうがないのでは？
-1	『iPhoneに大型液晶モデル「iPhone Math」登場の噂。あなたは欲しい？』という質問に「いらない」と投票しました。（理由）あんまりでかいと邪魔だよね。初期のPHSのW-ZEROみた...＞続きを読む →  http://t.co/2ZZorPNL ｜ゼゼヒヒ @zzhh
0	『日本の映画料金は安い？ 高い？』という質問に「高い」と投票しました。（理由）高い。シネマシティの会員になってるからかなり安く見られるけど、そこ以外では見たくなくなる。 ◇結果を見る →  http://t.co/eWMbPwdD ｜ゼゼヒヒ @zzhh
0	ラウドパークとどう違うのかな？　ナタリー - [Power Push] Ozzfest Japan 2013特集 http://t.co/Mt479G5u
0	『インフルエンザ対策してますか？』という質問に「していない」と投票しました。（理由）実際に「こうしている」という行動はしていない。ま、いままでかかったことがない。 ◇結果を見る →  http://t.co/2uJh4spL ｜ゼゼヒヒ @zzhh
0	メガネを求めて服を変え。
0	もうカタカナ語が頭にはいらないよ。
0	『クラウドファンディングのプロジェクトに資金提供したことはある？』という質問に「ない」と投票しました。（理由）ない。システムを知らなかった。知っていたとしても資金提供するかどうかは自分が気に...＞続きを読む →  http://t.co/k8zaW2C8 ｜ゼゼヒヒ @zzhh
0	『全国自治体職員の駆け込み退職、あなたはどう思う？』という質問に「問題ない」と投票しました。（理由）「お金の教育」をしないから、善意を前提にした行動を想定した制度になるのでは。自分は退職しな...＞続きを読む →  http://t.co/ulTWxXDd ｜ゼゼヒヒ @zzhh
-1	うちの会社退職金無いんだけどね。
-1	『年賀はがきの当せん番号、確認しましたか？』という質問に「してない」と投票しました。（理由）してない。めんどくさい。 ◇結果を見る →  http://t.co/CUmCoQCC ｜ゼゼヒヒ @zzhh
0	もちろん当たってない。
-1	『ケンタッキー食べ放題、あなたは元取れる？』という質問に「無理！」と投票しました。（理由）食べ放題とか飲み放題で元が取れるような食欲は持ってない。 ◇結果を見る →  http://t.co/YRrTzAsT ｜ゼゼヒヒ @zzhh
-1	『この冬、あなたは「こたつ」を使っていますか？』という質問に「使ってない」と投票しました。（理由）部屋が狭いぜ。セラミックヒーターと電気カーペットで乗り切る。 ◇結果を見る →  http://t.co/w9PLBFMn ｜ゼゼヒヒ @zzhh
1	非常に懐かしい。。高校生の頃に来日して、ファンイベントに参加したのはいい思い出だ。
1	RT @LunarModule7: 『iPadの文字入力でもフリック入力が超便利！画面も広く使えてみやすいですよ』 http://t.co/1M8cYI66 知らなかった
0	分割された！
0	今日の移動 [自宅]→[弘明寺] 仕事関連の写真撮影したら怒られた。顔が写ってるということで消すことに。
0	[弘明寺]→[妙蓮寺] 先週仕事で借りたところの利用状況を見にゆく。月末はいつもあれの販売に使われてるのね。
0	例の件の返事がまだ来ない((((；ﾟДﾟ)))))))
1	でもそんなドラマは全く面白くないだろう。なーーーんにも起こらなそうじゃん。
0	[妙蓮寺]→[戸越銀座] 間違えて戸越公園で降りてしまった。けど目的地は戸越銀座駅でも戸越公園駅でも同じような距離だった。
0	猫がにゃんにゃんゆーとるわ。
1	戸越銀座はすごく活気があってよいとこだったな。時間があれば戸越銀座温泉に入りたかった。。。
0	[戸越銀座]→[椎名町] ついた時には日がとっぷり暮れて真っ暗。見たかったものは全く見られず。まぁ場所だけ確認できただけでもよしとしよう。
0	RT @Tokyo_Fire_D: 《降雪・凍結路面転倒防止》立川市周辺で降雪が確認されています。朝の通勤・通学時には、凍結路面での転倒に注意してください。１、急がない焦らない行動をする（出勤時間を早めるなど）２、溝のある靴を履く（雪靴・長靴など）３、小さな歩幅でゆっくり ...
1	たけのこの里、こんな時間に一箱食べ切ってしまった。おいしいなぁ(^^;;
1	RT @Tachikawanavi: 2015年開業予定のららぽーと、どうやらモノレールの立飛駅直結みたいですよ♪FBの立川なびにて詳しく書いてます！  http://t.co/imRK7Czf http://t.co/vHb2G9Dh
1	ららぽーとが立川にできるんか。あの広い空き地に何ができるのかとおもったら。一時イケアができるとかあったけどなくなったのだろうか？
0	シングルライフ
-1	ポチるポチる。人差し指が軽い。
0	アイアムア上司  #タイトルの一部を上司にすると社畜感が増す
0	限界集落上司　 #タイトルの一部を上司にすると社畜感が増す
0	上司の呼吸法　 #タイトルの一部を上司にすると社畜感が増す
0	上司のリアル　 #タイトルの一部を上司にすると社畜感が増す
0	上司がグローバル資本主義を生き抜くための経済学入門　 #タイトルの一部を上司にすると社畜感が増す
0	１２時過ぎやがった。
-1	RT @shamilsh: 問題を起こす天才のH・隆センセと、問題を悪化させる天才のU・隆の二人で、なにかやらかしてみて欲しい RT @massa27: 隆というヤツはもう… RT @shamilsh: 重信メイちゃんが日垣センセにブチ切れとる（怖）！ 日垣センセは ht ...
1	非常に香ばしい。メルマガになんて書くのやら。
0	目の前で五時間も電車が止まってる。
0	またやっちゃった。
-1	左の歯が疼くようになった。と同時に右顎の関節が痛み、口を開けるのが辛くなった。なんだろう？
0	なにやら引き落とせなかったらしい。
0	株主優待券が届いた。
0	しかし泊まりにいけるかどうかが問題だ。
0	聖飢魔IIをコミックバンド扱いwww
1	コミック持ってるのにポチってしまった。でも面白いからいいのだ。　///　限界集落(ギリギリ)温泉第一巻 鈴木みそ http://t.co/GOno35Aw @AmazonJPさんから
-1	あごが痛い。。。
1	今日は暖かすぎるな。
0	ついにルネサンスを退会した。運動など夢のまた夢。。。
1	今日もあったかい。これから整体。一ヶ月ぶり？なんて言われるか。。。
0	社畜です。
1	恵方巻きなんぞどうでもいい。
0	FF２とFF１をポチった。
0	今日の夕飯が手巻き寿司だったのは恵方巻きの呪いだと思う。
1	若い奴らは無敵だとつくづく思う。
0	『節分に恵方巻を食べますか？』という質問に「食べない」と投票しました。（理由）食べないよ。食べる理由がないもの。 ◇結果を見る →  http://t.co/2UfZvssx ｜ゼゼヒヒ @zzhh
-1	『武雄市の市職員給与を税収に連動させる方針、あなたは賛成？ 反対？』という質問に「反対」と投票しました。（理由）税収ふやすためになんか強引な解釈をやらかす気がする。 ◇結果を見る →  http://t.co/WuSnOo7x ｜ゼゼヒヒ @zzhh
0	『今年の節分は豆をまきますか？』という質問に「まかない」と投票しました。（理由）散らばって本棚の隙間にはいろうものなら、年末の大掃除にこんにちはだぜ。あ、家族からパック詰めを投げつけられまし...＞続きを読む →  http://t.co/X2wzE3Pj ｜ゼゼヒヒ @zzhh
0	『上映前の「NO MORE 映画泥棒」、あなたはどう思う？』という質問に「見たくない」と投票しました。（理由）今日ONEPIECE見に行ったけどなかったね。もう無くなるんじゃないかな。 ◇結果を見る →  http://t.co/CnUZQv5M ｜ゼゼヒヒ @zzhh
0	恵方巻きという単語を初めて知ったのは新井理恵の「X（ぺけ）」っていう漫画だったな。
0	どうやら確定申告しなければイカンらしい。
0	RT @OnsenNav: 舘山寺温泉旅行「手ぶら」で 自宅⇔宿泊先で荷物配送 舘山寺温泉旅行「手ぶら」で 自宅⇔宿泊先で荷物配送. (2013/1/31 08:06). 浜松市の舘山寺温泉観光協会は、宅配便最大手のヤマトホールディングス（東京都）と提携し… http:/ ...
1	おみやげ買いまくって家に送ってしまえばよい。　// 舘山寺温泉旅行「手ぶら」で　自宅⇔宿泊先で荷物配送 http://t.co/ShAlf7Ra @shizushinさんから
0	カレーは平べったい皿で出されたらすぐ冷めてがっくりすると思うんだけどどうなのかな？
0	以前は車で温泉旅行に行ってたからおみやげ買っても大して困らなかったけど、電車やバスだと荷物を選ばなくちゃいけないからね。
0	すぐ影響される。
-1	気がつくと歯をギリギリと食いしばっている自分がいる。歯が痛いのはこのせいだなたぶん。
0	国立のマックにも電源とれる席があったとは。
0	マックが欲しくなってきた。
-1	反応薄く
0	車検の見積もりって断りづらくね？
0	メガネが合わなくなってきたのかしら？
-1	どんどん指先が軽くなる。
0	なにもかもがワンポチで買えるのだ。人に会わずに。
0	もはや何を言ってるんだかわからん...  // 宇宙最大の構造物発見、その幅40億光年。もう何がなんだか... : ギズモード・ジャパン http://t.co/vnD3eH7K @gizmodojapanさんから
1	口がうまく回らなくなってる。
0	責任とります。
0	チョイチャック。
1	なんだかんだ言ってもマックは大好きだ　//　マクドナルド社長「値上げ検討」 「100円マック」消滅の日は近そう #ldnews http://t.co/VViCzQfz
0	どうも「ルサンチマン」の意味が覚えられない。
0	何も挑戦せず。
0	歯医者にも行ってないな。。。
0	っていうかカタカナがね...
0	いまさらテレビで安納芋やってるわ。
0	RT @kojiacm: 利益ばかりを見るのではなく、リスクも必ず見ましょう。 利益の裏には必ずリスクがあります。 しかし、リスクの無いところには利益はありません。 リスクをどれだけ取れるかが重要です。
1	RT @ld_blogos: 同じ物を販売するのでもそれに「重サービスを追加して高く売る」というビジネスモデルは、民族に関係無く、ひとつの生き残りの確実な方向性でもある―― これからの一つの方向性。「重サービス+高価格」を考えてみよう(永江一石) http://t.co/ ...
1	RT @_h_japan: 希望者全員を65歳まで雇用する制度の導入が義務づけられました～「改正高年齢者雇用安定法」http://t.co/anOmNYcE
0	わふ
0	電子書籍って貸し借りできるんかな？？
-1	RT @LunarModule7: 『ギリシャ 若者の失業率６０％超』 http://t.co/XmdJNezo もうお先真っ暗
0	RT @hal_tika: 今日までの電子書籍購入履歴。「KON'S TONE II」「ノマドと社畜」「限界集落温泉1〜4」の六冊。こういう偏りの人はどれ位いるのだろうか？あと購入ではないけど青空文庫多数。（←高かったけど大辞林アプリが大活躍）読むだけならば思った以上に読 ...
0	「ノマドと社畜」kindle版を購入。おーもう一ヶ月も前の話だ。短いけど内容がグッと詰まっていてとても良い。
0	紙版を持っているのに電子書籍を買ってしまった「限界集落温泉」
-1	馬鹿監督www
-1	ほんとに人差し指が軽いわwww
0	クラウドドラーーーーーイヴ！！
0	RT @gjmorley: ドキュメンタリー映画「バレンタイン一揆」もありました。 ガーナで児童労働の問題と出会い、悩み、闘った、日本の女の子たちの物語＞　http://t.co/J14MpFTR
0	RT @im_gan: ややっ? Amazonがクラウドドライブのサービスを始めていて驚く等。 http://t.co/adHcSKWF
0	インストールしてみた。
1	隕石落ちてくるの心配してもどうしようもないよ。だって防げないもん。
0	朝からエドはるみが！久しぶりにみた。。。
0	@earthdom
-1	手袋を店に忘れてきてしまった。すっげー風が冷たくて手が凍るわ。
0	アースダムに向かう。間に合うかしら。
0	帰れねぇじゃねぇか。
1	melt-banana見れて良かった！
0	ほんとに2人編成だった。
1	こいつのせいか、、せっかく新しくなったというのに。
1	やはり帰るぜ。もう若くないということを知る。オールナイトよりも暖かい布団だ。
-1	悪い遊びもしちまったしな。
0	家に帰り着いてチキンラーメン中。
0	おはようございました、
-1	朝からFF2を進め、ようやつとクリア。そこそこ熟練度はあげたけどやりこみレベルは低い。16なんて遠すぎるわ。
0	社畜。
0	？？
0	一日中座りっぱなしで動かないせいか…
0	筋が固まってきた。
0	忘れかけていた夢。
0	RT @hiromishimada: ウナギ稚魚不漁 産地を直撃 http://t.co/lqxMze96　ウナギが問題なく食べられるよう、全国各地の神社仏閣は、大々的にウナギ供養をすべきだね。
0	もうだいぶ鰻食べてないな…いま天然鰻食べられる店ってあるのかな。といっても今迄食べたのはたぶん養殖ばっかりだから違いなんてわからないだろうけど。
-1	とっても打たれ弱いの。
0	英語ガンバ丸
0	やっぱり大麦若葉は毎日飲むべきだ。緑が出てくるけど。
0	RT @toeic_toeic_toe: iPhone5S iPhone6 のウワサ　★ http://t.co/prEAz3Fv
0	くっだらないことやってんな。
1	今持ってる本をすべて売っぱらって、新たに電子書籍で買い直すというのはどうだろう。自炊したほうがいいのかな？
0	哲麺で夕食。
0	アンパンのようだがしいたけだ。 http://t.co/yvrnaMLJ
0	よく焼けた様です。ウマ〜（≧∇≦） http://t.co/kI1LOH1d
0	もしもしσ(･_･;?
0	今日も平らだった。
0	核爆弾使って隕石の進路を変えるとか…http://t.co/6RaD1Vi9
1	ニイナ可愛い
0	キンドル版は単行本よりもちょ～～～っと安いのね。ほんとに雀の涙...
0	今月の引き落とし...
0	売上は下がるべくして下がっている。
0	見てない部分をどう叱るべきか。
0	揺れたらしいけど全然気づかなかった。
0	リングマウスがやってきた。 http://t.co/zWvhA9Um
0	充電中。
0	こうして使える。 http://t.co/LcjOgxGH
0	エクセルとか使いづらそう。
0	売り言葉に買い言葉になってしまって、言いたいことが言えなかった。
-1	株価が上がっているのが恐ろしい...((((；ﾟДﾟ))))
0	頭が重い。。。目がぎゅ～んとする。。。
0	手形について勉強しよう。
0	RT @kissaka: ユーロディズニーが失敗した理由で最も納得いったのは「本物の城があるのに、なんで偽物見にいくのにカネ払うんだよw」
0	メガネが合わなくなってきたのかな。
0	左のすねのちょっと内側あたりがうずくように痛いんだ。
0	もうかんぜんにガタガタだ。
0	「密教の奥義を究める」とは？？どういう状態をいうのか ？？
0	『アマゾンで買い物していますか？』という質問に「使っている」と投票しました。（理由）超使う。すぐポチる。 ◇結果を見る →  http://t.co/TL59cv7O ｜ゼゼヒヒ @zzhh
-1	やっぱり社員はいないとダメだ。
0	さすがに18万引き落としとか死ねるわ。
0	年金年金年金年金...
0	俺の財布が焦土と化す。もはや何も残るまい。
1	RT @KanKanKAWAI: 今号の津田マガから "夜間飛行"もKindle（mobiファイル）配信になった。これで一手間省ける。将来的にはKindleのアカウントにmobiファイルで配信されると良いのだが…。
0	まぐまぐから変えるか...
0	i feel dizzy !!
0	I have catches a cold?
0	キラキラネームにキラキラ女子か...
0	RT @InsideCHIKIRIN: windows8って、タッチパネルで直感的に操作できる！　のかと思っていたら、シャットダウンの方法をググらないと見つけられない始末。どこが直感的やねん！
0	ipadで調べながら動かすという..結局今までのwindowsのデスクトップにできる方法を導入。
1	RT @murenasuao: こ～ゆ～コトが今現在あるのに、反原発、脱原発派は楽観視し過ぎだよ･･･(=_=;) RT @manekineko_gihu: この寒波で停電したら、命に関わります。我が家の太陽光は１、2月は積雪の為、さすがに発電量は０です。安定的な電力を確 ...
0	雪で発電って聞かないね？
1	基本、正直者がバカをみる。
0	収容って...
0	hang out the clothes.it's sunny day.
0	アイデアが思いつかん！歩こう。いやその前に食事だ。
0	魔女狩り。
1	いつの間にやらこんな店が出来ていたとは。女性客が多くて一人でははいれなかった。また今度！ http://t.co/HhouZyb6C7
0	食べ過ぎた、、
-1	セブンプレミアムのいちごサイダー。かき氷のシロップのようだ。まずくないよ？ http://t.co/W6BrmYtk7i
0	thisる。
0	春のギフトとは？
-1	RT @sasakitoshinao: ショールーミングって言葉があるのか。対面に価値が見いだされない販売は今後ほとんどEC化していくと思う。／店舗で見てアマゾンで買う「ショールーミング」 危険にさらされる小売店ビジネス http://t.co/BIeGNrq82Q
1	確定申告の書類作成中。格闘中。オンラインで作れるなんて便利なもんだ。
1	安納芋で朝ごはん。やっぱりうまい！冷えてもおいしいなぁ。 http://t.co/kDapNN8Zfx
0	これって提出しにいかなきゃいけないんだっけ？
0	印鑑押し忘れたけどサインでもだいじょぶって。
0	すごく混んでると予想してたけど、全然ガラガラだったな。ほとんどの人はもう終わらせてしまってるのかも。
-1	コーラ飲んだら寒くなった。
0	んんんん
0	まぐまぐから夜間飛行に変えようかしら？
0	会社も似たようなもんだ。
-1	言いにくいよ。
0	手動だよ。
1	腰のハリがすごいわ。
0	RT @Tachikawanavi: 3月7日午後4時頃、国立市谷保の路上で公然わいせつ事件発生。犯人の男の特徴は、30代長髪、白っぽい上着、スカート、ハイヒール、ママチャリ・・・・(;´д｀)立川警察署(子ども(公然わいせつ)) http://t.co/X4NtWhuE7J
1	んんんんんんんんん外出てみたけどすごいね
0	モヤモヤやで。
0	これが黄砂か。
0	遠くが霞む。口の中がジャリジャリ。 http://t.co/EcwHMWN77X
-1	黄砂じゃないんだ // 東京都心で「煙霧」発生　ほこり巻き上がり視界不良に（朝日新聞デジタル） - Y!ニュース http://t.co/n0JCkswgUd
0	『次に買うならパソコン？それとも、スマホやタブレット端末？』という質問に「パソコン」と投票しました。（理由）マックが欲しい。 ◇結果を見る →  http://t.co/kFJppQwNtq ｜ゼゼヒヒ @zzhh
0	『日本国民として、「ジオン公国」との姉妹都市提携に賛成しますか？』という質問に「反対」と投票しました。（理由）ふざけすぎ。夢は寝て見ろ。 ◇結果を見る →  http://t.co/gNmTuQtSpy ｜ゼゼヒヒ @zzhh
1	『自分と違う世代と共同生活してみたい？』という質問に「したくない」と投票しました。（理由）必要ないならしないかな。 ◇結果を見る →  http://t.co/0Sgoibn8NX ｜ゼゼヒヒ @zzhh
0	『和式トイレ、使いますか？』という質問に「使う」と投票しました。（理由）和式のほうがすーっと降りてきて出る気がするよ。 ◇結果を見る →  http://t.co/PcjrYGubWt ｜ゼゼヒヒ @zzhh
1	@t_yakiimo はじめまして。焼き芋は「焼きたて」ってイメージですけど、冷えても美味しいものもありますよね。どうやって冷やしてるんですか？
0	整体に行ったが相当疲れてる様子。
1	カラダが硬くなってL字になることすらキツイ。。。
-1	ビッカメでMacBookAir見た。薄さとか、操作性とか思った以上に良い。SDDだから容量少ないけどなんとかなるでしょ。うふふふふ。
0	ハイリキスペシャルキツイわ
0	@t_yakiimo どうもお返事ありがとうございます。遅れてすみません。現地で焼きあがった芋をその場で冷やしてるわけでは無いんですね。冷えた芋もけっこう好きです。朝ごはん代わりにしてました。
0	さてあと10分だよ。
1	やっぱり安納芋はおいしいなぁ（≧∇≦）
0	安納芋にはバターだ。
0	病院に来たらフロア全体使って講義中（−＿−；）診察が全部止まってるらしい。
-1	だるい
0	上がっちまった。。。
0	38.5だと。
-1	股の付け根が痛いわ。
0	熱が下がる見込みがない。初めての経験だ。インフルかな？？
0	ロッキー飲んだら下がったよ。頭はぼやっとしたままだけどな。
-1	最近TokyoMXテレビの写りが非常に悪い。なんでだろ。
0	ロッキー切れると死ぬわ
0	ラジコはNHKが聴けないのかな？国立市だからかな？ http://t.co/I9792VUNw7  #radiko
0	ふつかれんぞくで休んでしまった。やっぱり 今までの風邪とは違う。。。
-1	自分が汗臭い。。。枕も布団もだ。。。
1	また熱が上がってきた。シャワー浴びたのが良くなかったかな (T_T)
0	揺れ。
0	むう。 http://t.co/9ph8pxMkIM
0	五反田のスキャン堂で初自炊作業。
0	想像以上に楽だわさ。もっといろんな本持ってくるんだったな。
-1	雑誌七冊、各100ページ足らずでだいたい40 分くらい。裁断はお店の人がやってくれた。
0	正しくは「すきゃん堂」だったようだ（−＿−；）
1	RT @Sumally: 上野の国立科学博物館で、深海の世界の魅力を紹介する特別展『深海』が、7月6日から開催。伝説の巨大イカ「ダイオウイカ」が宿敵「マッコウクジラ」と戦っているストラップの付いた前売り券が、限定3000枚で発売中です。気になります…！ http://t.co/…
0	指輪みたいなマウスがどっかいっちまった。まだ使いこなせてないのに。
0	ホントどこいっちゃったのかな？
0	整体だ！一ヶ月ぶり！
-1	整体超痛かった（−＿−；）疲れたまり過ぎだそうだ。そして足が伸ばして上げようとしても45°くらいしか上がらなかった。激痛(;_;)
0	胃が弱ってる。
1	nbhr000のピュア度は【 －96.8％ 】　心が荒れ果てている。マジで腹立つほど屈折してるし、他人の失敗を笑うなんて全て計算のうち。人としてアウトですね。 http://t.co/4C5VckQnmn
1	nbhr000三原則 ・メガネは至高 ・卵があれば生きていける ・働きたくないでござる   http://t.co/kqZw25ZXf4
0	nbhr000の変態度は【 720％ 】　絶えずクソエロイことを妄想しては暴走を繰り返しています。かなりヤバい感じのド変態ですね。 http://t.co/KiLPtIbYp4
-1	ひどい(+ ;) 本名でやるともっとひどい
0	でも案外間違っているとは思ってないの。
-1	もう90°が無理。
0	いつの間にやらもう午後２時。
0	死霊のはらわたを見に行くか、アースダムに行くか。どーしよっかな～　#eiga
1	よし、アースダムだ。
0	RT @earthdom: 【本日のライブ・出演順です】 5月4日(土) OPEN18:00/START18:30 当日2300円＋ドリンク500円 ①Schreckwürmer ②DISGUNDER ③SWARRRM ④PAINJERK ⑤SENSELESS APOCALYP…
0	らーめん探して新宿徘徊。
1	DISGUNDERカッコよかった！
0	訳あってニンニクギトギトにしたかったんだが、つけ麺に。 http://t.co/YdgBuWtipn
0	おは(_ _).｡o○
1	やはり食後２時間では消化がよくない。胃がもたれてる。ぐぉ。
0	耳キンキン。
1	RT @htc_shibuya: 5/4日(土)初日を迎えました『ヒプノティスト-催眠』昨日は満席ちかくの盛況ぶりでした。本日の20：50の回も混雑が予想されておりますので、座席指定券はお早めにお取り下さいませ。　＃ttcg
1	これも見たい // “@htc_shibuya: こちらが絶賛上映中の『ヒプノティスト-催眠』予告ですhttp://t.co/pDzpAnKYj9 最後の　ゴポポ...ビチャビチャ　ですごいビビりました　#ttcg”
1	つけ麺の麺の量は何故あんなに多いのか。どなたか納得のいく説明を。
1	ニンニクが美味しい！！
0	明日の外出が憚られる身体になっちまった。
1	死霊のはらわた見て来た。やっぱりオリジナルのほうがいい...かな？
-1	怖くて痛かったんだけどね。なんだろう。
0	オリジナル見たくなった。
0	おは（−＿−；）
-1	ちょっと最近お金を粗末に扱ってる感あり。
0	そうそう、リスペクトだよ！
0	購読してるメルマガ整理しよ。
0	16GBじゃ全然足らないな。
0	弾丸も3Dプリンタで作れるんじゃないかな？　http://t.co/k7Yj5kY38z
0	まぐまぐから金融日記が届いたんだけど、一部記事が飛んでて白紙状態。自分だけかな？？
0	健康診断の結果。一昨年高く、去年下がった尿酸値が、再び盛り上がりを見せた(　ﾟдﾟ)グヘー
0	血圧は83/54と。
0	思い当たるふしはある。そういうところが仕事の出来に。
0	夕飯食べてすぐ寝る。そして起きる。胃がボロボロです。
-1	診断結果としては去年より悪くなってると。
-1	舌がヒリヒリして痛い(~_~;)
0	チェックしておこう。口腔もなんかヒリヒリするし。 http://t.co/J1DlkhwU5P
0	「那須の月」っていうの見たことある。
0	渋谷に映画「ヒプノティスト」見にいくことにした。
0	見終わったのでささっと帰る…
1	猛烈に眠か。最近睡眠不足だなあ。その割には昨日夜レイトショー見に行っちゃったけど。
0	見たい映画『スマイリー』『フッテージ』『ザ・チャイルド』その他もろもろ  #eiga
0	RT @htc_shibuya: ヒューマントラストシネマ渋谷中の人プレゼンツ、11日（土）の過ごし方。 16:40～『ハートレス』を鑑賞。 10分の休憩の後、18:55～『フッテージ』を鑑賞。 30分の休憩の間にさくっと晩御飯を食べる。 21:20～『ザ・チャイルド』を鑑賞。…
-1	たまらんわ。仕事だから無理だけど(;_;)
0	また腰が。。
0	ほう『カフェオレとカフェラテの違い』 http://t.co/dJEI67nCwS
0	@shimennsoka いつの間にかポチってた。
-1	iPhoneのkindleで読むと、へんな改行が出てきてちょっと読みにくい(._.) // @shimennsoka: 共感できる性癖、ありますか？～http://t.co/c4rZWLqCv0
0	明日は母の日なんだなぁ。
0	『ザ・チャイルド』見る。最近の映画三昧を考慮して、ついでにTCGカードの会員になった。
1	あっちマニア見てるけど、久冨慶子かわいいわ。
1	@shimennsoka どうもどうも。楽しく読ませていただきました(^O^) あれはKindleの仕様なんですかね？
0	塩いれる派です。なんかものたりなくて。 // スパゲティをゆでるときは塩なしでOKです｜食の安全｜PRESIDENT Online Gunosy News via http://t.co/dBvDQcuae8 http://t.co/4y5U8kt253
1	すごく良い天気の母の日。
0	間違って特快に乗ってしまった。。
0	RT @HuffPostJapan: 【仕事】アメリカでは、企業従業員が年次有給休暇を取る権利は保障されていない。祝日分の給料が支払われない場合すらある。この基本的な福利厚生の付与を企業に義務づけていない、唯一の先進国なのだ。 http://t.co/FNYk06dUh8
0	RT @child_smiley: 究極の恐怖に耐えられるか？ 『ザ・チャイルド』公開中…。 http://t.co/8epPH5FUhg
0	死霊のはらわた見よう。オリジナルをさ。 #死霊のはらわた
0	なんかまともに再生されない…(;_;)
0	取り憑いた。
0	くるぶしえんぴつ((((；ﾟДﾟ)))))))
0	地下室に閉じ込めた！
0	もう一人((((；ﾟДﾟ)))))))
0	やっつけた(ｰ ｰ;) アッシュは役に立たねーなー
0	もう一人やっつけた(ｰ ｰ;)
0	チェーンソー出てきた！思いきれないアッシュ。。
0	埋めたのに…
0	地下室から出てきた。。
0	四人目だ{(-_-)}
0	おお、設定が違う(°_°)
0	覚えておく。 http://t.co/lrBybFnezx
1	風疹か。確か罹ったことがあるはず。
-1	もみあげがクリンクリンしてきて気持ち悪い。。。
0	自分で切りそろえてさっぱりした！天然パーマはめんどい。
0	今日も暑かった。湿度が上がると天パはね。。。
1	my kindleにはないんだけど、端末には残っている電子書籍はどうしたらよいんだろうね？？？ #kindle
0	ヒット商品と時間の関係は？
0	いつ売るべきか悩ましい。。。。
0	せっかくメンバーズカード作ったのに見にいかなくなるっていうね(~_~;)
0	フジパンのＣＭに出ていた松下由樹の変貌ぶりが ((((；ﾟДﾟ)))))))
0	いつかかいにいきたい。
-1	RT @ShareWis: 日頃から最も長時間の睡眠を得ているのは、青い壁紙やシーツ、布団カバーを利用している。グレーや茶色はダメ。｜不眠改善の秘訣は寝室の色!?快眠を得たいなら選ぶべきベッドカバーの色は“青”と判明!! http://t.co/1uzvZFz9GV
0	40個かな RT@ftjhsmj
0	RT @togetter_jp: いま話題のまとめはこちらだよっ「正方形の数はいくつ？ by @isatan495」 http://t.co/zlx7qmPjtI
1	あらゆる他会社のサービスを飲み込んでゆく...  「Gmail」で送金が可能に http://t.co/8mFZfKYe45 via @HuffPostJapan
1	紙の本やら電子書籍やらメルマガやらいろいろ購入してるけど、量が多くなってきて読みきれなくなってきた(~_~;)
0	もう髪切る。
0	整体いったら「胃と腸がやられてる」と。
0	「遊星からの物体Ｘ」鑑賞中。
0	まにあわなかったか。。
0	パソコン落ちたorz
0	RT @spamane: ♨温泉ソムリエ♨ 温泉ソムリエの方へ 温泉ソムリエ非公式オフ会in塩原温泉2013開催 興味ある方はRTを 拡散していただけると光栄です(*´ω｀*)。。。○ #onsen  #sommelier
-1	通勤用の自転車かわないとな。パンクしちゃった今、勢いがある。もう６年くらい乗ったか？？
1	日本語ツイートが外国の方にふぁぼられた。光栄です。
0	録画したサイエンスZEROを視聴。南沢奈央の髪型と化粧がちょっと変わった？？
-1	南極に行ってみたいが、寒いところは嫌いだ。
0	物体Xじゃ？？
0	RT @child_smiley: 「ザ・チャイルド」ヒューマントラスト渋谷での上映は今週金曜日まで。 「エクソシスト」「オーメン」と並ぶオカルト・ホラーの金字塔！映画界のタブーに触れた幻の問題作が蘇る！ http://t.co/jqF9Mrc0Em
0	現在返済中につき他人事でない。いつ収入なくなるかわからんし。ただ第一種とる戦略は間違ってなかったとおもう。 http://t.co/eiRrX96eZg
1	一括とか繰上げ返済すると何パーセントかバックしてくれる制度があったんだけど、今も有効なのかな？ http://t.co/eiRrX96eZg
0	明日もバス通勤。早目の^_^
1	廃止(&gt;_&lt;) 自分が借りた期間は大丈夫みたいだけど、なんでなくなっちゃったのかな？ http://t.co/IIchhFoatD
0	なんか左耳が腫れているような気がする。
0	胃が重い。
1	夜ご飯を食べるのは自分にとっていいことなのかどうかわからん。
0	と昨日は言ったもののやはりご飯食べる。これから(ｰ ｰ;)
0	かれ！
0	はずした(&gt;_&lt;)
0	立川から歩いて帰る…
0	RT @Reuters_co_jp: ロイター速報：#日経平均 が一時1万4000円割れ＝東京 #株式市場  http://t.co/7QgHyFGWvy　#kabu #nikkei #kawase #fx #gaitame
0	機を逸した。
0	年金払わねば。
0	メガポテトを歩きながら、というてもあった。
1	脂は美味い。
-1	胃が痛い。
0	飲尿療法ってまだ続けてる人いるのかな？ // 番組で自分の尿を飲んだKE$HA　保護者団体から激しい非難 via http://t.co/dBvDQcuae8 http://t.co/IBwWNay9gF
0	ケーシャ？
0	新車のチェーンがはずれた(&gt;_&lt;)
0	自転車屋で修理中。
0	300円で修理完了。
0	渋谷にフッテージ観に行きます（≧∇≦） http://t.co/MtbsldS74T
0	フッテージ観終わって出て来た。 救いがなかった…((((；ﾟДﾟ)))))))
-1	寒いから、らーめん食べて帰宅。
0	『スマイリー』はまた来週。
1	帰宅。ホームパイ美味い。 http://t.co/m1IPtQNo52
0	アラサーちゃん無修整買ったから読む。
0	ヌロロン(-_-)zzz
1	なんぞや？でも超便利そう。// Squareが承認されたので爆速で決済してみた - はかますたいる！ via http://t.co/dBvDQcuae8 http://t.co/RNPO25J8fI
0	ホイールカバーの役割が分かった。
0	使ってみたい // Square、専用カードリーダをApple Storeで販売--980円を実質0円に - CNET Japan via http://t.co/dBvDQcuae8 http://t.co/Hdx763748c
0	KDDIめ(&gt;_&lt;)
-1	ポゼッション見に行く。眠いけど気分が盛り上がったからしょうがない (((o(*ﾟ▽ﾟ*)o)))
0	帰宅^_^
0	ほんとは ((((；ﾟДﾟ))))))) こっち #possession
1	素直に終わるはずないって…
0	蛾はなんの象徴だったんだろう？
0	RT @hakaiya: 【ポゼッション】　実話の映画化なんだけど、元ネタはeBayの記事。○○を封じるディビューク・ボックスというのが話題になったらしい。⇒http://t.co/CMytyGhFyb
0	ハンナが道重さゆみに似てた。
0	勉強が間に合わない。
0	掃除すんぞ！ http://t.co/wCABCHUOLl
0	綺麗になった(^O^) http://t.co/zlisjfyb28
0	渋谷にスマイリー見に行くことにした。でもTCG会員カードが見つからない…
0	湯楽の里に行ってリフレッシュしてきた。お得な回数券(^O^) http://t.co/f16qWpmh3c
0	なくしたの『フッテージ』見に行った時と思われる。
0	@htc_shibuya すみません。TCGメンバーズカードなくしてしまったようなんです、再発行できますか？
0	出雲大社はほんとは「いずもおおやしろ」と読む。
0	メンバーズカード見つかった！普段使わない財布のポケットに入ってた。ちなみに再発行できないって。
0	もうすぐ始まる((((；ﾟДﾟ)))))))
0	終わってサッサと京王線。
0	@kubo_3260 裏は録画。久保ヒャダはリアル視聴。
0	マンボウはフグの仲間だったか？
0	明日は整体だ( ‾ʖ̫‾)
0	おお…寝落ちや…(_ _).｡o○
0	自炊をしに五反田へ。
0	自炊終了。思ったより時間かかった。そして澁谷のアップルストアへ。
0	買ったった(((o(*ﾟ▽ﾟ*)o))) http://t.co/cmOXScCszG
0	結局はラーメンだった。旭山ラーメン。 http://t.co/rtjviT1XIA
0	おかえりなさい。
0	┌|o｡o|┘ﾊﾆｬｰ
0	湯巡りしたい。
0	ねずみ講 // 年金受給「68歳以上に引き上げも」 http://t.co/2NwXAH1X4k @HuffPostJapanさんから
0	まずはあいつを売ってやった(O_O)
0	今日はもう帰宅した！ほんとに毎日これくらいに帰れると、習い事でもしたくなる。
0	知恵熱。
0	録画したキンシオ鑑賞。
0	続けて モヤさま鑑賞。
0	バッチリ売りのがし。
0	なんか埃まみれでamazon様から送られてきた。 http://t.co/x1YeUoO1wx
0	頭いたーい
0	売れてなくて置きっぱだったのかな？
1	花粉症になったのか、眼がすごく痒い。
0	もっと直感を信じよう(~_~;)
0	RT // 還元セール禁止法案、５日成立へ http://t.co/Ir83HTTY10
-1	知っておかないと危ない
0	国立市にキツネがいるとはねー http://t.co/OsceZV6MNn
0	本を売ろうかと思って広げてみたが、どの本もなにかしら感銘するところがあって選びづらぃ^_^
-1	面倒だ…
0	妹と家のテレビを買いに。なんだかんだで結構な出費。ブラウン管二台引取りも入ったからだな。
0	五反田のすきゃん堂へ。
0	そして草津行きを画策中。
0	キッチンファクトリーでごはーん
0	肉ー(((o(*ﾟ▽ﾟ*)o))) http://t.co/s0diTdUTrW  ハラミステーキ！
1	ねーむいー
-1	やっぱり胃が痛い。寝る。
0	半年振りの歯医者。
0	これから整体だー
0	背中と腰のハリが((((；ﾟДﾟ)))))))
0	湯楽の里でリラックス。寝湯で一時間ほどすごす。のぼせずに首肩背中腰を温められるのだ、といまさら気付いた。
0	温熱タオルで眼を癒やす。リマインダーにいれとこう。
0	姪っ子甥っ子が来てて、大騒ぎ。家の中がいつもより暑い(^^;;
0	http://t.co/FRupG6LoCH : 米若年層のクレジットカード離れ加速、保有しない割合が倍に via http://t.co/dBvDQcuae8 http://t.co/XjbvEuAUJN
1	眼疲れ二はホットタオル！と整体の先生に教わり、毎晩の日課となった。
0	期日前投票でした。
0	草津！ http://t.co/vNqCntBvDS
0	大滝乃湯o(^▽^)o http://t.co/lxaULH02hJ
0	手形を買う前に西の河原露天風呂にはいってしまった(°_°)
0	そばきち！ http://t.co/qcn1jxpllS
-1	湯畑！お湯の量少ないかな？ http://t.co/dCbieAsrvJ
1	沢渡温泉！熱い！ http://t.co/VzL9g79RGg
0	ホタル観にいけなかったな。。。
0	いつからっていうかどの映画からゾンビは走るようになったのだろう？
0	梅雨明けだそうで。
0	スーツをクリーニングに出したら、「おしりのところが擦れてますね」と言われ、ようやく気づいた。何年着ていたのだろうか。。直せばまだ履けるだろうか。
0	今日はきっと熱帯夜。
1	アイスノン買っとけば良かった。
0	頭の体操だな。回文。
0	ダークスカイズ観るなり( ‾ʖ̫‾)
0	朝礼のネタが思いつかない。
0	https://t.co/vaNxClLAcf #MagicMaster
0	配置薬の酔い止め薬がもう入荷しないとは。どーしよう。
0	どうすっか... // 温泉ファン交流イベント～温泉ソムリエの会 http://t.co/vFpMSBinV4
0	鰻の肝鉄板焼き！ http://t.co/jalXC0Y0QX
1	肝の苦味がたまらないo(^▽^)o
-1	平目のうす造り。きもが濃いめの味付けだったので、お茶を飲みつつ舌の感覚を戻しながら。。
0	鰻の白焼丼と平目の薄造り。http://t.co/2vQ1gCXC21
0	む?! https://t.co/vaNxClLAcf #MagicMaster
0	Adobe MAGIC MASTER でカード：073 ゲット！ https://t.co/vaNxClLAcf む?! #MagicMaster http://t.co/3rfD7eJ6tf
0	Adobe MAGIC MASTER でカード：031 ゲット！ https://t.co/vaNxClLAcf すこしずつ。。。 #MagicMaster http://t.co/ClGADreqUc
0	Adobe MAGIC MASTER でカード：005 ゲット！ https://t.co/vaNxClLAcf 新規農家。。。 #MagicMaster http://t.co/KIMkXQHvmy
0	Adobe MAGIC MASTER でカード：038 ゲット！ https://t.co/vaNxClLAcf speedgradeってなんだ? #MagicMaster http://t.co/Cy5FW5OpCd
1	Adobe MAGIC MASTER でカード：020 ゲット！ https://t.co/vaNxClLAcf アイツを消せる、便利な機能。 #MagicMaster http://t.co/h1eWGvK49c
0	Adobe MAGIC MASTER でカード：071 ゲット！ https://t.co/vaNxClLAcf ウェブか。。。 #MagicMaster http://t.co/v4lTsql33J
0	No one is here!
0	サイレントヒルを観に来たんだけどね。府中に。
0	明日は朝礼じゃないか。
0	寝れないからタケノコ食べる。
0	映画って儲かってるのかな？と昨日の観客数を思い出す。
0	ちかごろ「お腹いっぱい食べたい病」が現れてきた。努めて食べないが。
0	住民票もらってきた。ついでに戸籍抄本も。
0	渋谷へロストメモリー観に行く。
0	吉祥寺で煎りにんにくらーめんを食べる。 ちょっと味が濃かった(^^;;
0	すごく風が出てきた。埼玉の方は空が真っ暗！そろそろ降るかな？
0	雨ざんざん(^^;;
1	静かになった。
0	RT @luminetachikawa: 本日の国立昭和記念公園花火大会は中止となりました。順延もございません。 ルミネ立川店の8Fレストランは夜11時まで営業しております。
0	あらら(~_~;)
0	Adobe MAGIC MASTER でカード：057 ゲット！ https://t.co/vaNxClLAcf 4枚目。。。 #MagicMaster http://t.co/n6W0eiKenC
0	Adobe MAGIC MASTER でカード：034 ゲット！ https://t.co/vaNxClLAcf インジェスト?? #MagicMaster http://t.co/zSCj9ISd35
-1	Adobe MAGIC MASTER でカード：085 ゲット！ https://t.co/vaNxClLAcf フォント検索が面倒で。。。 #MagicMaster http://t.co/CHL80uF5GA
0	Adobe MAGIC MASTER でカード：043 ゲット！ https://t.co/vaNxClLAcf 手ぶれ補正なんて出来るのか。。 #MagicMaster http://t.co/Z9LgoSLm6O
0	Adobe MAGIC MASTER でカード：064 ゲット！ https://t.co/vaNxClLAcf  #MagicMaster http://t.co/T819tTyUXR
0	Adobe MAGIC MASTER でカード：009 ゲット！ https://t.co/vaNxClLAcf  #MagicMaster http://t.co/YCTyAFp1xU
0	Adobe MAGIC MASTER でカード：023 ゲット！ https://t.co/vaNxClLAcf インスペクション?? #MagicMaster http://t.co/0iZ9DajiYm
0	Adobe MAGIC MASTER でカード：075 ゲット！ https://t.co/vaNxClLAcf  #MagicMaster http://t.co/17swXXs97q
0	Adobe MAGIC MASTER でカード：035 ゲット！ https://t.co/vaNxClLAcf  #MagicMaster http://t.co/MM1Qfxt2na
0	Adobe MAGIC MASTER でカード：031 ゲット！ https://t.co/vaNxClLAcf  #MagicMaster http://t.co/kaL72xw6OE
0	Adobe MAGIC MASTER でカード：020 ゲット！ https://t.co/vaNxClLAcf  #MagicMaster http://t.co/3K0lfy2mAa
0	Adobe MAGIC MASTER でカード：087 ゲット！ https://t.co/vaNxClLAcf  #MagicMaster http://t.co/oUtGbGqTKb
0	Adobe MAGIC MASTER でカード：076 ゲット！ https://t.co/vaNxClLAcf  #MagicMaster http://t.co/hT0zxvA81G
0	Adobe MAGIC MASTER でカード：014 ゲット！ https://t.co/vaNxClLAcf AIRってなんだ? #MagicMaster http://t.co/CScrKCDbE1
0	Adobe MAGIC MASTER でカード：046 ゲット！ https://t.co/vaNxClLAcf  #MagicMaster http://t.co/QMAbXPyeb9
-1	Adobe MAGIC MASTER でカード：017 ゲット！ https://t.co/vaNxClLAcf 境界線がめんどくさくて。 #MagicMaster http://t.co/7XKVH3Ya1W
0	Adobe MAGIC MASTER でカード：072 ゲット！ https://t.co/vaNxClLAcf フラッシュか。 #MagicMaster http://t.co/KvHQd4gjxU
0	Adobe MAGIC MASTER でカード：013 ゲット！ https://t.co/vaNxClLAcf 縦書。 #MagicMaster http://t.co/dYlUfnJGlJ
0	Adobe MAGIC MASTER でカード：016 ゲット！ https://t.co/vaNxClLAcf ?? #MagicMaster http://t.co/P4DBzyIkre
0	Adobe MAGIC MASTER でカード：047 ゲット！ https://t.co/vaNxClLAcf  #MagicMaster http://t.co/1DGMHjoa4V
0	Adobe MAGIC MASTER でカード：070 ゲット！ https://t.co/vaNxClLAcf 5枚目か。。。 #MagicMaster http://t.co/8yxFRhgHiF
0	Adobe MAGIC MASTER でカード：076 ゲット！ https://t.co/vaNxClLAcf  #MagicMaster http://t.co/Y5xFzk8mD6
0	Adobe MAGIC MASTER でカード：084 ゲット！ https://t.co/vaNxClLAcf  #MagicMaster http://t.co/Z5CRaHtYFe
0	Adobe MAGIC MASTER でカード：030 ゲット！ https://t.co/vaNxClLAcf  #MagicMaster http://t.co/jX8dJ5dXLF
0	Adobe MAGIC MASTER でカード：071 ゲット！ https://t.co/vaNxClLAcf  #MagicMaster http://t.co/PJ0VDhs2l1
0	Adobe MAGIC MASTER でカード：009 ゲット！ https://t.co/vaNxClLAcf  #MagicMaster http://t.co/XOFFPEtqTf
0	Adobe MAGIC MASTER でカード：015 ゲット！ https://t.co/vaNxClLAcf  #MagicMaster http://t.co/1J1IoSEHzo
0	Adobe MAGIC MASTER でカード：043 ゲット！ https://t.co/vaNxClLAcf  #MagicMaster http://t.co/C2I4kwkvra
0	Adobe MAGIC MASTER でカード：083 ゲット！ https://t.co/vaNxClLAcf スタビライザー。 #MagicMaster http://t.co/kHa21Ogmep
0	Adobe MAGIC MASTER でカード：033 ゲット！ https://t.co/vaNxClLAcf new. #MagicMaster http://t.co/0DoNseDM3X
0	Adobe MAGIC MASTER でカード：059 ゲット！ https://t.co/vaNxClLAcf くっきり感出したい。 #MagicMaster http://t.co/8A9wK1Drw7
0	Adobe MAGIC MASTER でカード：043 ゲット！ https://t.co/vaNxClLAcf  #MagicMaster http://t.co/DyzjZ273ns
0	飽きてきた。あと23枚でコンプリート。 #MagicMaster
0	そうだ旅に行こう。
0	瀬音の湯へ。
1	初Sizzler。割といい値段するのね(^^;;
-1	悪魔のいけにえ観る。ガラガラだ(^^;;
-1	ひどい話でした。
0	高タンパク質、低炭水化物。か。
-1	昼はパスタばっかりだから高炭水化物。おかずがほとんど無いから高ってレベルじゃないな。
1	お昼に簡単に食べられるタンパク質とは？
0	『飛び出す悪魔のいけにえ』逆襲って言ってもね。。そもそも。。
0	カーボンズ。
0	RT @LunarModule7: 『@nifty：デイリーポータルZ：「ブルーハワイ」は何味なのか』 http://t.co/FBglUoZuxe かき氷シロップは色が違うだけでみんな同じ味と聞いたけど、メーカーによって違いはあるのね。
0	香料突っ込めばだいたいそれらしく感じる。
0	NISA申請した。
1	RT @YoshitoHori: 正解（日本で面積が広い島ー本州などを除いて）は、3男によると、1番目が択捉島、2番目が国後島、3番目が沖縄本島、4番目が佐渡が島、5番目が奄美大島だそうだ。へえーって感じですよね。受験ではそう答えるんですね。恥ずかしながら、僕は、北方領土を思い…
0	沖縄と奄美は思いついた。あとは北方領土と佐渡だったか。北方領土外すとどうなるのかな？
-1	RT @Mydxb: 日本の人はハードな物だけが生産だと思い勝ちで、知識商材を軽く考え過ぎる傾向にありますね。@qingxiang_wushu @fuugasakura @indiahiiki @spritzer_ @WATERMAN1996 @kataribe2 @cui4y…
0	またあれをやろうか。明日が締め切りだし。
0	「仕事」を「作業」にしない。
0	伝統にあぐらをかかない。
0	Adobe MAGIC MASTER でカード：033 ゲット！ https://t.co/vaNxClLAcf  #MagicMaster http://t.co/pKPQrvIMU1
0	Adobe MAGIC MASTER でカード：073 ゲット！ https://t.co/vaNxClLAcf  #MagicMaster http://t.co/plK2Mt3JSm
0	Adobe MAGIC MASTER でカード：025 ゲット！ https://t.co/vaNxClLAcf  #MagicMaster http://t.co/Ss7Dg5d9wL
0	Adobe MAGIC MASTER でカード：021 ゲット！ https://t.co/vaNxClLAcf  #MagicMaster http://t.co/eK8jJ1LMUH
0	Adobe MAGIC MASTER でカード：081 ゲット！ https://t.co/vaNxClLAcf  #MagicMaster http://t.co/eFwjPnMgK4
0	Adobe MAGIC MASTER でカード：065 ゲット！ https://t.co/vaNxClLAcf  #MagicMaster http://t.co/LsokQ6FHKl
0	Adobe MAGIC MASTER でカード：046 ゲット！ https://t.co/vaNxClLAcf  #MagicMaster http://t.co/BhoPa3ZRi7
0	Adobe MAGIC MASTER でカード：086 ゲット！ https://t.co/vaNxClLAcf  #MagicMaster http://t.co/DLIFcKSggI
0	Adobe MAGIC MASTER でカード：075 ゲット！ https://t.co/vaNxClLAcf  #MagicMaster http://t.co/phy2TbMfvB
0	Adobe MAGIC MASTER でカード：024 ゲット！ https://t.co/vaNxClLAcf  #MagicMaster http://t.co/3tEKdLGAs5
0	Adobe MAGIC MASTER でカード：002 ゲット！ https://t.co/vaNxClLAcf  #MagicMaster http://t.co/R5hXqA6cl5
0	Adobe MAGIC MASTER でカード：071 ゲット！ https://t.co/vaNxClLAcf  #MagicMaster http://t.co/Iwuncr7z6g
0	Adobe MAGIC MASTER でカード：092 ゲット！ https://t.co/vaNxClLAcf  #MagicMaster http://t.co/z8acQ7Q1xM
0	Adobe MAGIC MASTER でカード：074 ゲット！ https://t.co/vaNxClLAcf  #MagicMaster http://t.co/QQpg9yGOvf
0	Adobe MAGIC MASTER でカード：085 ゲット！ https://t.co/vaNxClLAcf  #MagicMaster http://t.co/9gpVt66N52
0	Adobe MAGIC MASTER でカード：041 ゲット！ https://t.co/vaNxClLAcf  #MagicMaster http://t.co/6DlXBixaGl
0	Adobe MAGIC MASTER でカード：054 ゲット！ https://t.co/vaNxClLAcf  #MagicMaster http://t.co/faZvcRr2p9
0	Adobe MAGIC MASTER でカード：087 ゲット！ https://t.co/vaNxClLAcf  #MagicMaster http://t.co/9kM6sn2Mf4
0	Adobe MAGIC MASTER でカード：091 ゲット！ https://t.co/vaNxClLAcf  #MagicMaster http://t.co/DSawtQxPSz
0	Adobe MAGIC MASTER でカード：092 ゲット！ https://t.co/vaNxClLAcf  #MagicMaster http://t.co/e7TqcwIgaF
0	Adobe MAGIC MASTER でカード：003 ゲット！ https://t.co/vaNxClLAcf あとすこし。。 #MagicMaster http://t.co/O4YRhSwpzO
0	Adobe MAGIC MASTER でカード：079 ゲット！ https://t.co/vaNxClLAcf  #MagicMaster http://t.co/oaAhgGdO1Y
0	Adobe MAGIC MASTER でカード：031 ゲット！ https://t.co/vaNxClLAcf  #MagicMaster http://t.co/pJYAYmESAn
0	Adobe MAGIC MASTER でカード：051 ゲット！ https://t.co/vaNxClLAcf  #MagicMaster http://t.co/TrhpZb7Gs7
0	Adobe MAGIC MASTER でカード：072 ゲット！ https://t.co/vaNxClLAcf  #MagicMaster http://t.co/UYnnZrUFyd
0	Adobe MAGIC MASTER でカード：004 ゲット！ https://t.co/vaNxClLAcf  #MagicMaster http://t.co/hk8p4bYodP
0	Adobe MAGIC MASTER でカード：006 ゲット！ https://t.co/vaNxClLAcf  #MagicMaster http://t.co/MoGNaN9mON
0	Adobe MAGIC MASTER でカード：026 ゲット！ https://t.co/vaNxClLAcf  #MagicMaster http://t.co/BxagTtxfJc
0	Adobe MAGIC MASTER でカード：089 ゲット！ https://t.co/vaNxClLAcf  #MagicMaster http://t.co/Btp48f9OaK
0	無くなった。。。
0	人のせいにしたら成長しないよね。
0	Adobe MAGIC MASTER でカード：029 ゲット！ https://t.co/vaNxClLAcf パララックス。 #MagicMaster http://t.co/mvquNkgY9z
0	Adobe MAGIC MASTER でカード：035 ゲット！ https://t.co/vaNxClLAcf タッチアップス。 #MagicMaster http://t.co/aI5TxAa0w8
0	Adobe MAGIC MASTER でカード：003 ゲット！ https://t.co/vaNxClLAcf ブラシ。 #MagicMaster http://t.co/a5fa4rTHNl
-1	もう無理かな？？
1	Adobe MAGIC MASTER でカード：084 ゲット！ https://t.co/vaNxClLAcf 柔軟。 #MagicMaster http://t.co/YIaESBCET4
0	Adobe MAGIC MASTER でカード：013 ゲット！ https://t.co/vaNxClLAcf たてがき。 #MagicMaster http://t.co/UdJuMLpA1q
0	Adobe MAGIC MASTER でカード：024 ゲット！ https://t.co/vaNxClLAcf あくしょんすくりぷと。 #MagicMaster http://t.co/6keY3vwcDz
0	Adobe MAGIC MASTER でカード：022 ゲット！ https://t.co/vaNxClLAcf フォントの検索 #MagicMaster http://t.co/Mc9NdrtZ22
0	Adobe MAGIC MASTER でカード：041 ゲット！ https://t.co/vaNxClLAcf  #MagicMaster http://t.co/UHJX8lhiqW
0	Adobe MAGIC MASTER でカード：037 ゲット！ https://t.co/vaNxClLAcf ようやっときた。 #MagicMaster http://t.co/rhSHJLrRH2
0	Adobe MAGIC MASTER でカード：033 ゲット！ https://t.co/vaNxClLAcf  #MagicMaster http://t.co/6BlgA7TEBn
0	Adobe MAGIC MASTER でカード：058 ゲット！ https://t.co/vaNxClLAcf  #MagicMaster http://t.co/lcBiOzTNA9
0	Adobe MAGIC MASTER でカード：086 ゲット！ https://t.co/vaNxClLAcf  #MagicMaster http://t.co/iDC0o1EraK
0	Adobe MAGIC MASTER でカード：032 ゲット！ https://t.co/vaNxClLAcf  #MagicMaster http://t.co/ZsnChRwEoZ
0	Adobe MAGIC MASTER でカード：077 ゲット！ https://t.co/vaNxClLAcf  #MagicMaster http://t.co/dqXLVFWExf
0	Adobe MAGIC MASTER でカード：050 ゲット！ https://t.co/vaNxClLAcf  #MagicMaster http://t.co/T4kBf9F4lv
0	Adobe MAGIC MASTER でカード：030 ゲット！ https://t.co/vaNxClLAcf  #MagicMaster http://t.co/R6oK5UAZBL
0	Adobe MAGIC MASTER でカード：056 ゲット！ https://t.co/vaNxClLAcf  #MagicMaster http://t.co/Sn2eKRg7ZQ
0	Adobe MAGIC MASTER でカード：015 ゲット！ https://t.co/vaNxClLAcf  #MagicMaster http://t.co/gP9eXSt2h2
0	Adobe MAGIC MASTER でカード：040 ゲット！ https://t.co/vaNxClLAcf  #MagicMaster http://t.co/HhKPDJ0OC5
0	Adobe MAGIC MASTER でカード：091 ゲット！ https://t.co/vaNxClLAcf  #MagicMaster http://t.co/x6WlAwzTvb
0	Adobe MAGIC MASTER でカード：067 ゲット！ https://t.co/vaNxClLAcf  #MagicMaster http://t.co/b63F3ZAfsE
0	Adobe MAGIC MASTER でカード：001 ゲット！ https://t.co/vaNxClLAcf  #MagicMaster http://t.co/FFj62RWULy
0	Adobe MAGIC MASTER でカード：027 ゲット！ https://t.co/vaNxClLAcf  #MagicMaster http://t.co/IlipFac6eN
0	Adobe MAGIC MASTER でカード：014 ゲット！ https://t.co/vaNxClLAcf  #MagicMaster http://t.co/1mbJDAQeLG
0	Adobe MAGIC MASTER でカード：081 ゲット！ https://t.co/vaNxClLAcf  #MagicMaster http://t.co/q7guaZAHUK
0	Adobe MAGIC MASTER でカード：068 ゲット！ https://t.co/vaNxClLAcf  #MagicMaster http://t.co/OBxNL2d3SG
0	Adobe MAGIC MASTER でカード：048 ゲット！ https://t.co/vaNxClLAcf  #MagicMaster http://t.co/KgeIGOBzBR
0	Adobe MAGIC MASTER でカード：065 ゲット！ https://t.co/vaNxClLAcf  #MagicMaster http://t.co/aFWPYSeTYS
0	コンプリートできんかった。。。
0	ギギギ
0	焦ると判断ミスるわ(~_~;)
0	RT @aotanisaburou: こういう糞オヤジが重鎮として扱われるって、どんだけ日本社会は遅れてるんだ。　https://t.co/VNpf4yn247
0	払沢の滝
0	RT @May_Roma: ワシはシャンパン社会主義者が大嫌いです。自分は豪勢な生活だったり、既得権あるのに、金持ちは悪だ何だと文句いい、社会平等とか偉そうに言う。商売人よりたち悪い。環境保護とか言ってるくせにエアコン使いまくったり、高価な折りたたみ自転車乗ってるええかっこし。
0	HELL! SEE!
-1	RT @May_Roma: DQNな地域から這い上がった人々はDQNに冷たい。DQNがなんたるかを知っているからだ。政治家だと政策は厳しくなりがち。お坊ちゃんは甘くなりがちで、シャンパン社会主義&amp; 左翼フレーバー
1	身近にいるわ。そんな人。地元のことはボコボコに言う。
0	そして私は温室育ち。
-1	ひたすらamazonが推してくるおすすめ商品に「興味が無い」チェックをいれる。
0	ワールドウォーZを観にきた。
0	はてさて？問題のある行動とはなんだったのだろうか？
0	らーめんやに来たらブレーカー落ちた？
1	桜島噴火してるのか。元気だな。
-1	やっぱりフォトショップの本買わないとダメか。。
1	RT @ANA_travel_info: 【タダで飛行機に乗れる♪】もうすぐ4組8名様に！ANA公式ツイッター開設記念キャンペーン！フォローしていただき、「#国内航空券プレゼント」をリツイートで、抽選にて国内線往復航空券をプレゼント♪　http://t.co/BYYdRdgCd…
0	なんか見覚えがある。
0	ついに財布が壊れた。。。
0	揮毫なんて単語はじめて知った⁈
1	ちかれた(@_@)
0	RT @tanji_y: うわぁ、これは引っかかる人いそう…。マジ悪質。 RT @sakuratuki21: あぶねぇこの迷惑メールに騙されかけた http://t.co/iQt5y1pDxD
0	あたまいたい（−＿−；）
0	パソコン積立を2000円に、メガネ積立を3000円に。
1	なつかしい。大学の頃はミュージックライフとともに読みふけった。 // そして、メタルと老人が残った ーー洋楽誌『クロスビート』休刊に寄せて http://t.co/d1AHMg5AjA @realsoundjp #realsoundjpさんから
0	にやけた顔じゃない堺雅人を初めて見た。
1	ポイントがたまるっていってお金使っちゃうのはね。お金たまらない。
0	Klabめ！
-1	はちどにぶ。
0	はちどろくぶ。
0	RT @Ryujin_Mabuyer: 10月放送予定だ！ゆたしく！  @sp_yu_tan いつからユーチはじまるのー？マブヤー！はやくみたいー http://t.co/VthXAjYqir
0	私が「ウェブもメールも無くしたiPhone」を使うようになった理由とそのやり方 : ライフハッカー［日本版］ http://t.co/rIltEuncbH
1	気長に待とう。
0	ほんと焦ると、ろくなことがない…
0	内山田洋ではなく…RT @nikkeitter: 内田洋の経常益38％増17億円　14年７... http://t.co/FoQdYPGfiu #nikkei
1	黒にんにくうまいな。ちょっと見くびってた。
0	メルマガ登録したった。３つに減らしたのに４つになってしまった。。。
1	黒にんにくがうますぎてたまらんわ。
0	今日も今日とて、黒にんにく。
0	９月１５日はアースダム♪
-1	眠い(_ _).｡o○
0	『探偵ナイトスクープ』のナイトはknightだったのか。
0	クワガタ！ http://t.co/FSZYpuOuVk
-1	ジャパンネット銀行はもうあんまりつかわないな。いまやアグリゲーションといくつかのカード引き落とし。何処かに使いやすいアグリゲーションないかしら？
0	住信SBIの振込手数料無料回数。預金額に応じて増えないかな。
0	顎を動かすと右のあごから耳にかけて痛みが。
0	夏休み終わっても６０分待ちか。。// 特別展「深海」- Special Exhibition: The Deep http://t.co/px9nveQxut
-1	おととい整体に行ったのに、もう右脚の付け根が痛い。何が原因なんだろう？
0	なんか食べたい。
0	ありがち。RT @May_Roma: ( ；´Д｀) RT @pnct: この会社でやっていけないやつは他でもやっていけないよwと他の会社行ったことのない爺さんや管理職から言われている
0	RT @merec0: 機種変できたんだけど、受取窓口の人に「あとからお客様にSoftBankの満足度アンケートが届くので、きょうの販売員の接客態度について5段階で答えてほしい。5段階中の5でないと不合格、そして今月からは無回答も不合格に分類されることになり、どうか5に…」と懇…
0	RT @dempacat: 「見て覚えろ、技術を盗め」「ボロクソに言われて、なにくそ、と思って頑張れる人こそ伸びる」と言ってる熟練の職人たちが後継者不足に悩んでいるのは、それが人を育てる方法ではなく、素質のある人を効率的に探す方法に過ぎないので、人気が低迷して素質のある人が来な…
0	きっと将来ボケる。今日二回もシャワー浴びたことを考えると間違いない。昼間の話だが。
0	パスタがしょっぱかった。塩分取り過ぎ？
-1	食後に現われる異常な眠気 - 糖尿病症状 http://t.co/rkDImG5vpd 最近超眠くなる。嘘です。いつも眠いです。
0	nbhr000さんの脳内は「怠」35% ポイント:40pt ランキング:352607位 http://t.co/IbCVKaZpoT #twimaker
0	肩がゴリゴリ。。
0	9/15のGRIDLINKのチケット買ったった。
0	5Sか。。。
-1	お昼を会社でパスタを茹でて食べるようになってから二ヶ月くらい？全く飽きがこない。
0	「レンズスタイルカメラ」を発売 | プレスリリース | ソニー http://t.co/Jv7PusrI42
0	auからiPhone5Sのファストクーポンが来た。結局月々の支払はいくらになるのかな？
0	nbhr000さんの脳内は「恋」65% ポイント:40pt ランキング:353896位 http://t.co/IbCVKaZpoT #twimaker
0	えんがわうめぇ
0	明日は大雨予報。でもGRIDLINK観に行く。昼間なにしようかしら？？
0	まるじゅん行きてーな。
0	丸じゅん、か。
0	明日雨ということは科学博物館は空いてるか？？
0	RT @minenayuka: AV女優になったことの最大のメリットは「へへへ……このおまえのあられもない姿の写真をばらまかれたくなければ……」と脅されたところで、どこにばらまかれようとなんら問題がないことです。
0	雨すげーな
1	手頃な財布が見つからんよ。
-1	薄い財布購入（≧∇≦）
0	京王百貨店の北海道展でカシスのスムージー買う。こんなドロッとしてるもんだったのか。 http://t.co/rUa33opYd5
1	GRIDLINKは凄まじかった！(O_O)
-1	中身入れてしまったから薄さが伝わらないが、薄い。  http://t.co/BmQD1a2Cji
1	新しい財布を買うミッション完了。
0	外側にも一個ポケットがあったら最高だったと思う。
0	待ち時間なしか。。。
0	ここぞとばかりに科学博物館の深海展に。待ちなしで入場。
0	nbhr000さんの脳内は「壊」5% ポイント:40pt ランキング:355517位 http://t.co/IbCVKaZpoT #twimaker
-1	『凶悪』観に行きたい。
-1	nbhr000さんの脳内は「緩」65% ポイント:40pt ランキング:356909位 http://t.co/IbCVKaZpoT #twimaker
0	なんにつけても情熱がない。。
0	ガソリン高いんだった。。。
1	iPhoneとDIGNO DUAL2とで迷い始めた。iPhoneである必要があるのだろうか？
0	iPhoneでなにやってんの？
0	やれー
0	黒にんにく。。。
-1	今半沢見てるけど、原作と比べて無茶な展開だな。
0	なんかよくわかんない話が。。。
1	RT @ikedanob: 半沢とかハゲタカより「ナニワ金融道」のほうがずっとおもしろいし、リアリティあるよ。
1	それは正しいと思います。
0	個人的な恨みが前に出過ぎてる。。。
0	出向言い渡して終わりか！
0	まぁいいや。5sにしよう。
0	ギギギ。
0	むかーしのガバレコが５０枚ほどあるのだが、どうにかならないだろうか？
-1	だるい。
0	RT @ShareWis: 怒る人は、本当は自分に自信がない | 女性教授奮闘記　from Toyama http://t.co/oU4dTnAAmj
1	最近塩分が気になりだしたので、お昼のパスタも塩なしで茹でてる。レトルトのソースで十分な感じ。
1	知らんよ。　// 質問1 あなたがご存知の銀行員はどのタイプが多いように見えますか？ http://t.co/5zcQjsCSe6
-1	みんなで決めるなんて馬鹿馬鹿しい。
0	現れては消え。
-1	RT @hazuma: ぼくは経営者としては弱小も弱小、なにも知らないに等しいけど、それでもこの4年で少し学んだことがある。ひとつは、一般的な会社の真似をしてはいけないということ。もうひとつは、社内調和を重視してはいけないということ。「まわりはこうだしー」とか「社員が楽しそうだ…
0	ブログでも作ってみよか。
0	タイトルどうしよう。
0	メルモラブ。すげーCMだ。
0	ごはんたべたい同士を発見します。 http://t.co/6EOoqEUTIh
0	これよくわかんねぇな。
0	ちょっとお腹が出てきた？？？
0	返品できるかな
0	うちの近くでも探したらあるのかな  //  家賃5万台で都心の一戸建てに、急増する「空き家」は宝の山だ！ http://t.co/FdagHLie2X
0	nbhr000さんの脳内は「嘘」35%「無」30%「繋」5% ポイント:40pt ランキング:358291位 http://t.co/IbCVKaZpoT #twimaker
0	腕がいてぇ。
0	次の商品をほしい物リストに追加しました：'Fetch'：Melt Banana via @amazonJP http://t.co/U25Getm6RH
0	なぜにMelt-Bananaは自分の心をガッチリ鷲掴みにするのか？　http://t.co/D7gxWEBcgZ
1	もうなんていうかカッコ良すぎるわ！
0	RT @HuffPostJapan: 【倍返しだ！】「半沢直樹」の福沢克雄監督は「次の作品は映画向きだと思う」と続編の映画化に意欲。 http://t.co/ziDNpyhISR
1	まじで？やめたほうがいいと思う。
0	また舌にできものが…
-1	舌が痛い(~_~;)食べづらい(~_~;)
0	曲げ伸ばしの悩み、か。
0	食べづらい。。
0	ニンニクギットギト(^○^)
1	ニンニク臭がすごい。
0	舌ににんにくが残ってる感があったので、試しに舌を磨いたら劇的に改善した。
-1	会社でパスタ茹でて食べれば、だいたい一食200円くらいになる。
1	nbhr000さんの脳内は「勇」45%「希」15%「嘘」20%「恋」10%「飯」10% ポイント:40pt ランキング:359582位 http://t.co/IbCVKaZpoT #twimaker
0	nanacoを登録した。
0	JESUの新譜の発送が遅れると。。。
0	200円×25日＝5000円か。
0	マネー。
0	まだまだフロッピーは生き残る。
-1	GIGAZINEか何かで見たけど売ってるんだ ：'驚きの防水スプレー！ネバーウエット【アンビリーバボーで紹介】Never wet'：pla via @amazonJP http://t.co/OarB3Fgbow
-1	なんか変な化学物質入ってないのかな？
0	日本七大焼き鳥とは？
1	たまに月々の出費をまとめてみるといいわ。
0	モンドセレクションなんてねぇ…
-1	トクーのプレミアム会員を解約しようとログインしたら、無料宿泊ご招待券が届いていた。小癪な。
-1	iPhone5sでsharewisたちあげようとしたら画面が真っ白になっちゃった。なんでー？
-1	覗き見防止フィルムは画面が見にくいな。余計に目が疲れる( ‾ʖ̫‾)
0	明日は都民の日だってよ。
0	nbhr000さんの脳内は「逃」80%「勇」15%「怠」5% ポイント:40pt ランキング:361027位 http://t.co/IbCVKaZpoT #twimaker
0	もはや銀行には通帳記入にしか行かない。
1	柔軟頑張ろう(._.)
0	Jesuの新譜がやって来た！しかしDVDドライブを会社に置いたままのため聴けない。。
0	melt-bananaのはまだ。。。
0	nbhr000さんの脳内は「H」65%「楽」35% ポイント:40pt ランキング:362323位 http://t.co/IbCVKaZpoT #twimaker
0	次の商品をほしい物リストに追加しました：'お金を回収する交渉技術'：道家 健一 via @amazonJP http://t.co/j47jvLFvQi
0	RT @Tachikawanavi: スパリゾートハワイアンズへは、立川のファーレから宿泊者専用無料送迎バスが出てるんですよ！http://t.co/8yS0UWJ1bp http://t.co/lMgVVgcTI5
-1	残念ながら"fetch"はお届けが遅れるとamazonから連絡が。。。
0	ごはんたべたい同士を発見します。 http://t.co/6EOoqEUTIh
0	のんびりしすぎた。開演時間に間に合わない。
-1	間に合った。『凶悪』観る。
-1	『凶悪』終了。
0	後半藤井の暴走っぷりがクレイジー。
0	もう一回原作読もう。
0	引き続き『evidence』観る。
0	証拠残してどーすんの？
1	今日は栗ご飯でした。美味しかった！秋だね。
0	モアイに似てる。嶋田久作ではなく？
0	ねーむ。
0	nbhr000さんの脳内は「友」80%「食」15%「繋」5% ポイント:40pt ランキング:363843位 http://t.co/vORMurhIIa #twimaker
0	じゅうふくって言った。
0	古美門先生。。。
0	次の商品を購入しました：温泉批評 (双葉社スーパームック) via @amazonJP http://t.co/0XXDxYwW8e
0	次の商品を購入しました：'お金を回収する交渉技術'：道家 健一 via @AmazonJPKindle http://t.co/3dsM94O6T5
0	nbhr000さんの脳内は「帰」45%「金」15%「言」10%「報」20%「月」10% ポイント:40pt ランキング:365151位 http://t.co/IbCVKaZpoT #twimaker
0	熱海に行く途中の活きアジ定食(^^) http://t.co/1LGqaI3S1Q
0	横向きだった…
-1	厚木インターの上りがやたら渋滞してたのが不思議だった(._.)
0	熱海に着いたのだが、トクーで予約した宿がダブルブッキング！
0	宿から電話かかってきてたみたいだが、全然気づかなかった。宿に着いてから発覚。
-1	自分のほうがちょーっと遅かったらしい。
0	で、宿のオヤジさんは別の宿を確保してくれていました。「宿代がちょっと高くなるけど、それはうちがもつから」と。
0	ホッキ貝とダチョウを喰らう（≧∇≦）
-1	久々に焼酎を、麦を、水割りで飲む。薄めでお願いしたけど、酒に弱い身には効く。半分でクラクラ…
-1	RT @LunarModule7: 『JR全路線の収支』 http://t.co/KdguXvSQos JR北海道そもそも無理ありすぎだろ、これ。
0	RT @ebinakarakitem1: この時期はキャンプファイヤーに限る！
0	なんかやらかしたのかしら？
-1	店の中が慌ただしい。
0	鶏皮ギョウザと白レバーを追加。
0	五千円あれば足りる。はず(･･;)
-1	お金を使わない旅のつもりだったんだが、無理だった。
0	頼みすぎた
0	飲みすぎた
-1	きついかも
0	ちょっと残しちゃったけど  リミット超えるよりはまし(~_~;)
1	お茶が美味しい。後で海岸行こう。
0	熱海の夜景 http://t.co/cCoF6S8Lmt
-1	砂浜 http://t.co/YDZWC2wiR0 歩きにくい
0	砂浜の照明が消えた。10時までなんだね。
0	もういないのかな？ http://t.co/JYC9hMQkWy
0	食事に2食で6000円もかけるべきではなかった。
0	デートしたい同士を発見します。 http://t.co/KI7DiY6fxs
0	熱海にマクロスだかパトレイバーだかわかんないのがいるよ。 http://t.co/35dRJlomLM
0	映画の撮影かな？
0	一旦会社に寄ってから帰宅。melt-bananaの新譜が届いていたのでiTunesに早速取り込む！
1	一箇所だけど共同浴場に行けたのが良かった。
-1	頭痛い。
0	風邪ひいたかしら？
0	あたまがいたい。ってかもう9時か。
0	もったいぶりやがって！ためしてガッテンめ。
0	nbhr000さんの脳内は「勇」35% ポイント:40pt ランキング:366038位 http://t.co/vORMurhIIa #twimaker
0	やはりばりき屋ははずさない。
1	だんだん簡単な本しか読めなくなってきた。気がする。
1	RT @SociApp: 家賃補助や社食はその人個人の生きる能力を大きく奪っている気がするでござるよ(散らかった台所を横目に
0	Fetchの写真アップロード http://t.co/CLauA1Rcve
0	EVERYDAY I GET CLOSER TO THE LIGHT FROM WHICH I CAME (エヴリディ・...の写真アップロード http://t.co/AZftcZZEtE
1	キーチVS 11 (ビッグコミックス)の写真アップロード http://t.co/9XRSH749kR
0	温泉批評 (双葉社スーパームック)の写真アップロード http://t.co/alqscbmUWy
-1	今日は寒い。寒。
0	買いログに登録してみた。キンドル本は投稿されないみたい。
0	nbhr000さんの脳内は「金」5% ポイント:40pt ランキング:367519位 http://t.co/IbCVKaZpoT #twimaker
1	RT @InsideCHIKIRIN: メールや手紙で強烈なクレームをつけてきた人に、電話をかけて説明したり謝ろうとすると、メールでの文面の勇ましさがどこへやら、ものすごい謙虚で普通で、「わかりました。わざわざ電話までもらってすみません」みたいになるケースは非常に多いです。
0	今年はうちのマンションにもできてたらしいスズメバチの巣。巣の入り口をとりもちかなんかで塞いだらどうなるのかな？
0	腰が固まってキツイ。来週まで持つか心配。
0	パーソナルショッパーってどういう意味？
0	carcass!!
0	ひたすらyoutubeでcarcassを聴く。
0	nbhr000さんの脳内は「帰」60%「逃」15%「軟」10%「休」10%「星」5% ポイント:40pt ランキング:368985位 http://t.co/IbCVKaZpoT #twimaker
0	『給食番長』という絵本をお勧めされた。福岡弁と標準語と二つでセリフが書かれているらしいのだが？
0	Don't be too hard on yourself!!
0	ロードオブセイラム見逃しちゃったな。
0	nbhr000さんの脳内は「月」45%「遊」15%「妄」10%「昼」20%「帰」10% ポイント:40pt ランキング:370348位 http://t.co/IbCVKaZpoT #twimaker
0	基本無視。
0	カラダファクトリーで貰った生姜湯を飲む。もう数日で11月。
0	議題。議題。
0	identity capital.
-1	RT @kubo_3260: スーパープレゼンテーションで20代の頃まわりが結婚しているからって自分も身近にいる人となんとなく結婚してはダメと言ってて、なんかもう前提条件違いすぎて気が遠くなる
0	circle of friends.
1	RT @May_Roma: そそ。特に仕事がうまくいかない時。危ない男は弱い人に暴力。学歴お育ち肩書き関係なし。RT @packraty: @ikarostayuu 物事がうまく言っている時の顔でなく、うまく言っていない時の言動や行動を注意深く観察してくださいね。どうしても本音…
1	夏服クリーニングに出した。畳み仕上げにしたほうが良かったかしら。
0	施設がなければ自分たちで作る？
1	nbhr000さんの脳内は「希」80%「愛」15%「飯」5% ポイント:40pt ランキング:371500位 http://t.co/IbCVKaZpoT #twimaker
0	「ONE PIECE 72 (ジャンプコミックス)」を買った  http://t.co/06cU8GxupY #kailogitem
1	「アイアムアヒーロー 13 (ビッグコミックス)」を買った  http://t.co/67eYuAja9a #kailogitem
0	「温泉 とっておきの話: 甘露寺泰雄×阿岸祐幸×石川理夫」を買った  http://t.co/OwYox3UbcM #kailogitem
0	「サージカル・スティール」を買った  http://t.co/QAnOHO0sZa #kailogitem
0	iTunesのアップデートがおかしくなった。全然進まない。キャンセルも出来ない。
0	ごはんたべたい同士を発見します。 http://t.co/X6lhNAkIAm
0	そんなこったから評価が減点方式にしかならないの( ‾ʖ̫‾)
0	RT @LunarModule7: 『フォトショップすげー！ってなる映像【微エロ注意】』 http://t.co/Ctlb4F61XV 魔法だね
0	職人技(･･;)
1	自分の神髄がわかった気がする。 見といたほうがいいかも。 →http://t.co/2bh2GjuA8I　  　 http://t.co/fkb6bqaOzt
1	自分の神髄がわかった気がする。 見といたほうがいいかも。 →http://t.co/2bh2GjuA8I　  　 http://t.co/c0EOnAClMH
0	carcass燃えるわ！！
0	また自転車修理に出すの忘れた。。。
0	小学生理論。
1	油粘土でよく遊んだ覚えがあるな。
0	あとレゴ。
0	RT @shiikazuo: 「秘密保護法」を読むと、「特定秘密」を漏らしたりアクセスしたりする者には重罪で罰するとあるが、「特定秘密」の指定権限を濫用した行政機関の長に対する罰則は一切ない。行政権力は、どんなに法を濫用・誤用しても罰せられず、国会からも司法からもチェックされな…
0	揺れた！
0	もう一回観よう。
0	もう少し地図を勉強すべきだった。
0	コスト削減？
0	購入！：関谷英里子 『同時通訳者の頭の中』 via @AmazonJPKindle http://t.co/e7bbauK6vb
0	むむむ。人ごとではないな // :不妊の原因 半数は男性 積極治療を　NHKニュース  http://t.co/YspH4kcR3S
0	GDriveが復活した。
0	最後にゼゼヒヒの質問答えたのいつだったか？
0	nbhr000さんの脳内は「遊」15%「勇」10%「楽」20%「廃」10%「夢」10%「月」15%「壊」15%「怠」5% ポイント:40pt ランキング:372684位 http://t.co/IbCVKaZpoT #twimaker
0	んん？
-1	いつもより7時間ほど出発がおそかったために、いつ帰ろうか迷うところだ。
0	関越混んでるだろうな。
0	大滝の湯の地下の休憩室はLTEが入らない。
0	ライトアップ！ http://t.co/qyajUlK0K2
0	この人がハブクラーゲンの中の人か？？
0	青汁青汁。
0	nbhr000さんの脳内は「H」15%「嘘」10%「恋」55%「夢」15%「怠」5% ポイント:40pt ランキング:373918位 http://t.co/IbCVKaZpoT #twimaker
0	「努力する人間になってはいけない―学校と仕事と社会の新人論」を買った  http://t.co/TY1YAyJfce #kailogitem
-1	nbhr000さんの脳内は「緩」80%「嘘」15%「壊」5% ポイント:40pt ランキング:375023位 http://t.co/IbCVKaZpoT #twimaker
0	クリッピングマスクかけたのに、印刷すると元画像の枠が出てくるorz どうすんだ？ #Illustrator
0	痛風。鮭では？
0	にわとりか！
0	わりと尿酸値高い。
0	7.0は超えているorz
-1	残り9割は痛くもかゆくもない⁈ そして心筋梗塞⁈
0	はとフンか。
0	高尿酸血症( ‾ʖ̫‾)
0	ジッと今年の健康診断結果を見る。。。
0	経過観察って書いてあった。
0	バナナとパスタとごはんと。
0	ロールケーキ？
0	果糖を燃やす過程で尿酸が作られるとな？
0	ごはんたべたい同士を発見します。 http://t.co/p2VrQaprXW
0	nbhr000さんの脳内は「妄」50%「情」50% ポイント:40pt ランキング:376046位 http://t.co/IbCVKaZpoT #twimaker
0	When do you need it by?
0	ゆれた。
1	先日に続き結構大きい。
0	Let me introduce myself.
0	いまでしょ。
0	とりいづか。
1	nbhr000さんの脳内は「人」45%「逃」15%「希」10%「勇」20%「楽」10% ポイント:40pt ランキング:377139位 http://t.co/IbCVKaZpoT #twimaker
0	nbhr000さんの脳内は「日」35% ポイント:40pt ランキング:378247位 http://t.co/IbCVKaZpoT #twimaker
0	Why don't you?
0	右脳優勢でした。 http://t.co/7fu7UkqCW2脳テスト?data=MzgsNjI=
-1	無能派。ではなさそう。
0	http://t.co/Vj5zezQg01
1	スーツ買ってしまったんだが、これが本当に必要だったか悩む夜。
0	「Canon インクタンク BCI-7eM マゼンタ」を買った  http://t.co/w7HfzqnSR6 #kailogitem
0	「Canon インクタンク BCI-7eBK ブラック」を買った  http://t.co/mmrrro3sys #kailogitem
0	「キヤノン インクタンク BCI-7e 4色 (BK/C/M/Y) +BCI-9BK 5色マルチパック BCI-7E+9/5MP」を買った  http://t.co/aKpHg9hw3h #kailogitem
0	nbhr000さんの脳内は「逃」15%「楽」10%「教」10%「報」15%「告」50% ポイント:40pt ランキング:379380位 http://t.co/IbCVKaZpoT #twimaker
0	nbhr000さんの脳内は「逃」35%「勇」30%「帰」5% ポイント:40pt ランキング:380434位 http://t.co/vORMurhIIa #twimaker
0	RT @melt_banana: MELT-BANANA live at Shibuya LOUNGE NEO on Dec.01st!  venue website-&gt; http://t.co/KJzzaX3tlL
0	melt-bananaの出番は何時頃なのかな？？
0	渋谷へ。
0	イクラちゃんバリバリ歩いてた気がするが、一歳か。。。
0	An overview of the project
0	今日もホットミルクに生姜糖。
0	蛇骨湯。
0	RT @Matsuhiro: 人間は大切なものを失い、ピンチに追い込まれないと、にっちもさっちもいかなくならない限り、なかなか変れないのじゃないだろうか？　特に怠惰な者は。
1	RT @May_Roma: 作者や版元に、図書館でかりた、古本屋で買ったってワザワザ書いてくる人は自分がバカだとわかっていないらしい。いちいち言う必要はない。会社でも家でも微妙な人だろう。
1	RT @johnlydon_bot: 「再結成は純粋に金のためだった。金を儲けてたのに、自分たちは貰えなかったんだから仕方ないだろう。それに言わせて貰うが、『俺が金儲けしちゃならん』なんて他人のお前が指図するとはどういう了見だ。俺がやってきた仕事は、俺の金儲けに対するお前の意見…
0	RT @H_Nobunaga: 僕は官僚が中央で設計する福祉政策にも反対。最近NPOに食物にされた厚労省の再就職支援みてみよう。二、三年前、ぼくのところにもあれ絡みで色々な自称NPOがきた。みな、現場をしらない官僚が作った制度の穴をついて金儲けしたい連中だった。
0	nbhr000さんの脳内は「H」15%「金」55%「恋」10%「昼」15%「朝」5% ポイント:40pt ランキング:381442位 http://t.co/IbCVKaZpoT #twimaker
0	「Canon インクタンク BCI-9BK ブラック」を買った  http://t.co/pm25erBuZR #kailogitem
1	BSプレミアムで塚原温泉が紹介されてる。懐かしいなぁ。
0	井上陽水の『リバーサイドホテル』の舞台は杖立温泉だと。
0	カラダは温めるに限る。
0	昨日マッサージに行ったはずなのに、もうすべてを忘れたかのようにコリコリが復活している。この体はもうだめかな。
1	共同湯っていいなー
0	速度制限くらった。
0	石焼き芋の季節だねぇ。
0	「とうもろこしはいかがですか」って言ってるように聞こえる。
1	月末まで速度制限ってのは拷問に近いよ。
0	ごはんたべたい同士を発見します。 http://t.co/p2VrQaprXW
0	ダイバーシティ。
0	鹿の刺身食べて見たいな。
-1	nbhr000さんの脳内は「壊」80%「暗」15%「怠」5% ポイント:40pt ランキング:382422位 http://t.co/IbCVKaZpoT #twimaker
0	カニ野郎
0	責任とは？
0	RT @T_akagi: 団塊世代は自分のやりがいすら、他人にお膳立てされないと見つけられない。本当に役に立たない。日本のお荷物。
1	面白そうな番組がやってるんだなぁ #産廃世代
0	見れなかった。
0	再放送があるみたいだから録画しよう。
-1	アマゾンでZoviet Franceを検索したら目ん玉とびでるくらい高い！http://t.co/qhVAaByDDY
0	nbhr000さんの脳内は「H」15%「勇」10%「無」20%「夜」10%「怠」10%「早」15%「朝」15%「明」5% ポイント:40pt ランキング:383353位 http://t.co/IbCVKaZpoT #twimaker
0	今日は(^^;;
-1	憂鬱
1	アルバム持ってるのMelt-bananaとBoredomsだけだけど、どれもカッコイイバンドだよ  http://t.co/hSJF9tmi06
0	nbhr000さんの脳内は「無」35%「厨」30%「星」5% ポイント:40pt ランキング:384214位 http://t.co/IbCVKaZpoT #twimaker
0	nbhr000さんの脳内は「金」50%「疲」10%「帰」20%「星」10%「月」10% ポイント:40pt ランキング:386748位 http://t.co/IbCVKaZpoT #twimaker
1	大きい！そして長い！
0	常に追われている。
0	過ぎたるは及ばざるが如し？　// 「サプリメントは効果なし」米医学誌がバッサリ(田中めぐみ) - Y!ニュース http://t.co/idZWbuGDuG
-1	年をとるにつれ、くせっ毛がひどくなってきた気がする。
0	花火がドカンドカン聞こえる。
0	にんにくが欲しい。。。
-1	nbhr000さんの脳内は「遊」15%「嘘」10%「恋」20%「無」10%「日」10%「夜」15%「暗」15%「月」5% ポイント:40pt ランキング:391131位 http://t.co/IbCVKaZpoT #twimaker
0	売り忘れたでござる。
-1	悪い言葉「だるい」を2回ツイートした@nbhr000さんの2014年の運勢は小凶です - 【 #日頃の行いおみくじ 】2013年のツイートを分析して2014年の運勢を表示!結果はこちら→ http://t.co/I0EZ4XrZAL
0	suicaの利用明細を見ていると、利用したのに計上されてないと思われる点がちらほら。それとも？
0	90円ってなんだ？
1	何かよくないものを食べたのだろうか。それともただの食べ過ぎか？胃が動いている感じがしない。。。
0	上から下から(&gt;_&lt;) でもスッキリした。まだ熱はない様子。
0	37.4 (~_~;) これから上がるのかな。。。
0	Neurosis観る。youtubeで。
0	私はけっこうあたってたよ♪ 　 →http://t.co/zIui5yCJRB　  　 http://t.co/HmDrlI672u
1	最近のマウスは掃除しようにもガッチリ組まれているので分解する気にならん。このマウスホイールの滑りはどうしたら良いのだ？
-1	マウスホイールについた指の脂を取るのはもう無理かな
0	私はけっこうあたってたよ♪ 　 →http://t.co/zIui5yCJRB　  　 http://t.co/Bm6tQfTfgJ
0	nbhr000さんの脳内は「柔」60%「妄」15%「逃」10%「嘘」10%「星」5% ポイント:40pt ランキング:400631位 http://t.co/IbCVKaZpoT #twimaker
1	クレジットカードの支払いはなるべく一つに絞ろう。 RT 賢いポイント獲得術を教えてください！SSPに投稿して25コインGET！ #コイン http://t.co/arX3RG9YMj
0	nbhr000さんの脳内は「報」35%「廃」30%「厨」30%「月」5% ポイント:40pt ランキング:395820位 http://t.co/IbCVKaZpoT #twimaker
0	話してみたい同士を発見します。 http://t.co/8huhKowiKt
0	渋谷へ向かう。
0	RT @kunitatiaruaru: 国立市に、さりげなく存在するゆるキャラその名も… 『くにニャン』❗️ http://t.co/GIOx42iOA7
1	nbhr000さんの脳内は「希」50%「勇」50% ポイント:40pt ランキング:399844位 http://t.co/IbCVKaZpoT #twimaker
0	融けた。。
0	降ってきたな。
1	マック赤坂氏の政見放送を見たが、衝撃。。猛烈な真剣さを感じるがゆえに笑ってしまう。
1	政見放送録画しておいてよかった。
0	nbhr000さんの脳内は「遊」15%「金」10%「逃」20%「嘘」10%「月」10%「壊」15%「愛」15%「会」5% ポイント:40pt ランキング:403870位 http://t.co/vORMurhIIa #twimaker
1	それにしてもすごい雪だ。
0	国立は停電すっかな？
0	ひさびさの大和屋。ユー線か止まっておる。
0	もはや週末のにんにくははずせない。
-1	肩が痛い。今日は整体に行くんだったのにな！
0	国立はまだ停電してないな。
0	こういう時にルータがおかしくなるの。
0	停電したら電子マネーなんてどうにもならんよ。
0	RT @MisoSuzuki: こんな豪雪だからこそ選挙が面白い！　ネット選挙のネタを入れた「限界集落（ギリギリ）温泉4巻」を期間限定99円にしてみました。 4巻（最終巻）だけ安売りって誰もやってないと思う(笑)やんねえよ。 あと数時間で値段切り替わります。 http://t.…
0	RT @T_akagi: 人工降雪！！ この発想はなかった！！＞RT
0	ほんとないわ。
0	人口降雪とな。
1	外の音がすごい
-1	nbhr000さんの脳内は「逃」15%「勇」10%「楽」20%「夜」10%「星」10%「壊」15%「暗」15%「食」5% ポイント:40pt ランキング:407455位 http://t.co/IbCVKaZpoT #twimaker
0	さてさて読もう。// 次の商品を購入しました：Ｍａｙ＿Ｒｏｍａ（谷本真由美） 『世界のどこでも生きられる！ 外籠もりのススメ』 via @AmazonJPKindle http://t.co/BHDGyqWwAN
-1	髪切ったらやたら白髪が目立つ。。。それにしても外は寒い。
0	paycheck to paycheck
0	馳せ参じたり
0	ここ2時間ほど俳句に心を奪われている。
0	nbhr000さんの脳内は「H」65%「夜」35% ポイント:40pt ランキング:410783位 http://t.co/IbCVKaZpoT #twimaker
1	無事に帰ってこれた。それにしてもびっくりなのは、こんな雪だっていうのにお客さんが今か今かと開店をしっかり待ってたこと。。。
1	生姜ラーメンを喰らう http://t.co/jqgvUVzFlO スープが透明で良さげ。
1	ほんと髪が白くなった。
0	昨日ヤマト運輸休業したな。そういえば。
0	RT @LunarModule7: 『中央線 車内になお約９００人残る』 http://t.co/B4zZSdW2vD いやもう、ご愁傷様としか……
0	Reading:中央線 車内になお約９００人残る　NHKニュース  http://t.co/vvA2EvU13Z
0	まさに。ただ今Amazonで買っても届くかどうか怪しい。RT @May_Roma: 。次に雪が降るとき用にそろえておきましょう。緊急グッズは準備してない事が多くて、修羅場になって困る事が多いので。。。。 http://t.co/uBL0T8YaXd
0	ひたすら徒歩自転車気をつけよう。
0	RT @RyuichiSato: 関東の積雪の状況 草津148cm(歴代1位)、河口湖143cm(歴代1位)、甲府114cm(歴代1位)、 軽井沢99cm(歴代1位)、秩父98cm(歴代1位)、前橋73cm(歴代1位)、 熊谷62cm(歴代1位)、宇都宮32cm(歴代1位)　2…
-1	多摩校舎か。。。泣ける。。。RT @ShareWis: 法政大学「受験される方へ。大変申し訳ありませんが、駅から徒歩（4キロ）で会場へ向かってください」   http://t.co/jSKgVl4rzP
1	停電していないのが幸いだ。
0	マスコミが現地に行けなかったら報道されないのでは？と思ったが、山梨に放送局あるか。。。
0	会社まともに動くかしら。。。ヤマト運輸が動かないと何にもできないっす。。。
0	ごはんたべたい同士を発見します。 http://t.co/msQRxiWakh
0	今日も今日とて集荷拒否。。。
0	選挙の時「気象兵器だ」とか「人工雪」とか言ってた人は、今なにしてんのかな？
-1	期限を伝えないで「遅い」とか言われても知らねぇよ。
0	水木の雪予報は無くなったみたいだ。一安心。
0	天ぷら課。
-1	といいつつも、ちょっとさびしいと思ってしまう両刃の剣。
0	雪みたいに売上積もらないかしら？？
-1	野菜の価格上がるかな・・・ // 大雪、なお７都県３千世帯以上が孤立　農業に甚大な被害 - 朝日新聞デジタル (http://t.co/60sL2CH8sW) http://t.co/EvQinCkhcG
0	RT @May_Roma: 電子で行きましょう!!! RT @nynuts: @May_Roma 実は、私の男性不妊問題で、かみさんにいびられ続けた日々を綴った「泳がない精子たち」という本の企画書を出版社に出したことがあるのですが、「奥さんのいびりがハンパない」ということでボツ…
0	RT @daymarerec: 轟美重音フェス＜leave them all behind＞が約1年半ぶりに開催！ http://t.co/cdyqNP8XAB
1	nbhr000さんの脳内は「遊」15%「金」10%「逃」20%「希」10%「帰」10%「星」15%「月」15%「厨」5% ポイント:40pt ランキング:414229位 http://t.co/IbCVKaZpoT #twimaker
0	行脚。
-1	眠いよ。
0	アブヤーネ。アブネーヤ？
1	RT @InsideCHIKIRIN: 金メダルを目指して世界中の選手が必死になるからこそ、金メダルより大事なものが見えてくる。真央ちゃんの演技を見ても、キムヨナちゃんの演技を見ても、そう思う。
0	ご飯食べたらねむねむねむねむねむね
0	うそ。
1	「だし」を変えると美味しさがちがう？
0	奨学金完済にはあと４、５年かな。 http://t.co/C0pzN6MwSj
-1	RT @reservologic: 「「毎日、長時間座って過ごすことは、その後の身体障害につながる」という研究結果を、ノースウェスタン大学フェインバーグ医学大学院の研究者たちが発表した。」あうう……。→「座る時間」が1時間増えるだけで身体が不自由になるリスクが1.5倍に htt…
1	こんなん言われてもどうすりゃいいのよ。。。　「毎日、長時間座って過ごすことは、その後の身体障害につながる」http://t.co/Iuqtnq0Vvd
0	nbhr000さんの脳内は「会」45%「金」15%「逃」10%「楽」20%「話」10% ポイント:40pt ランキング:417570位 http://t.co/HGebWHDUMY #twimaker
0	932円ほど使途不明金。
-1	RT @kogamen_twit: iOS7.0.6にしたら、auのiPhoneは電池のもちが劇的に悪くなった。iPadMiniは電池のもちがよくなったような気がする。どうなってんだこれ
1	マジ？情報収集に務める。
1	「アイアムアヒーロー 14 (ビッグコミックス)」を買った  http://t.co/J7Yc4GY2VQ #kailogitem
1	「闇金ウシジマくん 30 (ビッグコミックス)」を買った  http://t.co/1q1uCT4o8i #kailogitem
0	「LONGHENA (ロンゲーナ: +14)」を買った  http://t.co/kGgoO4GdFd #kailogitem
0	「混浴と日本史 (単行本)」を買った  http://t.co/j02sk3Z7rI #kailogitem
0	「【数量限定】ハインツ 大人むけのパスタ バジルが香る4種のチーズクリーム お試し価格 130g×4袋」を買った  http://t.co/IJDwVkRt8k #kailogitem
0	ロコモ！　https://t.co/VLoTosG1Cq
1	RT @travel_jp: これは凄い！国内線が全路線「301円」に！ LCCジェットスター、女優の桐谷美玲さんイメージキャラクター就任記念でセール発表。24日15時から3時間限定⇒ http://t.co/PWzy6LfhDd
-1	安いんだが、成田まで行くのが遠くてやや難点。
0	@tyk97 こんばんは。はじめまして。ビットコイン財布を作ってみました。1M2C514LvH3PYZkKcABVvCUGCgDLxh77kd　これですか？？
1	@tyk97 受け取れました！ありがとうございます。まだ良くわからないので勉強します。
0	プロフにビットコインのアドレスを載せてみた　#bitcoinjp
0	プロフヘッダーのおみくじが去年のだた。
0	送金したら「ピッ」て音がした。　#bitcoinjp
-1	口座は作ったけど。。。　ちょっと怖いね。　// Mt. Gox Trading Halts As Bitcoin Businesses Move to Assure Investors -  http://t.co/xRkX0xnFPh
0	確定申告しなければ。
0	日々からだがポンコツにちかづいていく。
0	iDとSuicaとnanacoが一体化しないかな。
0	大変わかりやすいです。。 // 大石哲之のノマド研究所：ビットコインと交換所に関する基礎知識（議論や取材の前提として最低限の正しい理解が得られるように書きました） http://t.co/fGiiXarrCM
1	RT @Tachikawanavi: ひぃぃぃ…この時間でもこのPM2.5の濃度(；´Д`A ``` http://t.co/qumZYeOuM3 http://t.co/FNloRXQxVS
1	nbhr000さんの脳内は「希」15%「恋」10%「無」20%「朝」10%「日」10%「布」15%「告」15%「導」5% ポイント:40pt ランキング:420658位 http://t.co/HGebWHDUMY #twimaker
0	週末の雪。
0	確定申告の書類作成終了（≧∇≦）
0	首。肩。うで。背中。肩甲骨。腰。股関節。太もも。ふくらはぎ。足裏。
0	セルフレジって多摩地区にあるかな？
0	nbhr000さんの脳内は「妄」15%「金」10%「逃」20%「無」10%「廃」10%「昼」15%「食」15%「飯」5% ポイント:40pt ランキング:423644位 http://t.co/HGebWHDUMY #twimaker
1	そろそろ本気で親知らずを抜く時が来た。と思う。
1	マジか！国立駅前！  // ハムスター速報：大阪ナンバーのヤキイモ屋がすっげえｗｗｗｗｗｗｗ http://t.co/Iqlw8KtNhj
0	「災害に備えて」というものが我が家にあるかというと、まったく自信がもてない。
0	親知らずを抜くのに紹介状を書いてもらった。さぁさぁさぁ。。。
0	bitcoinが下がっとる。
0	「ONE PIECE 73 (ジャンプコミックス)」を買った  http://t.co/gUiauQSg1P #kailogitem
0	@JuuichiJigen 最初なんのことやらと思ったが、ようやく分かった。
1	さすがにすごいと思わざるを得ない。
0	多摩医療センターで口腔外科を予約した！恐怖で震える。。。
0	レイヤーってそのまんま残るもんなのかな？
0	朝礼どうしよ。
0	外食で1000円つかったら、パスタ昼食５日分。。。
0	ホワイトデーかzzz
0	@zz\$&amp;
0	SUICAの履歴が見られるのは20件までなのか。。
0	歯医者に行って麻酔科の先生と打ち合わせ((((；ﾟДﾟ)))))))
0	RT @T_akagi: 「ゴール裏は聖域だから、外国人は入るな」って、差別的意図以外の何者でもないだろ。
0	まさに。
-1	道が混んでる。雨がぱらついているからと、バスにしたのはまずかったかな？
0	これは予約時間に間に合わない(&gt;_&lt;)間違いない。
0	間に合った。
-1	手術日程決めて終了。バス待ち寒い。。
1	RT @LaLaLanLanLan: ここまで表現が違うと、盗用とは言えないのでは？あまり調子こいて叩いてると、野村沙知代氏大量名誉棄損訴訟の時みたいに、簡単に負けるぞ。／小保方晴子「中２のときに読書感想文コンクールで最優秀賞を受賞した」→銀河鉄道999からの盗用でした  ht…
1	確か自分が書いた小学校の卒業文集は丸パクリ。。。その頃から自分のオリジナリティには信用がおけない。
0	これを盗用とか言ったら世の中どれほど盗用があるのかわからんよ。// 小保方晴子「中２のときに読書感想文コンクールで最優秀賞を受賞した」→銀河鉄道999からの盗用でした | http://t.co/SstLcfYl2m
0	「ひょうせつ」と読むのか。
-1	ほんとにマウスのホイールが馬鹿すぎる！！
0	いちおう卒論はコピペではない。
1	とある有料メルマガで二重課金疑惑が発生したので問い合わせ中。どしたのかな？
0	まぐまぐから重複請求のお詫びメールが来た。どうやら勘違いではなかった。
0	新しく買ったワイヤレスマウスが不安定。。。
-1	いやー昨日は大変だった。久々に吐いた。
-1	喉の奥がきもちわるいな。
0	雑誌オンラインのNHKのテキストがいつのまにやら自動更新されなくなってた。。
0	Kindleだと333円、雑誌オンラインだと400円。。か。
1	今日は風が強いのかな
0	iPadとPCとで値段が違うな？？
-1	「ヨックション(グレー)」を買った  http://t.co/B4KJ77kayS #kailogitem
0	「1億人のための統計解析 エクセルを最強の武器にする」を買った  http://t.co/DXUaDzeNi7 #kailogitem
0	「ELECOM ワイヤレスBlueLEDマウス M-XG 2.4GHz 5ボタン 握りの極み Lサイズ レッド M-XG2DBRD」を買った  http://t.co/dUYlJG27qJ #kailogitem
-1	なかなかの手口  //  断っても強引に…「安い商品交ぜセットに」「在庫一つでも」 「客は定価がわからなくなる」「みんなやってる」http://t.co/1p1H021MSe
1	買ってみたクッションのパッケージに「女性（あなた）に快適なオフィス・ライフをおとどけします」と書かれていてガックリ。。。60kgのわたしじゃむりかしら？
1	使ってみればわりとよさげな感じ。会社に持っていくので、家用にもうひとつあっても良いかも。
0	これは猫が喜ぶ。一戸建てだったらやってるかも。 //  33 Amazing Ideas That Will Make Your House Awesome | Bored Panda http://t.co/fyedc2Ms12 @boredpandaさんから
1	家の中ならこれがいい。  //  33 Amazing Ideas That Will Make Your House Awesome | Bored Panda http://t.co/RPmJfcUPdc @boredpandaさんから
0	スーパー玉出か。。
0	一円セール。。。
-1	うちも増税特需で大変！！
0	はー
0	黄色は安売りか。緑だとアッパー？
1	それ大丈夫なの？
0	いくら料理学校の講師と生徒っていってもねぇ。。。授業の一環かもいらんけど。。。
0	研修生どころじゃない。
0	Could?
0	画像変えた。
0	家を建てるとしたら風呂の設備を充実させたい。
0	Godflesh!
0	もう最終投票率がでちゃうっていう。
0	労働集約的。
0	節約すると、お金が出て行く(&gt;_&lt;)
0	ひょんなことから中学時代の友人の消息が判明した。世間て狭かったり広かったり。
-1	痛い。脚のリンパが痛い。
0	これから抜歯に向かう((((；ﾟДﾟ)))))))
0	そういえばおいくら万円かしら？
0	執刀医が変わるって((((；ﾟДﾟ)))))))
-1	不安だ。バスにも酔ったし。
0	騰がるわ下がるわ両極端。
-1	遠い目。
0	終わった。あゎゎゎゎ
0	柔らかい食べ物ってなんだろうね。豆腐とお粥の他に？
0	帰ってきた。だんだん麻酔が切れはじめて、微妙な感覚が出てきた。
0	まだ口の中を見る勇気はない。
-1	麻酔が切れて痛い。口を開けたくない。けどお腹減った。
0	お粥とネギトロを少しずつ。。
0	左側だけで食べる。
0	麻酔するからお昼抜いたんだった。
-1	食べにくい、、
-1	やだーさむ〜い
0	きた。
0	nanacoへのクレジットカードチャージに回数制限があったとはこれいかに。
0	外の轟音が治まったようだ。桜散ってないかなぁ
-1	5月の引き落としが怖いー((((；ﾟДﾟ)))))))
0	未払い分の支払完了。。
0	５月のカードの支払額が！
0	噛み合わせも直してもらおうかしら？
0	エイプリルフールか。
0	「預金額が減る」ということに耐えられるかどうか。
0	やっつけレベルな感じで糸抜かれた。
0	重いなぁ
0	抜歯の痛みが。
1	RT @kuninyan1: ニャンだってー！！！くにたちで合コン略してくにコンニャン。くにニャン出て良いのかニャン？ RT @kunittercom: くにたちで街コン、くにコン開催決定 http://t.co/mX0kGWCQdf #kunitachi”
0	こんなもんがあるなんて会社の人達には絶対に知られてはいけない。
-1	喉が痛い。も、だな。
0	歯は抜いたが、一番解決したかったことはまだ解決せず。。
0	歯ぁ歯ぁ
0	きょうはかなまらまつりか。
0	ヒューマントラストで映画を見て帰宅。
0	財布の収支が10円合ってない。
0	AOKI 詐欺行為の問題点｜政治ニュース｜HUNTER（ハンター）｜ニュースサイト http://t.co/g8cgLstkf8
0	勢いで登録してみたがnoteってなにしたらよかんべ？
-1	ロキソニンを使い切ったが痛みはまだおさまらず。鈍い痛み。
0	風邪かしら？
0	もうすべてを売り払ってしまいたい。
1	早く寝たはずなのに目が覚めた。
-1	嫌いな言葉「売れてる」
0	Excelでグラフが作れなくなった我に驚愕！かつてはあんなに作ったのに！！！
0	感受性がなくなるっていうか、他人に興味がなくなっている時期。
0	ゆれゆれ
0	中途半端に関わらないほうがいいのではないか？
0	温泉の適応症が増えるとな。
0	Hootsuiteアップデートしたら、新規ツイート書こうとすると落ちるようになった。
0	もう一回年金制度勉強しようかしら？
0	iOS7.1.1にアップデートしてみよう。
0	健康診断。尿酸値に注目したい。
0	憧れの丸じゅんに。たまたまテレビの撮影があってタレントのちはるさんがいらしてました。 http://t.co/dixt78gCBT
-1	さっさと生芋買っておくべきだった。。。撮影って大変だな。。。
0	５月１１日放送だそうです。。
1	超簡単！たった1枚の紙でビール瓶を開ける方法（38秒） http://t.co/f34wx62NFi @feely6さんから
0	国立を離れている間に大事件発生か。
1	割と会社に近い。線路挟んで、ほぼ向かいだ。
0	貝掛温泉！ http://t.co/yOAKSlJGRk
0	金木旅館の一コマ。 http://t.co/48dlQkXNea
0	何やら発生したらしいが？
0	林野火災だそうだ。
0	道路損壊の件かと思った。https://t.co/iJ6ByJrX0e
0	草津は共同浴場巡りが出来なくなってしまったと。。
1	コーラがうまい。
0	法師温泉。タオル置いてきた。じゃなく忘れてきた。 http://t.co/HsGlDG7kHE
0	昨日行った四万温泉。タオル忘れてきた。 http://t.co/BhKiauB5Ur
-1	平治温泉。わかりにくい。 http://t.co/gFp2wfVcIY
0	貝掛温泉でも忘れてきた。
0	清掃中の共同浴場。 http://t.co/7famAU3UAh
0	草津めちゃ混んでる。。
0	万座の湯の花旅館。 http://t.co/ZZptKo1Wtl
0	硫化水素臭が香る。
0	肉を食べる。
0	NHK総合が映らない。ろ、。
0	達人とはなんだ！
1	ウグイスがよく鳴く。沢渡。今日は天気がいい。
0	そういえば昨日もiPhone落としたんだった。
0	直帰するか何処かに寄るか悩む。 http://t.co/R1kTSA60I8
0	渋滞必至。
-1	いかーほ。以前飲泉した時よりも鉄味が薄くなった気がした。 http://t.co/jUshIofMzU
-1	何にいくら使ったのか不透明。
0	上里SAのカレーパンが激辛で泣ける。
1	沢渡温泉の温泉水で癒す。汲んでおいてよかった。
0	そのうちまるほん旅館へ確かめに行く。
0	carcass来日してたんか！
0	一般健診の結果、ついに尿酸値が「要医療」に⁈ http://t.co/xjxWdVU5lA
0	テルマエロマエⅡ観に行く。
-1	間違えてスクリーンから遠い席にしてしまった。
0	HOYA様はあんなに騰がっているというのに。
1	水を8杯飲んだら膝の調子が良い。
0	思い出すと恥ずかしい。。。
-1	RT @stuc_er: @takapon_jp @nekojirosan こちとら高熱やらでしんどい体で行ってんのに、待合室で「あ、そこは◯◯さんの席やから…」とか言われた時には、老い先短い老人相手でもさすがに殺意に似た感情を抱いた。
-1	温泉入るのも大変だ。
1	RT @daymarerec: 英国激重神GODFLESH、待望の新作をリリース - CDJournal ニュース http://t.co/W3MRrYC1Eq
0	いやー写ってた。家族と見てて、ジワッとしたな。
0	ゆでがえる。
0	意味不明な引き落としがあるんだが❓
0	身に覚えがあった。
0	久々のニンニク山盛り（≧∇≦）
0	平湯！ http://t.co/w9AGCPE8fU
0	#湯のまち放浪記
0	伊豆のわさび丼食べたい。#湯のまち放浪記
-1	まんぱくやってんのか。まだ一回も行ったこと無い。
0	本沢温泉。日本最高所の野天風呂に行きました。いろいろなサイトに載っていた写真とは結構違ってた(^_^;) けど湯は極上（≧∇≦） http://t.co/OOIDnfILei
0	温い酸性泉だったので、熱さとは違う肌への刺激をビシビシ感じました（≧∇≦）
0	神戸新聞NEXT｜社会｜年金支給７５歳案は選択幅の拡大　田村厚労相、神戸で講演 http://t.co/2106dnw0Fc @kobeshinbunさんから
0	繰下げ支給の話みたいね。
0	もう被疑者画像が流れる勢い。
0	デマなの？あの告白？
0	RT @tamu067: AKBの握手会にいる設定なのにvia Webでワロタ http://t.co/LoMgUYkzvQ
0	なるほど
0	2段階認証にしたらスマホからGmailに入れなくなった(~_~;)
0	ウシジマくんpart2の予約番号がわからなくて超焦った。予約サイトにログインしてことなきを得たけど、本当に焦った。
0	ソムリエ大暴落。
0	「温泉批評 2014春夏号 (双葉社スーパームック)」を買った  http://t.co/0geaKC0JWG #kailogitem
0	「DQco ネックピロー ワールドマップ」を買った  http://t.co/GDMC5JpJ7u #kailogitem
0	どういうことだよww
0	gmailの受信箱を整理。
0	妹宅の飼い犬が亡くなったのでお葬式でした。
1	努力だけしかできない人はチームに必要ない http://t.co/sSEsDyGHTO @HuffPostJapanさんから
0	V/H/Sの三作目ができてるらしい。いつ公開かしら。
0	さすがにからだがダルい。
-1	直予約より、楽天通したほうがお安いのか。。不思議だな。。
1	マネーフォワードの資産残高が突然上がったので何事かと思ったら納付済みの年金だった。資産なんだろうけど、自由に使えないからなぁ。。。
0	お家芸。。。
0	RT @onsenhyakkaten: 別府八湯検定試験のお知らせ（別府・大阪・東京） http://t.co/jD9NQWugKD
0	ネットの工事が30日からとな。もう前のプロバイダのルータ返却しちゃったのに。
0	口車に乗って申請したamazonゴールドカードの申請が通った。
0	はにゃー？？　//  「おーい！ はに丸」一夜かぎり復活　ひんべえは？ ひんべえは出るの!? → たぶん倉ｋ…… http://t.co/ZY20Hh5gJY
0	またしてもiPhoneテザリングで通信量が。。。
1	あと1Gまで大丈夫。
0	乗り過ごした。分倍河原からタクシーだ(~_~;)
-1	やっぱりタクシーの臭いは苦手だ
0	あっさり制限突破した。そんなつもりはなかったのに。
0	ツケに時効なんてあったんだ//  ツケ、時効５年に延長…業種ごとの区分撤廃へ : 社会 : 読売新聞（YOMIURI ONLINE） http://t.co/HOG9n7YdLA #SmartNews
0	アマゾンのゴールドカードがやってきた。
0	ああ
-1	「旅館業の許可が認められない地域」というのがあるのか。不思議だな // 旅館業法の怪(別所直哉) - Y!ニュース http://t.co/i1uhvG823Y
1	ほんとに早くネットの工事始まらないかな。
0	「念頭」だからな。
0	まだマレーシア機は見つかってないんだったっけ？
0	一ヶ月に及ぶネット無し生活にピリオドがうたれた。
0	そういえば有線で繋げてた。無線LANいけるかな？
-1	やっぱりレビューは辛辣だよな。
0	「立体型アイマスク ナイトブルー」を買った  http://t.co/9XiCPrs123 #kailogitem
0	「福島屋 毎日通いたくなるスーパーの秘密」を買った  http://t.co/duHd8GBkTn #kailogitem
0	「成城石井はなぜ安くないのに選ばれるのか?」を買った  http://t.co/AmUznFuaPN #kailogitem
1	「アイアムアヒーロー 15 (ビッグ コミックス)」を買った  http://t.co/LtisEckCes #kailogitem
0	RT @hamukazu: 痴漢冤罪のニュース、「無罪の決め手になったものはなんでしょうか？」って、なんでしょうかじゃねえよ。有罪の決め手がなければ無罪だろ。
0	塗装代か。
1	ちょっと利用明細書もらってくる。 // 大手銀行は多額の印紙税を払い、セブン銀行は払わない…という記事を読んで、賢いな～と思った話。課税対象にならない利用明細書で対応。 - クレジットカードの読みもの http://t.co/2u9ELnkIjY
0	振込手数料など払わん！！
0	自白を迫る。
0	カネがないから？
0	読み返すとキモいな。なんでこんなふうになっちゃったのか。
1	お守りあげれば良かった。
0	全然ギャグにならなかった。
0	じぶん銀行どうなったかしら？まだカードが届かない。。。
0	ようやくじぶん銀行のカードがやって来た。
0	「絶景混浴秘境温泉―保存版 (MSムック)」を買った  http://t.co/OWzDK4oIrC #kailogitem
0	「自遊人別冊 温泉図鑑 2014年 09月号 [雑誌]」を買った  http://t.co/DZBwHXIaM5 #kailogitem
0	「【数量限定】ハインツ 大人むけのパスタ バジルが香る4種のチーズクリーム お試し価格 130g×4袋」を買った  http://t.co/tSQgpiCv1E #kailogitem
0	プレゼントいただきました（≧∇≦） http://t.co/qaaOH8XFZ4
0	「アラサーちゃん無修正3」を買った  http://t.co/POAPpLttuh #kailogitem
0	「ハインツ 大人むけのパスタ バジルが香る4種のチーズクリーム 130g×4袋」を買った  http://t.co/7VdACNjLnc #kailogitem
0	「ハインツ 大人むけのパスタ 仔牛ときのこのボロネーゼ 140g×4袋」を買った  http://t.co/cVkNg1xqCd #kailogitem
0	「ハインツ 大人むけのパスタ 粒たらこの十勝産生クリーム仕立て 130g×4袋」を買った  http://t.co/OJmfeZUcNF #kailogitem
0	「ハインツ 大人むけのパスタ きのこのチーズクリームポルチーニ仕立て 130g×4袋」を買った  http://t.co/uhWXuBMwq8 #kailogitem
0	「ハインツ 大人むけのパスタ イセエビのトマトクリーム 130g×4袋」を買った  http://t.co/Fv3GfAxSM5 #kailogitem
0	「シャチハタ ネーム9専用 補充インキ 朱 XLR-9N」を買った  http://t.co/IQORB5dyqb #kailogitem
0	粗利率。
0	責任とは
0	やり残していることがたくさんある。
1	「闇金ウシジマくん 32 (ビッグ コミックス)」を買った  http://t.co/3FCz5rb4vm #kailogitem
0	「ONE PIECE 75 (ジャンプコミックス)」を買った  http://t.co/qlUZnfkxEw #kailogitem
0	身体中を何人がかりで揉みほぐされたいな
0	今日はスラスラの日だった。。。
1	天気いいな
0	iPhone iPadかタブレット ノートパソコン デスクトップパソコン
0	どうやら加齢臭が発生しているらしい。。。
0	運動不足を解消するために徒歩通勤。
0	suicaの履歴が3箇月前までしか取れなかった。。
1	懐かしのサイボクへ。 http://t.co/GuwpEzdIEV
0	「A WORLD LIT ONLY BY FIRE (ア・ワールド・リット・オンリー・バイ・ファイアー: +bonus disc)」を買った  http://t.co/nEboDV6e4q #kailogitem
0	「この1冊ですべてわかる 物流とロジスティクスの基本」を買った  http://t.co/Dzsg4zUWCQ #kailogitem
0	「データブックオブ・ザ・ワールド―世界各国要覧と最新統計〈2014(Vol.26)〉」を買った  http://t.co/da7rGYSyH9 #kailogitem
0	「日本国勢図会〈2014/15〉―日本がわかるデータブック」を買った  http://t.co/QdlgrKBTyN #kailogitem
0	おお我が母校♪
0	59.6ｋｇ
1	電話の「#」ボタン、呼び方は「シャープ」ではありません http://t.co/ZhmZvbz38i
1	「シャープを押してください」って言われるけど
0	伊豆の温泉めぐって豪遊。台風が遅くなって良かった。
1	やっぱり温泉はいいなぁ。日帰り温泉施設もいいけど、贅沢にお湯をつかう源泉掛け流しは格別だ。
0	平鶴の貸切露天 http://t.co/KkJbPd1dFI
0	【総額180万円】中古車,バイク,3Dプリンターが当たる。カー&amp;バイク・DIY5周年感謝祭 http://t.co/g7eSi28G6J
0	「『闇金ウシジマくん』モデルが語る 路地裏拝金エレジー」を買った  http://t.co/yaIhLuEkiq #kailogitem
1	「(メンズ バツ) MEN\'S BA-TSU ビジネスワイシャツ 形態安定 スマートタイプ 白無地ボタンダウン 5枚セット(M39-84)」を買った  http://t.co/ZyQY5Mo84g #kailogitem
0	「最新業界地図〈2015年版〉」を買った  http://t.co/m7KP5ZLEum #kailogitem
0	「温泉批評秋冬 双葉社」を買った  http://t.co/vgJFDnBwUl #kailogitem
0	「&amp;lt;img src=&amp;quot;https://t.co/EXApnjLBcJ; widt」を買った  http://t.co/e8Ld3vttk5 #kailogitem
0	取り憑かれた！！
0	さ　む　い
0	株はちょっと早まってしまった感がぬぐえねい。
0	「ハインツ 大人むけのパスタ きのこのチーズクリームポルチーニ仕立て 130g×4袋」を買った  http://t.co/AD0yhduJhB #kailogitem
0	「ハインツ 大人むけのパスタ バジルが香る4種のチーズクリーム 130g×4袋」を買った  http://t.co/jFt6boUAoz #kailogitem
0	「ONE PIECE 76 (ジャンプコミックス)」を買った  http://t.co/3FT5im59W3 #kailogitem
0	「Microsoft Office Specialist Microsoft Excel 2010 Expert 対策テキスト&amp;amp; 問題集(CD-ROM付き)」を買った  http://t.co/RGWs5Ziho5 #kailogitem
1	「アイアムアヒーロー 16 (ビッグ コミックス)」を買った  http://t.co/O0v2h4lcFe #kailogitem
0	「スッキリわかる 日商簿記3級 第6版 [テキスト&amp;amp;問題集] (スッキリわかるシリーズ)」を買った  http://t.co/ObGcYkBLnd #kailogitem
0	「&amp;lt;img src=&amp;quot;https://t.co/3rRvLJYZ72; widt」を買った  http://t.co/KssIX9byzF #kailogitem
0	パソコン
0	買ったった！
0	明日パソコンがやってくる。
0	乾燥肌になってしまった。かゆいかゆい。
0	やってきた‼️ http://t.co/9M00ofuLhj
-1	パッドが使いにくい。
0	「ELECOM ワイヤレスBlueLEDマウス M-XG Bluetooth 5ボタン 握りの極み Lサイズ レッド M-XG2BBRD」を買った  http://t.co/7QvUzcQqkD #kailogitem
0	購入したbluetoothマウスが時々止まるので非常に使いづらい。。
0	投票終わり。
0	スカイマーク万事休すかな。。。
0	au Walletのプレミアムチャージは継続するかな？？
0	ねむ
1	二重あごになりつつある。しかしポテチはうまい。
0	ひたすらブックマークを修正する。
0	ユーティリティをインストールしたらbluetoothが復活した。無線LANと一緒に使うと問題があるらし。
-1	タッチパッドも不具合が改善したぞ？？
0	パナソニックのホイールのほうが使いやすいわ。タッチパッドより。
0	いつのまにやらamazonからkindle cloud readerなるものが作られていて、PCでkindleが読めるようになっていた。
0	シュフティやってみる。
0	お小遣い稼ぎできるかしら。。。
0	そもそも受注までこぎつけられるかが問題だ！
0	花火かな？パラパラ聞こえる。
0	ビットコインビットコインビットコイン。。。
0	人名が出てくる政党名ってないよな。 http://t.co/2XCu16FcsN
0	@moja_cos @May_Roma 「庶民の娯楽」だからなぁ。。。
0	RT @ikedanob: 公職選挙法 第86条の7　政党その他の政治団体は、当該名称及び略称は、その代表者若しくは名簿登載者としようとする者の氏名が表示され、又はそれらの者の氏名が類推されるような名称及び略称であつてはならない。 @asahi
0	GEMZ買った！ http://t.co/qAqM53ednM
1	面白そう、という理由だけなのだが。
1	RT @May_Roma: そうなんだよ、国民年金未払いの老人や障碍者(払ってないと障碍者年金はでない)が生活保護を受けるんだよ。知らない人多いみたいだけども。自営や学生だと国民年金払ってなかったりするんだよね。身近にいるから知ってる。払ってない人に限って事故や病気で障碍者にな…
0	やっぱりラーメン。
1	にんにくは美味しいなぁ
0	ヤブさん死んじゃったのか。。。
0	春に尿酸値8.0超で要医療とされたが、未だに行っていない。。。体内の炎症といわれてもなぁ。/// プリン体は激痛の引き金? 痛風の本当の原因は体内の炎症にあった #ldnews http://t.co/jx0NdSIwTB
0	またbluetoothがおかしい！！
0	6ポイント入ってた。
0	RT @HuffPostJapan: 【新着ブログ】渡り鳥への影響が懸念される、吉野川"第四の橋"建設計画 http://t.co/l0Wa3b7jby http://t.co/7yka57ddIV
1	RT @May_Roma: LCCは欧州では１５年ほど前から大人気で、自分も使い始めて10年以上になるわけだけど、最近は料金が上がってしまってメジャーな航空会社より高い場合がある。昔みたいに片道200円なんてのはない。Easyjetなんて中流向けに方向転換して随分料金が上がって…
0	ビットコインがマイブームになりだした。
1	カードで買えるのがいい。http://t.co/zgptQnnBO4
1	手数料が猛烈に高い(°_°)
0	9%はね。。
0	3月に親知らず抜いてから、歯医者行ってない。。毎食後磨くけど、たまに忘れる。。。 歯磨きを1回さぼるのは実際どれくらいヤバイの......？ 歯医者さんに聞いてみた http://t.co/I3DzjwHp6n
0	にゃあにゃあにゃあにゃあ
0	1000mBTC=1BTC??
-1	9時過ぎたら回線遅い。
0	結果を追い求めよう。
0	0.001mBTCって日本円でいくらだ？
-1	1mBTCが38円くらいか。。
0	RT @onsenbeauty: ブログを更新しました。 『お湯のチカラで疲れた体を癒そう！首都圏近郊・温泉めぐりのススメ！』 ⇒ http://t.co/w28a6iTwpr
0	間違えた年賀状の取り戻しで540円もかかった。。
0	武士道っていうなぁぁぁ
0	昼顔。。。
0	不衛生じゃねぇの？
0	衝撃だな。
0	RT @okerakaido: 名鉄百貨店屋上、めっちゃ燃えてる http://t.co/VIuS4lVeYW
0	お年玉用に新札に両替してきた。間違って100円玉が20枚。。。
0	RT @HuffPostJapan: 【座りっぱなしの生活】健康寿命が縮み、病気のリスクが高まるなど健康被害の可能性が次々と明らかに http://t.co/53pCoyXsOt http://t.co/rhrTPr4nQ5
1	大事なジーンズによくわからんシミが。。 http://t.co/eKa9pU0wqr
0	インクっぽい。エタノールも効かなかった。
0	うなぎが食べたい。
0	「添削! 日本人英語 ―世界で通用する英文スタイルへ」を買った  http://t.co/4AAz04fc5o #kailogitem
0	「最貧困女子 (幻冬舎新書)」を買った  http://t.co/p5d6VgWHt1 #kailogitem
-1	インク染み抜き高いな。4000円くらい。もっとかな。
1	すごいな。所属している社会の強い絆を感じる。
1	ついにライトニングが剥き出しになった。1年以上持ったからいい方なのかな。 http://t.co/LQA7Zb7v7H
0	よくわからないケーブルとかがたくさん出てくる┌|o｡o|┘ http://t.co/7plLchLs0i
1	懐かしいわ～　見に行った！こんなのがアップされているとは。  //  初来日　IMPALED NAZARENE   at Shinjyuku ANTIKOCK: http://t.co/jqFl8f0F0j @YouTubeさんから
0	年末でちょうどお昼のそうめんがなくなった。またパスタに戻ろうかな。
1	明けましておめでとうございます。今年はもっと健康を。
0	部屋においてあるいいちこどうしよう。
1	いい天気だなぁ http://t.co/V2jHSODtsS
0	川崎大師。谷保天なんて目じゃない人出だった。 http://t.co/UzdK90BHiJ
0	プロ彼女ってなんだ？？
0	モーレツにダラダラ過ごした。6日間何もしなかった。
-1	いやーこわいこわい。。。
0	部屋にセーターの毛玉が転がるわ。
1	RT @ANA_travel_info: ♪Twitter限定・お年玉キャンペーン♪ フォロー&amp;このツイートをリツイートで抽選で1組2名様にANA国内線航空券をプレゼント！！ #ANA旅のつぶやきお年玉 詳細は⇒http://t.co/ZyCAKoMbU2 http://t.c…
0	むむむ　　Did you know you can get free Bitcoins? Check it out! http://t.co/t6CB3uuA0n
0	諏訪湖。湖面が凍ってる。 http://t.co/wcP7Sz31Kb
1	ワニの胆汁って毒性が強いのか？. // 自家製ビール飲み69人死亡、“ワニの胆汁”混入か http://t.co/VLvDz1R2H2
0	RT @OnsenNav: 那須で２月、初の温泉映画祭 風呂にこたつに、ほっこり映画鑑賞 湯本の「大丸温泉旅館」では露天風呂を会場に短編映画を上映。山肌に積もった雪をスクリーンに… http://t.co/abO5tJAVm0 【温泉ニュース http://t.co/d6eM7…
1	RT @Kaworins: @shouwayoroyoro 主観ですが、０歳男子は無垢ですが、３歳男子は駄目男のすべてを持っています。オレ自慢、オレ語り、おっぱい好き、乗り物好き、オレの持ち物自慢…逆に言うと、３歳男子から大人になれなかったのが駄目男と悟ったので、彼らをそういう…
0	「LIVE AT BUDOKAN~RED NIGHT~(初回生産盤)」を買った  http://t.co/lUkDx7ipaX #kailogitem
0	「ミドリ安全 指先スライド手袋 スライドタッチ ブラック L STCHBKL」を買った  http://t.co/27t1C1jCc7 #kailogitem
0	お風邪を召しました。。
0	38度線。
0	人生初インフルです。
-1	BTCclicksの認証がめんどくさくなった。
0	自遊人にキンドル版があるのか　//  自遊人 2015年 2月号 [雑誌] 自遊人編集部#アマゾンポチ と入れて@返信で無料サンプルが届く http://t.co/OLJq9DlTG1 @AmazonJPさんから
0	RT @PredatorRat: ビョークの新アルバムが全曲無料配信されているぞ！http://t.co/zu4jvXZdiq
1	懐かしい歌声だ。。
0	samui...
0	kau to sagaru...karana...
0	ネックウォーマーが役に立っている。
0	熱がバッチリさがった http://t.co/SSKiCgi9kE
0	RT @fukazume_taro: 長渕さんのオールナイトライブの広告に、「料金：オールスタンディング　15,000円」って書いてあったんだけど、この料金設定、「冷やかしの人間は絶対入れねえ」っていう気持ちがビンビンに伝わってくる。
-1	スタッフさんの深夜割増賃金も半端じゃない気がする。
0	日本は神風の国なんだな。。。
0	RT @byuronki: @j_pinehill @mitsuru_kuroda  人質事件→自己責任 借金苦で自殺→自己責任 就活で自殺→自己責任 シングルマザー→自己責任 高齢者→自己責任 病人→自己責任 被災者→自己責任 東電→国が助けるべき #自己責任 #今日の自己責任
0	RT @lawkus: 息子が捕まり生命の危険に晒されているというのに「よい機会だから記者会見で自分の政治的主張も話そう」と思えるのは傑物としか言いようがない。俺は感動している。
0	まったくだ。
1	RT @CCCP1917: いっそ「日本のアスファルトはクール」とか「日本のドブはクール」とかやったらしい。たしかに舗装の品質は素晴らしいし、ドブがきちんと整備・維持されているのもすごいと言えばすごい
-1	昔電波少年で、20人くらいの若者がどこかの国の道を舗装する、みたいな企画をやってたな。たしか完成したと思うけど、あの道は今どうなってるのかな。
0	ITだとブラックで、農業だとボラバイト。目的がどうとかじゃねぇよ。  // ボランティアとアルバイトの中間「ボラバイト」の体験談を紹介 #ldnews http://t.co/EhP0qE6JyF
0	よく考えつくもんだ。
0	RT @Mydxb: やり直し　⇒　半旗  アラブ諸国では、他国の主席の逝去にも国家喪中にするのが慣わしです。サウジ国王逝去にパレスチナも3日間喪に服すとアッバース大統領が発表しました。その他、多くのアラブ諸国（恐らく前22カ国）も喪中でしょう。
0	すみません。ISから何も発表がないのは、国家なのでその慣わしに従っている、ということでしょうか？　@Mydxb  アラブ諸国では、他国の主席の逝去にも国家喪中にするのが慣わしです。
0	たまにはこんな偶然も起きる。 http://t.co/9NNnibjeVm
0	熱は下がったが、まだ咳がでるな。
1	RT @mocoride: @sasakitoshinao 佐々木さん、後藤さんの友人たちが立ち上げたイスラム国の人質二人を解放するよう呼びかける署名です。よろしければ署名＆拡散お願い致します。 https://t.co/cXFLVb3AY2
0	口の周りになんか腫れ物が出来てきた。。。
-1	ヘルペスが痛い。
0	「国家でない」というのは事実そうなんですが、彼らとしては「国家樹立を宣言している」ようなので、アラブ諸国と同じ行動を取ることにして、イスラム国家の一員として認知させる意図もあるのではないかと思うんですよね。@Mydxb ISは国家じゃなくて、武装集団ですね。なぜ発表がないかは分り
0	やべー
0	特になにも解決してない。
0	RT @rConflictNews: Breaking: New video released by ISIS shows Kenji Goto holding a still image of his beheaded Japanese cell mate. http://t…
1	マジ？？
0	@sskr_k お大事に。。
0	RT @rcallimachi: ISIS source has sent me audio allegedly of Kenji Goto stating that Haruna has been beheaded. Says ISIS now wants prisoner …
0	RT @ynabe39: マスコミは当事者の親に話を聞くこと自体をやめてほしいよ。
0	毛布と敷き布を洗濯。ついでにお風呂。
0	bitcoin価格が上昇してきてる。
0	chromeだとhttp://t.co/7rw8yq6Orlからのダウンロードが出来ない！！
0	RT @117marikogreen: 熱があったら仕事は休むことが当たり前になってほしい。日本でどうしても休めない仕事があって３９度以上の熱があったときに、午前中に病院行って解熱剤飲んで週末まで３日間乗り越えた。でも、アメリカだったら自分が１００％の能力で仕事できないなら休め…
1	@nbhr000さんの脳内は「遊」15％「妄」10％「金」20％「希」10％「楽」10％「命」15％「言」15％「告」5％で布教指数が最高値 ポイント:50pt ランキング:466084位 http://t.co/OgWZKGCxsW #twimaker
1	年に一回でいいな。
0	明日から出社か。。。
0	RT @zoviet_france: Download / stream – 'Lit by the Light', the latest edition of our radio show, A Duck in a Tree, is now available... http…
0	A Duck in a Tree http://t.co/0Fv2vSvdzY
0	株主優待が４枚 http://t.co/P2hY8FG8j9
1	「オムロン 低周波治療器用 ジャンボパッド HV-JPAD」を買った  http://t.co/7WOVAWoeIW #kailogitem
0	「Microsoft Office Access 2013 [オンラインコード] [ダウンロード][Windows版] (PC2台/1ライセンス)」を買った  http://t.co/L9myLVQtVz #kailogitem
0	人格に難あり
0	またしても悪寒が発症した！！
0	お腹キュルキュルいう。いや、言ってた。
0	熱を計ろう
0	少し上がった。 http://t.co/gcgsKuXEfb
0	目が疲れてきた。
0	インフルにかかってから、体調が優れない。
1	@sskr_k そして熱で脳細胞が死んだのか、あれ・これ・それ・でてこない、が格段に多くなり。。。明らかに切れがなくなった。
0	夕方に寒気が出るよ。
0	「商品名：(グンゼ)GUNZE 紳士 BODYWARM(ボディーウォーム) 裏起毛厚手 吸湿発熱 保温 タイツ(前あき) YW1401H 97 ブラック M、数量：2」を買った  http://t.co/0Aon7qIke6 #kailogitem
0	「GATSBY (ギャツビー) プレシェーブローション 140mL」を買った  http://t.co/HwSDJHzxlS #kailogitem
0	かき小屋！ http://t.co/dTphANSJzm
0	帰宅。牡蠣堪能した‼︎ 大雨で寒かったけど。 http://t.co/LjPIoZRo0K http://t.co/c6v5lTVnnd
0	昼ごはんに毎日800円近く使っている場合じゃなくて。
-1	足の親指の爪食い込む。痛え
1	昨日はホッキ貝がたまらなかった！ http://t.co/zj7IQnQhiv
0	「ハインツ アラビアータ 130g×10袋」を買った  http://t.co/2SjNJU3z3E #kailogitem
0	「レンジでパスタ 1.2L PS-G62」を買った  http://t.co/r2vfgZJr7Q #kailogitem
0	「touch/tone」を買った  http://t.co/cIrIuMTjOT #kailogitem
0	今週も牡蠣。 http://t.co/M9H6aibORT
0	中刷り広告が全て川崎フロンターレだ。南武線。
1	「闇金ウシジマくん 33 (ビッグコミックス)」を買った  http://t.co/t8yDV7Hgza #kailogitem
-1	にわかには信じがたい由来ばかりだ   【本当は怖い】ゾクッとくる『漢字』の由来１６選 http://t.co/WvX11FQy3a #スマートニュース
0	やっぱりあれだな。なんとかケアを飲むと、何らかの成分がカラダに影響をおよぼすな。かゆい。
-1	RT @itoi_shigesato: ワンマン社長とかが疲れにくい理由も、それだと思う。@arkochan 最近、ハードだけどびっくりするほど疲れなかった、という仕事をいくつか体験してわかった。疲れる仕事は、待ち時間が多いのだ。不自由な待ち時間は人を疲れさせる！
0	節約が続き、昨日放出した。
0	家計を全公開！外資系コンサルの｢貯金術｣ #Antenna https://t.co/CqC3cTRvMt
0	ケーブルあるけどプラグがないわ。あれば充電できたのに。
0	「食品成分表2015」を買った  http://t.co/RFc1rIY0Ze #kailogitem
0	「日本人の食事摂取基準〈2015年版〉」を買った  http://t.co/xnQNaq6DFo #kailogitem
0	「全員で稼ぐ組織 JALを再生させた「アメーバ経営」の教科書」を買った  http://t.co/fc0duE6hnw #kailogitem
0	「売る力 心をつかむ仕事術 (文春新書 939)」を買った  http://t.co/qewq0s01Ir #kailogitem
0	「ハインツ 3種チーズカルボナーラ卵黄仕立て130g ×4袋」を買った  http://t.co/yUAufeCW5e #kailogitem
0	RT @cdjournal_news: [最新ニュース] 英国ノイズロック・レジェンドGODFLESH、再来日公演が決定 (2015/04/07掲載) ☞ http://t.co/VYIWpjAEFh http://t.co/1V2KiX56iz
0	「ONE PIECE 77 (ジャンプコミックス)」を買った  http://t.co/8fABZI0mvh #kailogitem
0	「ハインツ 大人むけのパスタ イセエビのトマトクリーム 130g×4袋」を買った  http://t.co/KncYUWce5n #kailogitem
0	禿げました。励ました。
0	昨日iOS版のgems messengerをインストールして、今日立ち上げたら画面が動かない。。。昨日はちゃんと動いたんだけど?  #getgems   http://t.co/DWgkoE5kaY
0	I just got free Bitcoin from My Bitcoin Heart! https://t.co/EgPTtvEQrp
0	RT @melt_banana: Our CD will be out soooooooon!! Check out at: http://t.co/hIOQ6nHvlz   ^o^
0	レモンジーナは○○の味。。。 う～ん。。
0	「温泉批評 2015春夏号 (双葉社スーパームック)」を買った  http://t.co/RAjWCPgqFz #kailogitem
0	「ELECOM BlueLEDマウス M-XG1 有線 5ボタン 握りの極み Mサイズ レッド M-XG1UBRD」を買った  http://t.co/fkh19eQsqi #kailogitem
0	「レンジでパスタ 1.2L PS-G62」を買った  http://t.co/UyyDQq60xm #kailogitem
0	「不合理だからうまくいく: 行動経済学で「人を動かす」 (ハヤカワ・ノンフィクション文庫)」を買った  http://t.co/1w5AForeQI #kailogitem
1	「アイアムアヒーロー 17 (ビッグ コミックス)」を買った  http://t.co/i0C9g7f5NH #kailogitem
0	「ずる――噓とごまかしの行動経済学 (ハヤカワ・ノンフィクション文庫)」を買った  http://t.co/QGDGqcp4v1 #kailogitem
1	ちょっと外に出ただけで、すごく疲れた。いい天気なんだけど。
0	目がかゆい。
0	今年はオレンジのベゴニア。 http://t.co/gH8imYDVdT
0	奇跡の、じゃないかもしれないが！ 尿酸値D判定、要医療からの劇的低下！ http://t.co/Hilt4EnGkL
0	結局医者にはいかなかったのだが。
1	努めて水分を取るようにしたのが良かったようだ。まさに生活習慣が結果に出た。
0	「Return of 13 Hedgehogs」を買った  http://t.co/VjxHBRbG40 #kailogitem
0	「食品の科学知識 (Newton別冊)」を買った  http://t.co/R09FQzVyq0 #kailogitem
1	「Damogen Furies [Tシャツ付限定盤【Lサイズ】/ 帯解説・ボーナストラック1曲収録 / 初回盤のみ豪華デジパック仕様 /」を買った  http://t.co/doBK4tcrPa #kailogitem
0	ウィキペディアに１０００円寄付してみた。
0	持ってる株の株価が上がっているようだが、どれだかわからん。
0	株じゃなくてお給料だ。
0	「日本語表記ルールブック」を買った  http://t.co/lsRLKSX69A #kailogitem
0	「EXCEL VBA 業務自動化 [ビジテク] 仕事の効率を劇的に上げるノウハウ 2013/2010/2007対応」を買った  http://t.co/hK94jkwMLC #kailogitem
1	「闇金ウシジマくん 34 (ビッグコミックス)」を買った  http://t.co/rZ0mhFjbUL #kailogitem
0	「ハインツ 大人むけのパスタ イセエビのトマトクリーム 130g×4袋」を買った  http://t.co/OStDFRg16M #kailogitem
0	座りっ放し勤務が寿命を縮める http://t.co/71PBQ0xsS7 #スマートニュース
0	水信玄餅   http://t.co/ITIm4tIaoI  今年こそ食べに行く！
0	「スーパーセル  恐ろしくも美しい竜巻の驚異」を買った  http://t.co/HG3E2B81vP #kailogitem
0	「ONE PIECE 78 (ジャンプコミックス)」を買った  http://t.co/De4Eu2dGQG #kailogitem
0	節約節約からの反動使いまくり月間。
0	年収1100万円なのに貯金が出来ませんという男性に、本気でアドバイスをしてみた。 | 中嶋よしふみ http://t.co/Gxu92vBNuf #スマートニュース
1	「スマホ リング スタンド 付 超 強力 フレキシブル アーム スマートフォン 携帯 ホルダー iphone　【Cheers】 (ブラ」を買った  http://t.co/aUXeqdBqBV #kailogitem
-1	買い物下手がすぎる。
0	「3.5mm 4極ミニプラグ（L型プラグ オス）とRCA（赤・白・黄）メスケーブル ＡＶケーブル変換/0.1m　C-069」を買った  http://t.co/u2MH53akpm #kailogitem
1	「コンパクトDVDプレーヤー　FL-111 (ブラック)」を買った  http://t.co/4qFVsyXGpC #kailogitem
0	「アラサーちゃん 無修正　４」を買った  http://t.co/JUDpd7xW1I #kailogitem
1	「たのしいインフォグラフィック入門」を買った  http://t.co/aevmV68gG9 #kailogitem
0	「1行バカ売れ (角川新書)」を買った  http://t.co/CfUockYy7j #kailogitem
0	株が死ぬる
0	RT @Bitget_jp: 「第３５回懸賞」  抽選で１名様に 0.01 btc が当たります。  抽選は９月４日金曜日！  フォロー＆リツイートで応募完了です。 http://t.co/OvPixOnsxj #ビットコイン #懸賞
0	Bitcoin投資研究所、ブログ開設一周年記念 ビットコイン差し上げます！ - Bitcoin投資研究所 http://t.co/tMMr3QYH28
0	唇にヘルペスでてきた。。
0	「ONE PIECE 79 (ジャンプコミックス)」を買った  http://t.co/swIdlFwcIZ #kailogitem
0	「温泉批評 2015秋冬号 (双葉社スーパームック)」を買った  https://t.co/5Cec8tdeaQ #kailogitem
0	「日本人の働き方の9割がヤバい件について」を買った  https://t.co/rooAUVzbkL #kailogitem
0	RT @BtcBox_Co_Ltd: あらゆる人にビットコインを、のキャンペーンは11/8まで開催です （添付画像の日付が間違っていました、申し訳ありません）  フォロー&amp;RTのみで、少額ですが全ての方にビットコインをお送りいたします https://t.co/w31zftUI…
1	「温泉の平和と戦争: 東西温泉文化の深層」を買った  https://t.co/4F3Bers3ZZ #kailogitem
0	「温泉失格 超改訂版: 『旅行読売』元編集長、覚悟の提言 (徳間文庫カレッジ)」を買った  https://t.co/7w3FYQxk7h #kailogitem
0	「この温泉で10年寿命が延びる!」を買った  https://t.co/JyPMKlE2gE #kailogitem
0	「別府八湯温泉本15-16」を買った  https://t.co/o2tVWALZD2 #kailogitem
1	「アイアムアヒーロー 18 (ビッグコミックス)」を買った  https://t.co/jzUSujCCQO #kailogitem
1	「闇金ウシジマくん 35 (ビッグコミックス)」を買った  https://t.co/OsMxKlRgnq #kailogitem
0	「東京天然温泉ガイド」を買った  https://t.co/wqq9Nz19ly #kailogitem
-1	頭が痛いのではなく、目こ使い過ぎなのだろう。
0	玄関マット枕
1	RT @nanachin1974: (ﾟ-ﾟ;)ｳｰﾝ …一応ﾒﾓ） ■日刊ゲンダイ|スムーズな寝返りで熟睡…快眠の友「玄関マット枕」の作り方  http://t.co/bsr5Bm0tMt (2015年8月2日) http://t.co/cMlHBY0MYz
-1	【材料】  玄関マット（毛足が短く、底面がハリのあるもの、９０×５０センチ程度、厚み１．５センチ以上）、タオルケット（毛足が短いもの、使い古しでＯＫ）、バスタオル（調整用）
0	「agrumes Fire (2015年9月発売モデル) 7インチ [日本製ガラス] [真空ぬるぬるコーティング] ガラスフィルム 0.3mm (Fire 201」を買った  https://t.co/Z7Iu84x8Yu #kailogitem
0	「エーモン 6723 非常信号灯」を買った  https://t.co/qD8SEYAXVw #kailogitem
0	「Fire タブレット 8GB、ブラック」を買った  https://t.co/ZZuaR6hp1s #kailogitem
0	「ONE PIECE 80 (ジャンプコミックス)」を買った  https://t.co/Rewt6SoVwy #kailogitem
0	「ワーク・ルールズ！―君の生き方とリーダーシップを変える」を買った  https://t.co/5nFNeLRzMb #kailogitem
0	「How Google Works (ハウ・グーグル・ワークス)  ―私たちの働き方とマネジメント」を買った  https://t.co/uCreRob0PX #kailogitem
-1	松屋のグリーンカレー、結構辛いな。。。
0	秋から始めたい人に！「英語」で「英語」を学べる無料サイト5選 https://t.co/0k4RVw9zW9
0	「テーマで学ぶ 広告コピー事典」を買った  https://t.co/WjBaYslmTd #kailogitem
1	「幸福を見つめるコピー　完全版」を買った  https://t.co/sN2BKe0O59 #kailogitem
0	「もっとわかって!  猫の想い 愛する猫のために知っておくべき100のこと」を買った  https://t.co/lw0CeX0fNf #kailogitem
0	「景品表示法の新制度で課徴金を受けない3つの最新広告戦略」を買った  https://t.co/Td7xJmPYT9 #kailogitem
0	「ONE PIECE 83 (ジャンプコミックス)」を買った  https://t.co/U5QiF1glhu #kailogitem
1	「アイアムアヒーロー 21 (ビッグコミックス)」を買った  https://t.co/jVJ5wCye2Y #kailogitem
0	「物語のある広告コピー シリーズ広告編」を買った  https://t.co/U0tI6ccea5 #kailogitem
0	「最新約コピーバイブル」を買った  https://t.co/nNDOhaEwzM #kailogitem
0	「何度も読みたい広告コピー」を買った  https://t.co/OiWVj4gxnm #kailogitem
0	「温泉批評 2016秋冬号 (双葉社スーパームック)」を買った  https://t.co/CJqCt3GV78 #kailogitem
0	「Split [7 inch Analog]」を買った  https://t.co/lrtu6fdubM #kailogitem
0	「王子ネピア ネピア鼻セレブ ITSUMO PLUS 48組 1パック（10個）」を買った  https://t.co/oacKNeQxhF #kailogitem
0	「5年保証 超・防災用ウェットティッシュ20枚入 【防災グッズ 長期保存 災害時 5年保存 除菌ウェットシート】、数量：6」を買った  https://t.co/8bxivrxOWS #kailogitem
0	「会社が消えた日 三洋電機10万人のそれから」を買った  https://t.co/jHAFty2P8C #kailogitem
0	「社長失格」を買った  https://t.co/XH9wn9FFzV #kailogitem
0	「マンガでやさしくわかるゲーム理論」を買った  https://t.co/FZQXv62hvc #kailogitem
1	「Anker PowerLine+ ライトニングUSBケーブル Apple MFi認証取得【高耐久ケブラー素材 / 2重編込の高耐久ナイロン素材 /」を買った  https://t.co/e9MXkdktUu #kailogitem
-1	「洗い不要ローション 詰め替え用パック(モイスト)」を買った  https://t.co/KNywQQ6Isv #kailogitem
0	「ネピア　鼻セレブ　マスク　Mサイズ　10枚セット（２枚入×５袋）　花粉対策」を買った  https://t.co/7hoObLJ6QA #kailogitem
0	SBI証券がメンテナンス中。ハイブリッド口座から普通口座へ振替ができない。困るわ。
0	「2017年のお金に関する抱負」 マネーフォワードのモニタリングと、アンケートサイトを、コツコツと、コツコツと。貯めるときは貯め、使うときはスパッと使う！ 特にキャリアアップ！ #マネーフォワード ＃cards
0	銀行の通帳とカードが、２つとも見つからない( ‾ʖ̫‾)
0	手元のお札を、お年玉用の新札に両替。
0	「エニープロ Anypro ステレオミニプラグ オーディオケーブル 標準3.5mm AUX接続 延長 高音質再生 AK-302系 (2m)」を買った  https://t.co/obny8vvU8w #kailogitem
0	「るるぶ和歌山 白浜 高野山 熊野古道\'17 (国内シリーズ)」を買った  https://t.co/Pd0g2OhhQQ #kailogitem
1	「Amazonベーシック アルカリ乾電池 単3形20個パック」を買った  https://t.co/rsvH1yicmp #kailogitem
1	「Amazonベーシック アルカリ乾電池 単4形20個パック」を買った  https://t.co/GSIVyfj6Bk #kailogitem
1	「貼る ぬくっ子 ミニ 30コ入り、数量：2」を買った  https://t.co/vbT3oU8zPe #kailogitem
0	「「人を動かす」広告デザインの心理術33 ―人の無意識に影響を与える、イメージに秘められた説得力」を買った  https://t.co/RroFb917yK #kailogitem
0	「本物の名湯ベスト100 (講談社現代新書)」を買った  https://t.co/yc57RF5Uvg #kailogitem
1	「［0.2mm］Farfalla Apple iPhone 6 / 6s ブルーライト92%カット [CORNING® GORILLA® GLASS 4使用] [安心交換保証付] [コーティング」を買った  https://t.co/3YXDETkYVE #kailogitem
1	「iphone7/6s 防水ケース, ESR IPX8 防水力抜群 水、お湯、雪や埃等完璧にシャットアウト ストラップ付属 6センチ以下」を買った  https://t.co/7O7WWH2weR #kailogitem
0	すべてのパンがことぶき退社
0	使途不明が千円も( ‾ʖ̫‾)
0	「ONE PIECE 84 (ジャンプコミックス)」を買った  https://t.co/zdBFRbjdXz #kailogitem
1	「貼る ぬくっ子 ミニ 30コ入り、数量：3」を買った  https://t.co/Svw8gKymw3 #kailogitem
0	「未来は言葉でつくられる 突破する1行の戦略」を買った  https://t.co/85aPoV9jsz #kailogitem
0	「「売り言葉」と「買い言葉」―心を動かすコピーの発想 (NHK出版新書 412)」を買った  https://t.co/6FK0F3G9UD #kailogitem
1	「案本 「ユニーク」な「アイディア」の「提案」のための「脳内経験」」を買った  https://t.co/wHJqzfbP97 #kailogitem
0	「本音を引き出す「3つの質問」 (日経ビジネス人文庫)」を買った  https://t.co/WECtsOeoU7 #kailogitem
1	「貼る ぬくっ子 ミニ 30コ入り、数量：2」を買った  https://t.co/MxX3v8fXmb #kailogitem
0	「伝えることから始めよう」を買った  https://t.co/DkHGSOHBcW #kailogitem
0	「GATSBY (ギャツビー) プレシェーブローション 140mL」を買った  https://t.co/aq0DPeftCO #kailogitem
0	「薬用シュミテクト コンプリートワンEX 90g 【医薬部外品】、数量：2」を買った  https://t.co/awev8yfVK8 #kailogitem
0	凹む。
0	「洗い不要ローション 詰め替え用パック(スタンダード)、数量：2」を買った  https://t.co/Oyy5SAidLE #kailogitem
1	「貼る ぬくっ子 ミニ 30コ入り、数量：3」を買った  https://t.co/hiz8aRYvpC #kailogitem
0	「コクヨ パイプ式ファイル エコツインR(両開き) 間伐材使用 A4 2穴 1000枚収容 青 フ-RTK6100NB」を買った  https://t.co/8zI7sx6zdk #kailogitem
0	「名作コピーに学ぶ読ませる文章の書き方 (日経ビジネス文庫)」を買った  https://t.co/0f6MAvxkeI #kailogitem
0	「コミュニケーションをデザインするための本」を買った  https://t.co/yZWYo690jM #kailogitem
0	ようやっと春だね
0	「オーガニックカカオニブス 100g」を買った  https://t.co/grT2zsYmWi #kailogitem
0	「ホントのことを言うと、よく、しかられる。勝つコピーのぜんぶ」を買った  https://t.co/lWjIwWzFma #kailogitem
0	「わたしのしあわせ温泉時間 おとな女子がいく 絶景秘境温泉の旅」を買った  https://t.co/48W7s4FsmS #kailogitem
1	「魂でもいいから、そばにいて ─3・11後の霊体験を聞く─」を買った  https://t.co/47birb4Nb1 #kailogitem
1	「アイアムアヒーロー 22 (ビッグコミックス)」を買った  https://t.co/s21wo1Xfeh #kailogitem
1	「ゴリパラ見聞録  公式BOOK ウォーカームック」を買った  https://t.co/M346tZoRx7 #kailogitem
0	「儲かる会社は人が1割、仕組みが9割――今いる社員で利益を2倍にする驚きの方法」を買った  https://t.co/vVCtUhMoQ5 #kailogitem
0	初下呂温泉 https://t.co/Ti75bdOcJn
0	RT @OnsenNav: 温泉マイスター出題！ 温泉クイズ、いくつわかる？ Part. 9【全10問】 https://t.co/XjqOtTJwE6 今回は、「温泉マイスター協会… 【温泉ニュース https://t.co/zcTanX55Ql】 #温泉 #リゾート #ニュ…
1	RT @point_town: ポイントタウンをフォローして、このキャンペーンの投稿をRTしてくれた方の中から10名様にAmazonギフト券をプレゼント💛詳細は下記をチェック‼️  💻 https://t.co/3xeldzC3iB  📱 https://t.co/pZBVLj…
0	今日は菖蒲湯の日だったか。
0	先週盗まれた自転車の盗難届け、出してきた。
0	自動車税の振込用紙がこない( ‾ʖ̫‾)
0	キャンペーンに応募完了！ https://t.co/z7Xvdk1nvw #マネーフォワード #500万人突破 #家計簿アプリシェアNo1
