1	今後のワールドカップさんは暫しコパアメリカにオランダが招待されたって認識でいいって事ねー
0	もうやだ。仕事やだ。あんだけ働いてリーダー手当付いてないとか信じられへん。やめよ
1	@noriaki0123 @seuche2000 おはっす！大体何時位に大体どこらへんに出て行ったらよろしいかしら？？
1	@noriaki0123 @seuche2000 はいさ！私は多分一度家に帰るので何時でもいいっちゃいいよ、みっちーさん！
0	やだよ延長！
1	アルジェリアよくまもったけど!!!!!!!!!!!!　絵二郎やっぱりうまいな
1	すんげーきれいな崩しだったなぁ。
0	だがアルジェリアの奮闘に恋しちゃってるよ、私！
0	アルジェリアぁぁぁぁぁ！！！！！！！！！！！！！！！！！！！！！！！！！！！！！！！！！
0	アルジェリアさん、ドイツを疲れさせてくれてありがとう!!!ってのもあるｗ
0	カベラ発見(*´д｀*)
-1	RT @nashthecrush: それにしても今大会の放送、試合後のピッチを映す時間が短い。もう少し選手の表情やら観客とのやりとりなんか見たいんだが
1	@nashthecrush そこらへんもあって、スカパーさんが恋しい(´；ω；｀)
0	RT @fsntweet: 【Ｃ大阪】柿谷、バーゼル移籍へ！近日中渡欧、来季欧州ＣＬ出る - http://t.co/Mbvb0pRvlj   ＦＷ柿谷曜一朗が今夏、スイス１部バーゼルへ移籍することが決定的となった。Ｃ大阪との契約は１６年末まで残しているとみられ、年俸は推定７０…
0	@nashthecrush 再放送で国歌カットするのもアレですよねホント(´；ω；｀)
0	バーゼル、スイス行ったら行く予定なのでやっぱり試合見たいな！スタジアム行きたい！
1	@seuche2000 了解！一応着替え持って出てみた♪ ちょいご飯前にハーバー行けたら行きたいので八時には三宮出れたらいいなって感じっす！
0	RT @kerotaka: ドイツ勝った。でも世界のサッカーファンの心を掴んだのはアルジェリアだよな
0	RT @GoalJP_Official: もはやノイアーは”グローブをつけたフィールドプレーヤー”だった。特筆すべきはクリアの数。4つのうち3つはPA外でのプレー。これは両チームのCBコンビ4人に次ぐ数字。 #GER http://t.co/KYbr5BsftT
0	ノイアーもチームに二人欲しいタイプだなw
-1	@kuro3_foot くろさんにおあいしたいでござるよ！
0	@noriaki0123 たのしんできはれ〜！
1	@noriaki0123 @seuche2000 氷室のライブ毎週末こうべであったらいいのにな！アホ女に付き合いいただきありがとう。次回は関東でよろしく！
1	スズキ氏いいやつじゃねえか、こんちくしょう♡
1	たのしかった。よかった。サッカーサポさんずっと最近怖かったんだけどずっと、お会いしてなかなか日常生活で出来ないサッカー馬鹿話にお付き合いいただいて。楽しい時間を過ごせよかったー
1	@seuche2000 @noriaki0123 毎週氷室神戸に来いよ！で、スズキ氏も毎週末来たらいいじゃない♪サンキュー！べいべー♡
0	スパーズ神戸よりカラオケオフとかしたいなー。小島真由美熱唱したいなー
-1	@noriaki0123 こんなアホ女でぶ女でごめん！ただ酒好きなのは暴露たと思うのでまた関東で飲みましょう、スズキ氏がこりて無ければ〜
1	明日はグランドブタペストホテルも行きたいな。リーダー手当もついてないし職場で休み明け倒れてもいいや！
1	@noriaki0123 楽しいお酒でした？？私は楽しかったでござる！
0	@Satoimo85 お、乗りますか？勝手に好きな歌を周りを気にせず歌う会したい！
1	ほろ酔いで終電でお家帰るの大好き！最近そんなチャンスなかったもん。
0	@Satoimo85 三宮出て来れる？カラオケのちの晩御飯どきオフとかしたいなー週末！
0	@noriaki0123 さんきゅーべいべー！
0	@Satoimo85 や、集まりそうだったらわたし幹事しようかな？八末以降でおん
0	観念して力こぶこの夏そだてよう。持ちネタにしたい
0	@Satoimo85 八末以降だな〜。わたし今仕事忙しんだわ。気まぐれに企画しだした際はよろしく♡
1	@steel2828 素晴らしきスパーズ祭り！
0	@steel2828 今の所今大会で一番テンション上がったのは松方開始早々ゴール♡ヤン松方楽しみすぎるがたぶんおきれない！
0	@seuche2000 スイス！スイスー！
0	すいすー！行きたい会いたい
0	人見知り直したいなー
0	RT @AddictedtoSpurs: - @Jan_Vertonghen &amp; @clint_dempsey #THFCWC http://t.co/2BeNSlyALk
0	やっべー、よかった、グランド・ブタペストホテル来週の火曜でも見れそうだわ。今日あわてて大阪で観無くてもよさげ！
0	来週の火曜に映画２本観に行こう、なんなら３本見ようそうしよう！
0	antofedenocerinoさんの写真 http://t.co/lOX3ZT6MTGノチェぱぱ！一番下の子もノチェ似っぽいかな？？
1	食う。よいビュッフェ http://t.co/Tv7mp7BhBN
1	何回みてもラキティッチの黒ブリっちりはかわいいなー
0	リステリンのナチュラルケアの味…サロンパスだ
0	antofedenocerinoさんの写真 http://t.co/zaPgAX6hL6 ノチェ決まったの？
0	RT @serie_a_bot: [Goal,com]ノチェリーノがミランからトリノへレンタル移籍 ウェスト・ハムには戻らず  http://t.co/3EVMmC4X3x
0	ノチェはレンタルなのかー
0	@Suicassima 熊に幸あれと！
1	かわいいパンツ http://t.co/l9AJ3vhwNd
0	さーもんまつり。 http://t.co/NPr7WWKKrz
0	RT @P_Kedama: 『モンスター上司』続編ティーザー予告編（1:40） http://t.co/dQSyjAq084　あはは！ジェイソン・ベイトマンら3人続投。それに元上司達が2人続投してるｗジェイミー・フォックスも。クリストフ・ヴァルツ＆クリス・パイン出演　#eiga
0	イニエスタひでぇｗｗｗｗｗ
-1	閉鎖病棟：帚木蓬生　久々に読むの止まらんくなったわ。他の帚木蓬生さんの本も読んでみよう。
-1	今夜は辛いな。どっちも観たいもん http://t.co/tgylbasn8i
0	フランスドイツ我が家ではテレビでリアルタイムに観れない事判明。テレ東系。。泣きそう
0	マッツのゴールで負けたのか😢
0	コロンビアもっと見たいねん!!　ジェペスもっと観たいねん!!
0	じぇぺっさーん(*´д｀*)♪
1	フッキのムキムキはいつ見ても笑えるな〰ｗ　よいムキムキだよ!!
0	ジェペスタイムきた!!
0	チー様きちゃった！！！！！！！！！！！！
1	RT @respond1973: プレイモービルのofficialが仕事早過ぎ。さすがドイツ発祥の玩具。これ最初から用意してただろ！ http://t.co/O22GiHElCj
0	ジェペスのヘッドが観たいねん！
0	RT @footy_bum_bot: ブリーフ露出狂Mirko Vucinicのブリーフ尻 http://t.co/4FrrGJ4gtp
0	ハムったかなチーさん
0	じぇぺっさーん！！！！！！！！！！！！！！！！！　おう(´；ω；｀)
0	あぁぁぁぁぁぁぁｌ
0	にしてもゴラッソルイス！
0	@nanamilan_live ジェペスのゴールが観たいねん！！！！！！！！！！！！
0	バッカ来たぁぁぁぁぁ！！！！！！！！！！！！！！！！！！！！！！！！！！！！！！！！！！！！！！！！！！！！！！！！！！！！！！！！！！！！！！！！！！！！！！！！！　決めて来い！！！！！！！！！！！！！！！！！！！！！
1	起きてて良かった！！！
0	@nanamilan_live ピンチを救うジェペスのヘッドはよ〰！！！！
0	トイレに行ってる間にPK！
0	ハメス決めた!!　次はバッカ来い!!!
1	仕事行く準備万端なので延長してくれてもいいのよ！
1	ネイマールこれ大丈夫か？　一列前ルイスは楽しみだけどなー
0	コロンビアの赤ユニ欲しくなってきた
0	コロンビアもフランスも一日で居なくなっちゃったよ(´；ω；｀)(´；ω；｀)(´；ω；｀)
0	ジェペスが誰とユニ交換するかが今大会ラストのお楽しみになってしもうた
0	ハグ要員マックスキタコレ！
0	ハメたん(´；ω；｀)
0	ハメたんとルイスがユニ交換か。ジェペスは誰と！
0	@nanamilan_live もう頑張って起きて見ない!!ｗ　
0	@nashi17 多分テレビに映りたかったんだよｗ!!
0	@nashi17 ダニめ、やっぱり確信犯だよねｗ！
-1	もう仕事行く準備出来てるし、どっかで朝ごはん食べたいけど何もない田舎辛い
0	@love_doughnut こ、コパアメリカまで頑張って(´；ω；｀)(´；ω；｀)
0	@steel2828 その手があったかｗ　パン気分なのでみそ汁の香りのしないお家に突撃だ!!
0	なんとなくイタリア代表ユニで出勤しよう、そうしよう。
0	Colombia players acknowledge the fansジェペスは誰とユニ交換したのかなー http://t.co/1joBa1vU3k
0	Mario Yepes of Colombia attempts to shoot against Julio Cesar of Brazil かっけー ！ http://t.co/XnadlXBKmY
1	#nowplaying The Three Wishes Of A Dwarf by riddim saunter http://t.co/0TUzHseCLt  タイトルも可愛い。和むなやっぱりリディム
0	@love_doughnut わお、ありがとうございます！元ミランのCB同士のユニ交換とか泣ける！
1	腰椎骨折で軽症とかあるの？？ネイマールはよ復帰できるといいね
1	@kobo_natsu なぜそこに挟まれたのガメイロって感じで凸凹してて可愛いなぁ〜
-1	仕事辛すぎるわー
0	はよ帰りたい。帰りたい
0	帰りたい
0	RT @ajikuta: MFムンタリ、水タバコ吸い、その様子を撮影したスタッフを平手打ち、割れたビンを持ちコーチを追い回す : footballnet http://t.co/KMuNWwmQ4q
0	ここに来てクルル来るの！！！
0	おいでませ、クルルー！
1	こんなにワクワクして緊張したペーけー久しぶりだわ♡クルル勝ってよかった！
-1	RT @BenMabley: なるほど。オランダ人記者@StefanCoertsによると、オランダのNo. 1キーパー、Cillessenがキャリアで一度もPKを止めたことが無い。だから、土壇場でキーパーを変える。
1	四年前よりは多少選手知っとるからさらにワールドカップたのしいなー！
0	ハイライトナバス祭りじゃねえかw
0	デンプシーの開始早々ゴールに次ぐ興奮だったよクルル♡
0	はらがいたいー
0	仕事に子守が増えました。死ぬわ！
0	バジルが安かったの♡ http://t.co/2fVsVUWD6W
1	@naruha67 超かんたんだよ！鶏肉重増しに厚揚げ入れると味吸って美味しいの〜！
0	ただよう野生感！かっけーな http://t.co/jF1RVI5IAG
1	笑顔かわいいとか最強だわ http://t.co/7dZtjIgcI6
0	@naruha67 ドライカレーとかにも使える手だよ！私は油引かずに適当にちぎってフライパンに投入して適当に潰しながらパラパラに炒めるよ〜
1	何故にこんなに一人負担が大きいのか仕事も
1	バーゼル移籍決定か。スイスいったらバーゼルはまず行きたいし試合観に行けたら良いなー
0	母がハメスとジェペスとキャベイユを覚えたw
0	antofedenocerinoさんの写真 http://t.co/BpokSXYNRV またトリノのウェア似合うのなノチェw
0	@hidemare キャベイユって誰やねん。キャバイエやねんと叫んだ末の結果である！
0	RT @atomic0000: せっかく話題になってるから綺麗な街並みをUPしていく #バーゼル http://t.co/Cshq27HACp
0	まさにバーゼルのここに行きたいのだ！
-1	やっとこさグランドブタペストホテルみるー！多分映画館で映画見るの三ヶ月ぶりくらいだわ。映画館に行く回数が割に実生活のやる気やらメンタル的なもんに直結してるからこれはやばいなー
0	ひさしぶりだ、映画館でジェイソン・シュワルツマン！ http://t.co/HdNjOLQvqD
0	RT @footy_bum_bot: たとえヴィオラに来ても尻ネタに尽きないMario Gomezの破れ尻 http://t.co/sUIrjfSqAe
0	ゴメス居ないせいで尻ネタにかけるW杯であるのがつくづく惜しまれる
1	グランドブタペストホテルのエンドロール可愛過ぎる！おどるおじさんアニメーションの所為て小躍りが大踊りになっちゃったよ！
1	@haraherino ポスターと予告編が好きなら絶対胸キュンキュンしちゃいますよ♡間がちょい空いても映画館に再び足を運ぶと予告編やらポスターでまた映画館で映画みたい欲は高まるんですけどねw
0	@Ikurinnn ネイマールのチラ見せハデぱんはインパクトにかけるよな〜、あ、一番のぱんつインパクトはラキティッチのあれだあれ♡
0	映画館で予告編で泣いてしまう癖直したい
0	タイ料理にするか、カリーヴルストにすりかランチ新規開拓するか悩む
0	昼ビール！ http://t.co/1SDLyWeCLg
0	ランチセットプラス料金でビールにドリンク変更できるようになってたー♡ http://t.co/HBcE3ti5L5
0	@y0hchan 結果報告。カリーヴルストにビール♡
0	@Ikurinnn いぇす！ランチセットのドリンクビールに変えれるようになってた！最高♡
1	昼ビール込ランチ800円以下は嬉しいな〜♪
0	ねんみぃ
0	RT @P_Kedama: 悪霊祓い夫婦の事件簿ホラー『死霊館』スピンオフ、タイトルが"Annabelle"に正式決定。あの悪魔憑き人形の名前である http://t.co/MlkPJiHAyH　ジェームズ・ワンは製作のみ。死霊館の撮影監督ジョン・レオネッティが監督。10/3米…
0	#nowplaying beautiful survivor by DOPING PANDA http://t.co/gcnpyp1Sy8 ビューサバは真夏ってかジメジメした梅雨時に聴きたくなる。ちょうどこの時期のツアーで初お披露目だったからだろうな
0	セビージャに来て！ガメイロとの小さい子コンビ見たいw RT @Qoly_jp: ヴァルブエナ代理人、セビージャ＆バレンシアとの交渉があると明言 | Football Web Magazine 『Qoly』 http://t.co/cDqJT4rOGE
0	@Ikurinnn 三人ちっちゃいの揃うとたまんないよね！！
0	空が綺麗！ http://t.co/1OV1GjtxZw
0	nfreund25さんの写真 http://t.co/ak0vr5X2Qi 口の形おなじすぎてワロタ😗
0	nfreund25さんの写真 http://t.co/fLvtEPXDehにとるw
0	@steel2828 ボンバヘッド音頭が私の知ってる最新w
1	@steel2828 割と私の知ってるボンバヘ情報新しかったｗｗ
0	W杯予約してたはずがニュースが録画されとる。
0	@cd_okaji やっぱりそれかぁ(T_T)
0	マックス三決でるかなー、ないかなー、みたいなー、マックス
0	RT @345m: そんな中アルシャビンが元嫁と離婚成立して財産半分持っていかれるというニウス / “Andrey Arshavin reaches divorce settlement with ex-wife | Russian Legal In…” http://t.co…
1	RT @4JPN: ドイツ対ブラジルの帰り道、ドイツユニ着たドイツ人がブラジル人に片っ端から英語で「3位決定戦のチケットあるよー」と声かけてた。ドイツ人、たくましいｗ
-1	うさんくさいおっさん嫌い
0	いちど買いたかってんIKEAでー http://t.co/KasvHPyVob
0	また晩御飯後寝落ちして起きたら今だよ(T_T)
0	lukam10さんの写真 http://t.co/Ifcrz66ZX3 何Tなのルカ？
0	シレセンの為にもがんばれオランダ！
1	そうだ、アルゼンチンラベッシは好きよ(* ´_ゝ｀)
0	決勝はがんばって起きなくていいやｗ
0	３決はがんばって起きよう。マックスに思い出W杯来るか来て来て欲しい
0	clint_dempseyさんの写真 http://t.co/YxPRkhv5BK超みたいなーこれ！
0	@Ikurinnn 誰の写真プリントなんだろねこれw 一瞬メッシに見えた♪ バカンス楽しみのようで何よりだよルカ！
0	RT @fmmzk: 無印の商品ラベル風退職願をつくりました。今日退職を希望する方はお使い下さい http://t.co/TbbWPGgQ2H
0	d1sk_tさんの写真 http://t.co/0U1xRZbJmW 元DOPING PANDAのフルカワユタカ氏との違いがわかんなくなってきたw
0	antofedenocerinoさんの写真 http://t.co/iLeFQ2I3P7ノチェ子供sはほんとノチェ成分率高いな〜♪
0	mcgregor_ewanさんの写真 http://t.co/FNCmgGyFR7
1	ユアンやっぱ、、可愛いわ！
0	前立てなくなった時のちょい上辺りの腰がいたい。やばいなー
-1	無駄に時間のかかる料理とかしたいなー。煮込みたい、煮込みたい！
-1	さんちゃんごめん、応援できない！アーセナル怖いよぅ
0	@Ikurinnn 筋肉バカサンチェスとナルシストジルーの対比だけ考えると笑えるw
0	違和感ゼロだなー！ http://t.co/neNp8kHeJh
0	@Ikurinnn 尻ネタ対決を望む！
0	KAMOのサンチカセール今日からだよな。行きたいー
0	felli31さんの写真 http://t.co/KkU24bQ2YO まじw?
1	フェライニ断髪でサッカー界から貴重ないいアフロが一人減ってしまった。。
0	@Ikurinnn たぶん、たぶんだけど、フェライニかな？？ フェライニ感ゼロだがw
0	RT @hirokinose: 「人の失敗を喜ぶより、自分を高めたほうがいい」という、自己啓発くさいセリフを言っても誰も聞いてくれないけど、 「普通ボス戦やったら、効くか分からんルカニより、バイキルト使うやろ！」 って言ったらみんなうなずいてくれる。
1	#nowplaying Nevermind by Foster The People http://t.co/AZ1WHmAsx7  SUPER MODEL の中ではコレ一番好き。フジ行きたかったなあ
0	今回も来たぜー！ http://t.co/jV6TDcu30v
0	何も買わず！
0	@cherryFmars 冬に期待です！
0	@cherryFmars 仕事終わりわざわざ来たのにー！
0	めしー http://t.co/zRnmyoSKcs
1	@23tter 有名だね♡うちにもこのイースターウサギちゃんいますわー
1	@23tter 普通のチョコは輸入もんが多いスーパーとかでも買えるしねｗ　http://t.co/jIRsTzusJW　私はコレが一番好き！
1	@23tter 一度ご賞味あれｗ　ウサギは２匹居るが可愛すぎて食べれない(´；ω；｀)
1	おお、襟、この襟好き!!　 RT @nagaguturisu: パレルモが2014-2015シーズンの新ユニフォームを発表 - 長靴をはいた栗鼠　http://t.co/eZFWkvIoQZ
0	ほしい、だが私ピンク死ぬほど似合わない！
0	おはようございマックスでてるー！！！ー
-1	まっくす♡
0	@steel2828 さすが、エアー・マックスとあだ名がつくだけあるぜ！
0	シゴトイキタクネー
0	@nashthecrush ナー、ヤスミタイヨナー!!!
-1	しごとしんどい。
0	かえりたい。
0	得点王はハメスなんかな？
1	RT @World_Greatest_: マヌエル・ノイヤー：広い守備範囲で大会を通して安定したパフォーマンス トーマス・ミュラー：５得点で優勝国ドイツに大きく貢献 ハメス・ロドリゲス：大会得点王。コロンビア躍進の立役者 ニクラス・ベントナー：世界最強ＦＷ   #MVPは誰だ
0	@steel2828 股間が赤信号でスタジアム外観映像に切れ変わったんだと思ってしまったw
0	@steel2828 あの映像切り替えは英断だなｗ！
1	シュバイニー良かったね。別に彼に愛着もドイツ好きでもないがｗ
1	RT @ruru31: 渋谷駅スクランブル交差点で、ドイツ国旗を持ったおそらくドイツ人が！！  1人国旗を広げておとなしく走っていました。 おめでとう！ http://t.co/h8F3MH80ee
-1	RT @nashthecrush: クローゼのハッピーエンド感半端ない
0	ストレスでハゲそう
0	右尻痛が普通の腰痛に発展
0	火曜日の水曜日の猫 http://t.co/DFzVkGtmfz
0	火曜日の水曜日のにゃんこ http://t.co/68K7cEh0IK
0	@kazuma35 まじ⁉︎ ちなみにいつ迄？ 何曜日でも生水曜のにゃんこ飲みたいー！！！
0	明日の休みは家から一歩も出たくない出ないので今から飲み続けてやる
0	フメルスなの？いまさらだけどフメルスなの？！？！？！
0	wikiはフメルスなんだーわたしの中ではフンメルスだわー
0	@kazuma35 よし、行くか！
0	RT @NewsTomoire: [as]①Rマドリードはハメス・ロドリゲスと個人合意した。年俸は７５０万ユーロになるという。これから８０００万ユーロを要求しているモナコとの交渉になるが、ディマリアを６０００万ユーロでPSGへ売却できれば交渉がまとまってくるだろうとしている。移…
0	ディマリアあんまり得意じゃないからぱりにゃんこ来なくていいよー
0	ディマリアをモナコにいかがなんだろうか？
1	@kazuma35 上京する際は連絡先させてもらうよー！飲んだくれたい♡ うち飲みも好きだがお店でゆっくり飲みたいー！
0	RT @seuche2000: 普段Ｊリーグを見ないけど興味のある皆さん、柿谷のラストゲームがスカパーで無料放送されてるので是非CS800にチャンネルを合わせてみてください ( ´ ▽ ` )ﾉ
0	無料なのか、見よう！バーゼルのスタジアム行く前の予習だな。相手が付き合ってくれるかわかんないけどスイスサッカー観戦
0	@odacchi_ おだっちさん今ベースどこなの？
0	@mayu_barcacle まゆはんも遊んでくれるの、私と？！？！？！今歓喜の涙中♡
0	@odacchi_ 逃れられない運命なのね笑
0	@mayu_barcacle 遊んでね、遊ぼうね、飲もうね！ーー！
0	ワインひやそっと
0	@odacchi_ お会いするチャンスはなさそうだね。お世話になりましたおだっち！グッドラックおだっちと、心の中で叫んどきます♪
0	@kazuma35 @mayu_barcacle その際はよろしくです(*･ω･)*_ _))ﾍﾟｺﾘﾝ
0	@kainushi91 お風呂と寝る前本読まないと寝れない子なんだが、十二国記最近しょっちゅう読み返してるわー。楽俊 ・・・私の楽俊は何処に居るのｗ!?!?
1	@odacchi_ そちら方面顔出せないもん私ｗ　心の中では幸福を祈ってますよおだっちさん！
-1	ちょう今スイス行きたい。今会いたい。遠いよスイス。せめて声が聴きたいよ。時差辛いよスイス。弱ってる時にどうしても会いたくなる自分が嫌いだ。
0	仕事終わるまで起きてるかー。何時だ？夜中だな。
0	@odacchi_ 神戸方面に飛び乗らざるを得ない機会があれば連絡くださいｗ
1	@kainushi91 らくしゅんモフモフしたい(* ´_ゝ｀)♪　帚木蓬生を最近読んでるよー。閉鎖病棟・安楽病棟・臓器農場と読んで…まぁオチはそれしかないな…読みながら鬱る系なんだけど面白くて止まらないが読み終わったら案の定鬱るよｗ　十二国記に戻ろうそうしよう
0	@odacchi_ てんてんさん私ご存じ無い！そして私は心臓強くないのでなー
0	@kainushi91 臓器農場が一番鬱るかなこの中ではｗ　文体は割にリズミカルだしポップだけど！エンターテイメント度が低い分チームバチスタの海堂 尊よりダメージ度がデカい医療ミステリおすすめ！
-1	仕事のメールしてたら酔い冷めたわ。明日私休みだから帰る前に全部説明したじゃん。  そもそも…私は常々説明してるし備品の位置。相談してるけど”私わからんし”と仕事投げるのが悪いんじゃねぇのかと。 ハナから私にほおりなげっぱなんが悪いでしょ。
0	職場で倒れるのが夢だが、いかんせん体力限界スレスレだしストレスヤバいんだけど。なまじ元々健康なのが辛いわ。なんとかやってけちゃうんだもん私
1	@odacchi_ ボンボヤージュ、良い旅をと位…お世話になったので最後に言いたいわなｗ
0	@kainushi91 私100%鬱るの承知でエンブリオ読んでるよー！http://t.co/8AtUpFbLH0
-1	ゆず苦手なので涙が引いちゃう感じ。
0	日本国内で柿谷のプレーを生で観た事無いが、バーゼルスタジアム行くよ！頑張ってね。良いチームに行ったと思うよ楽しみだよ！
0	あんだけ懇々と説明させといて返事が了解しましただけとか泣けるわｗ　明日しらん、苦労したらええねん反省しろ。
-1	ダントツでコレでも一人超年下とかやりにくいわ。
1	どうすればアニメのファッションはお洒落になるのか？ | http://t.co/sIatfV6viY http://t.co/eCRIlNPweX @fashionsnapさんから おおかみこどもの雨と雪…アニメーションなのに伊賀大介スタイリングしとるんだ。ちょい観たい
0	@naruha67 なまじやっちゃうとそれが当たり前と思われて仕事が余計増えるんだよね。私は必要に駆られて今の業務回せる様になってしまったんだけど、私より年配の女性陣が一人でコレ出来る訳ないのも分かるから振れないし忙しい時期に教える時間もないしスピード落とせないしな悪循環！
-1	@kainushi91 閉鎖病棟から読むのがお勧めかなー。私は一本何か道が違えば閉鎖病棟の中の人だったんでは？と思うてしまうタイプなので読んでて辛かった♡
0	RT @arnefriedrich: #stern4 #aneurerseite @DFB_Team #familie #Weltmeisterdeutschland http://t.co/C6SOKsYyT5
0	アルネさんテライケメン!!!!　ロリスと同じ大道芸人が似合いそうな系譜よね。サスペンダー似合う系。ボトムは茶色系
0	RT @yuukikouhei: ディナモ・モスクワがヴァルブエナに700万€のオファー。現在他クラブからのそれ以上のオファー待ち状態のようです。　#yuukifoot
0	@Ikurinnn 分かるでしょ!!　緑あふれる噴水のある公園の前の・・・噴水の前で行うジャグリング似合う系サッカー選手よｗ　アルネ&amp;ロリスの２トップを脅かす選手他にも出てこないかしらｗ???
0	酔いさめちゃった。ワインはよ冷えないかな
0	@naruha67 パートナーさん＆チームの人が年配で最初甘やかしちゃったのが失敗だな。用意されてて当たり前段取りされてて当然みたいになっちゃって(T_T)二人で私の悪口言うてたらいいよーな感じかなw割りに合わないったらなくて辛い♡
-1	@ma_ru_wo_68 なまじ身体が丈夫なのが辛い今日この頃ｗ　体力的な方で…多分私のしてるの女の仕事じゃ無い！
0	ラベッシ映らないかな
0	テレビザッピングしてたらイエモン流れてちょい止めちゃったけどGTOか。チャンネル替えよ
0	THE ICE 2014| http://t.co/q2oIsiNptP
0	わーい！the iceテレビ放送ある♡
0	@ma_ru_wo_68 私は明日は休みですー。たった7連勤っちゃそんだけだけど疲れた(T_T)
1	ソー・ダークワールドレンタルで久々に観たわけだがロキ萌えがとまんなくてキュンキュンし通しで疲れた♡なんたるいいデコなんだトム・ヒドルストン
0	オンリー・ラバーズ・レフト・アライブも借りて来たしトムヒ祭り予定ではあったがロキの余韻にちょい今は浸りたいー。
1	オンリー・ラヴァーズ・レフト・アライブはアントン・イェルチンに胸キュンもとまんないし大好きだがトキメキ疲れはんぱないしなー！
0	RT @SacoeCalio: [続報]マッシミリアーノ・アッレグリのユヴェントス新監督就任記者会見は15:00(CET)より。日本時間22時開始予定。 #SacoeCalcioNews
0	アッレグリまじか！
0	RT @ssfm1902: ドゥビュシーのアーセナル行きが決定。移籍金は790万ポンド＋ボーナスで最大1200万ポンド。
1	フランスの本気の男前がアーセナルいっちゃったかぁ。ジルーは面白いが過ぎて男前にはもう見えない
0	RT @cinematoday: [映画]ベン・ウィショー、実写版「くまのパディントン」でパディントン役 http://t.co/Qucf6sScFg http://t.co/rsX4JKS7YE
0	maksim_pavlovichさんの写真 http://t.co/3WDbXfrrMD楽しみー
-1	8時に寝落ちて4時前位に起きるのがここんとこのあるあるになってて辛い〜
1	This Is the End観た!!　今求めてたのはコレだよ、何も考えず笑えば良い映画ｗ　豪華なキャスト人がただただ全力でおバカな事してる映画…はツボにハマるとたまらんよね(*´д｀*)　ツボに一つもかすらないとただただ観るの辛いだけの映画になるんだけど。
-1	４時前に起きてお風呂入って部屋かたずけながら映画観て今７時。ちょう眠いが仕事だ今日も
0	RT @Nami_1104: A true gentleman #CharlieCox w/my girl 😆💜 So happy meeting&amp;chatting w/this sweetie! @olv #Daredevil #Netflix #Marvel http://…
1	チャーリーはやっぱり可愛い。正義だ！
1	@CharlieCoxRoom (´；ω；｀)　ツルツルのチャーリーも新鮮だけど…つるつるは一度だけで良いです、チャーリーさん！
1	RT @eigacom: 【「複製された男」──この映画は、緻密に組み立てられた映画ファンへの“挑戦状”】「偶然見た映画に“自分と瓜ふたつ”の男が出演している……一体誰なんだ!?」入手した3つの本編映像をヒントに、あなたの“脳力”で至高のミステリーに挑め！⇒ http://t.…
0	複製された男はよ観たいな。水曜かなー
0	生アボットまで一週間。一週間。一週間。一週間
1	@Ikurinnn うっちーさんに聞きたかったの！夏場のアイスショーってどれ位の服装で行ったらいいもん？？教えてプリーズ♡
0	@Ikurinnn 大阪市中央体育館だそうです！(今知ったw) 全然最前列じゃないからパーカーとストールそして靴下をちゃんと履いて挑む事にするよ♡初生フィギュアなので楽しみ通り越して緊張して来た！
0	@Ikurinnn インスタで確認済みだよ！なんか小汚いけど可愛かった♡コフトゥンも坊主(ちょい伸びてきたがwでロシアの街にたむろしてそうなヤカラ風だしトキメキはノンストップである！
0	なんか一本のアイスショー行きたいとおもってアボット出演決まった瞬間にTHE ICEにしたけど個人的趣味な観点でやっぱり正解だったっぽいこの、チョイスー！
0	RT @ampelmannshop_s: 【お知らせ！】 2014/7/20明日より恵比寿ガーデンプレイスにアンペルマンカフェがオープンします！ カリーブルストやドイツビール、ダルマイヤーコーヒーをご用意しております＾＾ みなさん是非いらしてくださいねー!!!! http://…
0	RT @currywurstjp: 当店のソーセージ・カレーソース・マヨなどが東京に行ってます！&gt;RT
0	@Ikurinnn RTしたけどあの元町のカリーヴルストが恵比寿で食べれるみたいよｗ　http://t.co/ODRiRlefgY
0	@Ikurinnn こないだ行ったところだが、すでに身体がカリーヴルストとビールを求めているのだよ私!!　これはうっちーさんにおしらせせねばと♪
0	シネリーブルで映画観て、カリーヴルスト食べながらビールのむ休日至福だよなー！次こそマヨネーズ買って帰ろう。そうしよう。で次の時間のある休みの日にはプレッツェル久々に焼くんだいつだよそんな休み来るの！
0	仕事やだ。帰りたい
0	@nashthecrush ねー、何故に日曜に働かねばならぬのか！
1	連休って何？おいしいの？
0	@nashthecrush 栄養価高そうだなー。もぐもぐしたいなー！
1	ドイツ語勉強せねばだなー。まったく０からのスタートな訳だが、ドイツ語のしくみ《新版》 清野 智昭まず読んでみようかな。 http://t.co/2JSbTXKq93 @AmazonJPさんから　スペイン語のしくみは普通に読み物として面白かったんだよね。英語のしくみは…だったが
0	RT @YK2_ma: どおいう状態なのか説明してください　※教会が作成してる神父カレンダー http://t.co/wsUTIFDvLI
1	jabbott2014さんの写真 http://t.co/aazx0CwWoW髭ボットまで一週間！や、アボットでもいいんだけどここまで来たら髭ボット観たいな♡
1	@Ikurinnn 日焼けでやや白目な尻も良いもんですな。うぬ、よいコントラスト！
0	BSでくるりやっとるのかー。初めて行った姫路マッシュルームだっけのライブは格別に良かったな。ゆるーいライブだったけど。
0	「東京」「尼崎の魚」「ワンダーフォーゲル」「ワールズエンド・スーパーノヴァ」 「虹」「everybody feels the same」「ロックンロール」「ばらの花」「奇跡」「Liverty&amp;Gravity」「loveless」「Remember me」「ブレーメン」「Jubi…
0	再放送ねぇかな。尼崎の魚超観たかった
0	@qurumon14 虹はもう終わってました???　尼崎熱唱したぜこんちくしょう!!!
1	５年ぶり位にもっくんみたー！オリジナルメンバー＋達身さん時代が一番好きなんだよ。
0	@qurumon14 TLのもっくんの文字で走ってリビング行ったぜ！再放送してくれんかなぁ虹聴きたかった(´；ω；｀)
0	こないだカラオケで虹歌って改めて名曲だなと。若さゆえの照れなのかアレなのか最後崩壊する所含めたまんないよね虹
0	もっくん辺りからあわてて録画しとるのだがワールズエンド・スーパーノヴァ観たいな。もっくん脱退直後の人力スーパーノヴァもっかい観たい。京大西部講堂に戻りたい
1	知ってるくるりより知らないくるりの方が多いもんな。アンテナまでしかちゃんと聴いてないもん。NIKKI以降聴いてみようかな
1	@seuche2000 THE WORLD IS MINEいいよね。日韓W杯観ずにくるりのライブ行ってたなぁ。ワルツを踊れからRE：くるりしてみようそうしよう。もしもしの音源必死で手に入れる位にはくるりファンだったんだけどねこれと言った理由なく自然に離れて離れっぱなしなんだよなー
0	すけべな女の子が音源化された時の歓喜と興奮思い出したｗ!!
0	@phamco 血の味がする〰の後のさとちゃんのコーラスが聴きたい!!
1	くるり - 虹: http://t.co/vm8L6ddELv @YouTubeさんから　好き。
0	.Go back to China   .Quruli: http://t.co/VvbnljWJff @YouTubeさんから　乳首にピアスしてたよね、クリストファーさん。私の記憶違いだろうか？
1	なんかゆらゆら帝国も恋しくなってきちゃった http://t.co/CilvtsVOpO
0	シュールすぎる！！坂本慎太郎（元ゆらゆら帝国）のイラスト画 - NAVER まとめ http://t.co/SvFE1Yclhs
0	#nowplaying WORLD'S END SUPERNOVA by くるり http://t.co/hqJIar54fY これでずっぽりくるりにはまったんだよなー
0	くるり歌いにカラオケに行きたい気分
0	@Ikurinnn パレルモの新シーズンユニにしよう♡
0	バジルまつり http://t.co/wUghr8xeDB
0	８時には寝落ちて、5時に目が覚めて風呂入ってまた起きてられなくて寝たのにまだ寝足りない
0	#nowplaying 水中モーター by くるり http://t.co/xy1yyixgff
0	歯周病について（1） - おうつしかえ http://t.co/jrYeT6c0xF
-1	RT・・・続きが気になるな。怖い
0	ミランチャンネルちょっと見てたけど…あんなかに今や監督になった選手３人いるとかすげぇな
0	ミランチャンネル最後まで観たいけど、消えたシモン・ヴェルネールを今日のうちに観ちゃわないとなのだ。
0	RT @KeishiTanaka: 続きまして、8/23に岡山のCAFE QINEMAにてROOMS。ゲストにフルカワユタカさん。フルカワさんとは、そのまま翌日のMONSTER baSHでも一緒です。 http://t.co/FMNhIkLXdI
0	イブラ来いよ、日本！
0	@hulu_japan ホワイトチャペル 終わりなき殺意シーズン２以降の配信予定はありますか??　続きが観たくてずっと待ってます！
0	複製された男、観た！ラストであんだけポカーンとした、させらせた映画久しぶりだわ。回り回って笑えてきたよ！なんだコレw
0	いざ！ http://t.co/jiMEcc3HsM
0	やー、これもう一回観たいわ複製された男。スルメ系映画
0	複製された男。ひさびさに一人で映画来たの後悔してる。ミッション8ミニッツ以来じゃねえか、またジェイクじゃねえかよと
0	タイ料理。飲まないって選択肢が最近なくなってる http://t.co/EJykQoHRdR
0	複製された男もう一回観たいな。ミステリーミステリーした宣伝にはうんざりしたけどな！
0	複製された男の原作者ってブラインドレスと同じ人なのね。いい意味での胸クソ悪さのさじ加減が同じだな。ジェイク祭りでゾディアック観るかブラインドレス観るか。どっちにしろ疲れるが観たいー
1	ゾディアック久々に観出してみたけど、どマッチョになる前のジェイク可愛いよなぁ。だがマッチョジェイクも素敵なので神様2バージョンジェイクをこの世に両立させて下さい
0	ムーンライトマイル観たくなって来た
1	RT @ayatsujiyukito: 7月に公開される映画『複製された男』にコメントを寄せたのだが、配給のクロックワークスが集めたコメントの数・メンツが凄い。我孫子武丸、有栖川有栖、井上夢人、冲方丁、貴志祐介、朱川湊人、辻村深月、中山七里、貫井徳郎、法月綸太郎。……普通のミス…
0	綾辻さんw 普通のミステリだろうと見る前から刷り込まれてたから余計にラストポカーンとしたよ！これ怒る人は怒るだろうラストだろうが私はたまたま好みの映画でよかった🎵
0	Trailer Space Station 76 (EW) http://t.co/kutgY5Yqro おばかなSFは好物。観たいなこれ
0	@Ikurinnn 頭髪の行方を楽しもうぞ！ダービーで勝ってさらに減らしてやるんだ毛根ごとー！
0	@Ikurinnn 今シーズンのクラシコは楽しみだけどねｗ　ラキティッチ…何故バルサに(´；ω；｀)
0	フジロック...FOSTER THE PEOPLE 今日なんだ行きたいと行きたいよー
-1	アギーレジャパンって法律事務所感半端ねぇな
-1	やさいたべねば http://t.co/RfM2UWKZLn
-1	無性にアンチヴァイラルが観たくなってきた。だがツタヤ行くのめんどくさい。アンチヴァイラルからのイグジステンス…クローネンバーグ親子の悪趣味通り越して笑えて来る映画祭りしたい。
1	RT @P_Kedama: '70年代SFをパロディしたコメディ"Space Station 76"予告編（1:59） http://t.co/oCmxD9vDHM　パトリック・ウィルソン、リヴ・タイラー、マット・ボマー等出演。宇宙基地に住む人達とロボ。70年代デザインが可愛い…
-1	"Space Station 76"観たいな。ギャラクシークエスト、そして銀河ヒッチハイクガイドに続くお馬鹿SFの金字塔になって欲しい。すっとぼけたパトリック・ウィルソン久々に観たい。ジェームス・ワンといちゃこらしてる所為で苦手なホラーばっかだもん。面白かったけど
0	#nowplaying Are You What You Want To Be? by Foster The People http://t.co/L6QJzYt7xE フジ行きたかったよ。どっかセットリスト落ちてねえかなぁ
0	Foster The People - Are You What You Want To Be? (Rock Werchter 2014)ライブ行きたい！ http://t.co/Lt3eS4f8gt
0	@Dom_gurignon ドイツ寄りのパン屋さんだったりする？
-1	髭ボットまであと少し。起きれたよ！寝坊しなかった奇跡
1	@Dom_gurignon 硬いパン食べたい。
0	今季初スパーズのPSMチラ見したが、ローズの胸板育ってんな！
0	人多い。苦手なんだよなそう言えば
0	@y0hchan いつ帰ってくるのー？
0	@y0hchan 多分仕事だ♡
0	ロシア男性スケーターはエキシでは腰を振りまくらないと収まらないのかしらw?
1	メイテちゃん格好可愛いし、潔く見せてる背中の美しいことったらー♡
-1	@y0hchan 久々に会いたいし飲みたいので京都は無理かもだがよーちゃんの予定がシフト判明した時点で空いてたら飲みに行きましょう！
1	The iceの余韻も熱さと空腹で吹き飛ぶレベルだー！
0	お店探す力がでないのでふらり。ビールのんでるの私だけじゃんー http://t.co/B1VAdTlXxl
0	シャンちゃんかもん！
0	RT @attractive_bot: トランスジェンダーモデル、アンドレイ・ペジックが性転換。 http://t.co/4JqSWwvgUF
0	http://t.co/r9qBXY8525
0	http://t.co/67fTNPIMS1
1	凍ってた♡某フローズン生よりうまい http://t.co/AYLd0QzLzF
0	@noriaki0123 うちの冷凍庫１５分位でフローズンになる事が判明！
0	@noriaki0123 タイ料理喰らいつつまた飲みたいもんですな！
0	複製された男を観て、プリズナーズ観に行けなかったことを死ぬほど後悔しつつ、レンタルセル遠いのでノベライズなのかな？読み出した。止まらない。これ読むの我慢して先映画のほうが絶対良かったパターンだがもう読むの止… http://t.co/9vkNxyGKH3
0	10月頭にスイス行くか。現地物価高いから渡航の出費は押さえたいな。
0	@Ikurinnn 物価の高さに引いてるw
0	RT @tomatthefarm_JP: NEW!：映画『トム・アット・ザ・ファーム』ドラン監督自身の編集による特報をYOUTUBEにて公開しました！10.25公開！　http://t.co/TzwuS2JToN
0	@Ikurinnn 宿代が要らないのがせめてもの救いだ_( •́ ​ω •̀ 」∠)/_ うっちーさんフィンエアーって利用したことある？
1	@Ikurinnn フィンエアー評判良さそうだ！他の友達の評判も良かったの。第一候補にしとこう！秋にうっちーさん関西来るかもなんだよね??お土産買うてくるね♪
0	レイフ・ファインズは映画毎に違う顔に観えるなぁー。
0	RT @JinKatagiri_now: 「鎌塚氏、振り下ろす」大阪公演、始まりますよー！今日の13:00、18:00、明日の13:00の、計3回公演です！ 僕は今回の会場、サンケイホールブリーゼに最多出演俳優なんですって。 http://t.co/lAzRXPcjjm
0	nfreund25さんの写真 http://t.co/1zFuQtiPCFパパと同じ顔すぎて笑える🎵
0	マクロス７２０周年とか…そりゃ年とるはずだよねー。ストーリーなんて全然覚えてないけど音楽は覚えてるよね。カラオケ行きたい
0	RT @Nami_1104: We could see some cool actions @#Daredevil filming, Charlie Cox is so talented &amp; a true gentleman💗(Thx @olv for info) http:/…
0	RT @Nami_1104: Met this gentleman Charlie Cox @#Daredevil filming again(thx @olv), so happy he remembered us😆 got his autograph too. http:/…
0	チャーリーのチャームポイントの一つだね、無造作過ぎるヘアｗ
1	@CharlieCoxRoom あんた俳優さんなんだからもうちょっとは髪型気を使いなさいよ!!なんて言わないチャーリーには♪　もしゃふわした髪の毛可愛いですよね(*´ε｀ *)　胸毛ともどももしゃふわしてて欲しいですｗ
0	なんだよベイルのカチューシャ
0	@Ikurinnn 初めて今観た!!　スペインに行くと皆何かしらああなっちゃうのかとため息出たｗ
1	@Ikurinnn 変にお洒落に目覚めて迷走するパターンだよねｗ　イモぃままの方が可愛いのにー!!
1	@Ikurinnn いい情報聞いた！
0	@Ikurinnn ハリー♡
0	RT @sub_rito_4: ツタヤ行ったら男子大学生くらいの５人組がいて「どれ借りる？」「山田も来るから、あいつが寝ないやつ」「これおもしろいよね」「そんな難しいの山田寝るじゃん」「これ俺は好き」「序盤はいけるだろうけど、中盤で山田寝そう…」「あー、山田たしかに…」って話し…
0	航空券予約してきた。慣れない事すると緊張してどっと疲れたよ。待ってろスイスー!!!!!!!
0	物価高くて折れた心は折れっぱなしだけど。唯だしFIFAの本部には行く！
0	@Ikurinnn 10月１日〰10月13日!!!!　ええ年して初海外だから緊張してる。もっと若いころに海外旅行に興味あったら人生かわってただろうなと色々思うよ。うぬ。
0	RT @fashionsnap: ブラが透けているように見えるメンズTシャツ発売 http://t.co/AmKqi2Arub http://t.co/uWrf1TAD9L
0	@steel2828 @Ikurinnn 本場のラクレットチーズ喰ってくる!!!　
0	@steel2828 @Ikurinnn そして牛と戯れてくる!!!!!!!!!!　なんか全部高いよスイスｗ　オススメ情報あればお待ちしてる♪
0	@KI4_8 初海外旅行なのでドキドキ通り越してややナーバスになってますｗ　がっつんのシオンユニをスースケースに忍ばせて乗り込みたいと思います♪
1	@KI4_8 事前準備含め、チューリッヒ近郊楽しんで来ます♪オススメ情報などありましたら教えて頂けると嬉しいです!
0	@steel2828 @Ikurinnn 農夫の写真撮りまくって、スイス農夫カレンダー2015自作したい!!!
1	早すぎるが晩御飯 http://t.co/fe8Tqz6W7c
1	RT @chel_ra: 今回の #mylittlebox もよい！！ http://t.co/LJz7zeoiUh
0	#MyLittleBox カオツボ入って無い人も居るんだ。いいな…(´；ω；｀)　カオツボ連発でプラナスボックスも辞めたんだけどな。My little boxに韓国コスメは無いよー(´；ω；｀)　多々某ファミリーセールで買った商品と被るがロレアルの方が嬉しいよぅ
0	あでばー♡
1	雨凄過ぎて引く
-1	@mariitalia22 ちょい所用で車で出かけてたけど、後部座席からフロントガラス越しに前方見えなくて怖かったよ(´；ω；｀)
1	@mariitalia22 神鉄強いよねｗｗ　普通に動いてて笑ったよ!
0	寝ようそうしよう
0	明日何時に出たら仕事間に合うんだろ。電車運休で代行バスでいつもの通勤経路１時間以上かかるとか有りえない…10分強なのに
0	温泉の在る駅まで。もちろん温泉に行くのではない。温泉地経由で職場に行かねばならぬのだ。
0	都会に行くにせよ田舎に向かうにせよいつも私の通勤経路で電車不通になるの止めてくれませんかね
0	あー温泉に行きたい
0	RT @JinKatagiri_now: 「待て」をしたら、どんどん後ろに下がって行き、最終的にロッキングチェア下に収まるの図。 http://t.co/R8qJPxpngS
0	いつもより一時間近く家をでて代行バスに乗った所で、いつも出勤時乗る電車から運転再開する事を知った。返して私の朝の一時間！
0	RT @shthab: アクターズ・スタジオの本で、スピルバーグがシンドラーのリストを撮って精神的に参ってしまって、ロビン・ウィリアムズに「もう半時間も泣きっぱなしなんだ、頼むから笑わせてくれ」って電話したら電話の向こうで１時間もしゃべり続けて腹がよじれるほど笑わされた、ってい…
1	RT @chloeyuki: この夏、胸毛をビキニ風に剃る男たちが熱い BuzzFeed http://t.co/xh9OdI3VSC http://t.co/wb53NhR6bL
0	RT @gossip_suki: シアトル・サウンダーズのクリント・デンプシー選手は試合後よっぽどお腹が空いていたのかファンの少年のポップコーンと自身のユニフォームを交換しちゃった模様　http://t.co/JbbCHzmNfd
0	デンプシー♡至近距離であれ鼻血吹くわ♡
0	RT @s_k_e_73: パトリック・ウィルソンはインシディアスでは「幽霊なんかいるわけないだろ！信じないし！」って言ってたのに死霊館では超常現象研究家とか心入れ替えすぎ
0	#nowplaying おしゃべり!おしゃべり! by 小島麻由美 http://t.co/wI0cxIAWsn ポテトチップス食べたくなる！
0	花持って墓の前でタバコ吸うと - ゴールデンタイムズ http://t.co/YSGToOVAna
0	ビーフン作りたかったの http://t.co/gv9xQ8lHQI
0	@kazuma35 おおお決まったらいつかおしえて下さいー！！
1	ほぼ３カ月ぶりの連休だけど何していいか分かんなくなってる。麻痺してるどうしよう(´；ω；｀)
0	@kazuma35 了解っす!!　ちょいシフト確認しますね。まだ出てないもんで(´；ω；｀)
1	ここのケーキほんと美味しい！ホワイトチョコのムースが濃厚で食べ進めるとラム酒がガツンと来るのがいいー♡ http://t.co/MfGrJRSF4a
-1	プレミア開幕今日なの？もう眠いの(´；ω；｀)
0	ギルフィー！！！！！！！！！！！！！！！！！！
-1	ギルフィーユニ違和感無いの寂しい(´；ω；｀)ｗ
0	むしろスパーズユニより似合ってるじゃねぇか。肩のアディダスラインの所為なのｗ？
0	@Dom_gurignon 私は定食派ｗ
1	@Dom_gurignon スープ美味しいよ！頼んだ??
0	フェライニとジルーって顔似とるな
1	@Dom_gurignon ご連絡お待ちしてる！雨凄い中よく来なすったｗ
1	ギルフィーなんか風貌若返った気がする。かわいい笑顔だｗ
0	@Dom_gurignon 弓削さん行ってたんねｗ　友達が昔バイトしてた♪
0	また雨降ってきたー。月曜また電車止まってたらどうしよう
0	エリクセン、頭頂部のチャームポイント隠した？
0	SUITSのseason2のep1冒頭からGOTYEで鼻血吹きそうになった!!!　
0	だがタイトル思い出せなくてモヤモヤしてて先に進めない。意地でも思い出してやる自力で
0	@qurumon14 なんとか思い出せた!!　https://t.co/UeiuLshXVB　SUITS中断gotyeライブの旅に旅立ってしまったｗ
0	いつ見てもベースの人ガットゥーゾだ。
0	ブリーフ or おパンツ #お前らたまにはアイコンらしいツイートしろよ  #あなたがときめく4文字教えてください
0	@qurumon14 弁護士イーライのふしぎな日常の冒頭いきなりknock yourself out以来の巻き戻しであった。https://t.co/e8NIpLyzsW
0	Zip でエンジェルス・イン・アメリカきた！
0	フィオレンティーナ、マリン獲得を正式発表 http://t.co/kinxDvYL12　ムラサキマリン!!!
1	やっと歯医者行けた。定期健診のお知らせはハガキとベーシックだが、お会計の際に自分で住所と名前ハガキに書かされたのにややびっくり。省エネだな
0	暑過ぎて避難 http://t.co/PTUdSFp4Hs
0	サタデー･ナイト･ライブ: 第4回 を @hulu_japan で視聴中: http://t.co/fO53YmR6yd　わっほい、エドワード・ノートン回だ!!!
1	RT @yuukikouhei: SKYによれば、ユベントスはAdrien Rabiotと個人合意しており、来年の夏にフリーで加入することが決定しているようですが、それを良しとしないPSGはアーセナルのオファーを歓迎　#yuukifoot
1	Maxim Kovtun / マキシム・コフトゥン ～ THE ICE 完全版: http://t.co/57ZADo82mZ @YouTubeさんから　オフトン君の腰フリフリクネクネ可愛かったなーｗ　短髪でロシアの街角の少年っぽい風貌を是非キープしていただきたい。
1	Men's Group Program / 男子グループ ～ THE ICE 完全版: http://t.co/YSxSaUVnM7 髭ボットに夢中でしたよ勿論。楽しかったなぁ
0	りんごさんにiPhoneのケーブル断線したから交換のお願い昨日の朝したらついさっき届いたよ！24時間ピッタリとどいてびっくりした
-1	@kazuma35 2，3日から一週間って言われてたから不意打ち過ぎたw
0	pocho22lavezziさんの動画 http://t.co/QRayzASxwL アンチェロッティじいちゃん指名しちゃったw
0	@kazuma35 保証期間だったら充電器、ケーブル、イヤホンの付属品は交換してくれるみたいよ！http://t.co/NiMad61n7R
0	maxoddo76さんの動画 http://t.co/5oz0NM7OInオッドw セクシー超えてエロいな！
0	@Ikurinnn 冷めた息子が物悲しさを誘うあたりもいいチャレンジだよオッド♡
0	johnnygweirさんの動画 http://t.co/jwh0itkleVジョニ子のパンツw
0	三田のアウトレットより垂水のほうが全体的に安いな、来る順番間違えた
0	30cmのスニーカー探すの疲れた(´；ω；｀)
0	旅行用の軽いスニーカー探してて良いの無くて気に入ったのが室内用のフットサルシューズだったから買ったんだけど、長距離歩くとやっぱり疲れるかな。あんまスニーカー履かないだろうから良いんだけど
0	デザートが思いの外がっつり！ http://t.co/0zziUDeLWJ
0	29cmまではまだ何とかスニーカーの選択肢があるが30cmになるとほぼ皆無だと学んだ役一週間
1	@Ballistic_Cocke ありがと！実物見て買いたいなと見て回ってたんだけど一足もお店に並んでなくてストックに唯一あった30cmのスニーカー出してもらって可もなく不可もなくadidas無事買えました🎵
-1	@Ballistic_Cocke 五反田いいいなぁー。ちょっとしたお土産にスニーカーだったんだけど、 サイズにあわせて妥協した感ただよってて切ない♡
1	GEROLSTEINER(ゲロルシュタイナー) 500ml×12本セット モラタメで掲載中！ http://t.co/hGmqrkQ2nM #moratame　久々に良いの来たなー♪
0	写真を投稿しました http://t.co/36K5vK0Kna
-1	スマホのおふとんシークレットなんか卑猥でわろたw http://t.co/XLY6x7Yvbx
-1	@Ikurinnn 普通の和布団が欲しかったのに、シークレット引いちゃった系だよこんちくしょう!!!!　スマパンのシークレットよりある意味卑猥だな、キンピカ布団ｗ
0	@kazuma35 ごめん仕事だ(´；ω；｀)　そうだ関西来るんだったよね！
1	CSで録画してたTHE ICE観てる!!　髭ボットやっとまじまじと観てる訳だが髭可愛いｗｗ　髪の毛ボサボサ奔放アボ可愛い!!!!!!!!!!!!!!!!
0	@kazuma35 大阪出れるか分からないな月曜日。会いたいでござるよ!!!
1	スイス滞在中にサッカースタジアムで観たいなと調べたらCLバーゼルリバプールが丁度あるよ！だが着いたその日だ_( •́ ​ω •̀ 」∠)/_
0	遺跡市場まったくノーチェックだったんだがこの夏。ハリーじいちゃん笑えるw
0	PSG TV加入しなくちゃ。忘れてた
0	#nowplaying Best Friend by Foster The People http://t.co/aNJ8FHLHYU
1	カバーニー！！！！！ぃぃ！！
0	スイスでメレンゲ!!!　スイスでメレンゲ!!!!　はよスイス行きたい!!!!
0	ビール、ワイン、チーズ、メレンゲ!!!!　
0	チリッチの背チラ(*ﾉзﾉ*)
0	前髪ギュっと掴みたい系男子チリッチ
0	marcogufettoさんの動画 http://t.co/uC7381QFFH やっぱりお前も白か！な安心感
1	@Ikurinnn パリで暮らせど下半身はイタリア魂で安心したよ。うん！
0	RT @karako: 「趣味に使う年間予算は1～5万円が34.0％でもっとも多く」というツイートが流れてきた。月ではなく年単位でだ。にわかには信じられぬ。それでは我々が銭を注ぎ込んでいるこれは何なのだ。趣味ではないというのか。趣味ではないなら何なのだ。人生か？ 人生だとでも言…
1	Huluでサタデー・ナイト・ライブのジム・パーソンズ回観てるけど。いきなりジョニー・ウィアーのモノマネで出てきたw髪型の再現率とデコのそっくりさが素敵! http://t.co/8i3g43rhrW
-1	人生で初めてお昼ランチあまりにも出て来るの遅くてキレて店出たわ。
0	イライラするー！！！！
0	@steel2828 なごんだじゃないかw
0	髪の毛切りに行くつもりだったけど何か今日は厄日っぽいのでやめた！
1	秋口に丁度よさげなコートを買ったので早く寒くなると良いと思うよ。
-1	海外に住んでる日本人にお土産って何が喜ばれるかな???　私だったら絶対ヒガシマルのうどんスープの素だけど。
-1	@steel2828 だよね!!!!　スイスで会う人の友達の奥さんが日本人なのよｗ　一度ご飯一緒する予定だから何持って行こうかずっと悩んでるんだけどヒガシマルが邪魔して他に何も浮かばない!!!!
0	@Ikurinnn なんてピンポイントなｗ　カップサイズのチキンラーメンと和菓子にでもしようかな。母が柿の種押しでややウザくなってる今日この頃♪
1	@cd_okaji 天一!!!　旦那様がラーメン好きらしいのでチェックしてみます♪　
0	@cherryFmars @steel2828 今日サブリナのストッキングが安かったよ!!　買うよ明日!!!
-1	@steel2828 http://t.co/NZggaq67Ag 超割高だけどスイスでも買えるヒガシマル♪　出汁系＋和菓子第一候補羊羹で行こうそうしようありがとう!!!!!!!
-1	@steel2828 小柄な人みたいだけどややパンスト…冒険だなサイズチョイスｗ　甘い羊羹と塩辛い調味料セットでほぼ決まりだー!!!　フンドーキンの柚子胡椒も忍ばせようそうします♪
1	シーズン５観終わったよ。明日から何を楽しみに生きたらいいのか(´；ω；｀)!!!! #Huluでビッグバンセオリー
0	RT @hulu_japan: 【明日まで】@hulu_japanをフォローし、 #Huluでビッグバンセオリー　をツイートした方の中から抽選で2名様に「ビッグバン･セオリー」Tシャツ（非売品）をプレゼント。9月から配信を開始したシーズン5も見ましたか？ http://t.co…
-1	@cherryFmars 着圧感の無いタイツ気になるｗ　これはお土産に自分用に買って帰りたいと思います(* ´_ゝ｀)♪
0	RT @FootbalIStuff: Thank you #Apple ! LOL http://t.co/gr9pogHpNe
0	@naruha67 プラハプラハ！チェコ人は薄毛率ハゲる率世界トップ国だからいろいろ見極めてね♡
0	@naruha67 将来的に薄毛が似合いそうな男を捕まえるのですよ♪
0	@naruha67 いつ行くの？気候と服どんな感じで行けたか教えてほしい帰国後！
0	@naruha67 私も10月頭にスイス行くよ！服悩んでるのよ(｡ŏ_ŏ)
1	RT @MattBomerJapan: 【放送決定】ついにマーク・ラファロ、マット・ボマー出演のTV映画「ノーマル・ハート」の放送が決定です！！！ スター・チャンネルで１１月２９日です！ http://t.co/JSCRNLgkwE　@starchannel
0	【タメ】「シンハービール 330ml缶 6本セット」モラタメで掲載中！ http://t.co/yLPQy6aF8A #moratame ひさびさにビールきたー♡
0	亀梨和也主演「ジョーカー・ゲーム」公開は15年1月31日に決定！追加キャストも発表 #映画 #eiga http://t.co/bqgXglIfW5　原作好きだよ。だから不安しかないよー
0	ジョーカー・ゲーム…結城中佐が伊勢谷友介…。や、伊勢谷さんがどうとかじゃなく結城若すぎる。やだもっと苦み走ってよ
0	あっちい。
0	今日はここー http://t.co/qeM0fW13o1
-1	RT @1990boys: 早速、集合写真でのサンチェスのテンションの低さがネタに。俺は、メッシとプレイしてた人間なのに、これからは、ウェルベックかぁ。(笑) http://t.co/Plgu8svnUg
1	メイン。ランチパスポートでワンコインはお得だな♡ http://t.co/2YWn6NEsiy
0	@Ikurinnn 尻出してこの堂々たる立ち姿！イタリアン漢の中の漢ですな♡
0	@naruha67 前はスイスの人が来た時に神戸近郊観光案内したの！今度は私が連れ回してもらうターンなんだ♪初海外超緊張してるよ(；ω；)
-1	髪の毛切ってすっきりー！何時もお願いしてる美容師さんが体調崩してお休み中で他の方に切ってもらったんだけど、その最中に休んではる美容師さんが髪を切りに来てはって客同士で並ぶなかなか無い経験を。
0	@naruha67 ムキムキ坊主だけどナイスガイなんでプランは投げっぱなしw 本当は前後にパリでマックス観たかったんだけど初海外だしそこは自重した♪
1	10代の頃からかれこれ10年以上髪を切ってもらってる美容師さんだからまた元気に復帰して髪お任せしたいなー
0	RT @moomin_news: 明日9/13（土）朝8時よりテレビ朝日で放送の「朝だ！生です旅サラダ」ではフィンランドのムーミンワールドを紹介！ムーミンルームに泊まるとのことで、ナーンタリスパホテルかな？だとすると、こんなお部屋です。 http://t.co/hHiLBl5H…
0	Huluにダーウィン・アワード来た‼︎ DVD持ってるけど思わず観ちゃうよこりゃ♪ジョセフ・ファインズの当たり役だよな〜♡
0	ジェイソン・ブラウンー(* ´_ゝ｀)
1	ブラウザ上でベジェ曲線の描き方がマスターできる『The Bézier Game』 | IDEA*IDEA http://t.co/EceWuFXCrG　楽しい!!!!
1	昼のみっていいですね♡神戸ランチパスポートで一番お徳なおお店は間違いなくここだなー http://t.co/qsWLOIGqS7
0	http://t.co/7D2wXkWPK2 にゃんこ
0	RT @MattBomerJapan: 「Space Station 76」よりパトリック・ウィルソンとマット・ボマーの"微妙"な雰囲気を伝えるクリップ到着w : Watch: Patrick Wilson and Matt Bomer Have an Awkward  - h…
0	あと２週間でスイス!!!!　何の準備も出来てないけど
0	お土産！ http://t.co/rYHIPDdnzc
0	RT @footy_bum_bot: #胸が熱くなる3文字　 http://t.co/GVB1ugLSkw
1	毛が多いエリクセンに慣れぬ。慣れぬよ(´；ω；｀)
0	http://t.co/o27zdGM7X9　こぎれいな髭アボットキタコレ！！
1	スイスのご夫婦へのお土産はフロインドリーブの大ミミにした！美味しいもん大好きだもん！小ミミはお友達とティータイムに喰らうんだ〜
1	@Suicassima 何それ美味しそうな！
1	@Suicassima おいしそう！！！！！！！！
1	@Suicassima そういうご褒美は大切だよね!!　自分で鼻先の餌は掲げなければｗ！
-1	@Suicassima 成城石井は危険だよねｗ　http://t.co/hZL2G9LsQ4　量から考えたら安いんだけどこのチーズおかきが好き過ぎて!!!!
0	@Suicassima 粒コショウ振って食べるんだ…!!!
0	RT @livedoornews: 500RT：【大活躍】ワンちゃんが忘れ物を届けてくれるサービス、KLMオランダ航空が導入 http://t.co/SU5cGqfVqO  旅客が降りた後に機内をチェックし、見つけた忘れ物のにおいを犬にかがせて、持ち主を探して届けても… htt…
0	新作！ http://t.co/DmCp2XMh4T
1	@y0hchan ちょいホワイトビールっぽいよ香り(* ´_ゝ｀)　美味しかった!!
1	huluにサマータイムマシーン・ブルース来た!!!!!!!!!!!!!!!　夏が終わって来たｗ　一番好きな邦画だよ。　思わず再生したけど舞台版の方が早速観たくなってきちゃった。
0	ヴィダルサスーン(*ﾉзﾉ*)
0	@y0hchan 水曜日！！！！
0	サマー・タイムマシーン・ブルース…関西小劇団の役者さんサブリミナル的にぶちこんでくるからいちいち”おっ”おっ!!!"と反応してると疲れるｗ
0	@y0hchan スイスのビール工場見学に行くかも♪♪　ドイツ語話せたら永住したいもんだｗ
0	@y0hchan 現地プランは投げっぱなので何処に連れて行かれるかも知らないんだけどね今回!!　折角だからドイツ語入門ドリルを持って行ってドイツ語家庭教師してもらう予定なのだ♪
0	トム・アット・ザ・ファームやっぱり元町映画館なのね!!!!　待ち切れずに大阪いっちゃうかもだけど神戸で公開決まってるとちょっと心が凪ぐ！
0	@y0hchan 今回はドイツ語圏の人に案内されてスイスの北の方に行ってくるよー！スイスはスイスドイツ語・イタリア語・フランス語・ロマンシュ語と地域で分かれている模様！
-1	未来人・本田力はいつ見ても卑怯だｗ
0	旅前最後の仕事終わったー！
0	@kuro3_foot (oﾟ3ﾟb)b まさかのスイスが先になったパターン！折角だからバーゼルリバポ観に行きたいが着いたその日だった無計画スイスだ！
0	スイスで寿司パするんだ！ http://t.co/AxZ4pdrJO5
0	スマホとパスポートとチケットもってりゃなんとかなるか！
-1	@Ikurinnn パッキングしてたらつくづくめんどくさくなってきたｗ
-1	@steel2828 @Ikurinnn スイス物価高い怖いよ怖いよ!!　お土産持ってくよ!!　でスーツケースがハチ切れそうだｗ
-1	@steel2828 明日から！今から仕事行く父の車に便乗して脱田舎で神戸都市部に向うよ♪成田での乗り継ぎ時間が短くて心臓既に爆発しそうだ！
-1	@Ikurinnn スイスインターナショナルエアーで成田からチューリッヒ直行便にしたよ結局w チーズ嫌になる位食い散らして来ます♡
0	おぱり観たいー！
0	シャンちゃん観たい！
0	おパリ観たかったぁぁぁ！
0	なんとかついた http://t.co/xf6yUcCMkZ
0	@noriaki0123 傷心で帰って来るだろうので、野毛でふて酒その際はお付き合いください！
0	なんとか出国できそうだよ。緊張したよ。ネガ子だもの！
0	@seuche2000 傷心で帰ってきたら、カラオケ付き合って下さい！
-1	@Ikurinnn ありがと！折角関東来たのに一瞬過ぎてうっちーさんと会えないの悲しい(；ω；)
0	@ai_kent 初海外一人心臓が何個あっても足りない(｡ŏ_ŏ)いってきま！
0	@love_doughnut チーズワインして来ます！
1	@Ballistic_Cocke あにぃー(；ω；) 流れ着く先は野毛(希望！)なのだ！
0	おせわになります。 http://t.co/9UFDOusPOI
0	楽しんでます！ http://t.co/qyjuTKU82y
0	Wifiに恵まれず！だが楽しんでますスイス♡ http://t.co/O0mc66oAjH
0	らくれっと！ http://t.co/VXMIWhuGuc
0	バーゼルにいってきた！ http://t.co/BLbY0YjU2Y
0	朝はバーデンの朝市に！ http://t.co/1Mo35hTUaD
0	その後はローカルのお祭りに！ http://t.co/28vk99aIW7
0	昨日の晩御飯は普通のカレーを作りました！ http://t.co/ontB6XQ5Jc
0	いきなり心の準備なくツアーガイドさんのお母さんのお宅にお邪魔したよ！心臓飛び出るかと思いました(；ω；)
0	あさごはん http://t.co/hNmIwcuiF9
0	昨日の晩御飯はカレーうどんでした http://t.co/KjA0byTeVq
1	ヨーグルトめっちゃ美味しい！
0	@Ikurinnn 微妙な空気に耐えきれず水飲みまくったよ！
0	本日はホテル！ http://t.co/oTGtNZ9bE7
0	@gin0yuki スイスに居ます！
0	憧れのピラティスに行って来たよ！ http://t.co/TrRAyI7NOe
0	このビールお気に入り！ http://t.co/1O1PsMGdXC
0	フロントは無人なホテル！ http://t.co/nI1Tyk81n8
1	@gin0yuki 物価が高いのがアレですが楽しいです！物価の割りにビールは安くて幸せ♡
0	絶景でした！ http://t.co/51qoiucdrp
0	ヘーゼルナッツのヨーグルト！ http://t.co/iC9l47wDaR
1	なぜこんなにジャムの種類が豊富なの！？！？ http://t.co/oypRbV0fyj
0	今だ牛を見る度興奮するの！ http://t.co/wf0IDJBYRM
0	布引の滝じゃないよ！ http://t.co/AmK6tx0Jm7
0	トイレに http://t.co/5B2Pw5rlYo
0	閉じ込められた！ http://t.co/NlbW8eOzif
0	おせわになりました！ http://t.co/UY65TQnhNi
0	ランビエール発見！ http://t.co/bJhOWstpae
0	ルツェルンに行って来たよ！久々のwifi環境♡ http://t.co/yXDhktRPHe
0	クロアチアビール！ http://t.co/wDd63AyrLZ
0	レストランじゃないのだ！ http://t.co/Me6WZLGW5e
0	帰りたくないよ http://t.co/V0iBHpOw0G
0	帰りたくないでござる
0	成田あつい！スイスに帰りたい
1	@love_doughnut スイス楽しかったです！
0	@steel2828 遅ればせながら、服を着た農夫は沢山居たよ！
0	@yuya1882 遅ればせながらスイス最高でした♡
0	@cherryFmars 今度一緒にスイス行きましょうー！遅ればせながらのリプですみません(๑•́ ₃ •̀๑)/
0	@kazuma35 ビールとヨーグルト以外高いのが玉に瑕だが最高だったよ！
1	@Ikurinnn 薄手のコートとストールがむかつく勢いで邪魔だよ！牛羊山羊好きにはたまらない夢の国でした♡
0	@kazuma35 ぜひぜひ！台風で帰って来れるか超ヒヤヒヤしたさもう！
0	@Ballistic_Cocke w  台風で遅延しなかったら野毛る時間あったことに今気づいた！
0	牛が居ないよ。道路沿いに牛が居ないよう
-1	@Ikurinnn 無かった(；ω；)ちなみにガイドしてくれた彼は農夫カレンダーの存在を知らなかった！
0	@kazuma35 wifi環境に恵まれなかったからインスタにそんなに写真はupできなかったんだ(；ω；)落ちついてどっかにまとめたいんだけどね！
0	@Ikurinnn サッカースタジアム観戦無し！スイスとどっかのユーロ予選かなんかの試合をテレビで観ながら寝落ちたよ♡
1	スイスのビールおよびクロアチアビールが恋しいが、一番搾り旨いな！ http://t.co/bRqpcWbcV2
-1	@Ikurinnn そう、チューリッヒボルシア狙い目だったんだけど、その時間はスイス人と日本人カップルのお宅でラクレット食らってたw ガイドさんがサッカー嫌いなんが辛いw
0	@Ballistic_Cocke 今ならまだ20分位羽田にいるよ！
0	@Ikurinnn 寿司パすっかり忘れててん！日本語読めない彼がアレをどうするのか気がかりww
0	@Ballistic_Cocke ダラスさんならチャリで♡
0	@Ballistic_Cocke 野毛で集合しましょうそうしましょう！今度こそ！
0	@Ballistic_Cocke 今シーズン中には行きたい！
0	代表戦あるのしらなんだ！
0	コウチーニョ来たのかな？
0	ちょうサンバw
0	ザキオカさん！
-1	ちょい寝転んだら眠気急に来たよ(๑•́ ₃ •̀๑)
0	@Ballistic_Cocke プレミアで行こう！
0	@Ikurinnn @Ballistic_Cocke やったー！
0	RT @fogliasuono: @footy_bum_bot こんにちは^^トニ・クロースのチラリ美尻を発見したので報告しますー http://t.co/kHOlTFGV0L
1	よい尻は世界の宝だ！
1	時差ボケなしですこぶる快調だ。素晴らしく頑丈なわが身体。
0	@lulukana2177 それ怖いですね!!!!　普段より多めに目覚ましセットせねばー!　貴重なアドバイスありがとうございますｗ
0	@Ikurinnn @Ballistic_Cocke 12月末に人をピックアップしにちょい東京行くかもです!!
0	職場から電話かかってきてぐったり(´；ω；｀)
0	スイス帰りたいな。でも次はスイス長期滞在したいから働かねばだな。
0	職場に近づくに連れいつもより尚気持ちが沈むー。スイスに帰る為に働かねば
0	http://t.co/YPoPF7vtzm　スイス農夫カレンダー2015…普通すぎて!!
0	マイリンゲンでこうたメレンゲ。かえりたいー http://t.co/GW02poxL1u
1	メレンゲうまい。こんど作ってみようそうしよう
0	RT @JinKatagiri_now: 焼肉屋にて。肉も食わずに、練り消しゴムでリリスを作る長男太朗なう。 http://t.co/jZMhf2ol99
0	@Ikurinnn どこいく、スイスの何処攻めようｗ???
1	@Ikurinnn 至る所がハイキングコースだし、うっちーさん向きの国だと思われるｗ　http://t.co/fDj4tRwjEf　トロッコ電車その２はホームズ祭りで静かで良い場所だったな。トイレに閉じ込められたけどｗ
0	一週間前の今頃は、バーデンでお散歩してたのかー。会いたいなー。
1	RT @attractive_bot: Ryan McPartlin アメリカ出身の俳優。 主な作品『チャック』 http://t.co/xAq524Vv7w
-1	おーさむ♪
0	録画してたすべてはFになるみてるよ。犀川先生も萌絵ちゃんも…こんなポップになっちゃって(´･ω･｀)
0	RT @mihoyuka_: ドラマ版『すべてがFになる』、今の時勢ではヘビースモーカーの設定とかはムリだし、媒体がちがうのだから、キャラクター設定にも多少の変更はあるだろうとは思っていたけど、犀川先生に「この問題を証明する」という謎の決め台詞が用意されているのは予想の範疇をこ…
0	RT。。。把握したｗ
0	@seuche2000 一番の違和感は登場人物全員やたらテンション高いだったわ私…
0	脚本がアレだからアレだけど、綾野剛原作読んでないだろうなｗ
-1	気を取り直してすべてはFになる読み返そうかと思ったけど、多分去年位…最後に風呂で読んで捨てたな。３冊目買うのはヤダな。読み返したい時に手元に本が無いのヤだけどスペースの都合で読んでは捨ててるツケは度々やってくる
-1	RT @suizou: 今夜から始まるS&amp;Mシリーズ、各前後編構成 1・2話 冷たい密室と博士たち  3・4話 封印再度  5・6話 すべてがFになる  7・8話 数奇にして模型  9・10話 有限と微小のパン  ＊封印とFは順番が変わるかもしれないそうです http://t.…
0	らくれっともどき。ぷろせすちーずじゃないちーずたべたい。 http://t.co/oDcr0xXlYI
0	スイスかえりたいー！
0	レシュティもどきつくったー http://t.co/j1ZuNFJQQZ
0	わーい、スイスから奴が年末に神戸に来てくれるかもしんない。仕事休めるかね(´；ω；｀)
-1	年末年始挟んで10連泊はホテル馬鹿高いし馬鹿らしいな。我が家起点で２か所位プチ旅行プランの方が楽しそうだな
0	なばなの里に行こうそうしよう♪
0	帰宅した！アボる！アボットー！ジェイソるー！！！
0	ぷりケツ！ぷりケツ！
0	ネクタイとぷりケツ！にヒゲ！
1	都野菜 賀茂 (四条/和食（その他）) http://t.co/74sVf387Dq 適当にとったホテルから近い!!　朝食付けてないしここ行ってみよ
0	京都プチ旅行…ジャスト２カ月前だがそろそろ繁忙期12月プランねりねりする時間も余裕も無さそうなのでプラン今のうちにねりねりしとかないと！
0	rudkovskayaofficialさんの動画 http://t.co/BTmgCmw2fG わろた！楽しみすぎる♡
0	ジェイソン・ブラウンの衣装かわいすぎる！！！
0	@Ikurinnn ジェイソン・ブラウンの女子力を分けて頂きたい！　今シーズンはちょこちょこフィギュアも観て行きたい所存である！
1	@Ikurinnn フリーの衣装が可愛すぎて似合いすぎてて乳首透けてて笑ったよ!!ｗ
0	COYS!!!!!!!!!　久しぶりのスパーズさん！！
0	@kuro3_foot COYS!!!!!!!!!!! 尻中心に観ていく所存である!!
0	カベラきたわぁ！！！
0	ん？？ん？？何があった(´；ω；｀)
0	ABUNAI！
0	寝ようそうしよう。多分私が観るから負けるんだ(´･ω･｀)
0	かべたん…ナイスです。
0	何がありましたん？？
1	@daichenko9 いつの間に脱日本してた！いいな、いいな、素敵なホテルだ！
1	@Ikurinnn アホかわいい！！！！
0	まだ水曜日の朝なのか
0	@Suicassima @nashthecrush 金曜の午後にワープしたいヽ( ´3｀)ﾉ
0	@Suicassima それで木曜日だったのねw
0	@nashthecrush 脱日本したい。働きたくない！
0	@Suicassima 了解です！あいぽんから今確認できなかったので帰宅したら確認しもうす！
0	メネス居ない(´；ω；｀)
1	ラミ…かっこいいな！
-1	仕事出来る出来る詐欺ほどタチ悪いもんないわー。ないわー。ないわー！
-1	教える時間無いから出来る人呼んで来てもらったんじゃん！じゃん！包装出来るって言ったんでしょ？しょ？
0	RT @Expedia_Japan: 【フォロー＆RTキャンペーン実施中】 ① @Expedia_Japan をフォロー ②この投稿をRT 9,446RT達成で1組2名様に★ロンドン旅行★が当たる♪ #Skytraveler http://t.co/1x7PfaP3gQ htt…
0	玉ねぎソースをファミマのフランクフルトに添えて http://t.co/O2i1yUeoof
1	ルフトハンザかわいいー！
0	@seuche2000 私ベイブルースのラジオ聴いてたわー。
1	@seuche2000 それも聴いてたわｗｗ　その裏の…真夜なかん!かん!“過激団”がメインだったけどな(* ´_ゝ｀)
1	@seuche2000 売れない吉本芸人（現：ワハハ本舗のコラアゲンはいごうまん）と種裏マサオって歌手がやってたいい意味で酷いラジオだったんよｗ　私はこのラジオで正確歪んだ自覚がある♪　http://t.co/DDHsp6IQzL　ちなみに夫婦きどりの作詞作曲がこの種裏さんなんだ
1	ベイブルースの「夫婦きどり」が配信決定 - お笑いナタリー http://t.co/DDHsp6IQzL　懐かしくて泣ける。。。。
-1	有馬温泉高くて高くて…。一泊するほどの距離じゃ全く無いのがより高く感じるんだよぉ
-1	毎日悩むの疲れてきたから、お安い神戸のホテル予約した！安すぎて不安(๑•́ ₃ •̀๑)/
0	有馬温泉が高すぎてやる気なくすよね♡
-1	かえりたい。仕事つらいわー！
0	けっぱれにゅーかっそー
-1	先週のニューカッスルの記憶なんて無いもんね。
0	マックス・アーロンの髪の毛くりくりかわいいな♡それでフットルースとか卑怯！
0	antofedenocerinoさんの写真 http://t.co/QXqbclk4Nm リスかw
0	すいすー！すいすー！てれびですいすーー！
0	お家賃高い。だがスイスに住みたいな
0	ミグロ来たー♡
0	レシュティ明日作ろー
0	ウズベキスタン。直行便あるんだ！
0	RT @Svnao: ネコにちゅーして前脚で「めっ」てされるジェレミー・レナー、永遠に観てられる気がする。 http://t.co/r99vghdLkq
0	オフトン見逃した(´；ω；｀)
0	坊主に、坊主にもう一回しようよコフトゥン!!
1	ドーンブッシュ・・・ステップ可愛い!!
1	わ!!!　コフトゥン…SPボレロだ!!　ボレロ大好き!!!!
1	Maxim Kovtun / マキシム・コフトゥン ～ THE ICE 完全版: http://t.co/57ZADnPT8R @YouTubeさんから　腰フリフリコフトゥンまた観たくなったじゃないかー！
-1	頭打ってるのは怖いよ
0	オーサー止めて
0	RT @steel2828: テレ朝の「アクシデント乗り越え出場」と言うテロップ、これはないだろう。
-1	RT @JEFandBARCA: これを美談にして報道する者達が居るという事と、それを疑問なく美談として受け止める層がそれなりのボリュームで確実に存在するという虚しさ。
0	@Dom_gurignon おかえりー。私ははよスイスに帰りたいよ(´；ω；｀)
1	RT @isumi_marines: 日本脳神経外科学会は昨年12月、脳損傷を予防するための提言を発表。「脳震盪を起こしたら、直ちに競技・練習への参加を停止する」「復帰は症状が完全に消失してから徐々に行う」「脳損傷や硬膜下血腫を生じたときは競技に復帰するべきではない」命を守るた…
-1	RT @kayorita: 先日、J SPORTSさんのコラムで脳震盪について書きましたが、脳震盪、頭を強打することの怖さ、知られていないですね・・。羽生選手の件も棄権するべきだと思ったし、決して美談にはしないで欲しいです。http://t.co/BPZvu3CpeP
1	スイスでお世話になったスイス人と日本人カップルさんが神戸に来てくれると！再開楽しみすぎる♡観てて幸せになる素敵な二人なんだな〜
1	笑ってほっぺたが疲れるのって幸せ！
0	RT @night_bird0521: 明日から棄権しなかった羽生くんの話をブラック企業が社員洗脳に利用すると思うと泣けすぎる
0	@naopoem そのセンスを分けて頂きたいです！
0	RT @hulu_japan: 【Chromecast当たる！】#Chromecast の対応を記念して、@hulu_japan をフォローし、#ChromecastでHuluを見たい　をツイートした方の中から抽選で5名様にプレゼント！11/30まで。 http://t.co/…
-1	@Ikurinnn 普段どんだけ顔の筋肉使って無いんだろうと！
1	園子温祭りした良いんで必要以上に疲れた日曜であった。
0	ケイン！
1	RT @lyonsamurai: ジニャックの派手パンツ http://t.co/XrRNbqDzYD
0	RT @kazukazu881: もうAPECがスタートレックにしか見えない。。。 http://t.co/eVVknVAtNo
0	RT @JinKatagiri_now: スタッフです。もうご存知の方もいるかもしれませんが、来週の「踊る踊る踊る！さんま御殿！！」に片桐夫妻で出演します！11/18(火)19:56〜日本テレビにて。お見逃しなく〜！ http://t.co/Di3zGinrDx
0	ぱんつ。週休一日続くと病むわ(๑•́ ₃ •̀๑)
1	@naruha67 無事辿りつけたw?
1	@naruha67 今日は京都泊なの？もし泊まったホテルなるぱん的に素敵ホテルだったらこっそり教えて欲しい♪来月京都旅行するんだー♡
0	@naruha67 行き当たりばったりの弊害w京都満喫できた？？
1	@naruha67 スイスから今度はまた日本に年末年始遊びに来はるのよ！前行けなかった伏見稲荷と伏見の酒蔵には行く予定♪　下鴨神社だいぶ行ってないな〰。候補に入れようそうしようｗ　何か美味しいお店と出会ったりした???
-1	さむぃ！
1	#nowplaying ILLMATIC BABY by ART-SCHOOL http://t.co/WAVaPXswyl 定期的に聴きたくなる。ドーパメイニアですから！高松のアートとドーパンの対バン楽しかったな。
0	八時キックオフだと思ってたよ！！
0	@Ikurinnn そうだ、うっちーさんに聞きたかったの！前京都来てはった時、ホルモンのお店行ってなかった？今度行ってみたいんだけどお店の名前覚えてたら時間がある時に教えて欲しいでござる(*･ω･)*_ _))
0	@Ikurinnn http://t.co/1He3BJ658F　ちょうど私もググった所だったｗ　これはビール進むね!!　これは行きたいｗ　教えてくれてありがとうーーーー!!!!
-1	@nashthecrush 私は玉置浩二に見えて仕方無くて辛い！
0	@nashthecrush http://t.co/pMZymC3pLv　こんなまとめ発見ｗ
0	@nashthecrush それぞれの心の中にそれぞれの香川がいるのである！　玉置浩二の呪縛から解き放たれたい(´；ω；｀)
-1	ドーパンをお外で聴くと無意識に頭フリフリしてまうからやっぱり危険 #nowplaying Naked by DOPING PANDA http://t.co/XmeMTi2ziV
-1	世界ふしぎ発見！！スイスだやっほい(* ´_ゝ｀)　冬場は日本人観光客減って大変って聞いたからそのPRなんかねここんとこの民放スイス特集ラッシュｗ
0	犬！！世界ふしぎ発見に参加してみる。
1	黒柳さん、パーフェクトお願いします。スイスアルプスの旅当ててみせるから！！！
1	@Ikurinnn スイスもいいよー！箱根行ってみたいな〰
0	@Ikurinnn そしてスイスで温泉にも行きましょうｗ　お湯にゆっくりつかりたい〰！！！！
1	@Ikurinnn http://t.co/eyLOE7Z3b8　ここのホテルはリーズナブルだったよｗ　朝食のビュッフェが旨かった。。。近くの工事現場で働いてる人の定宿になってるっぽくてイケメンややマッチョが多くて目の保養も出来た♪
1	連休って素晴らしいな。旅から帰ってきて初の連休！明日も休みとか嬉しすぎる…。さぁ次の連休はいつだろう。多分１カ月以上先だな
0	RT @eigacom: 【250RT】ウェス・アンダーソン監督、テーマパーク建設プランを明かす http://t.co/hJkQuhmTOU #映画 #eiga http://t.co/65IKfCoHam
0	RT @ciel_maomao: ミハルかこいい(*´艸｀*) http://t.co/JhG8UJYJkA
0	ニットの貴公子久しぶりに観たｗ!!!
-1	大変な一日だった。食あたりにしては酷いと父が昨夜最寄りの病気に行ってから。。病院って気が滅入る。そして父の手術が成功してよかった
0	@Ikurinnn ただ待つしかないのも辛いよね。無事緊急手術終わって一息。
1	HuluでNew girl観たし #nowplaying Sweet Darlin' by She &amp; Him http://t.co/VOh5OB2Snf  カラオケに入ってたら良いのにこの曲ー
0	おフトゥン！！！！！！！！！！！！！！！
0	RT @Yatsuiichiro: 【絶対聴こう！】この後22時からいよいよマキタスポーツ＆レキシ＆私やついのNHKFM『音楽ガハハ』放送です！発明の連続のラジオになっております。是非お聴き逃しないように！ http://t.co/tfjJEPaWFk #elekata htt…
0	RT @CharlieCoxRoom: この写真見るたび、アイドル雑誌の表紙飾れるなって思う。＃CharlieCox http://t.co/3XyZ2bHRLU
0	すべてはFになる。地元のちっちゃい書店では文庫本ランキングのかなり上位にいたんだけどドラマ→原作読んでみるべと読んだ人の感想や如何に？
-1	ドラマ化映画化で表紙が。。主演俳優さんやらの写真になるの嫌い。
-1	すべては。。一話以来みてるんだか、犀川センセのひらめく瞬間の演出酷いなw
0	居酒屋茶々 (三宮/居酒屋) http://t.co/iJu0crwPJD
0	どうらくや (三宮/お好み焼き) http://t.co/vOj2P7k7jf
0	たまい (三宮/お好み焼き) http://t.co/vXsQsHyHk6
1	父すこぶる元気で一安心
1	@cherryFmars 当初三週間の入院予定だったのが、退院の予定も早まりそうで♪母の差し入れのみかんモリモリ元気に食べとりました。太って帰ってくるんじゃなかろうかとw
0	RT @1990boys: ズラタンが選んだベスト11。自分を入れてるところが彼らしい。(笑) http://t.co/mDKpEf3Uft
1	ズラタン本当にマックス好きなんだなw
0	@love_doughnut ズラたん側の愛の方が絶対重いと思うのでありますw
0	入った途端に終わってしもうた(；ω；) http://t.co/WwpgULZs7G
0	ひろかさん！
1	久々三宮のアイリッシュパブ行ったけど楽しかった♡
-1	次の休みはいつなのか未定って辛いよねー♡
1	飲まなきゃ飲まないで平気だけど、お外で飲み出したら止まらない癖治さないとな
-1	#nowplaying FUNNY JOURNEY～渚の吐息～ by 風味堂 http://t.co/1gqBj0EEyv  今だに風味堂とロボピッチャーは聞くたびやや若気の至りを思い出して辛いよねー
0	@odacchi_ おつかれさまです♪
0	スイスに嫁ごうかな
0	アボットにきっと間に合わない(；ω；)
0	@odacchi_ 飛ぶの決定？飛ばないの決定？w
0	#nowplaying Best Friend by Foster The People http://t.co/tlSVCQySup
0	@Ikurinnn なかなか桜の時期に行けないんだよねな京都。何時も前後どっちかに寄っちゃう(｡ŏ_ŏ)
0	なばなの里のバスツアー予約しなくちゃ！何故かネットから出来ないんだよな
1	RT @news_lgbt: 今夜9時から1980年代のエイズ問題を描いたHBOフィルム「ザ ノーマル ハート」が日本独占初放送。マーク ラファロ、マット ボマー、ジム パーソンズ、ジュリア ロバーツ等豪華出演陣 。
0	@Ikurinnn ホルモン会！是非合流したい♡
0	スイス風に玉ねぎソースで食らう肉棒♡ http://t.co/TUMtCpw5ii
0	アボット(；ω；)
1	アボットの背中が大好きだよ。髭もぅ
1	@Ikurinnn 好きだけどやや胸焼けw
1	@Ikurinnn いいプリケツだよな♡
0	RT @chicconeri: 男子ファイナル、ハビエル、村良、羽生、町田、コフトン、ヴォロノフ
0	ボロノフ、乳首はがっちりガードしてらっしゃるw
1	RT @sazankuwata: グランプリファイナル男子シングル出場者 コフトゥン（ロシア） フェルナンデス（スペイン） 町田（日本） 無良（日本） ボロノフ（ロシア） 羽生（日本）  ※4位が必要だった羽生は0.15ポイントアボットに勝りNHK杯4位でグランプリファイナル出…
1	RT @JeremyAbbott_FC: エキシビション休憩中のジェレミーです。日本に来られて本当に嬉しかったと言ってました。これは日本のファンの皆さんに向けた笑顔です^^｢みんなとまたすぐに会いたいな！国別に出られるようにシーズン後半頑張るよ！｣だそうですよ♪ http://…
1	mae_meiteさんの写真 http://t.co/9wRn04yjZq 世界一かっこいい背中じゃなかろうか！
0	定時に上がれて驚いた〜♡
-1	ミスト。。ラスト鬱映画は大丈夫だが虫的モンスターが苦手過ぎて辛い
-1	@Ikurinnn とろう♡
-1	夢見が悪くて目が覚めた。怖かった(；ω；)
0	ニンフォマニアック、1と2 分けて公開して欲しかったなー。
0	ホルモン焼きうどんー！ http://t.co/VlAefEczbI
0	ルミナリエ始まってやがった
0	今年も予約してきた！ご予約No.今年も一番〜♡ http://t.co/rCm6m6oQTq
0	@nei_nouさんにGRAND KIRINを贈りました。 #BEERtofriends http://t.co/XXQW8y56wE http://t.co/cDT6k8fnGc
0	おうちにかえりたい！
0	やばい、二週間切ったのに関西観光プランゼロだ。スイスであんだけ楽しませてくれたら楽しませてあげたいし、私も楽しみたいのにー
-1	@Ikurinnn 私服は普通orややイモくさいのが正義だとおもうの！
0	@Ikurinnn ノチェは奥様の着せ替え人形な気がするの！そこ込みでかわええ♡
0	RT @ZLATAN_BOT_NEO2: 相手に囲まれながらもポストプレーをこなすズラタン  #アリ共うぜぇ http://t.co/Qi0Zk1SRB8
1	トゥクタミシェワの漂う姐さん感！かっこいい。そして私はボレロも大好き
0	ジョニー・ウィアーと顔似てるよな
-1	おそロシア！
1	@Ikurinnn エキシ、プーチン華麗にスケーティングまで披露に期待！
1	ハビ！会場の盛り上がりいいね♡あぁ転倒(；ω；)
-1	ハビのこのSPは中毒性があるなぁ。クセになる。ようこんなリズムのとり難そうな曲で滑ろうと思ったもんだー
0	おフトゥン！ボレロすっきゃねん
-1	髪の毛短けば短い方が可愛いよおフトゥン♡
1	結果フライング見してるんだけど、ワグナーさん最高の追い上げだな！かっこよろしい。いい笑顔だー♪
0	@23tter 私の分もとっといて下さい♡
1	@23tter 喋れなくなったうちのTed君が新しいお友達欲しいと！ワンモアトラトライ♪ http://t.co/cluAkHkBRl
0	@23tter しゃべれるTed君は5000円程だったかとwこっちのTed君はまだ喋ってくれるがボリュームが足りない(｡ŏ_ŏ) http://t.co/JwSkDjQDsn
1	トゥクタミシェワのFS。今シーズン女子の中で一番好き！冒頭の盛り上がりが大好き
1	@Ikurinnn キャラクターと個性的なプログラムがハマるとインパクト絶大だよね！ワクワク系だよ♪
0	#nowplaying ロマンティック街道 by キリンジ http://t.co/WOuwFcMLP0 定期的に聴きたくなる
1	#nowplaying Your Song by Alessandro Safina/Ewan McGregor http://t.co/4cQMnsfUQG ちらっと駆け足で昨日のエキシみたけど、フィナーレコレだったよね？ユアンの歌声好きやっぱり！
0	わーいー！アメホラs2ジョセフ・ファインズでてる！
0	お、zipにベイル来る！
0	来週の今頃は関空にお迎え。楽しみだが、緊張してきた
-1	寒過ぎて指先がもげそうだ
1	RT @attractive_bot: Ryan McPartlin アメリカ出身の俳優。 主な作品『チャック』 http://t.co/xAq524Vv7w
1	RT @CharlieCoxRoom: うぉー！！朝起きたらデアデビルの新しい写真出てるーー！！！早く起こしてくれよー！！とりあえず朝ごはん食べて落ち着いてくる。 http://t.co/ovKwG0Peo8
0	RT @grpfan: はてなブログに投稿しました CMソング その1682 トヨタ ReBORN 信長と秀吉 - きになるCMソング (洋楽編) http://t.co/RfpjVTbGV4 http://t.co/uAFjY21ce1
0	やっぱりそうだよね、英国王のスピーチだったよね！
1	ジェペスやっぱかっこいい！
1	短髪にしたらだめだジェペス！かっこよすぎるでござる！
0	RT @tokyopod954: 今更ですが…13日放送分の業務報告です。 東京ポッド許可局 2014年12月13日 第89回「すあま論」 http://t.co/dD7eBo0iWv #tokyopod #radiko #すあま
0	行きたいな、ぱるしねま！ http://t.co/zOsmEq3kS1
0	@Ikurinnn ジェペスいるの知らなくて、まずジェペスが居るのに驚いた！何故私は決勝しか録画してなかったんだー！
0	マンフト観るのいつ振りだろ？
0	いざお迎えに！ http://t.co/F8CbrlTPCa
-1	空港と縁無いからテンションあがるわー。出国してぇ
0	写真を投稿しました http://t.co/cHsjUJOAUv
0	なんだって！ http://t.co/4AJLIjRkmU
0	ベタな事をする週間 http://t.co/488a7f6MzK
1	京友禅体験たのしかった！ http://t.co/PBPB4fBzIk
0	すきなんどす♡ http://t.co/h6AgUZxBjU
0	すきです。伏見稲荷！ http://t.co/jhnJa8MPYe
0	@y0hchan アジェ愛してる！
0	ベタな事しかしない週間 http://t.co/554wO9QAEs
1	ベタでもいいじゃない！ http://t.co/n5lXdRJR98
0	さーわーぁのつぅる〜♪ http://t.co/WgMvJUKDmd
0	すしつくった！ http://t.co/IRHCRHrPlf
1	これたのしかった http://t.co/45ibGNPQha
0	ベタな日本！ http://t.co/Ggp7E4sSFP
-1	帰っちゃった。さみしいな
0	maxoddo76さんの写真 http://t.co/i1tAmJvIc3なんか笑った！和んだ！ありがとう、オッドさん♡
0	お迎えは大好きだが、お見送りは辛い
-1	@naruha67 晴天なのが物悲しさを煽るのです(；ω；) http://t.co/vSII7mVbcF
-1	@naruha67 10日間程！スイスよりその期間寒かったらしいw
-1	@naruha67 京都はスイスより寒かったらしい、あと私の部屋とw 帰ったら帰ったでスイスはマイナス8度の世界らしい！
0	@naruha67 あ、六回目の日本だったらしい(๑´ω`ﾉﾉﾞ✧
0	@naruha67 機会があれば是非w
-1	寂しかろうが、腹が減った(｡ŏ_ŏ)
-1	かなしいが、腹がすいたのだ。 http://t.co/T5rkRUktpz
0	@oddy0811 42と49ならわかるんだけどなー_( •́ ​ω •̀ 」∠)/_
0	デラップ来た♡
0	アロマート君かわゆすなぁ♡ http://t.co/ukN6xd7P48
0	映画初め。そして初元町映画館！ http://t.co/nHIpIyERwt
0	始めての映画館は席の場所決めなかなかしっくり来ないのが悩み。次はもう二列前だな。
0	再びのタン☆カフェ。明日ブンチャー作るんだー http://t.co/C51tJlMek9
0	トム・アット・ザ・ファームやっと観た。明日のパスタはアルデンテなんか思い出した！
0	春にまたスイスから日本に来てくれるかも疑惑!!　GWは外して貰えると尚嬉しいな、人ごみ怖い！
0	自家製ピクルス - ホーチミン暮らし - Yahoo!ブログ http://t.co/FqyHXxjQUa
0	RT @yuukikouhei: ポルトガル紙O Jogoによれば、ニューカッスルがスポルティングのディエゴ・カペル獲得に興味。　#yuukifoot
0	ディエゴ・カペルの現在の頭髪具合が気になる!!!!!
-1	スイスフラン。。。スイス行くの恐い(´；ω；｀)
-1	http://t.co/5mgq5gFVbx　スイスフラン、記念にキャプった。　おそろスイス(´･ω･｀)
-1	１スイスフランちゃん、132円。有料トイレ一回132円とか辛いなーｗ
0	@moto_ei
-1	今更ゴーン・ガールが観たいんだ。9:10 の回しか無いんだ。仕事行くより家出たの早い寒いやや帰りたい！
-1	ゴーン・ガール、これはレイトで観たかったな！朝一に観たいタイプの映画ではやっぱり無かった♡
0	@steel2828 見逃した！！イケメンクロアチア人観たかった｡・(ﾉД`)・｡
0	パッタイ(๑´ω`ﾉﾉﾞ✧パッタイ(๑´ω`ﾉﾉﾞ✧ http://t.co/Fhm8c2Ho1e
0	六番行って正解だった♪
0	りんつー！ http://t.co/L5VG7CcFim
1	@Ikurinnn 美味しいよね♪リンツのチョコって全部スイス製だと思ってたんだけど種類によってはイタリアだったりドイツだったりアメリカ産だったりと勉強になったw
1	@Ikurinnn またスイスのスーパー行きたい！チョココーナーとヨーグルトコーナーが充実しすぎてて見てるだけで楽しいもん。ヨーグルト食いたい(｡ŏ_ŏ)
0	クッキーを焼いている。たまにお菓子作りたくなるのは何故なのだろう？
0	クッキー焼けたー http://t.co/zXaAfIek2A
0	ただいま、J Sports!!!
0	お久しぶりのスパーズさん！
0	エリクセンの毛上手く定着してるようで何より
-1	@kuro3_foot お久しぶりにスパーズに帰ってきたざます！私の中では彼のイメージはまだ儚げな頭髪君の方が勝ってる(๑´ω`ﾉﾉﾞ✧
0	ロリスはやはり神♡
0	全米フィギュア(๑´ω`ﾉﾉﾞ✧全米フィギュア(๑´ω`ﾉﾉﾞ✧
0	あぼー！
0	Jスポさんのフィギュアは落ち着いて観れていいなぁ〜♪
0	@23tter 何がオススメ？ハンニバルシーズン2待ちなのだ！
1	@23tter じゃ、次はハンニバル行こう♡ホワイトチャペルは面白いよ！
0	あーせなるのごーるきーぱー誰だ。時の流れをひしひしとー
0	エジルの髪型イラっと来る♡
0	じるーしっかり蹴ろうや
0	RT @maxwellscherrer: Merci à tous et à toutes pour vos questions!! #AskMaxwell #Maxwell17
-1	あすくまっくすなんてやってたのか(｡ŏ_ŏ)参加したかったぁ
0	きたこれ！
0	ケイン！！ はよ終われ！
1	気持ち良く寝れすなー！
0	私がLIVEでスパーズさん観るとここんとこ負けてばっかりだったので観るの怖かったけど観てよかったよ！
0	Huluにコッホ先生と僕らの革命来てるー！やっと観れる！
1	リッポン!!　リッポン!!　いいリッポンだー!!!
0	@Ikurinnn この丈のズボンの可愛さは異常だよねｗｗそして卑怯!!
1	砂漠でサーモンフィッシング観る!!!　ユアン可愛いランキングかなり上位に位置する映画だよね(*´д｀*)
0	@Ikurinnn お風呂に入れない♡
0	RT @SoccerKingJP: 【HAPPY BIRTHDAY】本日2月11日、ハンブルガーSV（@HSV）のラファエル・ファン・デル・ファールトが32歳の誕生日を迎えました。おめでとうございます！ #HBD http://t.co/CefDt7z3FZ http://t.…
0	マックス・アーロンのエキシハビのショートの曲なんだなw
1	アーロンの子犬のような髪型くぁわいいわぁ♡わかって狙ってやってる感ハラたつがかわいいもんはかわいいねん
0	#nowplaying nothin' by DOPING PANDA http://t.co/q8DxObhNh3 ドーパンのライブ行きたすぎる(｡ŏ_ŏ)
0	ブラウンきた♡
0	ジー！ヒゲだ！
0	ウォーカーどうした(；ω；)
-1	心臓に悪い！
0	テリーの背中チラリいらない！
0	ロリス様！
1	ウォーカー大丈夫なんか？
0	おなかすいた(｡ŏ_ŏ)
0	@Ikurinnn 観戦会したいね(๑´ω`ﾉﾉﾞ✧久しぶりに会いたいでありますよー！
0	セスク嫌いやねん♡
1	@Ikurinnn 酒蔵行こうぜ！楽しいよ♪
0	@Ikurinnn ワロタww
0	エリクセンきめたれ！
0	ソル様ー！
0	CLでは、お、おぱりが勝ち抜けるんだから(；ω；)
1	@Ikurinnn だな！二人でゴール後いちゃつき倒したらいいと思うんだ！
-1	御手洗潔が玉木宏(* ´_ゝ｀)。。。無い、脳内にイメージが無！
-1	石岡くんが堂本光一。無い、脳内で変換できぬ。
0	フジテレビさん、すべてはFになる→御手洗潔さん来たんなら次は作家有栖川有栖あたりくるんじゃなかろうか。館シリーズより予算的に現実的そうだし
0	入ってる(｡ŏ_ŏ)
0	昭和元禄落語心中七巻買えなかったのでふて寝る(｡ŏ_ŏ)
1	@seuche2000 @Ballistic_Cocke @cherryFmars @kiri @Ikurinnn @daichenko9 @noriaki0123 |ω･`)...関西の美味しいお店リストの置き土産頼みます♡お世話になりました！
0	@Ikurinnn @cherryFmars |ω･`)...行きたいのよ、ほんとに！
1	@seuche2000 合わせて美味しいもん食べたいねー！もし上京前に時間あればしましょう宴！
0	昭和元禄落語心中七巻読みたい。紙で読みたいの_( •́ ​ω •̀ 」∠)/_
-1	@kuro3_foot 最近めっきり酒弱くなってん_( •́ ​ω •̀ 」∠)/_
0	@cherryFmars @Ikurinnn (๑´ω`ﾉﾉﾞ✧だんけしぇーん♪
0	@Ikurinnn 気になるw どんな宿だ！うっちーさんリコメンドに外れないとみた♡
0	RT @XDolanJP: グザヴィエ・ドラン『Mommy／マミー』いよいよNHKで3/13(金)に全国に紹介されます！イノッチと有働さんのあさイチでアカデミー賞を沸かせた『セッション』@sessionmovie と一緒に紹介されますので、お見逃しなく！ http://t.co…
1	RT @fukubukuro: みんな揃って良い笑顔で写真におさまるイヌの皆さん。 http://t.co/InyAsfbaw8
-1	近日中にうめだのやまやに行かねばならぬ。大阪遠い_( •́ ​ω •̀ 」∠)/_
0	ウォーカーの鼻ティッシュ♡
1	吠えるケインいいね！
0	誕生日プレゼント何買おうかな。30cmスニーカー探しはもう懲りたし_(:3 」∠)_
0	http://t.co/gWZTwDISbP @youtubeさんから
0	http://t.co/gWZTwDISbP Scoobie doのライブいきたいでござる久々に
1	FLOATIN' GROOVE KEISHI TANAKA 802さんありがとー。朝から元気でた♡
0	RT @lequipe: En 11 journées, Lionel Messi a comblé son retard de 12 buts sur Cristiano Ronaldo (Premium) http://t.co/pBMwriQ1Vl http://t.co…
0	@Ballistic_Cocke いえあ！また一つ歳を重ねたでござる_(:3 」∠)_
0	@kazuma35 ありがとうございまー！大人の階段登りたくない_( •́ ​ω •̀ 」∠)/_
0	@Ballistic_Cocke ありがとうでやんす(๑´ω`ﾉﾉﾞ✧ 自分へのご褒美今からかいにいってくる！
-1	駅のホームで凍死するかと思った。 #nowplaying Back On by Scoobie Do http://t.co/So1013fSMT あまりの寒さに踊りかけたよね！
0	SCOOBIE DO / Back On  Live ＠ EBISU LIQUIDROOM 2009.6.27 ライブ行きたいー_(:3 」∠)_ http://t.co/LvBCeqNhAF
0	三宮雪降っとる(´・ε・｀)
-1	@Ikurinnn 今日は日中の方が寒かった気がするよ！買い物にでたが直ぐ屋内に避難したので何も買えず(´・ω・)
0	お巴里!! ネタバレしちゃったけど今ら録画みるよ♡
0	お巴里、お巴里！
1	マックスと喋ってるエスコートキッズかわいいー♡
0	@Ikurinnn スイスで買ったもの。スーパーで食品、街中で缶ビール、カウベル以上であったw
0	@Ikurinnn 後悔はしてないw 音重視で選んだ♡ http://t.co/J9fZ7KPAvE
1	@Ikurinnn スーパー楽しいよ！ヨーグルト天国だし、ヨーグルトは安いし、ヨーグルトいいよ！ほか馬鹿高いけど(´・ω・)
0	イブラ居なくなっちゃった_( •́ ​ω •̀ 」∠)/_
-1	オスカルのしょーもないイエローわろたw
0	@Ikurinnn 中間で名古屋とかどう？？どっか行こうぜー！
0	ラビオ来るのか！たのしみ巻き毛！
1	ルイスのゴールいいねぇ！！！スカッとするー！
1	チー様の意地いいねぇ！
0	モッタの背中セクシー♡
0	antonocerinoさんの写真 http://t.co/18INzMkGBxきゃわわ！
0	がめいろー♡
0	メガドラ派でした♡ http://t.co/TlEwMXeqcL
0	これはどうしても応援したくなるなるサウサンプトン！
1	ブリントかわいいね。現実逃避したくなるなるー
0	朝からZIPでズーランダー来た♡
0	RT @cinepre_topics: 「インシディアス」(2010年)、「インシディアス 第2章」(2013年)に続く第3作"Insidious: Chapter 3"の予告編が公開されたようだ。 https://t.co/XuEMHDgx6K (The Playlist)
0	おパリさん_( •́ ​ω •̀ 」∠)/_
0	ん？ https://t.co/iDpztGtVyG
0	テレビつけたらロリスが担架
-1	来たー！怖いから大量ゴールお願いしたいヾ(･ε･｀*)
0	来たまた来たよー！
0	パッタイ(๑´ω`ﾉﾉﾞ✧パッタイ(๑´ω`ﾉﾉﾞ✧ https://t.co/1TyAx5Wc0X
1	タイ料理は元町のあっこがやっぱら 美味しいなー。小綺麗な店より！
0	ホタルイカすきですねん。 https://t.co/mCTsKRTkg4
0	マークスの山観るよ！
0	WOWOWさん版見始めたが、ショートカットすげえな初っ端からw
0	メイテちゃんにまにおうた！
1	RT @Jfan_MishaGe: 管理人より：世界選手権男子SPの滑走順と http://t.co/0grD3iWCGj  詳細タイムスケジュールPDFです。 http://t.co/UIoi77i6NR  ジー選手は第4グループの3番目、21番滑走です。
0	おふとぅん最終滑走なのかー
1	佳菜子いい笑顔でよかったねぇ
0	トクタミシェワ姉さんかっこええ♡
0	@Ikurinnn いえあ！！
0	最高だ！！フリーもたのしみ！
0	すげー点数出たww
1	@Ikurinnn いい笑顔であった！
1	おふとぅんかわいいのう
0	髭リッポン♪
0	The Ice 2015日程決まってた！
0	ほじっち忘れてた！
1	ホタルイカが有れば幸せ
0	_(:3 」∠)_フィギュアに移動！
0	ジェイソンにリッポンー！
0	本番も髭ッポン♡
0	来たよー、ジェイソン！
0	おふとぅん｡・(ﾉД`)・｡
0	◆EURO予選◆イブラが珍ゴール　相手ＧＫのキックをヘディング弾 http://t.co/VKgsvtoXv0 イブラスマイルわろた♡
1	カッペリーニ可愛すぎる♡
0	うちに帰りたすぎる
0	失敗をハリボーでごまかすの巻 https://t.co/ANPIRS65IV
0	中国人率はんぱねぇな、ホテル
0	ラスト_(:3 」∠)_ https://t.co/Ss5h9SOxBy
0	いえーい！ https://t.co/htJLELDPxN
0	あい、あむ、ジャパニーズ。※ここ二日間で英語で二回話しかけられた
0	@Ikurinnn まさかの神戸でも！
0	@Ikurinnn それ当たりじゃないか！今から違う神戸のホテルにチェッキンしてくるので中国人率報告します〜
0	一杯目 https://t.co/NHuXhzB8KG
0	二杯目(๑´ω`ﾉﾉﾞ✧ https://t.co/djMRhjLn04
0	3倍目_(:3 」∠)_ https://t.co/etrClZV3Ql
0	ゆる募 京都、晩御飯どころ
0	ほるもんもん https://t.co/f6mb9LgtZu
1	@Ikurinnn おいしそう！今日はホルモンになったので今度行くぜぃ♡
0	@Ikurinnn アジェった♡
0	大炎上。 https://t.co/Mrhi1tMTEy
0	奈良なの https://t.co/a7VQXlOxye
0	やくしじー https://t.co/RggqxgMoJA
0	おかえり、ロリス！
0	COYS!!!!
0	まやや！
0	RT @footy_bum_bot: ブリーフ露出狂Mirko Vucinicのブリーフ尻 http://t.co/4FrrGJ4gtp
0	ソル様きたー
0	Super dry meets Super dry !!!! https://t.co/KY6LD3rTaF
-1	フィンエアー日本人旅客率低いな
0	前倒しのGW終わっちゃった
1	_( •́ ​ω •̀ 」∠)/_  だがお見送り後でよかった https://t.co/FYPeQxCrYC
0	RT @moto_ei: 「ハイテンション映画祭」今日から開幕！90年代ミニシアターを代表する『トレインスポッティング』がスクリーンに帰ってくる！5/4月17:00〜、5/5火19:10〜、5/8金17:00〜の3回上映。サントラも最高です。お観逃しなくー！ http://t.…
0	トレスポ映画館で観たいな。もれなくGW関係ないけどね、今年も！前以て休み倒したから文句は言えないが_( •́ ​ω •̀ 」∠)/_
0	RT @CharlieCoxRoom: 久々にメイキングシーンまで観ちゃおうかな。#Stardust #CharlieCox http://t.co/VCL5P4vyNh
0	入ってない！のか？
1	ニンフォマニアック1&amp;2続けざまに観たが流石に疲れた！四時間かけてのあのラストw読めるっちゃ読める展開だが色々麻痺して笑っちゃったわ
1	神戸では1&amp;2確か公開同時だったはず。予定合わず行けなかったけど、映画館で観てたらもっと疲れただろうな。アヒルすっきゃねん、ジェイミー・ベルすっきゃねん。サイレント・ダックだけ記憶から抹消したい！
1	映画おわりのふぁんぺるしーさんのPK決まらずからの流れ楽しかった。目が冴えた
1	@Ballistic_Cocke ラスト15分程しか観てないがちょう楽しかったw
1	@Ballistic_Cocke ハイライトでは味わえないフットボールの醍醐味を堪能したでござる。15分程だけどね♪
0	ポニテレッティ、ベンチに居る！
0	@Ikurinnn 動いてるの久しぶりにみたよ。泣けるー！
0	おバカな映画を心から欲している
0	RT @Kohaku_Noko: 16GBのUSBメモリプレゼント！  ＿人人人人＿ ＞ 超10GB ＜ ￣^Y^Y^Y^Y￣ http://t.co/3Ar62wzB4A
1	クラッキー十二国記きたー！
1	市会議員だか、立候補したら知り合い多いから絶対当選するわと雑談しておられる職場のママさんが目前に居るのだが、その知り合い全部が自分に投票すると思ってる辺りが私がその人を凄く苦手なポイント
-1	めんどくせーわ
0	ドランは絶対映画館で観たいのでMommy仕事終わりに観てきた。多分本年度ベストだわこりゃ
1	正方形のフレームの中に満ちた閉塞感からのオアシスのWonderwall, フレームの拡張！爽快だったな。その中にも不穏な影は見え隠れしてるし。一時の幸せの瞬間だと思うと先を思って涙がでたよ、Mommy
1	泣きながらも体はwonder wallでノリノリだったけどな！
-1	ワンダーウォールが使われてるのは知ってたが、思いの外物語の流れ映像もあってぐっと来たなぁ。ドランは何時も音楽も卑怯
0	思ってた以上スパーズさんボロ負けだたった。テレビつけたらハイライト
0	続サーモンまつり https://t.co/sX88HaSShQ
0	帰宅テレビぽち、シャドリきたー！ユニなんだ？
0	緑のキーパーユニかわいな！
0	ローズどうした！
0	わろた！！
0	「プライドと偏見とゾンビ（仮題）」にCheck-inしました。 http://t.co/RWBTy1dpnf
0	パロアルト・ストーリー、音楽ロバート・シュワルツマンなんだ！コッポラ映画なんな、納得
0	本日一本目 アルプス 天空の交響曲観る！ https://t.co/sDbZ3895S8
0	今日もタンカフェ。蒸し春巻きセットなり https://t.co/Su60Ny8fuA
1	セッション観てきた！ターナー、素晴らしき萌キャラだわ♡
1	本日二本目！なんだよー、普通に楽しかったなセッション！ https://t.co/B9OahPkcss
0	antonocerinoさんの写真 http://t.co/TsE1uF6MS0ひゃはん♡
-1	イタリア代表、女性陣の歌声は控えめなのかw さみしい！
0	RT @paloalto_story: ジア・コッポラが製作しましたファッションブランド「オープニング・セレモニー」のプロモーションフィルムです！！曲はジェイソン・シュワルツマンの「Is This Sound Okay?」「パロアルト・ストーリー」でも楽曲を提供してます！ ht…
1	TSUTAYAさんで映画借りてるのに、huluさんでユートピア観出したら面白くて止まらない！フィンチャーのリメイクたのしみだわこりゃ
0	仕事終わりに映画館行くのがいっちゃん好きだが職場と都会が正反対なのがつらい。が、映画です映画です。
0	開場した！なかなか人来ない。1人か？1人ではなかったー！
0	イギリスの炭鉱映画はほんと外れがないな。「パレードへようこそ」人生ベストの映画だ。久しぶりにエンドロール手前で笑顔と最後に訪れる悲しみの気配で号泣したよ！素晴らしき映画！ビル・ナイは卑怯だー！
1	Fromウェールズからロンドンにやって来るお洒落したお上りさん軍団可愛かったなー。ゲイポルノ雑誌やら...やらではしゃいでるおばさま達のパワフルさたるや！一方の恋人たちの図、アンドリュー・スコットの可愛さったらなかったな。あんな風に私も甘えたい！
-1	炭鉱つながりでリトル・ダンサーみるか、アンドリュー・スコットつながりでシャーロック観るか、マイクなジョセフ・ギルガン繋がりでミスフィッツ観るか悩む。てかミスフィッツのどれだギルガン君？
0	plushenkoofficialさんの写真 http://t.co/Iy78wpOTs8 似合うな、サッカーユニも♪
-1	#nowplaying Echoes by The Rapture http://t.co/mdg3f2uzW7 右端か！S3は一話で挫折したからあんま覚えてない。左の子はutopiaの不幸な人だよねやっぱり http://t.co/E4VsMi42Ri
0	ロンドン行きたいなやっぱり。スイスとくっつけちゃおかな、1人では行っちゃおうかな。
0	パレードへようこそ、パルシネマでかかりそうだな。もっかい観たい
-1	昼から飲むむー 餃子の皮万能で怖い https://t.co/ii1rwHRoNt
0	はじめてＣＨＩＮＡ　ＭＡＰＬＥ　ＣＡＦＥ　明楓 が営業しとる日に前通った！ https://t.co/IzVk1FE9V3
1	はじめてＣＨＩＮＡ　ＭＡＰＬＥ　ＣＡＦＥ　明楓 が営業しとる日に前通った！布豆腐ってはじめて食べたけど うまうま https://t.co/IzVk1FE9V3
1	ラキティッチのゴールは嬉しいけど、CLの決勝なかったこのにするのだ(；ω；)
0	メダルちゃっと外しちゃうボヌに涙｡・(ﾉД`)・｡
0	バレーボール男子フランス代表テラ目の保養(๑´ω`ﾉﾉﾞ✧
0	ヌガペトさんがセクシー過ぎる♡
0	@seuche2000 http://t.co/jIxDHhtaY6 私今これの到着待ち
0	The ICEアボットとリッポン決まってたのか。
-1	@seuche2000 週末読むつもりだったのに届かずで切なかったよ(；ω；)
1	ヒツジもうれしいと尻尾を振る。撫でるとうれプルするかわいい子ヒツジたち : カラパイア http://t.co/3YHfR5EJUl
0	prairiedogpackさんの写真 http://t.co/3P5q3g5db0 ほっこり
0	RT @ayumillust: About Xavier Dolan Ayumi! Exhibition 2015.7.4sat-7.31fri 元町映画館にて  グザヴィエ・ドラン全作品のイラスト展 トム・アット・ザ・ファームのように過去に描いた作品も展示予定🎨 http:/…
0	なんかこんな試合スパーズで観た事ある
1	@Ikurinnn 懐かしすなあw
1	松木だけが面白いわー
0	昨日のラストコップ観てるけど、ファーストシーンだけオリジナルまんまで笑えるw なんかマイルドになってるな♪
0	雲田はるこ&amp;小林ゆうのダブルサイン会開催！「落語心中」8巻特装版記念し - コミックナタリー http://t.co/7slqOsdIap
0	声の人は存じ上げないのだが、雲田はるこさんのサイン欲しいな(｡ŏ_ŏ)
1	RT @CharlieCoxRoom: 可愛いのう～✿　#CharlieCox #HelloCarter ＃チャーリーコックス http://t.co/tQcpLyyrgb
1	顔のパーツがまるっこいチャーリー・コックスが恋しい。スターダスト観ようそうしよう
1	@CharlieCoxRoom こっそり胸毛も恋しいです♡
0	@CharlieCoxRoom あの童顔と胸毛のギャップがツボですよね♪
0	スターダスト。いつもメイキングやら特典映像観ちゃうからなかなか本編に行けない！
0	前髪下ろしてる！ややさみしげなアレだがデコだしてる方がかわいいよ、ラキティッチ君。明日去年のEL決勝みよっと
0	RT @javierfernandez: Tomorrow day 22/06/2015 I'll be in the Japanese TV show call "Shabekuri 007" at the NIPPON TV with my… https://t.co/3q…
1	盛大にハビのろけるんだろうなー
0	#chesthairdontcare インスタ、胸毛タグ多数あるんだなw
0	しゃべくり次ジェイソン・ブラウン呼ぼう！
0	@Ikurinnn うちもそれ思ったw
-1	@Ikurinnn 怖いよサルモネラ！だもんねぇー
1	勝ったのか！よかった！
1	ロキのデコはかわいい。うぬ。
0	RT @goal_fun: 主審のメモ帳を破り捨てたデンプシー、カップ戦で２年間の出場停止に http://t.co/4YYPSTFkPa
0	@CharlieCoxRoom ですねw まるっこいデコよりひらべったいデコのほうがロキ度が高い気がしますw とは言えチャーリーロキも観たかったなー
1	@CharlieCoxRoom まるっこいデコ全開黒髪オールバックチャーリー、想像したらかわいいですよね♡ クールビューティーなはずなのにそこはかとなく残念なムードを醸し出すトムヒロキは当たり役としか言えないw
0	大人買い！ヒューズ中佐ってこんな早々に離脱してたんだっけと今四巻(；ω；) https://t.co/fADapoHN0j
0	鋼の錬金術師読み終わっちゃった。一度読んでるのに、最後とハボック再登場シーンは泣いちゃう(；ω；)
1	RT @gigazine: 鳥獣戯画のモチーフをぺたぺた配置するだけで簡単に絵巻物っぽい画像を作成できる「鳥獣戯画制作キット」 http://t.co/JFNPn30MVb http://t.co/QXOzxHWSuM
0	音尾くんきたー！
0	リーダー声でかいw
1	岩渕観てて楽しいなー！
0	すげー展開！！！！！！
1	完全に入ってる！
0	持ってる、なでしこ！
1	なんたる勝負強さ。てか勝利を引き付ける強さってかな
0	イングランドの監督の雰囲気ええな。オウンした子抱きしめに行きたい(；ω；)
0	いざ、チャーンビールの宴！ https://t.co/FrO5oZQLvs
0	アリゴっぽいの作った。次はちゃんとのびるナチュラルチーズこうて作ろう https://t.co/VVtyqyrSbq
0	@steel2828 やっと、昨日チャーンビール買いに行けたので初着用いたしましたー！あざっす(๑´ω`ﾉﾉﾞ
1	かわいいよなー http://t.co/8F1jBLGYHl
0	何の気なしにHuluでセブンティーン・アゲイン観てるけどハンター・パリッシュでてるー！
0	RT @CalciAmici: [Fch] ミラン、コロンビア代表FWバッカ獲得を正式発表 http://t.co/A1COxPHNPo
-1	RT @cinepre_topics: セス・グレアム=スミスの小説「高慢と偏見とゾンビ」に基づく、バー・スティアーズ監督、リリー・ジェイムズ、サム・ライリーら共演"Pride and Prejudice and Zombies"からの写真が公開されたようだ。 http://t…
0	#nowplaying Uncovered by DOPING PANDA http://t.co/iPU2wuaAWL かむとぅげーざー、らぁーぃなぁーぅ。ドーパンのライブ行きたい。再結成してくれ
-1	RT @ontheradioevery: KenさんがMステに出ると聞いて、かなり前にDOPING PANDAというバンドがMステに出て 「このなまぬるい日本の音楽シーンに平手打ちをしにきました」 と言い放ったことを思い出した
0	@Ikurinnn お近くなら一緒に行きたいところだー！
0	あいぽん、初めてリカバリー画面遭遇して泣きそうだった(；ω；)何故今日。
0	Apple Musicが楽しすぎて辛い！
0	#nowplaying I'm Shakin' by ルーニー http://t.co/7oghB08GmE ロバートこの頃ギリ美少年！
1	#nowplaying Bright Lights, Big City by Bright Lights, Big City Cast http://t.co/qJVfpwvjmc ぱとりっくうぃるそん！！中々ミュージカルのサントラ買うのは勇気がいるのでこれは嬉しい。
0	glassofwhiskeyさんの写真 https://t.co/YEL9IWrSZAきゃわわ！
0	johnnygweirさんの写真 https://t.co/BGuLm13tfkわろた！
1	世界ふしぎ発見スイスで嬉しいなー
1	どんより曇り空ツェルマット。なんやかんや快晴つづきで私運良かったんだな
0	職場でのみ食欲が失せる
0	初iHerb!!おいでませー！ https://t.co/IFL94djKp9
-1	@kainushi91 辛いよね♡ 昼ご飯はアイスコーヒーとペプシストロングでした♪
1	@uuuuuuuko 私が産まれて初めて恋したモジャはタイジ♪中二であった。
0	@uuuuuuuko シアターブルックみたいー！一回しかライブ行ったことないんだ_( •́ ​ω •̀ 」∠)/_
1	@uuuuuuuko 古いアルバムしか聴いてないけど、好きだよ！シアターブルック辺りが私がメイン街道から逸れた原因だと思う♪ お久しぶりぶりー！
1	spursofficialさんの写真 https://t.co/UNPka2F9p6 もすこし小さいフォントor大きい紙希望
0	ashwagner2010さんの写真 https://t.co/1cJX7CfKRe アボかわええ♡
0	@Ikurinnn ｡・(ﾉД`)・｡
-1	スペース・ステーション76を観てる訳だが、パトリック・ウィルソンなんか残念な男を演じさせるとはまるなぁ〜
-1	スイス行きの航空券そろそろ手配しないと。旅慣れて無いから不安でナーバスになってしまう
1	RT @rakugoshinju: ◉新！◉8月7日(金)に発売となる「昭和元禄落語心中」原作コミックス第8巻特装版に付属となるOAD下巻「与太郎放浪篇・後編」のビジュアルが公開！「与太郎篇・後編」先行カットも公開！詳細→http://t.co/le5b9Y8YNw http:…
0	idreamofjeremyさんの写真 https://t.co/ry9u5HXxi2 きゃわわ！
1	RT @janesu112: 「喉が渇くまえにこまめに水分を…」のメッセージが脳内に深く刻み込まれた結果、一日中室内で仕事をしているのに水を飲みまくりトイレに行きまくっている。
1	bonuccileo19さんの写真 https://t.co/V23FT4Bvno いい胸毛
0	ユニクロのSTAT WATS Tシャツかわゆす！ https://t.co/yBZdXdNi4A
1	バックプリントもかわいい。Tシャツほとんど着ないのに買ってしもうた。 https://t.co/ZqLrun6WwM
-1	航空券手配完了。お安いとこで確保しようと欲張り予定滞在日数ややオーバーする罠にまた嵌り
-1	トムヒの吹き替えって平川大輔なの？吹き替えで見た事無いから知らなかった！想像すると超違和感！
0	日傘忘れたから日が沈むまでサイゼるのだ。田舎職場帰りの選択肢なさすぎて辛いたまには好きだよサイゼリアだけどー
0	オーダーした時はお腹空いテル気がしてたの。
0	@Ikurinnn 鞄の中に手帳とか冊子類入れてない？ひょっこり財布から滑り落ちて挟まってた事あるよ私。見つかりますように！
-1	@Ikurinnn うちは全部カード類止めて1年後に財布出てきて事あるよ｡・(ﾉД`)・｡ 年始にキャッシュカードも無くしたもんでお金下ろせなくて大変だった。警察には連絡した？
0	スイス滞在中、5日ほど日中一人だから二泊三日ほどどっか国外行きたい。どこにしよう(๑•́ ₃ •̀๑)
-1	@steel2828 @Ikurinnn CLの組み合わせと日程次第でおパリ行きたいと思いつつホテル高いよパリで迷走してます(｡ŏ_ŏ)北欧行きたいがやや遠いな。フィンエアーなので空港で我慢。そして現実的なのがドイツ、ケルン行きたい！チューリヒから割に遠いのな｡・(ﾉД`)・
1	@steel2828 プラハもずっと行きたくて！まだスイスまでの航空券とっただけでノープラン。そっか、リヒテンシュタイン経由してオーストリアも有りか。夢が膨らみます♡CL第2節丁度お一人様なんでドロー結果と合わせて予定たてます！
0	CL第2節が初現地サッカー観戦絶好の日程なんだよなー。ベルン行きたいし、ヤングボーイズ頑張ってほしいな。
-1	@Ikurinnn CLのドローがこんなに緊張するの初めてかもw スイス、ドイツとなりじゃん！ドイツならケルン大聖堂観たい！や、けっこう遠いのな←今ココ笑 ヤングボーイズとバーゼルに頑張って本戦でてもらってスイスで初生観戦案も視野に入れてドロー待つよ！
1	地球の歩き方スイスどこ行ったー！各国主要都市アクセス分かりやすかった筈なんだな。鉄は熱いうちに打ちたい！
0	@Ikurinnn @cd_okaji アドバイスありがとうございます！前回のスイスが初海外。行くだけで精一杯着いたその日にバーゼルリバプールCLあると気付けども時既に遅しで。今回はサッカー観戦もしたいな折角の機会だし！
0	RT @CharlieCoxRoom: 海外の男性はやっぱ上半身裸で寝るのが普通なのか？チャーリーもそうらしいけど…。 http://t.co/jhvuDqyjlY
1	フレンチアルプスで起きたこと、やっと観てきた！男(父親)はこうあるべき、こうあって欲しい、こうあらねば、自分はこうである筈。アクシデントが起こった後幸せそうに見える家族に漂う綻びが段々大きくなって行く様子が只々痛々しかったよね！
-1	フレンチアルプスで起きたこと。観てたらゴーンガールが頭をよぎる訳だが、あっちは"事件"が起きる訳さ。エイミー怖いよ、いやエイミー頑張れよと応援してみたり？エンターテイメント性抜群な訳さ！フレンチアルプスは事件じゃ無いよね、アクシデントな訳で...
-1	...そのアクシデントも冒頭で全員無事。その後何の事件も起きてない分息苦しさったら無かったよね！旦那さんもアレだが嫁も面倒くさいったら無いし。二人の嫌な部分を多大に持ち合わせてる私は深く考えるとしんどいからブラックコメディとして楽しんだよ！雪山綺麗だし映画館で観れてよかった！
1	@Ikurinnn 涼しい時期に中間地点で落ち合い旅行しようぜー！もし関西来る予定あって時間あれば連絡してね♪会いたいです！
0	@Ikurinnn いえーい！もし余裕があれば神戸も来て♪酒蔵巡りしようぜ！
1	@Ikurinnn 今の職場で働いてたら確実に休みに取れるよ！(ギフトシーズンはシフト制なのです) ぼちぼち脱現職場活動してるから確実に休みに取れるとは言え無いんだけど。夜はいつでも行ける筈♪
0	RT @Apfel_Swiss: ブログを更新しました → スイスの街角から : TGVリリア（Lyria）に乗って、弾丸パリ1泊旅行 ♪ http://t.co/Rj9XLpHNZT
1	うわぁ、タイミングが良すぎる。パリが私を呼んでるのかしら
0	RT @CharlieCoxRoom: Netflixが9月2日にスタート、「デアデビル」や「テラスハウス」新作など配信 - 映画ナタリー http://t.co/nDYFIqsJN7
0	エレファントソング、なかなかの入り
1	2ヶ月振り位の2連休なんだけど、やっぱり連休って素晴らしい(๑•́ ₃ •̀๑)/
0	のんでる。 https://t.co/ZeN3jf1syQ
0	朝からワールドエンドスーパーノヴァきた！今くるり聴いてないけど影響受けまくった曲そしてアルバムだー！
0	RT @rakugoshinju: 本日は「昭和元禄落語心中」コミックス最新8巻の発売日です！特装版には、オリジナルアニメーション「与太郎放浪篇・前編」を収録したDVD付き！ぜひお手に取ってください！！そして正午頃には新たな朗報も…⁈ https://t.co/kgL5klr4…
0	RT @currywurstjp: 8月最初のWSDはマルコ・ロイス♩先着1名様どうぞ！ http://t.co/Fn6DfVoEsu
-1	iherb出荷メール来ないからちょいヒヤヒヤしてたら何の事無い注文翌日に出荷、さっきロスから飛び立ったらしい！リポソームビタミンCがお高かったので必要最低限しか注文して無いけど楽しみ♪
1	仰天ニュースの再現VTRのフィリップかわええ！そんな訳で今日はフィリップ君を愛してるを久々に観よう。ユアンフィリップはもっと可愛いもんね！
0	おおー、フィリップ氏来る！
-1	RT @Fuumin: 「フィリップ、きみを愛してる！」原作本によるとこの緑インクペン手術着で脱走した時の短い逢瀬、二人はブラック・リムジンで逃げて、中では「プリティ・ウーマン」を見てたんだそうですよｗ　＃仰天ニュース
0	@seuche2000 八雲と助六編がドラマチック過ぎて！アニメは楽しみだけど怖いなぁ
0	mrancelottiさんの写真 https://t.co/qsAwXQGAff 他新たな松方キタコレ
-1	予定がぽっかり急に空いちゃった。旅行要るもの買い物行くにも神戸ときめき商品券月曜に買ってそれで揃えるつもりだしなー。チェックだけするかなー。暑いなー。昨日は家でのんびりしたし動かねばー
1	@CharlieCoxRoom もう少しプニプニしてくれてもいいのよチャーリー！そしてややプニおなかを摘ませて下さい_(:3 」∠)_
0	@CharlieCoxRoom むきむきチャーリーも楽しみなんですけどね♡
0	RT @sizuku0322: 【速報】ポルコ・ロッソがカツサンド食ってる #c88コスプレ http://t.co/gBFnirkrdP
1	神戸ときめき商品券、母と綿密な(且つ穴だらけな)打ち合わせの上ハーバーランドにやって来た訳だが大正解。販売場所多いし、屋内だし、無事整理券ゲット♡
1	@yuiksd22 すみません、私は整理券をもらってその場を離れたのでわかりません。販売場所が割にエリア内に多くて人が分散したためか割に買いやすいエリアだったのかもしれませんね。
0	RT @fz90_nowork: 神戸ときめき商品券とかいう夏休みの朝に親が子供起こさせて同行させるやつ
1	@yuiksd22 無事ゲットされましたか？何処に買いに行くか、運に左右されますねぇ。次回もし有れば、西宮市の様に事前申し込み抽選にして欲しいなと本当思います。
1	私は買えてよかった訳だが、神戸ときめき商品券売り方杜撰だよな。1人で販売場所ハシゴして買える仕組みだし運が良ければ。一番買い漁ったら人は何冊いったのか興味ある
0	CLプレーオフ、バーゼルは明日か。本戦出て欲しいなー
0	スイスまで一ヶ月だ
0	adarippさんの写真 https://t.co/GytxeOl30p リッポン痩せすぎ(｡ŏ_ŏ)
-1	休憩所の荷物置きに、小さな鞄を置いてたらタバコ箱ごと盗まれた。タバコケースがライターで閉まらなくて口開いてたんだよね。軽く引くわー、私も悪いんだが
0	@kainushi91 yes;-)
0	RT @CharlieCoxRoom: 『デアデビル』配信まであと3日！！！＃チャーリーコックス http://t.co/ZRTvlZgHYY
-1	アウェイで料理するの超苦手な訳で。スイスに調味料何もってくべきかなー。電子レンジ無いの辛い
0	lukam10さんの写真 https://t.co/U7aY0441iHマトリョーシカT超欲しい！
1	ノチェリーノはまだミランの子ですかな。ズラタンのっちぇんコンビ楽しかったな。あん時みたいにまた輝いて欲しい
0	8月末までVIPお試し期間割中だったiHerbさんから出荷メールやっと来た！8/31注文みんな滑り込み買いしてたのか出荷まで時間かかったなぁ。はよこい〜
0	男子ワールドカップバレー開幕♡
0	昨日は見逃したしな。
0	@Ikurinnn イタリアとアルゼンチン押し♡
1	男子バレーは展開が早くて好き！
0	イタリア勝ってるー♪
0	旅立つ前にあいぽん6sにしたかったけど25日発売日本居ない。あいぽん六にするしかないなー。バッテリー含め5さん不安すぎる。大きいサイズやだなー
0	@ogako_dyol 最近iherbデビューし3度目の注文が先日届きました！欲しいものがあり過ぎて手探りながらiherb生活を楽しむ毎日です。一周年おめでとうございます。写真も綺麗文章も読みやすく、日々更新楽しみにしてます。プレゼントの記事拝見しました。是非応募させてください！
0	ペリーかわゆす！
0	人生初、リベロに胸キュン！
0	オーストラリアたんの心が折れた音が聞こえた
0	もすこしペリー見たかった！
1	録画してたバレーボールみてるけど、カナダの9番さんの奔放な脇毛がちらつき過ぎて！
1	今月のmy little boxはNUXEのオイルサンプル入ってるみたいだなー。私のにも入ってるといいな！
-1	ザイツェフたのしみ！トサカ無いの寂しいけど！
1	もっと元気よくイタリア国歌歌って欲しいー
0	@kerotaka 求む、ブッフォン的歌唱リーダーですねw
0	ザイツェフきたーー
0	鈴木はとてもクラウチっぽい
0	Dr.ハウスみたいな人居るなw
1	こんな絶妙に微妙過ぎるタイミングであいぽん6デビュー。でかい。でかい。すとれす！
-1	@Suicassima シリコンケース買ったよ、気に入ったのに出会えるまでの繋ぎで:-)手帳タイプは豊富なのにシリコンケース少なくてびっくりした！iPod時代からずっとシリコンケースだから他のタイプはつるっと滑りそうで怖いでかいしあいぽん6。。
1	@Suicassima 選択肢が昨日は少なくて、まっ黄色のケースが目に眩しい(；ω；) つなぎだから良いけど気にいる頑丈なケースに出会えるといいな〜
1	わーい！すっごく嬉しいDMが届いてた❤️
0	日本第一セットとった！！お風呂はよ入りたいからこれで流れに乗ってくれ♪
0	ローマにディニュっぽい子居ると思ったらディニュだったでござる！
1	バルサから出場機会求めてパリに移籍したらマックスが、のちにパリに移籍してきた、ディニュからもポジション守ってそのディニュがローマに移籍してバルサと戦ってるとかなんか胸熱。マックスはほんと移籍してよかったなあ。そしてディニュは成長しておパリに帰って来たらいいな〜
-1	地球の歩き方にブックカバー作ってみた。パッキング苦手すぎて現実逃避 https://t.co/ZAmkv1drSB
1	フィンたんタグかわいい https://t.co/bDSRrUWwE6
0	@Ikurinnn やー！一人だけ手荷物でかくて恥ずかしいなう。なう！
1	お世話になります。関空は今日もいいね天気 https://t.co/2hu5Zuaknv
0	超満席ムード
1	ヘルシンキ着いた！かわいい子供だらけでテンションあがる。子供のブロンドサラ毛は正義だ
0	スイス街中はややひやっとで過ごしやすくていいね！
0	念願の！ https://t.co/Yjy1PaMnXe
-1	奈良に行ってきました(嘘) 奈良の鹿は凶暴だったんだと学びました。 https://t.co/K4I4gArHcf
-1	来週は一人でバスのるんだ！怖い https://t.co/j8LWKktXoV
0	スイスのフリマで発見日本！ https://t.co/kA6T64LJEF
0	@Dom_gurignon 私もつい先日あいぽん6買いました(　ﾟДﾟ　)
0	ご飯作るの好きだけど、人様のキッチンは難しいなー https://t.co/9mw4vYboOs
1	@Dom_gurignon 6s欲しかった。もう1週間早かったら買えたかもしれないのにー(ﾉД`)・｡
0	毎日どこかしらから現れる芝刈り機に胸キュン！ https://t.co/E3bvh60Q3o
0	プレミアもセリエも観れないが、何故かMLS観れる我が宿
0	ジョビンコ居る！
0	@Ikurinnn ジョビンコ観てる！今日は一人でお昼ご飯のパンを買いに行きましたが指差し注文できる場所にケーキしか無かったのでお昼ご飯はケーキになりました♡ドイツ語喋れたらもっと楽しいんだろうなー！
1	窓掃除のにーちゃんがかっこ良くてときめく♡
1	スイスでもスーパー大好き！ https://t.co/d0PQQ1jJmr
1	@steel2828 運悪く近郊で観たい試合やってなくて｡・(ﾉД`)・｡ お宿から近場のスイスの街を散策デーしてます！程よく涼しくてこっちは気持ちいいでーす♡
0	やっとヨーロッパなフットボールが観れるー！ https://t.co/hTz8C1o3ti
0	だが選択肢はない。よってバルサレバークーゼン見る
0	まさかのパパゴールの瞬間顔洗いに行ってて見逃すミラクル
0	@Ikurinnn パパのゴールですよw
0	きょうの芝刈り機 https://t.co/jgOay8TRWR
-1	晩御飯何にしよう。。まだ昼も食べてないけど。毎日晩御飯家族の為に作ってる人尊敬するわー。我が宿砂糖と小麦粉が無いことが判明したので片道一時間、スーパーまで歩いて行こう散歩がてらに！
-1	水よりビールのほうが安いのが悪いと思う http://t.co/CWVMkrpQIN
0	@23tter スイスマクドですら高くてもっぱら自炊😓
0	@23tter 3週間ほど彼の所に来てるのだ！
1	@steel2828 スイスまでいい香りが漂ってきたー！
-1	@steel2828 きのこいっぱい周りに生えてるけど全部怪しく見えてなかなか野生きのこチャレンジできないw
0	@kobo_natsu (；ω；)
1	おうちチェックデーでなんかスイスの行政の人来るから宜しくされてた本日。緊張して終わるまでお昼食べれなかった。2人組がただお家チェックして帰ったんだが何だったんだあれ
-1	宿主は職場から帰ってくるの面倒くさがった訳だが、心から面倒くさがる理由納得したわー。およそ３分位だもの滞在。ok?? Ja, perfect !! 多分問題ない
1	@kobo_natsu 調子上がったと思ったら怪我代表のタイミングだったり。。スイス物価が高い意外楽しいです！まあ物価が高いのがネックだったりしますが(；ω；)
0	@kobo_natsu だんけしぇーん！
0	朝7時まだ暗い。明るくなったら朝ごはん食べるんだ http://t.co/grucgipwlR
0	@Ikurinnn のみたいー！
0	ザワークラウトの残りスープと昨日の昼ののこりパスタそしてヌンチャクサラミにグリュイエールチーズ！飲む気まんまん。本日は贅沢にスイスビール。ビールは安… https://t.co/Ws8kw52pJ6
1	@Ikurinnn 誘惑にも負けて今スイスビールプシュしちゃった！年末に関東お邪魔したいー。スイスの奴が来日するかもだったら連れて行っていい？
-1	水より安いのが悪い http://t.co/nyPo2qOmV2
1	@Ikurinnn 関西ネタ切れなんだよね！年末年始彼来日しなかったら単身上京するのでよろしうー♡
1	RT @cinelunahana: ドラン祭り、初日＝３日の上映時間 『Mommy／マミー』１０：３０ 『マイ・マザー』１３：１０ 『エレファント・ソング』１５：１０ 『胸騒ぎの恋人』１７：２０ 『Mommy／マミー』１９：２０〜２１：４０ ＊当日料金のおもしろ割引、全作品ご鑑…
1	前の彼の家の隣が牧場だったので、カウベルが恋しくてそこまでお散歩してきたけど搾乳中でお外に牛居なかったでござる
0	ヤクルト優勝したのか！こちなの冷蔵庫の中にもひそかにヤクルト https://t.co/9fsqKq5Z2B
0	@Ikurinnn チューリヒの近くのドイツ寄り！ドイツ語圏だよー
0	@naruha67 彼氏がスイス人なんだよね！笑うよね！いま彼のトコに来てるのだ🎶
1	@naruha67 久しぶり！なるぱん元気？？
0	@Ikurinnn 徒歩圏内に小さなスーパーがあるのが救いな郊外だよ！多分スーパーの人に怪しまれてると思う(๑´ω`ﾉﾉﾞ✧
0	@uuuuuuuko @naruha67 別れたら慰めてね♡綺麗好きすぎて心折れかけだけどわたし🎶
0	@uuuuuuuko 芝刈り機毎日どこかしらからやって来てお家に帰って行くのです。ルンバの様に！
1	@naruha67 ちょうきっちりしてる人で時折めげそうだけど末長くできるといいなー！ではバーデンのモーニングマーケットにも行ってくる(oﾟ3ﾟb)b
0	豚の角煮風。砂糖無いから代わりにりんご入れたら美味かった https://t.co/KgCkZiyEXn
-1	毎日寝落ちしちゃうの辛い。
0	ちょっとドイツに行ってくる！
0	餌と言う名の賄賂で手名付けた！ https://t.co/OGjk1rk9hT
0	@Ikurinnn 5ユーロで６本買えるとかなんだねこれ！
1	日本とスイスが隣だったら良いのに
1	チェックインカウンターで、素敵なスイス人と日本人の夫婦に出会いました。鼻がママでまつ毛がパパ似の子供が可愛かった！和んだ
0	ヘルシンキ空港日本人いっぱいだー
0	関空あっつい！
0	湾岸線だかの工事かなんかで三宮行きハイウェイバス倍ほど時間がかかるらしく往復券払い戻して初フェリー。旅行気分再びな感じ
1	ジェイソン・ブラウンのショートの衣装可愛い♡
0	アーロンおめでとう！！！！
0	#nowplaying nothin' by Doping Panda https://t.co/q8DxObhNh3  今でもイントロ聴くだけでテンションあがる！
0	RT @yoppeleah: バンアパ・キラー原「昔、バンド名を決めるとき、酢もずくモロヘイヤっていうバンド名を思いついて。でもバンド名なんてつけたらどうとでもなるもんで。最初に「DOPING PANDAが一緒にやりたがってる」って言われた時は「はぁ！？誰だそいつ！」って思った…
0	スイスに行きたいより、ただ彼に会いたいなぁ
0	@seuche2000 あら関西ですか？
0	@seuche2000 おいでやす、神戸！
0	昔の落書きノートがでてきたよ。ゆらゆら帝国だいすきっす。 https://t.co/FNDszE0dvN
-1	iHerb, 月末まで10%offなのでオーダー完了。サプリ類の効果の程はまだ謎だが、ウィッチヘーゼルの化粧水は無いと不安な相棒君なので無くなる前に割引で買えて良かった
1	送迎のバスに乗ってる訳だ、ラジオからKeishi Tanaka 来た！休日が出勤になってクサクサしてたがちょい嬉しくて泣きそう。
0	https://t.co/bL9irSLlc4 @youtubeさんから  田中角way懐かしい！完売地下劇ビデオもってるけどデッキ無いから観れない。
0	くやしいがハビはかわいいー！
-1	サスペンダー似合う系男子に弱い
0	パウパウ観に行きたかったな
0	ロビーニョの宇宙も心穏やかに観れるなw
1	プレッツェル焼こうと思ったら、重曹切らしてた。買いに行く元気はない
0	彼とハングアウトおさめ。去年の大晦日はここに居たのになー。形似てるし今日だけでもスイスと四国取り替えたい
1	EXILEさん好きな人が多いわが職場。休憩疲れるよね！
-1	RT @afpbbcom: スイスの「ストリッパー・ビザ」、1日から無効に https://t.co/JSyOojMyGz
0	CDJと中継繋いじゃうんだ
0	CDJはドーパン解散した今となってはやっつんのDJだけ行きたい
0	バンプってこんな声だったっけ？
0	@Suicassima なんか声の特徴が薄れたと感じた！
-1	まだ2015年の地に住む彼とカウントダウングダグダだったけど完了。ねるべー。ちゃんと彼時間に合わせてあけましておめでとうメッセージを送るべく健康的な時間におきねば、ねば。
0	@Ikurinnn 尻会是非開催しようぜ！あけましておめでとう！
0	ケニア、ガル高じゃない！
1	去年の今頃は関空にお見送りにいってたなー。元日は雪降ってたし、今年は暖かい
0	RT @hodogayaers: 箱根駅伝エントリー選手・海外高校。ナイクル高・メサビサビ高・カンビ・マウエ高・エリート高・メダニアレム高・モコロギュニュワ高。今年はケニア・ガル高出身者が居ない。　https://t.co/oo9qhDi4Jq
1	日体大の子すごいなー！力強い表情だ！区間新くるかな！こいー
1	シードとれるといいな、日体大！
0	東武大の子大事かな。観てて辛いけどもう一キロないんだよな
-1	上武だった。繰上げ切ない
0	青学すげーなぁ
1	青学、嫌味な位爽やかだなw
1	Huluで風が強く吹いている見てるけど、やっぱりコレジャナイ感が拭えない！
1	風が強く吹いてる、コミカライズのオリジナルエピソードが秀逸だったりするから映画版のオリジナルの部分が余計蛇足に感じるんだよな。原作に忠実にやりゃよかったのに
0	「その二秒は、俺にとっては一時間ぐらいある」なぜユキのこのセリフをカットするんだー！！
0	ジャスティンw うちの彼は靴下全部NIKEの黒だわ
0	さて、昭和元禄落語心中読みながら風呂入るべ。2巻と7巻どこいった
1	良い遊佐であった、アニメ1話
0	昭和元禄落語心中のBlu-ray第1巻、サンキュー・タツオさんの特典映像観たさに買ってしまうかも
0	火村英生さんは来週からなのか。番組サイトに『この犯罪は美しくない』的なキャッチフレーズがあって不安しか無いが原作好きだし1話はよ観たいー。短編からネタひっぱってくるのかな？
-1	有栖川有栖は双頭の悪魔のドラマが酷くてトラウマな訳だが、作家アリスドラマはどうなる？
0	RT @RockStarYFbot: ハヤシくんにオファーを出したらトイス！って返ってきて、イエスかノーかわかんなくて、イエスだった。
-1	U28 ってなんだよ。職場のおばちゃんの話が聞こえてきて辛い。聞きたくないのだ！
-1	昭和元禄落語心中9巻すげえとこで終わったな。次で最終巻かぁ。かなしいな
0	@Suicassima いえあ！BLからなんでもござれです！！
0	久々の泥酔
0	国際結婚結婚ってどうね？
0	ドイツ語ってとっかかりどこね？
0	スイスドイツ語ってなんとよ？
0	そもそも結婚ってなんとよ？
0	国際結婚ってなんとよ。
1	@Suicassima 何故に学生時代に洒落ででも冒険言語にチャレンジしなかった私と。。
-1	@Suicassima 語学からは全て必死に逃げたでござる。。。日本語ですら不自由。辛い！
0	@Suicassima あいんす、指先びってが限界😢
0	彼と出会っていい意味で図太くなって弱くなりました。あしたは副業探そうそうしよう
1	@23tter お元気そうでなにより！お元気ですか？久々ついったら覗きましー
1	@23tter それは良かった:-) 私はホロ酔です❤️
0	Doping pandaとRiddim saunterが解散してだいぶ経つけど心の隙間はまだうまらない。隙間風
0	RT @theoria11: フルカワユタカ氏は本当に変わっている。ドーパンのキャリア終盤、海外でも通用するように本当の良音を求めて、アホみたいに研究や実験を繰り返す。ピックの持ち方、スティック持ち方からマイクはどこに立てるだとかそこまでやるの？ってところまでやったりして、しま…
1	RT @theoria11: 今のソロはソロ色と新しい別のことと、人気のあったドーパン中期と新しいものを求めてた終盤とのバランスが良い気がする。バンドにしちゃった方が良いかもと思いつつ、この人は人間的にタロティーとハヤトさん以外はきっとバンド組めないだろうな～って思う。
-1	&gt;rt doping pandaが解散したのが悲しすぎてラストdvdすら中々観れなかった訳で。久々にラストライブdvd今日久々観て感じた切なさの根源はその辺りで。ラストライブセトリはたまんないくらいたまんないけど、後期ドーパンの噛み合ってたかったんじゃないか感が切なさを増すのよね
1	初期のパンクパンクしたドーパンも好きやねんで。でもメイ二アックス以降も好きやねん。ラストライブはそこら辺りの曲少なくてそこらが解散の理由かなと改めて思ってみたり。。 そろそろ今更だけどフルカワユタカ氏の個人名義ちゃんと聴いてみるかなー。
1	RT @rohan0418: アンコールでドーパンのフルカワユタカ出てきてバンアパがバックでtransient happinessやったの鬼熱かった。
1	飽きっぽいんで、感受性豊かな頃シアターブルックで道を踏み外して小島麻由美、ゆらゆら帝国、ははのきまぐれ、アナタキコウ、スクービードゥ辺りを経由してドーパンリディムあ、くるりあんなに好きだったのにライブ行ってたのにスルー無意識でしてる辺り。が私の音楽の血なんだな
0	三十路過ぎても何聴いててもドーパン、リデム、バンアパに結局戻っちゃうけどこれ何歳まで続くのかな？何歳になってもこいつらの曲聴いたら踊っちゃう自分でいたい、まる。
0	京極夏彦の書斎たのしみ！何回目か分からない鉄鼠の檻こないだ読んだとこだよ！
0	京極堂シリーズ、いつ出るか聞いて下さい。又吉さん
0	老けたね！太ったね！
0	京極さん、BONES観るんだw
0	みっしり！みっしり！
0	@23tter げんきー！そろそろお会いしたいでござる！！
0	@23tter 今ならまだスイスみやげあるよ♡
0	@seuche2000 わたくしのベストは狂骨であります♪
0	オーストラリアのユニかわええなぁ
0	@23tter 近々飲みにいきましょー！
0	#COYS みれないけどがんばれー
0	ザコシショウきたー！
0	悲鳴wwwww
0	ザコシショウの行く末見届けたら風呂ろう。見ちゃったら結果気になるー
0	ザコシショウの所為で風呂入れない！
0	古畑きたー！！！
0	おめでとう、ハリウッドザコシショウ！わろうてまうw
0	G★MENSザコシショウの相方は今何しとやろ？
1	@Ikurinnn 小野田が好き♪
-1	クリミナルマインド続き観よ。Hulu さんでS9見始めたけど、リードの髪が短すぎて悲しい
0	@Ikurinnn てへ♡ まさかのどんぴしゃ！
0	シャングリラ十字団、そんなに引っ張らないといけないのかしら？
0	誕生日プレゼント開封の儀！チョコ祭りだー♡ https://t.co/gHUcLuYx3w
-1	アイリスオーヤマ祭り、キャンセルメール来てないけどどうなるんだろ？地味に芝刈り機と撥水スプレー欲しいんだよな( ﾉﾟДﾟ)ﾉ
0	やっぱりクリミナルマインド、モーガンS11で降板なんだ｡・(ﾉД`)・｡どんなラストなのかぐぐるのはぐっとこえる｡・(ﾉД`)・｡
0	おふとん、フジの放送乗るかしら。。
0	りっぽん！りっぽん！
0	オフトゥン｡・(ﾉД`)・｡
1	ガブリエルさん、いい筋肉！パワー系女子かっこいいな！
1	いい筋肉に笑顔だったー！いいもの見たぜ♡
0	ジュニアから来た子とおもえん位体できてるな！
0	ただ衣装！
0	アーロン！アーロン！
0	アーロンの笑顔泣けるな！！
0	コフゥトゥン。順位、出ない｡・(ﾉД`)・｡
1	りっぽん！りっぽん！アーロンとブレジナさんのスタンディングオベーションもいい絵だー
0	宇野くん！
0	ラジオノワ、食い込んでる。直してあげたい
0	おしりがきになってえんぎがあたまにはいってこなかったでござる。
1	@Ikurinnn 細いわりにプリっとしたかわいいおしりを堪能タイム♡
-1	どんどん毎年若い子出てくるロシア恐ろしい。。
1	@Ikurinnn 性別問わずの尻好きをまた露呈してしまった♪
0	のーりっぽん？
0	アーロン！乳首が気になって尻に集中できないよ！
0	なぜNOリッポンなのだフジよ。
1	洋食の朝日はランチが好きです。なぜディナータイム営業無くなった(；ω；)
0	ひっさしぶりに17際の肖像みたけど、、ロザムンド・パイク出てたんだそう言えば。終盤で気付いた！
0	Hulu に最後のマイウェイきてる！映画館二回行ったよ！
1	5時起きで頑張った1日には良いことあるんだな！
0	最後のマイウェイwiki見てて気付いたけどシナトラ役…プリズンブレイクのティーバッグじゃん！観てて気づく要素ゼロだった！
-1	レアルさん最悪に嫌なタイミングで決められたw
0	ベイルにハグされたい！
1	ぬがなくていいです！
1	子マルセロ登場早くない？
-1	山内きゅんやっと来たー！細い！
0	イランの宇梶剛士が気になるいつも
1	ペリーかわいいよ！
0	長友のアモーレw
0	ハッピークロス♡
0	まややまで！おなかいっぱいすぎる、
0	まややや！
0	11人ッチならず(｡ŏ_ŏ) ニン
0	チェコのメッシはどうなったんだろ？
0	サッカーリハビリリハビリ！ https://t.co/RrSJrQPiJY
-1	わうわうさん契約完了した後わうわーうさんの実況苦手だったの思い出した！
0	パイエきたー！！！！！！頑張ってたもんー！！
1	フランスルーマニア楽しかったー！いいサッカーリハビリの時間であった。パイエ観てて楽しいな
0	スイスみたいしウェールズみたいしイングランドも見たいし寝れない
0	もはやアルバニア代表じゃない？フランス化が進むアルバニアの現状 https://t.co/MgmBs6fsp8 @Qoly_jpさんから ついさっきスイスの彼と話してたトピック。
1	@Ikurinnn 流石！！私はお家で応援しまするよ！
0	あー、今スイスに行きたい！チャンネル権は負けそうだけども！
-1	あっさりー！今朝の重苦しい試合はなんだったんだー
0	@Ikurinnn うちの彼は昼寝してるよ！ウェールズまで眠たくならない試合を期待w
0	あら10人
0	ベイルのゴールでビール何杯でも飲めそう♡
0	クロアチアユニやっぱり目がチカチカするよ！
0	ちょるるかー♡
0	ラキティッチ髪型チョイス正解。目立たない
0	チョルルカのもっさりドタバタゴール希望
0	スプラッタ。。
0	肘鉄祭り？
0	もどりっちきたー！！！！
0	クロアチアサポーターさんむさくていいかんじ♡
0	冷静な顔で流血こわい！
0	チョルルカ、お色直し
0	チョルルカ探しやすい
1	大チョルルカ祭り。大丈夫なんだろうか
1	お色直し再び。純白アゲイン
0	パイナップル風味
0	やーな予感
-1	チョルルカ祭り。痛そう
0	チャーリーのためにはよ終われ
0	おわったー！ 流血チョルルカお疲れ様
0	なんて元&amp;現スパーズっ子の印象ばかり残るユーロなんだw
-1	@Ikurinnn なんか卑猥だよねw
0	@Ikurinnn ちょるるか、一位に、躍り出た！！始まりはロリスのビッグセーブだったのが遠い昔の様w
0	https://t.co/6DBFG1cAGr @youtubeさんから 録画したトニー賞のザカリー君みてたら歌うパトリック・ウィルソン観たくなった！明日はフルモンティのサントラ聴くんだー
0	セビージャアピールきたっw
0	チェコにちらっとジェイミー・ベルっぽい子いた！なわけでチェコ応援しよう
1	ノリートスタメンなのかー。胸が熱いがチェコ！
0	@love_doughnut おひさしぶりです♪ 私もメインディッシュに備えて寝なければ！
0	デルボスケまだ65歳なんだ
0	あぁぁー、チェコ頑張ってたのにぃ！
0	あとちょっとだったのに(；ω；)
0	チェコの頑張ったね守備で保存版決定
0	ストレスたまるけどグループD面白い。くやしい
0	チェコに勝ち点あげたかったよ
0	モッタきたー♡
0	ブッフォンめっちゃ来たw リアルタイムで観れなかったが出勤までに見終わったー！
0	ボヌのアシストでビール飲みたい！
0	大林素子＋宇梶剛士＝ブッフォン
0	@Ikurinnn チェコ応援してみてたらイタリアベルギー起きれなかった。スペインの所為だと思うの！私起きれなかったの
1	@Suicassima 素晴らしい写真のチョイス！
1	@Ikurinnn 熱い逆怨みw
0	あした休みなのに今夜の試合興味が。。な。。もったいない
0	ねてた！
0	ローズが秘密兵器あたりで目が覚めた
0	@Ikurinnn まさかの9:45スタート見逃した！
0	泣き顔から笑顔w
0	うわ！！
0	わちゃわちゃ！
0	ベイル、またFKだったのか！
1	初戦のイタリアの国家のおさらい。ブッフォンヌのリサイタルは元気がでるな♡ピンマイクついてるんじゃらなかろうか
0	@tkhr_0711 ズラたんのゴールは見たいし(๑´ω`ﾉﾉﾞ✧ どっちもに勝ち点3でお願いしたい！
0	歌声拾えてない！
0	@love_doughnut 初戦はピンマイクつけてんじゃないか位歌声祭りだったのに！
0	イブラ対キエッリーニw
0	@tkhr_0711 おしてるな！
0	ペリシッチゴールきたー！続き見たいし仕事行きたくない
0	からのチャーリータイム！仕事行きたくない！
1	クロアチア勝ってるだろうと高を括って結果見たらアレレだったついでに面白チョルルカの写真みちゃったので動く面白チョルルカを堪能しよう。
0	ラキティッチきたー！なぜらここから追いつかれたのだクロアチア
1	イタリア代表DF、てんとう虫をたすける https://t.co/BPENRudE4o @Qoly_jpさんから 胸板さんかわいい♡
0	RT @SKUMNG: 『チョルルカの帽子』って、なんか児童文学みたい。
1	チョルルカの重戦車ドリブル心待ちにしてた！水球帽の所為でさらにコミカル！
0	クロアチア発煙筒投げすぎ
0	0-0なのか
0	やっとベルギー来たー！！！
0	フェライニ探しやすい、別に探してないのに！
0	アントン・イェルチン…ショックだ
0	ありがとう、スバシッチ！
0	ペリシッチきた！
-1	そしてイエローw
0	ピケw
1	@Ikurinnn ディレイで観てるけど楽しい♪
-1	仕事嫌で胃が痛かったけどクロアチアの勝利でちょい増しになった！スペインに勝っちゃった♪
0	@Ikurinnn 頑張って起きるべきだった♪
0	クロアチアなにしてくれるねん、イタリアスペインになっちゃった！のか？
1	EUROで快挙のウェールズ代表、ヒゲでお洒落なあの人が「舞う」！ https://t.co/pRoB1MHaRz @Qoly_jpさんから きゃわわ
0	イタリアスペインお腹いっぱい！
0	長ズボンGKは休日のパパっぽい
0	シリグきた！
0	ボヌッチリサイタル♡
0	わかってらっしゃる！ブッフォンぬもきた！
0	国歌見たし寝落ちしてもオッケーだ！
1	@love_doughnut いい国歌タイムでした！！
1	アイルランドのトラックジャケット欲しいなー。いつ見てもかわいい
0	出勤前にイタリア国歌ボヌッチソロあり見てから行く
0	RT @IcelandEmbTokyo: なんと、なんと、なんと、アイスランドはEURO2016でトップ16に残りました！ UEFA EURO史上、もっとも小さな国としてトップ16の仲間入りをしました！アイスランドの人々の喜びの姿をお楽しみください🎵 https://t.co/…
0	ユニホーム何枚破れるかなー♡
0	スイスよりでみてたらいきなりひやり
1	スイス人の彼もポーランドの選手の名前語尾に〜スキ多いの気になるらしい
0	@Ikurinnn クロアチアは〜ッチ多いよねと！！一人だけ○○フじゃない奴が居ると悔しかったりwアジア予選とかも！
1	アイルランドユニもかわいいー。トラックジャケットも欲しいー
0	フランス国歌すき！！ラミてらイケメン！
1	腕組み映像選手紹介好き♡
0	RT @Dlife_BS258: #クリマイ来日 こぼれ話。マシューにこのシャツのことを聞いてみたら「お気に入りのモンスターシャツなんだ！」と笑顔で答えてくれました。 https://t.co/t5oDtR7U2g
1	ぺーけーはやい！
0	ロリス神くるか！？
0	隠してる所を想像すると余計じわじわ来るRT @footy_bum_bot: Yohan Cabayeのヌード横尻を美味しく頂く https://t.co/jVJddCFXv6
0	RT @Apfel_Swiss: ブログを更新しました → スイスの街角から : それぞれの考え・・。 https://t.co/DNoWmyLWIZ
0	じるー！！！要るのか
0	ガメイロが見たいし
0	グリーズマンきたぁぁあ！
0	RT @lyonsamurai: マテュイディの隠し武器ミドル
0	マテュイディのゴールみたい
0	小躍りグリーズマン！！！
1	ジャレかわいい♡
0	ジルーww
0	ボアテングのゴール、なごむ
-1	悪夢で目が覚めた。怖かった
0	勝ちたい、スペインに勝ちたいねん！
0	きたぁぁー！！！！！悪夢ありがとう！
0	ジャッケがんばった！
0	間にイタリア国歌はさむー！ブッフォン長い♡
1	はやくおわれー！
0	エデルおつかれ！インシーニェ来たー
0	涙でるー、
-1	怖くて画面を見みてなかったよこのやろー！ありがとうペッレ！
0	コンテww
0	やったー！！！涙でる！！！！
0	ちょい胸毛はせくしー
0	おててつないでやー！！！
0	テレビつけてびっくらこん！
1	あららー。こりゃ情報遮断して録画見たほうがよかったな
0	おめでとうアイスランド！！
0	超かっけー！！！
0	PKはみてて緊張する_( •́ ​ω •̀ 」∠)/_
0	ポーランドさんがんばってー
0	外さないねー
0	外しそうな顔してたもん(；ω；)
0	外せ外せー！！！！
1	RT @yutazo: すごいなポルトガル。90分で一回も勝たずに準決勝まで進んだ。記録上はこの大会5連続引き分け。
1	ポルトガルは好きになれない♡
0	ヤンさんベイル観たかった(；ω；)
0	テレ朝で観てみよう！
0	ウェールズがんばったw
0	すげーミドル
0	きたーぁ！
1	ウェールズ勝った！寝落ちしたけど今日は気持ちよく仕事行ける♡
0	そんなセミファイナルはやだ。全力でウェールズ応援だわ！
1	RT @kerotaka: 見るつもりなかった大正義ウェールズと超脳筋董卓軍ベルギーほんっと面白かった。スペイン対イタリアが欧州最先端の戦術レベルの試合ならこっちはとにかく物理で殴りかかってくる戦術のせの字も無いチームをウェールズがいなしまくてった。これもサッカーあれもサッカー。
0	@seuche2000 お久しぶりっす！私もユーロ限定WOWOW映画ひっそり楽しんでる！
-1	@seuche2000 映画館でみてるけど監督グザビエ・ドランのトムアットザファーム, mammyと主演ドランのエレファント・ソングは楽しみ！後はリトルダンサーの舞台版かな
-1	ホラー嫌いだけど死霊館映画館で観たいな。。胡散臭いパトリック・ウィルソン大好物。
1	@seuche2000 mammyは最高のoasisのワンダーウォールが聴けるよ！好みに合えば幸いっす！
0	@seuche2000 あらw  うちも特にoasis聞いてないけどあのワンダーウォールは鳥肌立った！ドランの閉塞感満載３本立楽しんで下さいw
-1	ラキティッチいまさらだけど184cmあるんだ！175cm位だと思ってた。スイス出身なのは知ってたけどアールガウ州出身なんだ！勝手に親近感、
0	イタリア！イタリア！
1	イタリア勝って気持ちよく仕事行かせてくれ！
0	デ・ロッシ怪我なのか
0	歌声を拾って！拾って！
1	キュン可愛かった
-1	ゴメスとミュラー並ぶと暑苦しい！
0	ノイアーへんなとこ居たw
0	フロレンツィすげー
0	キュン二枚目か(；ω；)
0	やだ、やな時間
0	いやーーー
1	ぼぬん(；ω；)いいパスになっちゃった
0	ブッフォーン
0	はんど！
0	ボヌッチけるの？？？
0	ボヌッチ愛してる！
0	PK外して泣いてたボヌッチ思い出すとまた泣けるー！
0	ペッレー！
1	フロレンツィ楽しそうw
0	RT @0nick777: トクホのマークかよ https://t.co/hVxvXQlk8u
0	次フンメルスいない！
1	RT @lyonsamurai: ベスト8でカードはリセットしたほうがいいよね
0	満身創痍
0	ブッフオンw
0	RT @8bitfootball: Buffon is such a cool guy.
0	インシーニェきたーー！エデルお疲れ！
0	ここで交代！
0	ノイアーPK蹴るのかな？
0	おなかいたい
0	ザザそんな気がした(；ω；)
0	ブッフォン！！！！
0	胸板さん愛してる！
0	なんだこのPK!
0	ボヌッチいけ！
0	シュバイニーなら外してくれる
0	やっぱりー！ー！
0	よすよす！マッツさんははずさなそう
0	ボヌッチとザザの肩組み
0	ノイアーこない蹴りなよ！
0	キュンいけ！ぎり！
0	ボアは外す
0	決まったー
0	もうやだ(；ω；)
-1	PK嫌い
0	これで全力でフランスでもアイスランドでも応援できますな
0	ゴメスの笑顔腹立つw
1	@Suicassima ふわふわ綿毛懐かしい(；ω；)
0	RT @kenken_nattball: ザザとはなんだったのか
-1	つらい！
1	イタリア、ユーロ楽しかったよ。ありがとう
0	RT @JochenStutzky: Chapeau @gianluigibuffon! Was für ein Spieler. Was für ein Typ. Da darf man auch mal weinen! Kopf hoch! #GERITA https://…
0	ザザの助走ステップステップが頭から離れないー
0	RT @footy_bum_bot: Mirko Vucinicの通常運行ブリーフ尻 https://t.co/p25ZbeneQR
0	RT @MITA_Kou: ザザの本日のヒートマップ https://t.co/smHy32p6IT
0	@Ikurinnn ヒヤヒヤしたよ！そして延長PKヒヤヒヤ油断してたら外したボヌ♡
0	アイスランドお疲れ様だわ。決勝ポルトガルドイツだけはやだなー
0	@Ikurinnn あと全力でウェールズだね！
0	#nowplaying ロックンロール by くるり https://t.co/2BeYwinmoN  疲れてるのか心にしみる
-1	ぼちぼちスイス行き航空券チェックしてるけどフィンエアーよりルフトハンザの方が安い今回。フランクフルト乗り換えややこしいって聞いてるけどどうしよう
1	仕事忙しすぎて忘れてたけどIL BISONTEのムック本無事予約完了！おじいちゃんかわゆす♡もちろん鞄も可愛い！ https://t.co/WwEC7qkkID
1	@mariitalia22 7/26発売だったかな？ すぐ売り切れるから公式で予約しました♪
0	寝よう
0	キャバイエきた♡
0	ロリス！
0	ニヤニヤグリーズマンかわゆす！
0	ノイヤーw
0	@Ikurinnn ほんときゃわたん♡
0	フランス勝利！アシストイタリアだなw
0	全力で決勝はフランス！！シフト変更しよう。休む翌日
0	アイスランドじゃねえw
0	ディニュいた！
-1	@nashthecrush なんか悔しさは残りますなw
0	RT @nashthecrush: イタリアは山王だったのだ
0	@Ikurinnn 一緒に踊りたい！
-1	RT @footycomehome: デシャンがなぜか嫌がっているように思えるのは、夏の暑さのせいだろうか。(笑) https://t.co/FDF3YJdgqr
0	RT @PasionPorFacu: "No me imaginaba haciendo sin ropa los movimientos que hago en cualquier partido. Pero fue… https://t.co/t6ygXkJT6I http…
1	@Ikurinnn ボールで綺麗にナニが隠れてるのが絶妙♡男子バレーボールアルゼンチン代表バカかわいい！
0	浮かれてるのでフランス代表ユニで出勤
1	スパーズ新ユニ紺のやつVネックだったらいいのにー！にー！
1	クロームキャストはよ届かないかなー。繁忙期終わったらネトフリ三昧するんだ！
0	RT @cmdotcom: Questo #Menez è un peso per #Montella https://t.co/rl4eG7jQlz https://t.co/EkZ65AtXls
1	安定の太りやすさだなメネズ！
1	クロームキャストいい買い物っぽい！
1	ChromecastのおかげでまたYouTubeがTVで観れる様になって楽しいー！快適！
-1	PSGTV今年は年パス入りたいが何処から申し込むのがわからん。てか存在して無い？
1	あんなに可愛かったラビオもすっかり成長してますなぁ https://t.co/VdAZNCSQQx
0	0-0なのか！
0	マテュイディのゴールみたいな！
-1	ジニャクおしい
0	ロリスさま！
0	最悪
0	3引き分けで上がってきた国が優勝とかやだよ？
0	ロナウドうざい♡
0	RT @lyonsamurai: ガメイロかラカゼットがいれば、そう思わずにいられない
-1	EURO2016無かったことにしたい。。。
0	なんてモヤモヤな朝！
0	ジャレの涙の後のCRさんの裸
0	ジャレ(；ω；)
0	コンフェデ見なくてすむな
-1	@Ikurinnn 本当に。一番嫌いな国が優勝してしまったでござるよ。コンフェデ観ないの決定！
0	RT @kerotaka: お前ら塩試合塩試合いうけど前回のEUROはアズーリボロボロ過ぎて塩試合どころか消化試合になったんだぞ！　この！
0	WOWOWで録画してたトニー賞の字幕版鑑賞中。スクール オブ ロックのステージを観ながら号泣。仕事忙しい＋私がやらねばコケるのプレッシャーで心がやっぱり弱ってる模様。休み1日しっかり心の充電しようそうしよう！
0	RT @sugahiyo: 福島みずほ女史を規制派だと思ってる（思いたい）子は最低5回音読してから出直してきて 福島みずほのどきどき日記 児童ポルノについて: https://t.co/sc7DQmpWFi
0	アメホラホテル1話1番印象に残ったのはシュミットの尻だな！グロいシーンより背筋が寒くなるシーンより白いプリっとした尻が頭から離れないw New Girlでシュミット好きだがウザいし、たまには痛い目みてもいかもね！
0	アメホラホテル1話お尻祭りで笑えてきたw
1	Chromecast満喫中。買ってよかった！Scoobie doは青春だ(；ω；)
0	バルセロナ、ディーニュ獲得を公式発表 https://t.co/aFvvZ1kFrH @Qoly_jpさんから バルサから切なく去ったマックスからポジション奪えなかったディニュがバルサに(；ω；)
0	リーガ見ないよ。ローマでいいじゃんディニュ。お金(；ω；)
0	RT @footy_bum_bot: Yohan CabayeとMathieu DebuchyのW雄尻をエンジョイ http://t.co/ODi1HyaBXo
1	Razika - Øya Festival Concert 2015 https://t.co/QQivzkWcRM ギャルバンあんまり聴かないけどrazikaは大好き。みんなぽっちゃり元気でかわいい！
0	RT @hokuomusic: 来日経験もあるノルウェー・ベルゲンのガールズ・インディーポップ・バンド、Razikaがニューシングル"Se deg ikke tilbake"をリリース。現在ミュージックビデオも公開中です。https://t.co/EDlCmCLmnc
0	木下グループカップ フィギュアスケート Japan Open 2016 3地域対抗戦｜ｅ＋（イープラス） https://t.co/NnvgCch3fF ちょう行きたい。だが日本にいない予定
0	北米。ワグナー、ゴールド、リッポン、アボ。欧州。アモディオとか観たすぎる！
0	一人でカラオケ行きたい。ストレスマックス！
-1	RT @pondemasao: 今夜のTBSラジオ ライムスター宇多丸のウィークエンドシャッフルに生出演します。お題は「特集”世界の罵倒語から”〜イタリア編〜」。僕が遭遇した翻訳不可能な悪態の数々と、その文化的背景について、放送禁止用語に気をつけながら話します。https://…
1	新スパ建設で消える古代ローマの公衆浴場遺跡 - SWI swissinfo.ch https://t.co/Q99FDHGWtN スイスとテルマエロマエがリンクした。バーデン大好き。唯一私が一人で行ける町
-1	https://t.co/0n1LQmyjJL When kids meet their Heroes #RESPECT クリロナさんに会って泣いてる少年が嫌がってる様にしか見えない！多大なる偏見w
1	RT @tagagen: 『スプライス』見終わった。好きなタイプの作品だし面白くもあったんだけど、なんか物足りなさもあって、ついつい「デヴィッド・クローネンバーグにあってヴィンチェンゾ・ナタリにはないものとは…」なんて考えてしまった。
0	スイス航空券予約せねば。会いたい！
1	@39tatsuo 母が昨日の本能Z面白かったと言うので録画を一緒にみたら...タツオ氏！60過ぎの母の心を米粒写経のお二人が揺さぶった模様。愛すべき母アンテナ。私も楽しく拝見しました！
1	今更チャーリー・コックス来日動画あさってるよ！丸っこい、かわいい。大好き！胸毛込みで！丸い、かわいい
-1	初めてネットで航空券予約した。緊張しすぎて疲れた。飛行機乗るまで超不安。乗れるはず！
0	スパーズさんユニ微妙？ https://t.co/lzxo849fZ0
1	@Ikurinnn リンツいいなー！！
-1	RT @RockStarYFbot: ぬるいロックシーンに平手打ち
0	@Ikurinnn リンツの工場の直売所は行ったよ！9月にまたスイスいってきまする♪
0	@Ikurinnn かもん、関西！！私もうっちーさんに会いに今年こそ関東行きたい(๑´ω`ﾉﾉﾞ✧
0	ひさびさのカレーブルスト！！！！！ https://t.co/kr8JbMhDL9
0	#アイハーブ で買った #BADGER… https://t.co/hW7elNjAjl
0	お仕事落ち着いたのでネトフリお試しスタート！チャーリー・コックス祭りするつもりがWeed ママの秘密あるじゃん！！！！アンディおじさん祭りに変更♪
0	心持ちまつ毛伸びた太くなってる気がする。#ケアプロスト  #ケアプロスト成長記録   8/6〜 上:9日目 下:5日目 https://t.co/a8LH1t8V2G
0	@Suicassima どこまで伸びるか実験中！
0	一家に一体#兵馬俑 欲しいよね！ https://t.co/tNwgsEx1Mg
0	胸毛が無いだと？？ デアデビルみてる。シリアスな演技でも可愛さを隠しきれないな、チャーリー・コックス♡
0	RT @hitoyoni1573: なんなのだこの水族館。 https://t.co/B424nPrrlm
0	おパリと赤いとこやだ
0	めるしーぽーく！
0	頑張ればGS１節か２節現地観戦できるかもなんだー！！
1	グループＤおもしろそう
0	バーゼルパリ現地で見たい
0	レバークーゼンスパーズ日程きになる。行けるか
0	ローソンで飲んでた外国人にビールおごってもらったでござる！
0	RT @Yatsuiichiro: 名古屋からの帰りの新幹線が偶然峯田くんと同じ車両だった。しかもたまたま俺銀杏BOYZのTシャツだし。驚いなー。 https://t.co/XZIWRZUAjr
0	一番上が本日ケアプロスト開始約三週間目。真ん中の9日目から伸びてはいないが濃くなった気がする！#ケアプロスト成長記録  #ケアプロスト… https://t.co/hsQeynRj9y
0	@m_coffy24 おためしあれ！緑内障の処方薬ルミガンでまつ毛が伸びるらしい→ジェネリックのケアプロストの方が安い効果は同じらしい→ケアプロストお試し中です。個人輸入で安く買えるよ。副作用もあるから気になるならググってみてね♪
1	@m_coffy24 グラッシュビスタかな？有効成分は同じだったはずだけど病院で処方の方が安心だよね♪ まつ毛美容液ダメならキャスターオイルもまつ毛が伸びるらしいよ！私はクレンジング用に一本持ってる:-)
1	ちょいWワークで接客してるけど楽しい！ただ短期だから楽しめるんだよね。ずっと接客の仕事してる人ホント尊敬するわ。後2日楽しもう♪
1	@m_coffy24 私はマツエクだめなんだよね。オイルクレンジング好きだし。各種オイル取り揃えてるし。オイル好きだし！iHerbでお手軽個人輸入にはまってるのもあるんだけど。市販のだとロレアルのまつ毛美容液自己満足勘違いかもだけど効果あったよ♪
1	@m_coffy24 私はロレアルのファミリーセールで激安だったから買っただけなんだけどね！マツエクいいなー。軽度アレルギー持ちだからマツエクしてると気になって気のせいかもだけどムズムズチクチクしてる感じがして
0	@m_coffy24 付けた瞬間から違和感でもうダメなんだよw 多分アレルギーと花粉症で疑り深いだけだと思うんだけどね！
0	割れたお気に入りだった鏡を買いに三宮に出たついでにIKEAに。オープン後より今日混んでた。家族連れとカップルだらけのとこでただビールを飲んだただそれだけ
0	昭和元禄落語心中、最終巻読み終わった。泣いた！！嫌味なく綺麗に終わったな。松田さんに泣かされた最終巻。
-1	いつまでたっても旅慣れない。出発前日が苦手！
0	@Ikurinnn スイスに行ってきます！
-1	荷造り下手すぎて辛い。なぜ地球の歩き方はこんなに重いのだ！！
1	フィンエアーのパイロットさんずが男前だったので幸せ♪
1	ヘルシンキのフリーwifiスムーズに繋げず焦った。
0	@Ikurinnn 30℃越えでややばててる！
0	スイス、まさかの30℃ over二日目 https://t.co/FtRNGE2TGQ
0	スイス、暑い
0	スパーズモナコ見たい
0	スイスほんと来てよかったのかな。私のせいで彼が疲れてるのつらい
0	またまたリンツのファクトリーストア！やすい https://t.co/wukLhgyxqY
0	@shigirl16 あらヘルシンキにいらっしゃるんですか？？トランジットで月曜空港に居ましたw
0	@shigirl16 なかなかマリメッコ飛行機に当たりませんw 味の全く無いシーフードカレーが懐かしいな、フィンエアーたん。
1	@shigirl16 付いてた塩胡椒で美味しくなったけどね！熊プリントフィンランドビールさえ飲めたら私は満足です！
0	サッカーみたい
1	彼が仕事に行ってるので今のうちに晩御飯を仕込む。朝6時半。お庭の前を通るバスは結構満員。皆さん朝早いな！
0	@steel2828 彼が5時前に家を出るのです！使い慣れないIHヒーターに傷だか汚れだか着いて取れなくてその掃除の方に時間がかかってるw とれない！ 判決を待つ被告人の心持ち(　Д　)
0	台所だけ自宅が恋しい。IHクッキングヒーター怖い
0	@steel2828 山の仕事じゃないのに！もうしばらくスイス滞在します:-) 後何本ソーセージ食べれるかな？
0	彼の事は大好きだか、綺麗好き過ぎて怖い
0	おひとりチューリヒ二日目。ブラートブルストたべるんだ！
1	チューリヒ湖クルーズ一人で1.5時間持て余すかと思って参加迷ってたけど天気が一瞬良かったのでいざクルーズ。素敵な出会いがありました。 連絡先聞けば良かった！ https://t.co/zPqIZJQL6x
0	毎日晩御飯人様の事も考えて作れる人尊敬するわ。わざわざ日本から持ってきた春雨は片田舎のスーパーでも買えたよ！スイス物価高いのに春雨は安かった
0	@23tter まだ日本は暑いですか？
0	@23tter スイスに小一ヶ月ほど♡
0	@23tter てへ♪
1	@CharlieCoxRoom 私、すき！チャーリー、好き！
0	@CharlieCoxRoom デアデビル乗り遅れ組なのでチャーリー人気急上昇に未だ驚いてる私であります！
1	RT @tokuko0v0: ドイツの鉄道には改札が存在しないので、簡単に無賃乗車ができる。そのかわり「コントローラー」と呼ばれる、私服で一般乗車客のフリをした番人が時々乗り合わせていて、抜き打ちでその車両の乗客のチケットをチェックして回り、無賃がバレたら高い罰金を払うらしい…
-1	スイスのポストバスも同じだ。一度もチケット確認された事無い。高いし無賃乗車いけるんじゃねと玫瑰思うが怖いので毎回買うなー
-1	@Ikurinnn 鉄道は割りに確認来るけどバスは皆無！ちょっと食材買いにバス乗るだけで1400円程かかるのでいつも無賃乗車の誘惑に駆られるけど怖くて出来ない♡一万円位とられるしそんなお金持ち歩いてない！
0	にほんにかえりたくない
0	もうすぐ帰国なのに喧嘩したよ。話し合いで解決したけどいつも綱渡り。
-1	初めてちょっと変われない？と聞いちゃったよ。運転中にドイツ語で周りの車やらに怒るの私は悲しいのだ。何いうてるかわかんないし、そもそも運転免許を持ってないので何も気の利いた事も言えないのだ
0	@Suicassima 話し合いになると語学力の差で負けるのくやしい！ほぼほぼ彼が正しいので仕方ないw
0	帰りたくないー
0	日に日に帰りたくない
1	@Ikurinnn す、スイスも楽しいよ！
0	買う＋いただきモノチョコレートで重量がやばいスーツケースさん
0	ケバブとビール。最後の彼とのバーデンランチは朝10時 https://t.co/EnaDRn5akt
-1	スイス滞在24時間切ってる。切ない
0	顔の骨格の違いについて思いを馳せる。そんなチューリヒ空港でのひと時
0	いた！ https://t.co/MSLfls7L24
0	@steel2828 https://t.co/MSLfls7L24 ムーミンの誘惑には勝ったがマリメッコの誘惑に負けました！
0	スイスに帰りたいなのヘルシンキ
-1	にほん、むしあつい
0	@steel2828 かわいい！！！アホみたいに機内持ち込み荷物さえも重量級だったのでヘルシンキでは買い控えました(；ω；) なんだ、日本蒸し暑い！
0	@nashthecrush チョコとマカロンが心配！
-1	@Ikurinnn ただいま！！なんだこの蒸し暑さ！
-1	@steel2828 @Ikurinnn 不精して扇風機出しっぱなし正解！
1	@Ikurinnn 長袖にジャケットで十分な位！山に行くなら別だろう
0	@Ikurinnn 長袖ジャケットで十分な位！私が帰国して気温が急に下がった模様
0	@Ikurinnn まさかの9月のスイス30℃でお待ちいただいてるとは思わなかったw
-1	@Ikurinnn 帰国前日スイス最高気温23度くらい、今見たら最高気温13度だったw ちなみにスイスではいつも晴れ女でもある。日に焼けまくったよ！
1	久しぶりに出勤なのだが辞めた人が戻ってきてる。二度辞めてまた戻って来るってすごいなw
0	鳥！
1	自分スイス土産。大事にしすぎて賞味期限切れるとこだった！Läderachでは皆んなこれを買うべきだよ。おすすめたしてくれた大切なスイス在住… https://t.co/q0pFKGZgFM
0	ワグナーに間に合った！
0	かっこええ！！！！！
0	ワグナー姉さんに影響されて明日めっちゃノーズシャドー入れてやる♡
0	かなこ、なにが、あった、の？
0	さて、録画見よ
0	リッポンの余裕に浸りつつー
0	背中のスケスケとプリッとしたお尻にもスタンディングオベーションでした。
1	女子最終滑走デールマンが一番喧嘩強そう。好きです
1	来年もスイスに行けるといいな！現実逃避でスイス情報検索とまらない。MIGROSでキムチ買えるらしいよ、いらないよ！
0	本郷なんかカクカクしてるなー
1	背中がっつり見せた衣装いいね
1	旅するドイツ語途中参戦。スイス旅してくれたらいいのにー。にー。にー！
1	サモーヒンくんかわいいな！
0	@Ikurinnn ぐーてんもるげーん！
1	@Ikurinnn 私はマジパン入ってるやつ絶対買うよ！何故日本にはマジパン入りチョコあんまり売ってないのだ｡・(ﾉД`)・｡
1	@Ikurinnn リンツの公式から♪ なんとも言えない食感で好きなんだよねマジパンチョコ(๑´ω`ﾉﾉﾞ✧ リンツのファクトリーストアで買ったリンツのではないだろうモーツアルトの絵が書いてあるマジパン入りチョコも大好き！ https://t.co/bQvgn7QfTI
0	@Ikurinnn リンツのチョコだったみたい。オーストラリアのモーツァルトクーゲルってチョコレート菓子らしい✨ https://t.co/TRfGFZMjBN
0	うっちーさんのツイートみてたらスイス帰りたい欲メラメラ湧いてきちゃった。せめてスイスぱん焼こう
0	ゴールドどうした？
0	ハリボーたべたい
0	@Ikurinnn 広告の所為だ私は今！おぉお待ちしてる！！ いつの間にか帰国してたのかな？おかえりー！
0	@Ikurinnn https://t.co/jRkZoDNhos ここのマジパンチョコは輸入食品店に売ってたりするよ！よく売れ残るのか半額になってる事度々w
1	デールマン、強そうで好き
0	@steel2828 18歳でびっくりした！なんたる姉さんキャラ！
0	2014 US Nationals-Jeremy Abbott SP [HD] 泣きたい時はこれを見るのだ。感動の涙は仕事のストレスをちょっと浄化してくれる！ https://t.co/D3PaGeluog
0	クリスマスプレゼントオーダー完了！何年か前にプレゼントしたメンズのチプカシは奴の手首が太くて付けれず私の手首に返って来たので今年は雑貨にしました。イギリス雑貨→日本→スイス。結構な移動距離移動距離w
0	メンズの腕時計のバンドでピッチピチとか想定外だよね。不可抗力だよね。
1	@CharlieCoxRoom すんごくわかりますw
0	@CharlieCoxRoom 短くて頭使わずただただ笑えるドラマはドラマで貴重ですよねw
1	RT @Fanta_Japan: ＼#ファンタ飲みごろラフランス新発売／ Twitterユーザー限定！1ケース100名様にプレセント！  ▼応募は12/4まで！ ①@Fanta_Japan をフォロー ②この投稿をリツイート 詳しくは→https://t.co/he3KdmGz…
0	"元ミランDFのアントニーニが現役引退、2010-11シーズンのスクデット獲得メンバー" #football #feedly アントン第二の人生に幸あれ。癒しキャラだったよアントン。 https://t.co/ZTBVTutf67
0	バイチェコに違和感。一旦風呂るー
0	日本の観客、手拍子上手いw
0	RT @asa_1986: サンキュータツオさんの『学校では教えてくれない！　国語辞典の遊び方』文庫版は本日発売。文庫化にあたって、三浦しをんさん（『舟を編む』アニメが絶賛放映中！）のご解説をいただきました。解説読んでると目頭があつくなります。　https://t.co/U90…
1	NHK杯はどーもくんいっぱいで幸せ
0	パトリック・ウィルソン祭りはじめるよー！！！ https://t.co/i3Y4c8gSjU
-1	RT @kerotaka: 接客業に変に厳しい人とはあんまりお近づきなりたくないなー
0	ブラウンまにあった！
0	@Ikurinnn てへ✨ またエキシでどーもくん転けないかな。あれ癒しw
0	ランビエールいたw
0	気分転換にベーカリーDAY。第一弾は #Mailaenderli #スイス #クリスマスクッキー レモンの皮をもっと入れるべきだった(；ω；) https://t.co/ODoJ7zJrdT
0	ベーカリーDAY第二弾は#zopf #スイス #スイスぱん https://t.co/CwNM9VIlJr
-1	残業はいいさ、あきらめた。ただ最後の休憩が15 時なのが辛い。お家はまだ遠い。年明けスイス行ったろうかしら残業代で
-1	顔を洗うのすらしんどい。
-1	@Ikurinnn お歳暮なんて大嫌い❤️
-1	RT @i_love_senbei_: 社内の男性に 『ネイルとか金と時間の無駄やろ。何の為にそんなことすんの』 的にきかれたから 「精神安定剤」 て答えたら 『雷落ちた。超納得。』 て言って去って言った。 それが先月。 今では会うたび褒めてくれる。 誰にでもある精神安定剤。…
0	Gotye Live @ Triple J's Beat The Drum 2015  - Thanks For Your Time あんまり何もしてないティムタイムが可愛すぎる https://t.co/3a1Iu9fkh8
0	フィギュアー！
0	ルパンっぽい衣装だと思ったらルパンw
1	マンフト！懐かしい
0	わーい！ロクサーヌ！！！
0	ユアン・マクレガー♡
0	この三日間酒類しか買ってない
0	SAKEROCKがこんな事になるなんて思わなかったよね！
1	カラオケで歌いたいな！愛の讃歌。優勝は大竹しのぶでいいと思うw
1	RT @janesu112: スカートの内側が赤くて可愛い
1	2016年とは？？？楽しいからいいけど紅w
0	ノブ来ないかなw
-1	ピタゴラスイッチに香川とか卑怯！
1	来年はもっといい一年になるといいな！またスイスに行けますように
1	あけましておめでたい。今年はサッカーと映画観たいな。尻アンテナ働かせていかねば。潤い
1	@Ikurinnn こちらこそよろしく！いい尻年になりますよう❤️
1	@Ikurinnn 奈良いいね！4日まで休みなのでお越しの際は連絡くださいな🎶時間帯によるけど大阪まで位なら馳せ参じますよー！
0	RT @JinKatagiri_now: Eテレでやっている『ゆく美くる美』、後半出ますよー。#Eテレ
0	コストコにアイスヴァイン売ってた！！！！！！買ってみるよね、もちろん！
1	コストコノブアイスバインはちょっと塩辛すぎる。。美味しいけど残りはスープにしよう。今年こそは豚のスネ肉買ってアイスバイン作りたい#そも豚の… https://t.co/0LqY6qOhF9
1	無事#ヴェレダ… https://t.co/NxbtVqqK2W
1	WELEDAの福袋早く開けたいなー。 今年もスイス行けたら福袋で良かったの買ってこよう。てかドイツに買いに行きたいスイスから
0	@Ikurinnn 私イングランド人なのかな？w
0	年末年始に買ったもの。ちょっと贅沢瓶ビール及びビールグラス。貴腐ワインにCAVA。WELEDAの福袋はほぼ瓶入り。そして本日瓶入りザワークラウト×三種5本。腕の筋肉トレーニングになったな。
-1	@Ikurinnn スイス産のWELEDAも国境越えてドイツで買う方が安いらしいよw 地味に神戸に直営店あるから福袋買いました♪瓶製品だらけで腕もげるかと思った！
1	consolentefedericaさんの動画 https://t.co/z2k5znsENa ノチェリーノ息子可愛く成長してるな♡
-1	@Ikurinnn 年末年始の思い出は重かった(自業自得)でした♪
0	WELEDAの福袋をポチってしまった。。。。
1	RT @news_line_me: 【フィンランド旅行があたる！】LINE NEWS公式アカウント(@news_line_me)をフォロー&amp;このツイートをRTするだけで「フィンランド旅行」や「ムーミングッズ」が当たる大チャンス！詳しくはこちら ▶ https://t.co/9m…
0	RT @lmladuree: レ・メルヴェイユーズ ラデュレから新作チークが誕生！　 20色のカラーからお気に入りの1色を見つけて愛され頬になろう。このツイートをRTでクリーム チーク ベースのサンプルプレゼント！https://t.co/I0Hx29zvjV https://…
0	イザベル・ユペール！女優賞！嬉しいな！
-1	ちらっとナタリー・ポートマンの隣にピーター・サースガード映ったよね！ジャッキーではケネディ弟なのか。。また案の定お亡くなり確定系サースガードさんが愛おしい
0	レダラッハ買えるそごうのバレンタインで。高い。高いよ。そして私が食べたいのはこれではない！ https://t.co/GuEOKra6e7
1	azzurriさんの写真 https://t.co/PkTwuBK0ve かわいい
0	RT @asuka_morii: １月２２日（日）NHK日曜美術館「アートシーン」でアドルフ・ヴェルフリ展について。（Ｅテレ　９：４５〜１０：００　再放送　２０：４５〜２１：００） 美術手帖２月号はアウトサイダー・アート特集。４ページヴェルフリの特集 日曜美術館 https:/…
0	一度#アイスバイン… https://t.co/fCNuuTqh4Q
1	兵庫県立美術館へアドルフ・ヴェルフリ展に行ってきたよ。ご案内ポスターに釘付けになってアールブリュットてなんぞ？ヴェルフリって誰状態で馳せ参じた訳だが自分の直感は信じるに限るね。今迄行った美術展で一番良かった。
0	RT @kay_shixima: 兵庫県立美術館で今日、行われた斎藤環氏の講演で上尾真道氏の病跡学雑誌論文「アドルフ・ヴェルフリ─自叙伝の病理と創作の関係─ 」からの引用がなされていた。
1	ヴェルフリ展。一枚一枚の絵の熱量情報量力強さ…見てるだけで疲れた。母は狂気を感じたと言っているのだけど私はチャーミングさを感じたよ。疲れたけどもう一度行きたい。
0	#アドルフヴェルフリ #兵庫県立美術館 図録も買ったけどもう一度行きたい。細部が、細部が肝なのだよ私には。#ほぼ日手帳 https://t.co/Ca4WpQURly
0	アドルフ・ヴェルフリさんの作品はベルン美術館アドルフ・ヴェルフリ財団所蔵なのね。ベルン美術館行きたい。近くまでは行ってるのだ。
0	アドルフ・ヴェルフリ展… https://t.co/6PFKUDDdiQ
0	「具体」回顧展以来、こんなに今でも心が揺さぶられているアドルフ・ヴェルフリ 二萬五千項の王国展。両者に共通するのはなんだかわからんけど気になる。見て感じて分かったかと言うと何もわからない。分からないから惹かれるのかな。
-1	Maxim Kovtun SP 2017 Europeans, Ostrava コフトゥンのガッツポーズきたー！！笑顔のおふとぅん久々な気がする。スピンのスローやめたげてw https://t.co/KFj8eFoEID
1	キスクラできゃっきゃしてるコフトゥン見ると年相応にやっぱり可愛いいな！
1	いい買い物をした。ただ重すぎて肩がもげそう。しばしの間心置きなくザワークラウトたべれる事が確定して嬉しすぎる
0	RT @edgarwright: Trainspotting 2. First question: How the hell do @mcgregor_ewan &amp; Johnny Lee Miller look so damn good? Jesus.
0	"生田神社で『節分祭』＆『豆まき神事』 2/3(金) くまモン／月亭八方／長谷川穂積／坂口佳穂／ナジャグランディーバなど" #life #feedly ナジャさん！行きたい https://t.co/clmXnvCfc0
0	"TBS「ゴロウデラックス」に出演します" #movie #feedly 春日太一の美声が地上波に！ https://t.co/2ljLLAVuBa
0	RT @tkasuga1977: 独身  RT @yd3lhb: 春日太一さんてこんなに男前だったの？独身？？
1	新商品「チロルチョコ〈モーツァルトチロル〉」を発売 https://t.co/ccjPSDWvz3. 000003467.html @PRTIMES_JPさんから モーツァルトクーゲルチロルとかなんて私得。よなよなマジパン入りチョコ探して出会えずな私に嬉しすぎるニュース
-1	指輪無くしたと思って部屋漁りながら撒き散らしてたら、うるさくて気になって部屋に来た母に事情を説明するとものの5秒で見つけてくれたよね。いつもの場所にあったよね！ただマグカップの陰になってただけだよね！出てきてよかったよね！部屋泥棒が入った後の様だよ。。どうしよう
-1	すべての不調は酷いしもやけの所為だ。かゆいー
0	ライプチヒLeipzigこんな綴りなんだ。
0	モーツァルトのチロルうってない。うってない。マジパンチョコ食べたい
1	antonocerinoさんの動画 https://t.co/PNbVbUvScr ノチェリーノは今日もかわいい
0	目があった！やっと買えたよ#モーツァルトクーゲル #チロルチョコ https://t.co/sO9wk3QcNh
0	リンツのモーツァルトクーゲル食べたくなってきた！
0	RT @tkasuga1977: 最高の娯楽！  RT @kiyoshi_ami: 米粒写経さんと春日太一さんの『陰謀史で読み解く八甲田山』が最高におもしろい…！寒い日に窓を開け放って見る八甲田山、最高に変態で最高…！笑  今度やってみよ
1	RT @PLUSONEWEST: ※開催決定※ 大好評！春日さん単独トーク！  4/9(日)Loft PlusOne West 3rd Anniversary 「ノーNG全リプ祭り２～映画も時代劇も人生相談も、聞きたいこと全部お答えします」  出演：春日太一 詳細→https:…
0	わーい、彼氏くん日本に遊びに来そうだ。わーい。
0	さてまたアボットが観たくなるではないか。
1	オズモンドかわいいなぁ♡
1	強そう！いつ見てもデールマンケンカ強そう！
1	@Ikurinnn そして滑らかなジャンプw 明日はデールマン風メイクで出勤しようと思います♡
0	おー、デールマン一位だ！
0	田中刑事の顔立ちは漫画っぽいなー。がんばれ刑事！
1	ジェイソン来るー！！！かわゆい
1	ブラウン、ピーちゃん、宇野君のお尻はいいね。
1	RT @tkasuga1977: よし。４月９日の大阪での単独トークイベントは前回と同じ三部構成にしよう！ 第二部はアニメ「鬼平」とか直虎とかの話、第三部は全リプコーナーで、第一部は「この羽根田治の遭難ドキュメントが凄い！」ということで。 羽根田本との出会い、衝撃、それから名エ…
0	宇野君がんばれ
1	RT @vitaxzr: テニプリのバレンタイン、1口300円くらいのお手軽募金にして キャラごとの口数ももちろん集計しつつそのままキャラからの名義での寄付にしたらどうだろうかとたまに思う テニス界への寄付でもいいし、アフリカとかに「ケイゴ アトベが建ててくれた学校」ができるの…
1	RT @vitaxzr: @vitaxzr  って思ったんだけど 跡部様は寄付なんて募らなくても私財を投じて簡単に学校作れるし(既に氷帝学園3年A組の校舎を山ほど増設してる)、むしろずっと前から跡部財閥は慈善事業してそう
0	宇野君100点overおめでとう！
1	psgさんの写真 https://t.co/0Qd6Q3A7NE 昭和と平成っぽいいい写真だ♡ マックスは本当パリ行ってよかったねぇ
1	オズモンドかわいいなぁ。。
-1	(；ω；)笑顔が切ないな
0	デールマンにメダルを！
1	ラプソディー・イン・ブルーとデールマン。いいコンビネーションだわ。
0	プチ鹿島氏サンジャポでてるー。
1	ナダシンの苺大福が美味しくて幸せ。ヴェルフリ展の前にちょっと遠回りしてよかった
0	ノチェリーノがインスタライブやっとる。何を言うてるかわからんが相変わらずかわええ
1	Scoobie doのライブ観ながら部屋で踊り狂う。なんて素晴らしいストレス解消。今年は久々ライブいくべ
0	スクービー→ライムスター→映画→宇多丸→またまたスクービーな円を描いてる感じ。
1	ゆらゆら帝国のリキッドライブななめ後ろにコヤマさんいたのも良い思い出だなー。次の日のカウントダウンジャパンでステージに彼は居たな。あの年のカウントダウンジャパンもっかい行きたい
0	ドロー見る。おぱり。。
0	アトレティコユーべ決勝でお願い
0	のー、いぐさくとりー
0	RT @AssouEkotto: 💡 https://t.co/9prvyOHALW
0	春日太一氏の"ノーNG全リプ祭り2 映画も時代劇も人生相談も､聞きたいこと全部お答えします"チケットポチっと完了。美声を生で！お話も楽しみだが生低音ボイスも楽しみだ
1	Bored to deathの配信がhuluで始まったよ。HBOとHuluさんのライセンス契約でちょっぴり夢見て諦めてたBored to death字幕付きで観れるの嬉しいすぎる。。メリケンサック投げつけるのはS2かな？てててーんととっととS3まで配信お願いします
1	部屋のリフォームひとまずテレビ周り配線工事残して終了。換気扇つけられしまったが、あまりにも壁紙が可愛い自画自賛なのでお部屋でタバコ吸えない吸わないアイコス、いや禁煙だなと思いながら庭で一服
1	コストナーでかくてかっこいいなぁー
0	よーこんな音楽で合わせて滑るなぁー。
1	そして会場ヘルシンキ日本人多いなぁ。フィンエアーでアクセスばつぐんだもんなー
1	チェコの子かわいい！
0	@steel2828 了解！！隣のマリメッコで買い物してから向かいますw
0	デールマン今日も喧嘩強そう♡
0	明日のアイシャドーは赤系で行こうw
0	オーサーかわゆすw
-1	@Ikurinnn デールマン口紅は日本人にはなかなか難しい色味w
0	姉さん！アシュリー！
0	@steel2828 ではニョロニョロ集合からのマリメッコでw
0	ワグナー姉さんはいつも選曲がつぼる。
0	@steel2828 (*´꒳`*)v
0	ソツコアちゃんかわええなぁ♫
0	フィギュアロシア女子にしてはお顔に特徴、、主張は少なめだが
0	@steel2828 私はユーズリミックスだと思ってた！カラオケで歌ったぜよ！
0	アモディオがインスタライブで実況しとるw
0	@steel2828 気分はアシュリー！ぜひ一度ご一緒しましょうw
1	ポゴちゃん今日も綺麗だなー。この衣装好き
1	ノリノリだなw
0	ジーが振り付けしならんだ。やるじゃん。ジー！
0	@Ikurinnn 大概何時も言葉が出てないw
0	明日はオフトン期待してるよ。よ！
0	ブラウン最終滑走なのね。風呂る！
0	アメリカ三枠決定かな？
0	宇野きゅん！！！！！
1	宇野きゅんかわいい！
0	200の壁ひょいっと超えた！！！！！
0	凄すぎて色々みててしんどいw
-1	ハビみてて切ないわー
-1	足首変なのか？
0	宇野きゅんの金も見たかったよ！
1	アメリカ三枠割と早めに決まって後半心穏やかに見れてよかったです まる
-1	thiagosilva_33さんの写真 https://t.co/ugZ0PHdeHx マックス地味になかなかなかなかなレコードホルダー♡
1	ラモス元気そう！
0	死ぬほど迷ってロフトプラスワンウエスト到着。初生春日太一にど緊張
-1	春日太一さんのトークイベント最後まで居れずな田舎住まいが悲しい。ローカル線終電ギリ間に合ったよ。年末、遭難の話が楽しみすぎます。次回は宿とる！
-1	寒い、地元田舎寒い、寒すぎる。。そんな中昨日のタマフル春日太一氏のウィークエンド八甲田始まった。やばい装備間違ったので凍えそう。裏話先ほど聞いたとこなので余計面白いなw 八甲田ポッド許可。なんたる八甲田の凡庸性！(春日太一氏に限る)
1	“紫外線と暑さ”にも負けない肌へ。SNS投稿で化粧水＆旅行券をもらおう！キャンペーン詳細はSK-IIアカウントをチェック＞ @SKII_Japan #skii #facethewild #sk2と出かけよう #giftfromsk2 https://t.co/79AALD34GF
0	どうしたコフトゥン
0	@y0hchan まじでー！！！欲しい！！！！大好物です！！
0	"日本代表選手の同僚、サッカーやめてAV男優に？！" #football #feedly https://t.co/lBFjJ5lM04
