-1	@mananya52 @gekkou2 八天堂はお客さんじゃないからダメ。二度と買っちゃダメ、絶対。
0	@Hushdpotato 博多も恋愛禁止でしたっけ？そうでないなら僕と付き合うために(ry
0	@GEKKOU2 私はそれで、タバコを辞めました。
0	誰も知らない、地味に嬉しい iOS 6の新機能 9選 : ギズモード・ジャパン http://t.co/zqmaOfd
0	部長宅で焼肉なう。
0	@menbooo なんで？ww
0	@1ady_gaqa Facebookは会社の人とも繋がってて、Twitterは繋がってないので、一応気をつけてます＼(^o^)／
1	RT @busu_bot: まだ起きてんの？なにしてんの？課題？え？twitter開いちゃってるよね？またブス同士で傷なめ合ってるの？早くねなよ
1	RT @busu_bot: いつもブスブス言ってるけど、そんなブスなお前も好きだぜ
0	@naoptimus @nontonsuke 奇遇だね。俺も名古屋来てからのりちゃんのことが忘れられなくて仕事が手に付かない。
0	@Hushdpotato そしてなんと！！
0	@Hushdpotato ハハッ！騙されたな！特に意味はないのだ！！
0	@Hushdpotato http://t.co/Afnc7Iv
0	@maichaman 男は黙ってミルフィーユ！
0	@maichaman http://t.co/AeUJdS8
0	@Hushdpotato http://t.co/EpN4CBU
0	電車が止まる前に帰してくれた！ってことで帰宅なう。
1	RT @snow_arai: Twitterでよくある勘違い「自分のツイートはフォロワーさんだけが見ている」これは大きな間違いで1つ1つのツイートはurlを持っていて独立したHPのようなもの。ツイートを非公開にしない限り世界中から検索可能。だからこんな事ができてしまう h ...
0	@maichaman ぷらっとこだまでしょ？ 来るときは連絡ください。無視します。
0	@maichaman http://t.co/9LXAtyO
0	@maichaman http://t.co/w4aMNMT
0	@maichaman http://t.co/vf0mK0Q
0	RT @dowlandjohn: そして「ディズニーランドに「夢」はない！」　今、私たちはどこに夢を見出せるのか、ディズニー徹底批判。代ゼミのセミナーでも語りましたが、ディズニーファン半泣き、感情的反発による炎上覚悟で、現実に夢を接続する話で京都講演会を締めくくります。近 ...
0	@pyonpyoon 明日、豊橋でたいしさんと飲むよ！
-1	@pyonpyoon 21時くらいから！
0	@pyonpyoon 今日来る？？
0	@pianomeen 飲みに行きすぎて仕事貯めすぎたぜぇ〜飲んべぇだろぉ〜
0	@FuGnyan つまりまとめるとウイイレなう。ということですね！
0	ロンブー田村淳から学ぶ7つの戦慄「モテ」テクニック - NAVER まとめ  http://t.co/mWCZ4cp
0	とりあえずズボンの前ポケットはやめとく。ポケットにスマホを入れてはいけない理由 - NAVER まとめ  http://t.co/VWZ0ITX
-1	豊橋うぃる。
0	RT @mainichijpedit: 沖縄地方が梅雨明けしました。 http://t.co/Bvp7kXtH
0	@mananya52 @38rivhiro 働き始めたら12時間拘束なんてよくあ(ry
0	@pon_sukusuku 昨日の僕からありがとう。 7月に行くかもだから、そのときは泊めてね＼(^o^)／
0	もしかしてもしかすると、みよちゃんの正体はあの子なんじゃないだろうか。
1	非リアは絶対見ない方がいい研究結果 - NAVER まとめ http://t.co/9DeQHDx
1	大きい声では言えないけど、今日のソロモン流は香川、堂本兄弟はももクロ。
0	@GEKKOU2 あーりん、いえす。
0	@pyonpyoon ヒント:ドンキ
0	@pyonpyoon ヒント:たいしさんの見る目がない。
0	@maichaman @ayakaaaa713 通勤で毎日東海道線乗ってる俺はリア充ってことだな。
-1	通りでいつもあなたの周りの人気者に松井が表示されるのか！投げろ！“@machuiii: 会社でぴたぱっとの話になってで20人くらいマッチしてるって見せたら肩が壊れるまで投げろ！って言われた。”
0	@maichaman @ayakaaaa713 長田さん（*´д`*）ﾊｧﾊｧ
0	@ayakaaaa713 @maichaman ちょっとちょっと！このアイコンの真ん中の子めっちゃタイプなんだけど！
0	@ayakaaaa713 @nontonsuke 駒込と言えばあれだ、デニーズ。
0	ワニとシャンプー
1	RT @dowlandjohn: 壊れて動かなくなった時計でさえ、毎日2回は正確な時刻を告げるというのに...  あ、政治への言及はやめておくことにしているのだった。
0	ポロシャツにするかTシャツにするか、迷う。ギャルソン。
0	@Hushdpotato ウシジマくん映画化を知ってイキました。
0	@Hushdpotato お出掛けですか〜レレレのレ〜
1	RT @twintail_japan: 公園デートでドキドキ…心臓が耐えられません！【キャンパスツインテール】更新！本日登場の小田原怜実ちゃん @ lemilemi97。 可愛すぎるツインテールガールが今度は専修大学に現る｜日本ツインテール協会 http://t.co/2 ...
0	ついにAKBのパチンコとパチスロ出るのか。出荷台数が大海2以上とか。
0	@menbooo 自分で発注するの？？
0	@menbooo なるほど、自分で外注とかするのかと思ったww
0	@Mom0pi @menbooo 交換会開催で＼(^o^)／ww
1	@nontonsuke うちなぁ、めんどくさい思うねん、根本的に違うねん。もういややねん。でもなぁ、めっちゃ好っきゃねん。
1	@nontonsuke 関西弁に直さなくていいです\(//∇//)\笑
0	@Hushdpotato @stegozaursgogo お土産もらうために来週横浜行きます。お嬢様。
0	@stegozaursgogo @hushdpotato 一番の目的は、Ｏ田さんと仲良くなるためです。
0	@yukichi_ouo え？LINEで何も送ってないけど？？
0	今日飲み会の予定がなくなった＼(^o^)／
0	@maichaman 飲み会の件はいかがでしょうか。
0	入社してからこの三ヶ月でわかったこと。金曜の夕方になると、社内のテンションが上がる。
0	小学、中学一緒だったわけで。日テレ新人アナ・久野静香、入社4ヶ月で『ZIP！』抜てき（オリコン） - Y!ニュース http://t.co/IIJL0Uz
0	@shotyome0621 まじか！意外なつながりだね＼(^o^)／
0	@1ady_gaqa きっと野球選手とかと結婚するんじゃないですかね笑
1	@yukichi_ouo @riichun1030 無事に帰ってきたことが一番のお土産。
0	全回転ｷﾀ━━━━(ﾟ∀ﾟ)━━━━ !!!!
0	今晩ひまな方いませんか〜？？
1	@yoko_kobayashi 逆に名古屋に来たらいいと思います！
0	@Hushdpotato @miho842 彼女は仕事です！
0	さっきコンビニでグルコサミン1200mg配合のサプリメントを見た。1500mg摂取しても人によっては300mgも吸収されない事実。
-1	そしてグルコサミン単体であれば論外。
1	@1ady_gaqa 取り過ぎも禁物です＼(^o^)／ 海海は知らないです。間寛平のかいーのかいーのしか知らないです。
0	RT @MusicLovers_NTV: 【ももラバ企画】第１弾！リハーサル前、スタジオに入った瞬間のももクロの皆さん。スタジオで待機していたわたしたちスタッフに、決めポーズ付きで恒例のご挨拶をしてくれました♡♡  #Mラバ #momoclo http://t.co/gM ...
1	RT @MusicLovers_NTV: 【ももラバ企画】第２弾！リハーサル中の真っ最中。真剣なももクロさんたち。。 #Mラバ #momoclo  http://t.co/kLPuZHBl
0	RT @MusicLovers_NTV: 【ももラバ企画】いぇぃ。 #Mラバ #momoclo  http://t.co/tm5ECrbv
0	RT @MusicLovers_NTV: 【ももラバ企画】第３弾！！本番直前、まさにステージ袖のももクロさん。間もなく、LIVEスタート…！の瞬間。 #Mラバ #momoclo http://t.co/DCoVrd7k
0	@Hushdpotato 年に2回、ボーナスの破壊力。
0	おーたしろー！飲み会どーなってんだよー！
0	線路に石置いたやつ出て来い。
0	iPhoneだとSafariに慣れちゃったから、Chromeのアプリ使いづらいなぁ。
-1	RT @mainichijpedit: ケンタッキーのオリジナルチキン食べ放題は７月４日ですよ！お忘れなく。http://t.co/hHYTsUq8 トリ的にはつらい１日になりそうですが…
0	久しぶりに19時前に会社出た＼(^o^)／
0	最近pitapatが開けないんだけど、俺だけ？そうならインストールし直すんだが。
0	ももいろクローバーZgalaxxxy 行くぜっ！ 怪盗ヒョウジョパーカー [楽天] http://t.co/DaR15kw #RakutenIchiba http://t.co/9BpCb6W
1	@ayakaaaa713 @maichaman いーなー混ざりたかったなー性的な意味で。
-1	RT @OOKUBONBON: また無駄に早起き。エアー犬の散歩にでも行こうかな。「ダメ！こっち行くよ！」「もう、何食べたの？」「この子ですか？柴犬じゃないです、雑種なんです」「はい、この時間に毎日。あっ、また明日…」二度寝しよ。
0	@pyonpyoon ぱ、ぱんつは見えたのかっ？！
-1	隣のおっちゃん、めっちゃ臭かった。やっといなくなってくれた。
0	誰か明日の夜から朝まで飲まないかい？東京、横浜で。
0	@kaori_meow280 日曜ひま？
0	@kaori_meow280 あ、聞いた話だからよくわからんけど、その友達やっぱ行けないらしいよ！
0	いざ横浜！
1	@Mom0pi 行ってきます〜＼(^o^)／あ、名刺交換会も早くやろ〜笑。
1	今日は横浜に行くと、朝から部長に言い続けたら早く帰らせてくれた＼(^o^)／
1	今から横浜行くぜぇ。会社帰りだせぇ。アクティブだろぉ。
0	なう。 http://t.co/cCYlelQ
0	川崎行くといつも傘なくなる。
0	@pon_sukusuku 東横インの受付のお姉さんに連絡先渡そうとしたアカウントはこちらです。
0	バスで名古屋までももクロをエンドレスリピート。名古屋まで、の時点でエンドはあります。
0	あと6時間バスの中〜拷問〜
0	@Hushdpotato 金城さん！それ、新事実ですよ！
0	長澤まさみさん、麻生久美子さんなどなど映画『モテキ』大根仁監督のお宝画像放出ツイートが話題に - NAVER まとめ  http://t.co/sizd8qq
0	@nabebesplits どっか行くの？
1	あ、横田くんに言い忘れた。返却するであろうTSUTAYAの袋にハッピーターンのゴミを入れたことを。
0	今って歩道橋の命名権も売買されてるの？ハウス食品メガシャキ歩道橋ってのがあったんだけど。
0	iPhoneでもできる！ Google検索でハートマークを描き出す方法 http://t.co/JBCCmpf #かみあぷ
-1	@naoptimus やることやったらすぐに失礼させていただきます！ 泊めてくれてありがとう！
0	トトロだ！ http://t.co/ZAb6IY6
-1	RT @Yamamoto_Mother: 就活ぶっ壊せデモが話題ですが、デモの参加者は要領の悪い低学歴です。こんなデモをする頭だから内定が出ないのです。それに比べ早大の息子は、毎日近所のミニストップに通い詰めることで、そこの内定を獲得出来ました。現在はレジ打ちと倉庫の整理 ...
0	RT @Yamamoto_Mother: 最近は若者の性が乱れておりとても心配です。先週、テレビで『千と千尋の神隠し』という番組を見ましたが、あれは10代の娘をソープで働かせるというとんでもない作品です。私はすぐに日テレへ抗議をしましたが、すぐに電話を切らました。放射能の ...
0	しゃべくりに内田篤人。
0	RT @anti_gakureki: 内定者研修合宿では一日15分間テレビを見ることが許されている。今日はニュースでスティーブ・ジョブズという人が亡くなったと聞いた。誰か知らないが、他の内定者の奴が「マックの人」と言っていたのでおそらくマクドナルドのアメリカ店の店長か何か ...
0	RT @anti_gakureki: Mr.タンクトップ流内定術 http://t.co/5HAEb3Oq
1	@1ady_gaqa 似てませんがサッカーの上手さでは負けません(・ω＜)てへぺろ
0	@maichaman いつ名古屋来るの？あ、その日は予定あるわ！
0	@ayakaaaa713 ＼(^o^)／
1	♬明日も仕事なのに久しぶりにこんな時間まで起きてる〜でも明日は会社行かずに直行だから〜大丈夫〜(適当なリズムにあわせて)
0	@Hushdpotato @名古屋
1	RT @momoclo_king_pr: お詫び：リーダー誕生日ツイートフラゲしてしまいました。正しくは7月12日！！本当に申し訳ありません。
0	最近100円玉貯金始めた。帰って来て財布の中にある100円玉は全部入れる。
0	@unit07 なんで今回のエヴァは109で販売しないの？？
0	明日お客さんとこ行く準備しなきゃだけど、それよりも桐谷美玲と付き合う方法を考えよう。
1	@kotfoy 単位なんて4年で取ればいいんです、ええ。
0	RT @dokubot: 罪はおっぱいにある
0	@kotfoy 4年の後期に週4で通うことになるけどねˉ̞̭ ⚈๊͈͡ ◡ु͐⚈๊͈͡ ˄̻ ̊ ってかいつもこんなに早起きなの？？
0	@kotfoy ん？朝の8時に寝て夜中の1時？？
0	@yukichi_ouo @mananya52 二人ともちゃんと大学行ってるんだね！
0	@maichaman もちろん仕事です。
-1	@maichaman 私も残念です。とても。
0	@maichaman 僕に休みなんてありません。年中無休、不眠不休です。
0	@yukichi_ouo @mananya52 ハワイ在住条件は、大卒以上です。
0	RT @SHABBYBOYS_: 東京も行くよ久しぶりに。  8月1日（水）＠新宿JAM まちぶせ×ホタテーズ自主企画 「トーキョーノーマークVol.3」   開場/開演 未定/未定 前売 ￥1000(D代別)  出演 まちぶせ/シャビーボーイズ(名古屋)/マザラズ 他
0	普通はまず連絡先聞くだろ！と、専務に怒られた。恋愛に関して。
1	RT @dokubot: こうされると嬉しいんだろ?って感じで頭撫でてくる男、何なの???誰に触られても嬉しいお前のクソチンコと一緒にすんじゃねえよ。
0	あー飲み過ぎた。明日は休日出勤なのに。
0	三連休初日は仕事でスタートˉ̞̭ ⚈๊͈͡ ◡ु͐⚈๊͈͡ ˄̻ ̊
0	@myonn9 フォローありがとう！
0	マセすぎてる『イマドキの小学生』のやりとり - NAVER まとめ  http://t.co/5HkwMKj
0	社蓄が放った謎の名言 - NAVER まとめ  http://t.co/kw8nsgA
0	@unit07 綾波を…かえ(ry
0	@kotfoy じゃあ一緒に二人の生活を頑張りましょう！
0	@unit07 笑(ry
0	@kotfoy ん？どうした？？
0	@stegozaursgogo ぼ、僕は釣られてないぞっ！
0	RT @dokubot: ベビーカーを押してるお母さん、私が法律でございます歩きしてるけど人や車がいつでもどこでも避けられると思ったら大間違いですよ。痛い目に遭う前に一瞬でいいから周りを見ましょうね。
-1	晴れ男具合半端ないぜぇ〜BBQしたぜぇ〜夏っぽいだろぉ〜
0	@Perorine どこのコメダですか？別にちょっとしか行かないんで教えてください。
1	@sotaroatlanta 中国でビジネスするなら必要な考えだよねˉ̞̭ ⚈๊͈͡ ◡ु͐⚈๊͈͡ ˄̻ ̊
-1	@myonn9 朝起きたあとの布団みたいな臭いだよねˉ̞̭ ⚈๊͈͡ ◡ु͐⚈๊͈͡ ˄̻ ̊
-1	@myonn9 でも布団の臭いよく分からないから、今度二人で寝て確かめてみよう！
0	@mananya52 @riichun1030 with福山
0	My room is very very very hot!!!!haha!!!!
1	@myonn9 ちょっとしか何もしないので安心してください。
0	RT @dokubot: 熟女って何歳からか知ってますか？私は先日知りました。熟女パプの求人に募集は25歳からと答えがかいてあったので。
0	めっちゃ快晴だなぁ。さ、コンタクト買いに行ってくるか。
0	@kotfoy ぽんじゅーる？ポンジュース？ボンジュール？Oh！ポカホンタス！！
0	@kotfoy じゃあ後半部分に関して今度二人で8時間ぐらい話そうか。
0	@kotfoy たまにはそういうプレイも(ry
0	眼科で診察代980円払って、その横でコンタクト買うときに診察代600円返金しますので、合計から引きますって言われたけど、どういうこと？眼科の点数稼ぎ？
0	@kotfoy 月曜日はぶっとびDay＼(^o^)／
1	RT @dokubot: 「メンヘラ」って言葉ですべてを一括りにするな。すべてがすべて構ってﾁｬﾝの糞ばかりじゃねぇーんだよ！病気あったってな、必死で普通の奴を演じてんだよ！メンヘラに偏見持たせたのは死にたいとか平気でツイートし、病気を楯にしてる糞だけだろーが。いい加減にしろ。
0	RT @FolkRockFanClub: 7/16（月）今夜22:00頃〜ZIP-FM77.8『RADIO KICK』にシャビーボーイズからVo.杉本惠祐とDrums.本田拓人の2人が出演します‼ 東海圏の皆さん是非。スマートフォンの方は「radiko」のアプリでも聞けま ...
0	GREENDAYの新曲ステキ。オーラブ。
1	RT @cheepin_tencyo: ぱちんこAKBは、デキ&amp;コンテンツは、抜群！それは解るが、焦点は20万台に耐えうるか・・・の一点。
0	@Hushdpotato @riichun1030 @mananya52 ポップコーンは 僕が貰ってきてあげるよ！ˉ̞̭ ⚈๊͈͡ ◡ु͐⚈๊͈͡ ˄̻ ̊
0	行きたい。名駅南の創作料理店が業態変更－だし利かせた鍋・セイロ蒸し主力に http://t.co/W6yYYZM
0	@maichaman @gekkou2 あの夜もベタベタしてたね！
0	@maichaman @gekkou2 まずあの夜のこと否定してくれないと、みんなにバレちゃうだろ！
0	@maichaman @gekkou2 もうバレたなら仕方ないね。結婚しよう！柳田くん！
0	@Hushdpotato @riichun1030 @mananya52 http://t.co/8Nnya8P
0	@Hushdpotato あれ、サッカー見に行ってませんでしたっけ？？
0	@Hushdpotato でももし金城さんに会ってたら、僕の彦星が(ry
1	@Hushdpotato 嬉しい限りです！  次は8月16日から19日あたりで行く予定ですので、ぜひ僕の彦星を！
0	コミュ力高すぎておかしなことになってる歌舞伎町の客引き - NAVER まとめ  http://t.co/U8DgSwG
0	熊田曜子デキ婚　４月に入籍していた＆妊娠５カ月（スポニチアネックス） - Y!ニュース http://t.co/qtgJDkc
-1	あーそうそう。錦歩いてると「おっぱいどうですか？」とか「おっぱい！」って客引きがうるさいのだけども、先日「ただエロいだけの店です！」って。大変興味があります。
0	『劇場版リリカルなのは2ndA's』公開日から１日でフィルム１００枚分(スタンプ３００個)を出品する人が・・・どう見ても映画館関係者 - やらおん! http://t.co/Ep7qd7H
0	@kotfoy @myonn9 僕にも見せてねˉ̞̭ ⚈๊͈͡ ◡ु͐⚈๊͈͡ ˄̻ ̊
0	@kotfoy @myonn9 横浜まで飛んで行きます！飛べないけど。
0	@kotfoy @myonn9 でもそこは愛の力で飛べそうな気がするよね！飛べないけど。
1	ちょっと太陽さん、そんな真っ赤な顔して本気出し過ぎだよ！ http://t.co/UNWYTvG
-1	@kotfoy @myonn9 あーもう長田さんなんて大嫌い。嘘だけど。
0	RT @busu_bot: ママー！見てあのお姉ちゃん！水着がかわいそうだよー！
0	ベラルーシ戦の4つの見所＜U-23サッカー男子＞ - NAVER まとめ  http://t.co/qHfT98X
0	@kotfoy せっかく長田さんのことを思ってRTしてるのに…(´Д` )
1	@kotfoy でも長田さん可愛いしでも長田さん可愛いからでも長田さん可愛いのだから関係ないじゃんˉ̞̭ ⚈๊͈͡ ◡ु͐⚈๊͈͡ ˄̻ ̊
1	沖縄より暑くて全国で名古屋が一番暑いとかワイルド過ぎる。 http://t.co/zDL9Yma
1	@pyonpyoon 仮にその先輩がめちゃくちゃ可愛くて彼氏もいないのであれば、今日飲んであげても良いんだよ？←上から目線
0	きゃっ///“@machuiii: めっちゃがたいええｗ“@uozumiyuki: たはらのがヤンキーやん。次はいつ休み？“@_taparazzi: 新舞子はヤンキーばっかだった。 http://t.co/ucnJQKC”””
0	@yukichi_ouo 空気も読めてないけどな！
0	@pon_sukusuku それ、僕の彼女。
0	@pon_sukusuku かつ貧乳なら最高だね！
0	@pon_sukusuku ショートカットしおりんだよ〜
0	@yukichi_ouo ぼくは漢字読めない。
0	@pon_sukusuku あーりんなら揉みたい。はぁはぁ。
1	@yukichi_ouo どんなに遅くともこの時間には終わるよ＼(^o^)／良い会社でしょˉ̞̭ ⚈๊͈͡ ◡ु͐⚈๊͈͡ ˄̻ ̊あ、ぼくの嫁っていう仕事なら紹介するよ！
0	@pon_sukusuku まったく関係ないけど、8月16〜19日そっち行くよ＼(^o^)／
0	@timo_timo221 @pon_sukusuku ちもの場合ちょっとリアルだな。
0	@maichaman え？太田代海猿なの？
0	@pon_sukusuku じゃあ18日の夜飲も！んで泊めて♡
0	@timo_timo221 @pon_sukusuku 謝って済む問題じゃない。
0	@maichaman え、じゃあ何猿なの？
-1	具志堅の動体視力半端ないww
-1	@yukichi_ouo むしろ19時までいると、早く帰ってって言われる＼(^o^)／ 行けたら行く、と同じくらい検討しない臭いぷんぷんだよ！（｀ε´）プンプン!!
0	RT @busu_bot: 世の中にはブス専の人がいるんだよ、まぁそのブス専の人でも性格ブスは受け付けないと思うけどな
0	@asamimimi0516 @raulyushi うちは休め休めって言われる♡
-1	@myonn9 ちょっと今度本音で8時間くらい語ろうか。
0	@raulyushi @asamimimi0516 ブラッ(ry
1	@myonn9 いやぁ、今後の二人の関係について話すとなると、8時間でも足りないと思うんだけどなぁ。 僕と飲みたいなんて、そんな嬉しいこと言われると好きになるわぁ。童貞として。
0	@myonn9 貧乳、最高！！(映画のCMに出てくる一般人風に)
0	@myonn9 16日〜19日に横浜行くので、毎日飲みましょう。96時間。
0	@myonn9 ですから、96時間飲みましょう、と。
0	@maichaman で、結局のところ何田代なの？
0	@myonn9 勘弁してください。
0	錦のスナックで呑んだくれて終電なう。
0	@yukichi_ouo @riichun1030 一緒に行きたい♡
0	そしてめっちゃションベンしたいけど終電だから降りられない。
1	@ayakaaaa713 @stegozaursgogo ぼくは松原がいいです。
0	@pyonpyoon 何しに名古屋行くの？みなと祭？？
0	@nontonsuke ぼくはのりちゃんに会えなくて震えてんねん。
1	@pyonpyoon たぶん花火とかも上がるはず( ´ ▽ ` )ﾉ ねーねー、どこで飲むの？可愛い子いるの？行かないからとりあえず場所教えて( ´ ▽ ` )ﾉ
0	RT @club_rocknroll: 【本日】folt "YOU" レコ発!! 18:30OPEN 19:00〜シャビーボーイズ 19:50〜sunday morning bell 20:40〜wooderd chiarie 21:30〜folt 時間は目安です、お待ち ...
1	シンプルなアイデアだけど、効果のほどが凄まじい映像まとめ - NAVER まとめ  http://t.co/cNcP6BD
-1	@Hushdpotato 揚げまんじゅう、響きがいやらしいですね！
1	@pyonpyoon じゃあぼくは23女がいいな！
1	やっぱ可愛いなぁ、本田朋子。
1	優良ドライバーへの道。ってことで、免許更新行ってきます。
-1	@Mom0pi 行ってきます！平針遠い(´Д` )
0	8時20分着、8時30分受付開始、9時10分受付完了。 免許更新を舐めてた。
0	やっと更新終わったー
-1	@Perorine 福山、緊急参戦決定！！乞うご期待！！
-1	@Hushdpotato 福山、緊急参戦決定！！乞うご期待！！
0	@Hushdpotato 走れ！をBGMに、急いで8月中旬には向かいます！
0	@Perorine あ、豊橋となると、パスポート必要ですね。残念です。
-1	痛い信者(ﾉ∀`) : 爆走兄弟レッツ＆ゴーの土屋博士が死亡 http://t.co/IQea4Fv
0	@myonn9 俺の二尺玉が(ry
0	RT @busu_bot: ブスブスブスブスブスブスブスブスブスブスブスブスブスブスブスブスブスブスブスブスブスブスブスブスブスブスブスブスブスブスブスブスブスブスブスブスブスブスブスブスブスブスブスブスブスブスブスブスブスブスブスブスブスブスブスブスブスブスブスブス
0	社長に駅まで車で送らせる新入社員のアカウントはこちらです。
0	@myonn9 ぶっぱなさせてく(ry
1	RT @Yamamoto_Mother: 就職氷河期こそ学歴が重要です。息子は早稲田のおかげでミニストップに就職できました。甥に低学歴の慶應生がいるのですが、丸紅という口紅の会社から内定を頂いたそうです。様々な化粧品を知ってますが、丸紅というブランドは聞いたことがないので ...
1	海行きたい。プールでもいい。BBQしたい。
-1	あ、お邪魔しました。“@ayakaaaa713: 今日妹が彼氏連れてきてたっ！！きゃーさびしいーー(´；ω；｀)”
1	RT @dokubot: 男の言う可愛い→ヤらせろ 女の言う可愛い→私より劣っていて可愛いとは思えないけど、自分の余裕をアピールするためにあえて口に出す
1	@pyonpyoon 新入社員は話は聞いてるフリして、偉いさんのグラスだけ気にしとけば良いらしいよ。
0	砂糖の日経相場が下がったのだよ。3日前ぐらいに。 http://t.co/OomRJJs
0	コストコ出来るのか！ http://t.co/vfYnECp
0	飲むシュークリーム食べたい。
0	なんとしてでも8月に横浜行くために、頑なに拒否し続けた。結果的に、会社全体の勉強会日程を変更することに成功！！
0	@_taparazzi 俺も26日休み＼(^o^)／なんも予定ない＼(^o^)／華金も予定ない＼(^o^)／
0	@Hushdpotato 金城さんに会うためなら、会社も辞める覚悟でやってやります！
0	@Hushdpotato 明日は仕事ですが、スケジュール的には暇です。
0	@Hushdpotato じゃあぼく鬼やるんで、名古屋まで蹴りにきてください。
0	レッツ＆ゴー http://t.co/Z6vYorR
1	@kotfoy http://t.co/7ii6OSO  おいしそうでしょ？だから今度一緒に食べに行こう！
0	@Hushdpotato 果てしねぇわ！に思わず笑ってしまいました。
0	@kotfoy じゃあ感想伝えるから二人で飲みに行こうね！ˉ̞̭ ⚈๊͈͡ ◡ु͐⚈๊͈͡ ˄̻ ̊
0	@kotfoy あ、ちなみにこんなのもあるみたいだけど、一緒にどうかな？ˉ̞̭ ⚈๊͈͡ ◡ु͐⚈๊͈͡ ˄̻ ̊ http://t.co/HXqeryY
1	@kotfoy 長田ちゃんの方が可愛いけどね！
1	@kotfoy それは置いといて、8月、遊びに行くから！8月、遊びに行くから！大切なことなので二度言いました。
0	@kotfoy 16日〜19日ねˉ̞̭ ⚈๊͈͡ ◡ु͐⚈๊͈͡ ˄̻ ̊
0	@kotfoy 前に金髪にして深谷さんに怒られた＼(^o^)／
0	@1ady_gaqa 期待の大型新人現る！！
0	@pyonpyoon それ、デキる新入社員。
0	明日は代休＼(^o^)／
0	RT @comic_natalie: 荒木飛呂彦が「NHK高校講座」で美術講師、キャラ作り語る http://t.co/vWzz3WRF
1	@kotfoy 正確には俺の場合、まだ前の支配人の時だったんだけど、支配人が何か言いたそうにしてたんだけど、俺に遠慮してか何も言えずに、代わりに深谷さんに言われた感じだった＼(^o^)／
0	@yukichi_ouo 福山のココ、空いてますよ。吉報。
1	@myonn9 この可愛い長田さんは誰ですか？
0	@pyonpyoon これだからゆとりは…。
-1	RT @allabout_news: 社会人の悲しさといえば、短い夏休み。申し訳程度に二日間休んでいいよ、と言われても……。有給休暇を合わせるなど、やりくり考え中の方に読んでいただきたい記事です。｜罪悪感なく休暇が取れるマナー http://t.co/BplBe8Ql
1	せっかくの代休を有意義に使うために、美容院行ってくる。以上。
1	@naoptimus 中出しこそスタンダード。顔射こそ外出しを名乗れ
0	@Hushdpotato 僕も休みなんで缶蹴りしましょ。
1	@naoptimus 8月に横浜行くんだけど、また泊めてね♡美味しい女性でもご馳走するから！
0	@naoptimus それでも泊めてくれるなんてありがとう！
0	@Hushdpotato 赤鬼ですか？青鬼ですか？そ♡れ♡と♡も♡
1	@Hushdpotato とりあえず一回地獄を見てきたら良いと思うよ。
1	RT @dokubot: なぜ日本でレディファーストが根付かないかゼミで討論した事がある。女子学生たちは日本男性批判と想像上の外国人紳士崇拝の言を並べていたが、３０分ほどで教授（女性）が静かに、だが力強い声で言い放った。「レディーが絶滅しつつある日本ではレディーファースト ...
0	@Hushdpotato 福山△
0	「お、今日スペインに勝てるかも」と思える6つの要素 - NAVER まとめ  http://t.co/Pc4nQK4
0	なう。 http://t.co/UDwRPh4
-1	結論:フローズンビールは一杯で十分。そして変に腹に溜まる感じ。なかなかゲップも出なくて気持ち悪い。
0	@Hushdpotato イドゥーングは試写会で観たんじゃないんですか？イドゥーングは。
0	RT @nabebesplits: 道端でいちゃつくカップルが美男美女でムカついたから風上で思いっきりオナラしてやった。
0	@myonn9 よし、ならば起きていよう。
0	@Hushdpotato http://t.co/Jy3eCij
0	RT @MusicLovers_NTV: そういえば、Mラバ＋のももクロちゃん映像、見ていただけました？アプリだけのための「Z女伝説」ライブ映像もあるんですよ！映像は毎週更新されるから…お早めに。りん、りんりりん、りん。 http://t.co/1jLvGuhR #Mラバ ...
0	@FuGnyan そうですね、気になります。
0	@Hushdpotato @mananya52 ショートカットしおりんだよ〜
1	RT @busu_bot: 「えぇー？私可愛くなんかないですよぉ～☆」という茶番
1	RT @dowlandjohn: 名古屋を歩いていると、全体として人々、特に女性が、東京や横浜や京都とは歴然と違っている。化粧や服装が独特。どう表現するか難しいのだが、ともかくもナゴヤン。特殊性をしっかりと維持し続ける街。
0	@kotfoy インティライミ？
0	@Hushdpotato そりゃまぁ横浜には金城さんいるんで言うまでもないですけど、名古屋です＼(^o^)／
0	汗が止まらない。@名駅
0	@Hushdpotato たぶん30回くらい謝った方がいいと思います。
1	@Hushdpotato 僕なんかに会ってくれる金城さんは世界で一番美しいです。 (　ﾟ∀ﾟ)o彡°扇原ｯｯ！扇原ｯｯ！ (　ﾟ∀ﾟ)o彡°扇原ｯｯ！扇原ｯｯ！
1	RT @dokubot: 「お前も巨乳ならなー」だと？貧乳なお前の彼女はずっと努力してるぞ？食生活だって体操だってできる限りのことをしてるんだ。なのに、それも知らずに「全然大きくならないなーｗ」って、黙らんかおっぱい星人がぁぁぁぁぁぁ!!!!
0	RT @busu_bot: あなた顔のことで悩みあるでしょ？相談のるよ！
-1	小顔になれる♪ふわっと軽い“夏ボブ”ヘアカタログ - NAVER まとめ  http://t.co/aPvP4rl
0	水原希子の妹「水原佑果」がめっちゃくちゃカワイイぞ！！ - NAVER まとめ  http://t.co/pP0aWLh
1	@38rivhiro @ayakaaaa713 8月の16日とか17日にも行けばいいと思うよ！
0	@yukichi_ouo 僕とネズミーランド行こうよ＼(^o^)／ネズミーランド＼(^o^)／
0	初めて会社の外で一人で飯かも、よく考えれば。
0	今日、 早帰りデーなのに、絶対仕事終わらないよなー、終わらないよなー、終わらないよなー！！
0	@yoko_kobayashi 営業です＼(^o^)／
0	@myonn9 名古屋へお越しの際は、ぜひ福山プリンスホテルへ！
0	@myonn9 女性限定！福山プリンスホテル(東横イン)に2人で宿泊プラン！
0	@kotfoy 花火より、この浴衣を着た2人の女性の方が綺麗ですね。
0	@myonn9 ご好評につき、予約が取りづらい状況が続いております。ご予約はお早めに。
0	西野カナ？の♫ずぅーうとまーえーかーら君が好きぃでぇしたぁあみたいな曲のタイトル何？？
0	@pyonpyoon 俺も今日移動中にラジオで聞いてしばらく頭の中で流れ続けてた＼(^o^)／んでせっかく忘れたのにさっきCMで流れてまた＼(^o^)／
1	肌の調子も整え、おっぱいも大きくなる秘密兵器。 [楽天]http://t.co/8g8Q7yv 【メール便対応商品】　DHC　なめらか　20日分 #RakutenBookmark
0	@raulyushi @pyonpyoon え、
0	@Hushdpotato ビフォー、アフターの写メをお願いします。
0	@Hushdpotato じゃあ直接拝ませていただきま(ry   このサプリの原料作ってる会社の人が言ってたんで、ほんとに効果あると思いますよ！
0	@iftomo29 食物繊維＼(^o^)／
0	@iftomo29 http://t.co/W5lLh6O らしいよ笑。
0	旗籠家　名古屋名駅店 http://t.co/RxMLbBH
0	@iftomo29 サプリメントとかに頼るのもありかもね＼(^o^)／
0	MONEY LOVE TELL“@yucco311: この中から最初に見つけた英単語３つがあなたが人生でほしいもの。なんだって。 http://t.co/GzQiAuy”
0	@Hushdpotato @miho842 海猿とみた！
0	@Hushdpotato http://t.co/dsWroHC
0	@Hushdpotato 全治6週間とか、めっちゃウケるんですけどーーψ(｀∇´)ψ
1	@iftomo29 ちなみに肌にはDHCの「なめらか」ってサプリがいいらしいよ＼(^o^)／コラーゲンセラミドMKP-1ってのが入ってて、特許も取ってる＼(^o^)／
0	16〜19日、東京・横浜へ行くので、暇な方は遊びましょう。飲みましょう。
0	@Hushdpotato とりあえず16〜19日は金城さんと泊まろうと考えてます！
0	@pianomeen 素っ裸！
0	RT @mainichijpedit: フェイスブックに開設されている大リーグ各球団のページ上で、ハッカーによる攻撃が相次ぎ、ヤンキースのページにはジーターが「性転換手術を受けるため今季残りは休養」改ざんされました　http://t.co/EsYlFAgM
0	@Hushdpotato あくまで予定ですˉ̞̭ ⚈๊͈͡ ◡ु͐⚈๊͈͡ ˄̻ ̊
0	RT @RocketNews24: 【隠しモード突入】Androidケータイの「バージョン情報」を連打すると秘密の画像が表示される http://t.co/pxZoZ7eC
0	@Hushdpotato http://t.co/wYon488
0	RT @busu_bot: 混雑する場所では日傘自重しろよブス。日焼けしようがしまいがブスなんだから少しは周りに気を使えるブスになれよ
0	@Hushdpotato ちょっとしか何もしないですから！
0	@Hushdpotato じゃあ、もう、します！！
0	暑い！飲みたい！誰か！
0	@Hushdpotato 会った瞬間、ガッ！！で、グッ！！です。
0	どこからか花火の音が聞こえる
1	サッカーよくわからないけど、このレッドカードは大きい！カードのサイズは普通だけど。
0	ふぅ、今のは冷やっとしたぞ！アイス食べてるからかな。
0	http://t.co/tc1KUpY
0	最近はもっぱらこれ！ http://t.co/CuiydyS
0	@Hushdpotato 会いたくて会いたくて((((;゜Д゜)))ガクブル
0	@Hushdpotato 私は、テレビになりたい。 主演:中居正広
0	@1ady_gaqa 一滴残らず飲み干してやりました＼(^o^)／
0	明日は社長とフーゴル。
0	@Hushdpotato よっ！社長っ！日本一！！
0	@Hushdpotato そんなことよりもですね、カラオケ行きたいんです、僕は。
1	RT @SHABBYBOYS_: 『シャビーボーイズ、ベース募集中』 我々は名古屋で活動するバンドです。  経験、年齢、性別、問いません。 ただひたすらに音楽が好きな方。最後まで本気でやってくれる方、くすぶっている方、待ってます。 興味ありましたら、Twitterからでも ...
1	@Mom0pi 女性4人が美し過ぎて、名古屋城が霞んでる！
0	@yuri_san827 すみません。イケメンは先々週更新したので、本日はおりません。
0	@naoptimus あと2回謝れ！
0	RT @nikkeionline: 浜田幸一元衆院議員が死去　政界の暴れん坊「ハマコー」 http://t.co/9fC1zHIm
0	@Hushdpotato そろそろ僕のモニカも聞きたい頃でしょう。歌ったことないけど。
0	@Hushdpotato いやぁ、久しぶりに金城さんの全力でマツケンサンバも見たいです。
0	@GEKKOU2 @pocaari 時代は名古屋のデリヘル。
0	@Hushdpotato で、16〜19で暇な日あります？？
0	RT @meieki: [名経] 名駅3丁目かいわいで街コン「鯱コン」－男女各300人参加へ http://t.co/sWIF5Zib
0	@miho842 お待ちしてます笑。
1	@GEKKOU2 @pocaari 今度社内旅行で福岡行くので、良いお店紹介してください。
0	@gekkou2 @pocaari あ、社員旅行。
1	参加したいなぁ。誰か参加しないかなぁ。名古屋 街コン 鯱コン at 名古屋　【鯱コン公式】 http://t.co/QIbCKtl
0	@Hushdpotato 16日の夜なら二人きりということですね。
0	@GEKKOU2 @hushdpotato これ以上バレると困るので、コメントは控えさせて頂きます。
0	@miho842 行きます行きます＼(^o^)／特に予定もないけど行きます＼(^o^)／笑。
1	@Hushdpotato @gekkou2 また素敵な夜を過ごしましょう。弁護士FU○K!!
0	@pianomeen @gekkou2 出来ることはすべてしたんですが…
0	@GEKKOU2 また川崎に行けるね！
-1	@myonn9 いちごジャム嫌い(´Д` )
0	@Hushdpotato @miho842 ヾ(｡`Д´｡)ﾉ
0	@myonn9 ジャムの部分が練乳だったら最強ψ(｀∇´)ψ
0	@Hushdpotato 僕のファンクラブ、今なら1番ですけど、どうします？
0	@Hushdpotato 8月末までのご入会で、入会金0、特典は僕となっております。
0	@Hushdpotato 8月末までのご入会で、もれなく脱ぎたてパンツもついてきます。もれなく。パンツだけに。
0	楽天が全然勝たねーから、楽天のポイントが全然2倍にならねー。
0	@Hushdpotato つまり、16日飲みましょうということです。
0	昨日寝ようとしたら、部屋にカナブンがいた。生きて帰してやった。
0	@Mom0pi 殺してやろうと、とあるスプレー吹き付けたのは秘密だけどねψ(｀∇´)ψ
0	マイセンなくなるのか。
0	SWOT分析開始。
0	奨学金返済し終えるの54歳とか死にたい。
0	ナマ足 魅惑の マーメイド
-1	RT @morihikosaitou: 映画館が閉まることで、一番辛いのは、哀しいのは、そこで働いている人たちだ。｢明日こそ、たくさんお客さんが来てくれる」と信じて、赤字なのに毎日同じことをやってきた人たちだ。だから、そういう人たちのためにも、そっとしておいてあげよう。映 ...
0	RT @theater_staff: 【第４回日本シアタースタッフ映画祭】 来年の開催に向けて、9月に中間投票を実施いたします（予定）。映画館業務の合間に休憩室、控え室等でご記入の上投票していただければ幸です。当映画祭の審査員は映画館で働く映画館スタッフの方々です。どうぞ ...
1	@ayakaaaa713 一番多く出てくる松原って子、かわいいね！
0	@Hushdpotato @gekkou2 何をそんなに隠すことがあるんですか！！
0	16日〜19日、横浜・東京、暇人、募集中。
0	@Hushdpotato @gekkou2 そうですね、相手が僕となると、世界の女性を敵に回しますからね。
0	@pyonpyoon これからはいつでも飲めますな！
0	@Perorine 学生時代、たいしさんと行ったBBQ、土砂降り。今週日曜、雨予報。たいしさん、雨男なんじゃないかと。
0	@Hushdpotato キンジョウッ！
1	昼は外出先で寿司食って、夜は焼肉！良い一日だ。
1	@lemilemi97 それにしてもアイコンの写真が可愛過ぎて動揺が隠せません。
0	@kaori_meow280 16〜19日、東京・横浜へ遊びに行きます。
1	今からおやすみの方も多いと思いますが、僕は仕事です。
0	@Perorine 一応、雨でも楽しめるみたいですけど、行きますよね？
-1	部長から留守番に折り返し電話くれと。恐い恐い。
0	そして、折り返しても出ない。
-1	やべぇ、部長めっちゃ良い人。恐い恐いとか言ってごめんなさい。
0	@Hushdpotato ももクロの桃尻初公開！本誌限定！
0	17日の夜とかとても暇だよ♡
0	@Hushdpotato あーりんのあーりん大公開！！全国ロードショー決定！！
0	@1ady_gaqa 行きつけの店って、川崎ですか？笑。
0	ついに、雨が振り出しそう。
-1	そして、電車が動き出してすぐ、緊急停車。
1	暑い。電車も全然涼しくねぇ。
0	到着！なんとか天気は持ちこたえてくれた！さすが晴れ男！
0	昨日、今日と、雨予報だったのに、一切傘使わず。晴れ男パワー発揮。BBQイッテキマス。
0	@komomomoko 増税→物を買わなくなる→栄養足りなくなる→平均寿命短くなる→介護の必要なくなる→介護保険料が浮く♡
0	雨予報だったが、一切降らず、BBQ満喫。着替え持ってないのに川でびちょぬれになり、からのまさかのブルーベリー狩り、で終わらずボーリング6ゲーム。そして、今、豊橋から帰宅中。
0	@kotfoy おかえり
0	本邦初公開。 http://t.co/jVj0pWp
1	ふっふっふっ、ついに手に入れたぜ、最強のコラーゲン。これでお肌もツルツル。おっ○いも大きくなるらしいよ、開発者談。
0	写真忘れたぜ！ http://t.co/06Wa9DF
0	RT @Yamamoto_Mother: 『おおかみこどもの雨と雪』を見ました。一橋の主人公が中退して低学歴になる設定は問題ですが、ニホンオオカミが放射能の影響で人間化してしまい、その被爆した狼男との間に出来た子どもを育ててゆくストーリーはとても感動します。被曝してもたく ...
0	17日か18日の昼間、芝公園のオクトーバーフェスト行きたい！誰か！
0	@GEKKOU2 最後くらい自由にさせてあげようと…なんでもない。
0	あと一日働けば…あと一日働けば…僕の夏休み＼(^o^)／
0	行きたい！夏のビール祭り！芝オクトーバーフェスト2012の楽しみ方 - NAVER まとめ  http://t.co/4LDKnwe
1	@1ady_gaqa その友達がかわいい女性であるならば、お供します＼(^o^)／
0	RT @mainichijpedit: Ｊリーグ・名古屋グランパスのサポーターが、「優勝経験があるのに満員がないのは恥ずかしい」と、１８日のガンバ大阪戦をリーグ戦初の満員にしようと観戦を呼び掛けています　http://t.co/gBcxLLpn
0	ついに来た僕の夏休み＼(^o^)／
0	RT @busu_bot: そこのお兄さん！なんでわざわざブス引き連れて歩いてるの？何かの罰ゲームなのかい？それともブス保護手当でももらえるのかい？
0	@timo_timo221 あいりちゃんと飲みたいあいりちゃんと飲みたいあいりちゃんと飲みたいあいりちゃんと飲みたい。これだけ言えばセッティングしてくれるよね？
0	@pon_sukusuku 18日、 お待ちしてます。
0	夏季休暇一日目(夏季休暇は一日♡)はおかんと買い物＼(^o^)／笑。
0	新幹線、隣が綺麗な女性。  だといいなぁ。
0	@timo_timo221 で、あいりちゃんと僕の飲み会まだ？
1	RT @busu_bot: ♪ほんとにほんとにほんとにほんとにブサイクだ！！！！！？？？？ブスすぎちゃってどうしよう！？！？もてなっくて！！！どっおしよう！？！？ブスサファリパーク！！！！
0	@timo_timo221 顔は覚えてくれてると思うんだけどなぁ。卒業式、一緒に写真撮ったし♡
0	ジンギスカンまいうー http://t.co/lDrwG2V
0	@timo_timo221 それだけでイケる。
0	@timo_timo221 明日、かずきと飲むけど来てくれないかなぁ。
0	@timo_timo221 ちもも富山から参戦でしょ？
0	雨とか聞いてねーよ！サンダルしか持ってきてねーよ！
0	しかもめっちゃ降ってる。雷も。
0	お帰りは、グリーン車とシュウマイ弁当と私。とスーパードライ。 http://t.co/zayc466
0	後ろの席の外人がウザ過ぎて席変えてもらった。
1	@Mom0pi たまにはいいかなと＼(^o^)／でも新幹線代に3000円ぐらいプラスで乗れちゃうよー( ´ ▽ ` )ﾉ
1	横浜行く度に自分へのお土産も買って、美味しいやつ見つけようと試みてる。今回はこいつ。 http://t.co/XGOoDHy
0	@pon_sukusuku やっぱ食べ物関連は名古屋だね＼(^o^)／
0	RT @busu_bot: ２人の男が自分を取り合ってると思ってもそれは100％勘違いだから友達に自慢するなよ。あとで恥をかく。
0	当てたったった。 http://t.co/xGlbQxQ
0	@myonn9 逆から読んでごめんなさい。
0	@Hushdpotato さぁ、パーティーの始まりですよ！
0	@Hushdpotato あ、ブスbot、お気に入り登録しましたね？笑
0	@Hushdpotato http://t.co/fvEs2o1
0	@Hushdpotato http://t.co/lkKxQHp
-1	RT @busu_bot: 今日鏡みた？顔面ひどいことになってるよ？
0	@Hushdpotato そんなに名前を呼びたいのかと思いました。
1	@y_idotter 喧嘩の時、殴られても大丈夫なように、身体に仕込む用もありますよ！※参照:岸和田少年愚連隊
0	@theater_staff 元実行委員としては、かなり気になります笑。
0	RT @BAKARHYTHM: ばかりんのことをまーすのっていうな！ばかりんだよぉუ(･ิθ･ิ)უ ばかりんだよぉუ(･ิθ･ิ)უ （さっき後輩に教えてもらいました）
0	電車が人身事故で遅れてる。いつになったら帰れることやら。
0	@Hushdpotato @three_cars_n ちなみに今年は9月28日から10月14日だそうです。
0	@Hushdpotato @three_cars_n 毎年、そんなもんです笑。僕は10月の三連休あたりで荒らしに行こうかと思います。
0	@miho842 @hushdpotato @three_cars_n 行きましょう！
0	@Hushdpotato @three_cars_n @miho842 去年持って帰ったジョッキを返却する時が来たようだψ(｀∇´)ψ
1	何度見てもポニョが可愛過ぎて死ねる。ってことで、今から名駅周辺で暇な人大募集！
0	@_taparazzi じゃあ今から僕に独占させてください。
0	@_taparazzi もう一度招集しよう！田原ジャパン的な感じで！
0	東京出張、決定。
0	@_taparazzi まじか笑。いやでも今日、伊佐次誘おうと思ってたんだよねー笑。
0	@kaori_meow280 来週の金曜！
0	@kaori_meow280 そうだよ！日曜までいるかも！
-1	なにこれ。この電車めっちゃ臭い。
1	@ayakaaaa713 松原自身だけじゃなくて、頼む物もかわいいな！
0	@pyonpyoon 飲めば治る。
0	RT @no_more_oppai: 男「バストの大きさには隠語があるんだよ。BはBeautiful、CはCute、DはDeluxe、EはExcellent、FはFantastic、GはGorgeousみたいにね！」 女「へぇー！ところでAカップは？」 男「Acciden ...
0	お客さんの会社の夏祭りにボランティアとして参加なう。ビール係になり、サーバーの練習と称してビールを飲む。最高。
0	RT @harumaka893: これが一番グロい　※観覧注意　http://t.co/O49UVEs8
0	@Hushdpotato プール行きましょうよプール！今度の土曜日とか！
1	@Hushdpotato まだ一週間あるので大丈夫です。僕も一緒にダイエットします。
0	@Hushdpotato 誰が汎用人型決戦兵器 人造人間エヴァンゲリオンやねん！
0	発泡酒もいけるな。
1	@sotaroatlanta 教育実習のときウインドサーフィンやったけど、楽しかった＼(^o^)／
1	金曜の東京出張、会社に戻らなきゃいけないかわかんなかったけど、部長から好きなだけ遊んでこいって言われた＼(^o^)／
1	地獄のミサワ 女に惚れさす名言集公式アプリ 無料DLはこちら⇒ http://t.co/Oj3WzJq
0	@asamimimi0516 ぼく、三浦春馬に似てると言われるのだけども、てことは、この髪型にすれば似合うわけか。
1	今日のケンミンショー、神奈川！相鉄の改札とかもはや懐かしい。
0	@yukichi_ouo @mananya52 @riichun1030 ねーねーねー、明日何時にどこ集合？持ち物は？
0	@myonn9 さぁ果たして起きているのだろうか。
0	@myonn9 分かってると思うけど、僕も起きてます（￣ー+￣）どや
1	東京出張終了！うちみたいな小さい会社でも、利害関係なく、某財閥系Mと一緒に仕事出来る幸せ。
0	@mananya52 @yukichi_ouo @riichun1030 え、飲むの飲むの？僕も横浜で飲んでる。
0	@mananya52 @riichun1030 福山さんだよ！
1	RT @dowlandjohn: 新学期。生徒に切迫感がないというか、エネルギー値が低い気がする。今やギラギラした若者の時代でないのはわかるのだが、目の前にある明確な目標を達成するにはもう少しハングリーであるほうが有利だと思う。漠然とした絶望感が、根底にあるのかもしれない。
0	@Hushdpotato http://t.co/ukGVndm
0	@Hushdpotato http://t.co/BPuKsOp
0	@Hushdpotato めっちゃ観たいのに…
0	@Hushdpotato そんなことより金城さん、今日ひまじゃないんですか？？
0	@Hushdpotato 偶然ですね、僕も今から横浜です。
0	@Hushdpotato オェェェ
1	@Hushdpotato 金城さんのあまりの美しさに、吐き気をもよおしました。美しさは罪ですね。
0	誰か横浜で暇してる人いませんか？
0	わ！電車でゲロ吐きやがった！@京浜東北線
0	駅着いた途端土砂降り。傘の意味がないほど。
0	@kotfoy 僕もそう願ってます。
0	You wanna 酔わない ウメッシュ
1	あー楽しかった。そして相変わらず可愛かった笑。
0	RT @busu_bot: 寝ろブス
0	@menbooo なら僕は公務員！
0	@yuri_san827 俺も男の関西弁は嫌い。
0	@yuri_san827 よし、じゃあ結婚しよう！
0	昼飯代精算し忘れた。この前の出張の精算もまだしてないから破産する＼(^o^)／
0	@yuri_san827 あと3年は、働いてください。
0	@Hushdpotato さやねぇの魅力に今更気付くなんて…
0	@Hushdpotato そして、キョヌー
0	RT @naver_search: スペインの街が真っ赤に染まる奇祭「トマト祭り」がなんと東京で開催決定! http://t.co/na197H4f
1	AKB初打ちしました。完全にオタクからぼったくるための演出。だが、全台同時ライブは見て損はない。
0	@Mom0pi @menbooo (( _ _ ))..zzzZZ
1	今日、最後まで会社に残ってたうちの部署の部長と、他部署の部長と、仕事帰りに飲み。夢のなくなる聞きたくなかった話もあったけど、楽しかった！
0	今、講習受けてるんだけど、講師の息子が桜台の1コ下であることが判明。
0	めっちゃ意識飛んだ。あと4時間。
0	あと3時間。
0	@GEKKOU2 @mananya52 こんな僕でも卒業できました。
0	@naoptimus これ、どーゆーこと？ http://t.co/J93OzlO
1	@mananya52 @gekkou2 4年後期で週4だと無敵！
0	RT @pitarui: できちゃった婚 って 米炊く前にカレー作るのと同じだろ？
1	最近は主に泣いてます。
0	RT @calme_callme: チカンはアカンで。ゼッタイアカンで。の広告の前にそれでも私はやってみたいっていう広告があって電車の中で吹いた。 http://t.co/spwpZlKW
1	目の前で女性が階段で転んだ。すかさず、大丈夫ですか？と声をかける僕。紳士的。
0	@1ady_gaqa すみません、助けた女性の介抱、いや、介抱されるのが忙しいので、丁重にお断りください。
0	@yukichi_ouo 僕とゆきちゃんの恋は、出会った時から始まってるけどね！
0	@FuGnyan 直接見ることは出来ませんでしたが、透視能力を発揮し、赤ですね！
0	@pyonpyoon これだからゆとりは。
0	さて、iPhone5予約しますかね。
0	iPhone5は良いんだけども、どうせまた、バッテリーに不具合とかあるんでしょ？ねぇ？？    そう、iPhoneならね。
0	@Perorine ヒント:歳
0	iPhone5予約したった。
1	RT @no_more_oppai: 男の子はブラが透けるだけで興奮するじゃん？今日は特別に私も胸元の写真あげちゃうね♪しかもシャツがかなりスケスケなやつだよ！ http://t.co/YzBe6s9B
0	@menbooo パチンコとしてはつまらん＼(^o^)／
1	RT @busu_bot: いつもブスブス言ってるけど、そんなブスなお前も好きだぜ
0	踊る観たいなぁ。誰か行かないかなぁ。ウシジマくんも観たいなぁ。
-1	RT @shuumaimaimai: お前らはiPhone5が厚さ7.6mmで従来より18％薄くなったとか、コンドームの薄さは0.02mmに限るとか、女子の化粧は薄い方がいいとか薄いことをやたらと持ち上げるくせに、男の頭髪の薄さと女の胸の薄さには厳しいから、もっとハゲと貧 ...
0	俺は剛力彩芽になりたい http://t.co/iKXO2sk
0	明日暇な人いないかなぁ？いっないかなぁ？？いないかなー！
0	雨やばい。駅のホームにいるのに濡れる〜。朝から濡れてる。
1	風強い〜。ビニール傘の寿命5分〜。
0	駅に着いてから雨が降るという晴れ男パワー発揮。
0	@Hushdpotato 持ち主に似るとはこのこと・・・おっといけねぇ、つい本音を言ってしまうとこだった・・・。
0	@Hushdpotato 悪口も言える、そう、アイフォーンならね。
0	@mananya52 社会人、いたことない。
1	島崎遥香の好きなタイプは、タバコを吸わない人。
1	@Hushdpotato 女でよかった。
0	@Hushdpotato はい、喜んで！
0	@Hushdpotato ちょっと！どこ触ってんのよ！！
0	RT @masason: 検討しましょう。 RT @jobs_george テザリングについてコメントして欲しい
0	@yukichi_ouo え、まだ僕と浴衣デートしてないよ？
0	@Hushdpotato ちょっと！もっと触りなさいよ！！
1	@Hushdpotato 「もっと本気出してよ」これ、三留さんのやつや。
0	@yukichi_ouo 明日からも頑張って働けそうです。
0	@yukichi_ouo 現在の進捗状況としては、トイレのドアノブ程度なら買えます。
0	@Hushdpotato 今でも隠したがることが謎です。
0	@Hushdpotato ちょっとタイム！ちょっとタイム！もあります。
0	さ、今日も8時間の講習が始まりますよ！今日でラスト！
0	RT @itmedia_news: ソフトバンクモバイルもテザリング解禁へ。現在孫社長が会見中^編
0	チャングンソクファンノオバサマガタデデンシャガコンデル。
0	iPhone5 http://t.co/8vjOAYU
1	Appleオフィシャルビデオ（製品紹介）の日本語方言バージョンまとめ - NAVER まとめ  http://t.co/luTi29H
0	RT @omame_shiba_bot: ねぇ、知ってる？下半身のようなキノコが発見されたんだよ　http://t.co/VQr7O0mI　http://t.co/HpvGGRyW
0	名駅で氷川きよしとすれ違ったww
0	@timo_timo221 ずんどこだ！って言ってる若者がいた。
0	喫煙所にいたら警察が現れ、高校生が連れてかれたの巻。
0	これに参加するとiPhone5が3000円引きらしい。“@masason: いよいよiPhone5の発売。明日21日の朝のSB銀座店での発売イベントに上戸彩ちゃんが来てくれる事になりました。”
0	iOS6にアップデートするか悩みどころ。
-1	@asamimimi0516 パラノマはphotosynthってアプリで十分だと思われ＼(^o^)／ 地図の制度の低さと、Wi-Fiに接続しにくくなったりするみたい(´Д` )
0	@asamimimi0516 あ、パノラマww http://t.co/lzpY2oi
0	@asamimimi0516 でも気になるからアップデートしてみて！ww
0	@asamimimi0516 そしたら別の地図アプリかSafariからGoogleマップで解決！だからアップデートしてみて＼(^o^)／
0	@asamimimi0516 たしかに笑。じゃあ、もう我慢出来ないから、とりあえずアップデートしてみる！笑。
0	@pianomeen ちんぽこぽん！
0	セントレアなう。福岡行ってきます。
0	いよいよ明日iPhone5が手に入る♡
1	社長と専務に囲まれ、ありがたいお話。期待してもらってる分、頑張らなければ。
1	ホテル泊まって領収書回してくれればいいって専務が言うから泊まったった。
-1	@Hushdpotato 西田敏行は怒らせると怖い。
0	おい、線路内に立ち入った奴出てこい。
0	親父と二人で打ちっ放しわず。実は、子供の頃、プロゴルファーにさせようとされてたのです。
-1	このクソ女、ガムくちゃくちゃうるせーな。
0	@maichaman フォロー外しますね。
0	iPhone5だとTwitterアプリが落ちる
0	@maichaman バナナ！
0	@maichaman http://t.co/rrRu9cI
0	@maichaman http://t.co/g8F7BSy
0	@maichaman http://t.co/sXEekS3
0	知らんなぁ。“@Emiryun: １１月４日、横浜国立大学で優以と一緒に学園祭にお邪魔するよーー！+ﾟ｡*(*´∀｀*)*｡ﾟ+受付は１０月１日から。ぜひぜひ！！！！きゃー楽しみ！ http://t.co/ZysCP0a”
0	@yukichi_ouo どちらにしろ心配だから迎えに行くね。
0	ホーム画面 http://t.co/OnzgPXm
0	ロック画面 http://t.co/TEFQfvO
0	@Hushdpotato 仕方ないですね http://t.co/RudzbEp
0	フリパン登録した  http://t.co/zaDUicu
0	@Hushdpotato 誘われてるんです
0	一泊二日の大阪出張決定。
0	RT @naver_search: エレファントカシマシ、ボーカルの宮本浩次が突発性難聴で活動無期限休止へ http://t.co/FZxRkI1X
0	@Hushdpotato くだらねぇ！！
0	@Hushdpotato また輝くでしょう。
0	難聴で活動休止を発表したエレカシ宮本の病状 - NAVER まとめ http://t.co/6sdTmVY
0	流通ジャーナリスト・金子哲雄さんが死去　『ホンマでっか!?TV』などで人気 http://t.co/nR4BrsY
0	？“@warejp: 男はこの4コマにおける女の子の心情に気づくことができないと失格らしい。 http://t.co/Ikw1iTw
0	@moeco_pafupafu ついに気づいてしまったのですね！ http://t.co/M33juSv
0	@Hushdpotato 注目すべきポイントは、2コマ目のカバンが小さすぎるところです。
0	エレファントカシマシ - 俺たちの明日 http://t.co/GcnRbOt @youtubeさんから
0	@Hushdpotato 頑張ろうぜっ！
0	RT @naver_search: 酔っ払った和田アキ子が若手ADにオッサンと間違われブチギレ http://t.co/XM9VyaTS
0	【感動】涙腺が壊れるパラパラマンガ - NAVER まとめ http://t.co/ji1swSp
0	@mananya52 いつ大阪行くの？
0	iPhone4でYouTube見ながら、iPhone5でTwitter。
0	MONGOL800 / あなたに http://t.co/G9fSmMf @youtubeさんから
0	@mananya52 大阪と言ったらアレでしょ！あの…アレだよ！アレ！そう、USJ！
0	@y_idotter 僕もそうやって人に誤解を与えてしまっている可能性がありますね。禁煙します。
1	@yukichi_ouo @mananya52 大阪って串カツも有名なの？？
0	@s_h__k___ うお！やっと許可した！
1	RT @kouichi_ohnishi: 親方ァ！悪漢に追われて40秒で支度したらすごいや人がゴミのようにバルス！ #好きな映画を雑に紹介する
0	めちゃイケー！濱口ドッキリー！
0	RT @akira_shida: 佐藤ちゃん http://t.co/khB19qC6
-1	「スタバ」×「Mac」×「どや顔」＝【危険!?】知らないとヤバいセキュリティ問題 - NAVER まとめ http://t.co/91bmHai
-1	世にも奇妙な物語見るか、BSでap bank fes見るか。
1	@Mom0pi 今やってるやつ、そこそこ面白いよ＼(^o^)／
0	RT @tabbata: 問題のアプリは、アンドロイドのスマートフォン用のもので、「全国電話帳」というタイトルが付けられ、公式サイトを通じて無料配布されていました。Reading:スマホアプリ 個人情報７３万件余流出　NHKニュース http://t.co/UcKrqIGl
1	@asamimimi0516 @pyonpyoon 美味しいかどうかはわからんけど、ひつまぶしは蓬莱軒、味噌カツは矢場トン＼(^o^)／
0	@asamimimi0516 @pyonpyoon 観光するとこは、特になし！笑。
-1	昨日は甥っ子の運動会行って、今日はゴルフウェアとランニングウェアとシューズ買いに行って、今のところ休日を無駄にしてない＼(^o^)／
0	急いでる時に限って、LTE拾ってくれない時あるよね。
0	@pyonpyoon @asamimimi0516 並ばないと入れないらしいよ！行ったことないけど笑。
0	@mi12ho6 おじいちゃんだもの。  みつをじいちゃん
0	@pyonpyoon @asamimimi0516 僕、興味ない笑。 そんなことより、たいしさん教採合格記念パーティーするよ！
0	@kotfoy ハイパーマーケットって？？
-1	さぁ、間も無く凱旋門賞！
0	オルフェって誰が乗るの？
0	スミヨンか
0	うわーーーーーーーーーーーーー！！
0	2着！！
0	@asamimimi0516 @pyonpyoon 名古屋市科学館のプラネタリウムが世界一なはず＼(^o^)／行ったことないけど！
0	@kotfoy そうなんだー初めて聞いた！
-1	@asamimimi0516 @pyonpyoon 残念ながら、僕、7時20分門限なんだ(´Д` )
0	@asamimimi0516 @pyonpyoon 今から並んでくる！
1	困り眉いいね！
1	@Hushdpotato @unit07 「クッキーぐらい俺が好きなだけ食わせてやるよ」これからはこれを口説き文句にしたいと思います。
0	なんだかんだで、長澤まさみ。 http://t.co/U2awhEK
0	@Mom0pi この番組のギャラだけで、家を買ってもお釣りが出るだろうね！笑。
1	女の子かわいい。エレファントカシマシ - 笑顔の未来へ http://t.co/qtORJmO @youtubeさんから
0	X JAPAN - Rusty Nail(PV) http://t.co/fmbwRtz @youtubeさんから
1	@moeco_pafupafu うん、もうちょっと太い方が良い。
0	いろはす、カビで回収とか、毎日飲んでる。対象地域ではないけど。
0	明日は大阪で約5年振りに友人と再会。
0	大阪出張一日目終了。これから夜の街に繰り出す。
0	@Perorine おみやげはクランチで構いません。
0	大阪二日目。
0	@moeco_pafupafu 俺だよ！しゅうだよ！
0	@moeco_pafupafu だから俺だよ！しゅうだよ！
0	新大阪から名古屋へ。 駅弁とビールとTwitterがお供。
0	大久保さんとニアミスの可能性。“@OOKUBONBON: 大阪帰り。新幹線を楽しむための缶チューハイと以前、浪速のドスケベこと紗理奈さんが絶賛してたおつまみ。ゲーリー上がりには多少ヘビーだけど、ドスケベに悪い奴はいないから信用して。うん、美味い！
0	名古屋なう。大阪出張終了。 明日はフーゴル。
-1	RT @ddgduc: 校門入って5メートルくらいのところにソテツ植えてない小学校なんてあるのかよ
0	レッドカーペット微妙〜
0	♪痔〜に〜はカルボナーラ
1	RT @omoboibotbot: 声の小さい人と話して、聞き取れないと「ん？」と聞き返して、二度目にそれでも聞き取れないと「あ～」とか「ふぅん」と適当に返してしまう癖をどうにかしたいと思っているけど、いまいちどうしたらいいのかわからない error403
1	RT @omoboibotbot: 刑務所：三度の食事が無料 会社：一食だけで自費 刑務所：真面目に働けば早く出れる 会社：真面目に働けば仕事が増える 刑務所：専用トイレ 会社：共用トイレ 刑務所：経費は税金で支払われる 会社：給料から税金が引かれる 刑務所：見張りがいる ...
1	RT @omoboibotbot: かつて日本では17文字という制限の中でうまいこと言う遊びが流行し、今また140文字以下という制限の中でうまいこと言うのが流行っている。前者の魅力に取り憑かれた者は俳人と呼ばれ、後者のそれは廃人と呼ばれた
-1	RT @omoboibotbot: 「天下一品」を「天一」って略すのやめろよ！残された「下品」の気持ちも考えろよ！
1	RT @omoboibotbot: 男「ねえねえ、好きな人とかいないの？」 女「……いるよ」 男「マジで！？オレの知ってる人？」 女「知ってるし……今、私のすごく近くにいるよ」 男「も、もしかして、それって……///」 女「うん、福沢諭吉……///」 1219hr
0	めっちゃ見せたい。こんな行動が部下のモチベーションをガクッと下げる - NAVER まとめ http://t.co/2mHi6F3
0	@yukichi_ouo 抱きしめて！
-1	眠い。今日三重とかつらい。高速で寝る。
0	RT @luigium: 足湯でｗｗｗｗｗｗｗｗｗｗｗｗｗｗｗｗｗｗｗｗｗｗｗｗｗｗｗｗｗｗｗｗｗｗ疲れをｗｗｗｗｗｗｗｗｗｗｗｗｗｗｗｗｗｗｗｗｗｗｗｗｗｗｗｗｗｗｗｗｗｗｗｗｗｗｗｗｗｗｗフットバスｗｗｗｗｗｗｗｗｗｗｗｗｗｗｗｗｗｗｗｗｗｗｗｗｗｗｗｗｗｗｗｗｗｗｗ ...
-1	RT @omoboibotbot: 煙草を吸うのは、赤ちゃんの時にお母さんのおっぱいを吸っていたときの快感が忘れられないかららしい。よく禁煙できない人が「口がさびしいんです」っていってるあれは、「本当は御母さんのおっぱいをすっていたいけどしかたがないから煙草にします」って ...
0	RT @myhamax: 【速報】彼女いない歴24年にようやく終止符が打たれた！！！！！！！！！！！！！！  25年になった…
1	コミカルで笑える映画タイアップの劇場マナーCM - NAVER まとめ http://t.co/4Sa2rVA
0	仕事後の打ちっ放し！ 明後日の社内コンペに備えて。
0	RT @omoboibotbot: ちょっと前に 「『張っ付くパンツか 引っ付くパンツか くっつくパンツか ムカつくパンツか』って早口で繰り返すとボイスパーカッションみたいになる」 っていう呟きを見たから先日カラオケで実践したらめっちゃ盛り上がったからやっぱりtwitte ...
0	からのラーメン。 これまで食べたラーメンの中で一位ニ位を争うマズさ。
0	@yoko_kobayashi 永遠の18歳です♡
1	RT @dowlandjohn: こんなインタビュー受けました。感想よろしくお願いします。http://t.co/kQpHZoUr
0	フーゴルわず。 信じられない数字を叩き出してしまった(´Д` )
0	@s_h__k___ 空いてるよ！
0	@pyonpyoon クレーマー最低ー
0	RT @busu_bot: 世界で1番ブスなのはお前だよ♥
-1	とある勉強会の講師を務めたのだけども、やっぱり人に伝えるのは難しい。教育実習の時もそうだったけど。
0	@miho842 おめでとうございまーす＼(^o^)／社畜にならないよう、楽しんで仕事ができますように＼(^o^)／
1	@pyonpyoon ぴょんってLINEどれに送れば正しいの？？ぴょん？？本名のやつ？？
1	やっぱり蓮沸美沙子か。かわいい。
0	この状況で肩をつくる浅尾の気持ち。
0	巨人ーーー！！！日本シリーズ決定！！
1	RT @renai_elite: 行きつけのうどん屋に行ってきた。ここの店の娘は俺に伝票を渡す際、いつも顔を真っ赤にしてうつむきながら投げるようにして去っていく。俺のうどんをすする時の巧みな舌使いから俺との情熱的な夜を想像し、仕事もまともに手につかないのだろう。仕事中の生 ...
-1	RT @renai_elite: 先日、ももクロのライブに行った時、しおりんさんと目が合った。今までも握手などをする機会はあったが、アイドルが俺に惚れるのは悪いと思い自重してきた。目立たないよう常に全身黄色で統一してたほどだ。それがまさか、向こうからアプローチしてくるとは ...
-1	RT @renai_elite: 職場の自分の机に戻ると、こんな伝言メモが置いてあった。 鈴木課長から、 緊急の要件で、 電話がありました。 すぐに折り返し願います。 一見普通のメモだが、全てひらがなにして行の先頭を縦に読むと、「すきです」になる。そう、これは巧妙に仕組ま ...
1	RT @renai_elite: http://t.co/vzBVGpB これが俺のテーマソング。初めて聴いたとき、まるで俺をモデルにしたかのような歌詞に身震いした。特に鏡を見ながらこの曲を聴くと最高に元気になる。日本一の名曲だ。
0	@kotfoy 一緒にやる？
0	@kaori_meow280 👍
0	@kotfoy あのツイートから寝ずにやってるの？？僕は長い社会人生活が終わる気配がありません＼(^o^)／
0	@kotfoy あらま、それはお疲れさまf^_^; いやでも僕は長田ちゃんに会えることを楽しみに、毎日頑張ってますよˉ̞̭ ⚈๊͈͡ ◡ु͐⚈๊͈͡ ˄̻ ̊
-1	@kotfoy 通勤中の、変なテンションを、お許しください。
0	@s_h__k___ @ayakaaaa713 僕も会いたーい
-1	@ayakaaaa713 押してダメなら引いてみろ、の、引いてが長い本田的アプローチだと思ってる。
0	RT @omoboibotbot: 出先から会社に電話をしたら美人で憧れのＮさんが出たので、イタズラ心で「○○さん（私の名前）はいらっしゃいますか？」と声色を変えて言ったら、「只今〇〇はイタズラ電話をしていますが」と思いっきりバレてたし、「もうすぐアイスクリームを買ってく ...
1	@yukichi_ouo 一日でも早くハワイに。
1	サントリーがOPEN！プレミアムウイスキーを気軽にボトルキープできるBARが新感覚！ - NAVER まとめ http://t.co/2FeOfdP
1	最近「社畜」がポジティブすぎて元気をもらえる - NAVER まとめ http://t.co/YvuXg5p
0	AJISAI 「アイ コトバ」 http://t.co/OC5CNiV @youtubeさんから
-1	【緊急速報】3連休が始まった。
0	ロンブー田村淳さんが駐禁で取り締まられ激論 - NAVER まとめ http://t.co/JaEwiFJ
0	@Hushdpotato その男とは仲良くなれそうだ。同じ匂いが。
0	忙しい人のための、トイレの神様 http://t.co/XKG3Vlj @youtubeさんから
-1	@maichaman もう死ぬね。残念だけど。
0	東山線のドア上にもモニターが付いてるではないか！
0	@pon_sukusuku 違いの分かる男。
1	平日に休めるって素敵。
0	@pyonpyoon 普段土日休みだからこそ余計に素敵。
0	@pyonpyoon 了解しやした！
0	東京へ攻めるんだがや!!今話題の"コメダ珈琲"のココが魅力【名古屋の期待】 - NAVER まとめ http://t.co/JrQQ6vp
0	恋って言えないから、愛に行く。
1	素敵ですね。
0	閉館とは知らなかった      http://t.co/zI9XmVu
1	何を上手いこと言ってんの科“@machuiii: だまらん科“@amagawawaw: 最近可愛い子みるとヨダレが出るんですけど、何科に行けばいいですか？””
0	@yukichi_ouo 連れてって！
1	@kotfoy いいね！ 僕、お土産はクランチでいいよ＼(^o^)／
0	@1ady_gaqa 電気の使用量が減りますね！
0	@1ady_gaqa リツイート推奨ですか？
0	RT @no_more_oppai: ★HAPPY HALLOWEEN★ ｡+:*TRICK OR TREAT*:+｡  　貧乳貧　　　乳貧乳 貧乳貧乳貧　乳貧乳貧乳 貧乳貧乳貧乳貧乳貧乳貧 乳貧乳貧乳貧乳貧乳貧乳 　貧乳貧乳貧乳貧乳貧 　　乳貧乳貧乳貧乳 　　　貧乳貧乳 ...
0	@Hushdpotato お供します！
0	待ってました！“@nikkeionline: 「ゾゾタウン」前沢社長、送料無料を表明「心を入れ替えて生まれ変わる」 http://t.co/ValqlfN”
0	RT @zozojp: ◆ももいろクローバーZ×NYLON JAPAN◆第4弾は、特製フリース！ライブ会場では手に入らないプレミアムグッズ。メンバー5人の直筆イラストも♪【PC/スマホ/モバイルhttp://t.co/41YluoYe】 #ZOZOINFO http:// ...
0	電車の中にポテト持ち込んでる奴誰だよ！ふざけんなよ！ちょっとくれよ！
0	@Hushdpotato スケベじゃない！ドスケベだ！
1	@Hushdpotato ちなみに、健全なるドスケベです。
0	夜の行為に関して。“@1ady_gaqa: @ryo0ota 人口問題だけじゃなく、エコの効果も！ ただ俺は電気つけたままの方が←”
0	@riichun1030 おでめとう！
0	@s_h__k___ @pianomeen 夢のある予算を組んではいけない。
0	@Hushdpotato @unit07 我慢がならねぇ！
0	JRが人身事故で止まってて、振替で名鉄乗って帰ってたんだけど、乗る電車間違えた＼(^o^)／セントレア行くとこだった＼(^o^)／
0	@Hushdpotato @unit07 よくぞお分かりで。
0	@Mom0pi 名古屋勤務だよ？？＼(^o^)／
0	なんで使えるのかと思ったら、拡大してたのか。携帯電話各社、名古屋市営地下鉄でのサービスエリアを拡大 - ITmedia Mobile http://t.co/u7d7HLR
1	@pianomeen @s_h__k___ あとは適度な性欲！へへっ！マイナス万歳＼(^o^)／
0	@yoko_kobayashi 週間現代＼(^o^)／
1	@_taparazzi いいな！
1	勝ってる勝ってるぅ〜“@mainichijpedit: 日本シリーズ第６戦、巨人が日本一か、日本ハムが追いつくか。詳細速報は→で行います http://t.co/HWPSHV9”
0	あと一つ！
0	巨人日本一！！
0	@Hushdpotato すべてのチルドレンに。
1	@nontonsuke @mananya52 赤レンガでなぁ、B級グルメ的なやつやっててなぁ、めっちゃ楽しいねん。
0	@Hushdpotato ぷっ
0	RT @itoh_p: 今日のモヤさまの見方→今日は急に→名古屋です→可能ならば→こうやって見て下さい→秘技“金シャチ”→天下の名城のテッペンに登った気分になれます←冗談です。 http://t.co/5YYvvLNh
1	見て触って楽しい！インタラクティブなミュージックビデオまとめ - NAVER まとめ http://t.co/oOXfVHc
1	スポンサー募集で安価に同窓会を開ける「dskgraph」 http://t.co/N1FWStm
0	http://t.co/E9FQTmQ
0	@mi12ho6 7時出勤、20時退社を繰り返すと、なんとも思わなくなるよ＼(^o^)／
0	名駅のマンボーもエレベーターがシンドラーだな。
1	RT @harukachristine: ちんこカルタのコーナーなう。「論より証拠」ならぬ「論よりちんこ」。「50歩ちんぽ」。女子の私にはなかなかハイレベルだ！　#reco1134
0	「チョコレート展」開催！チケットはチョコレート！！ - NAVER まとめ http://t.co/HAiaodi
0	RT @londonhearts_sp: ロンドンハーツネットムービー第4弾ついに解禁です!!究極の二股実験『ザ・トライアングル』もしも、彼女には内緒で2番目でもいいから付き合ってと告白をされたらあなたはどうする？究極の浮気実験スタート!!　→http://t.co/B7 ...
0	RT @tmnghryk: 素因数分解を視覚的に表わしたようなアート。素数では真円に。見ていて飽きない。心が癒される。 http://t.co/VODDnBBw 　
0	年末年始、旅行行きたいなぁ。誰か行く人いないかなぁ。
1	RT @momoclo_king_pr: お知らせです♪12/24発売 ももクロ夏のバカ騒ぎSummer Dive 2012 西武ドーム大会　初回限定版の特典は、何とツアー初日の「NHKホール大会」が完全収録されます。それに加えて全国各地のツアーダイジェストも収録！見応え ...
0	名古屋中心部に活断層、大地震を引き起こす恐れ - NAVER まとめ http://t.co/MzYUKES
0	@Hushdpotato 愛の溝が深まりますね！活断層だけに。
0	@pon_sukusuku 遅くてもいいなら行ける！
0	@Hushdpotato ぼく、落ちたみたいです。金城さんに。
0	@Hushdpotato @unit07 http://t.co/EfzPJEE
0	@unit07 @hushdpotato マリが敵になるってこと？
0	@unit07 @hushdpotato ハッハッハッハッ！
1	@Hushdpotato @unit07 こんな時、どういう顔すればいいかわからない。
0	飲みに行きたい。
1	四色定理懐かしい。【二重スリット】おもしろくて深い数学・物理学【雑学】 - NAVER まとめ http://t.co/RLWEV92
1	よし、後は明日のお馬さんの予想をして寝よう。
0	明日のために買ったポッキー、今日食べちゃうんだぜ〜。
0	なう。 http://t.co/c2XX2PX
1	@pianomeen BSのNHK…かわいい。
1	@kotfoy 後ろに写ってる子が可愛過ぎてうさぎが目に入らない。
1	@nontonsuke 実家楽しかったねん。太大谷家おもろすぎんねん。ママンから素敵なプレゼントもらったねん。大切にするねん。Xmasにフランス行くの羨ましいねん。仲良しでなによりやねん。
0	@nontonsuke おいおいおいおい！福山の前にエセ付けたら俺の存在が嘘になるだろ！＼(^o^)／ もちろんあえての太だからね(・ω＜)てへぺろ
0	RT @no_more_oppai: 本日11月11日はポッキーの日っていうのが普通だけど私の中では2013年まであと50日っていう日。
0	@nontonsuke 僕は名古屋だけど、のりちゃんは僕の心の中にいるよ(・ω＜)てへぺろ
0	@kotfoy 本当のことしか言えない性格と、思ったことをすぐ口にしちゃう性格が合わさると、こうなります。
0	@menbooo @machuiii まじで？？
0	@kotfoy つまり、今度横浜行くので飲みましょう！
0	人生初一人回転寿しなう。
1	@Hushdpotato 12皿です。すみません、面白いこと言えなくて。
0	@1ady_gaqa えびえびえびえびえびハマチえびえびえび、です。
0	@POCaaRI まったく知らねぇ！
0	@pon_sukusuku 葛藤の末、東横インにチェックイン！ ぜひぜひ24日に＼(^o^)／
0	@s_h__k___ @ayakaaaa713 あやかちゃん会いたい。しょうこちゃんにも会いたい。会いたくて会いたくて凍死する。
0	明日の最高気温12℃とかΣ（ﾟдﾟlll）
0	この冬初のももひき発動！
1	これは新手の迷惑メールだな。 なんかよくわからん理由でアドレス変更メール間違えて送ったみたい。でも良ければなんかの縁だしメールしませんか？って。 ちょっと騙されてるフリしてみる。
1	一通目。 久しぶりにメールしたけど… 覚えてるかなぁ(。´-ω・)？  メアド変更したから登録よろしくです(*・∀-)☆
0	二通目。 間違って送ってました💦すいません😣  前に一斉送信で知らない人からメールが来たから知り合いって思って電話帳に登録してたんだけど送ってきた人とは別のアド登録して📩送っちゃったみたいヾ(≧△≦)ノ
0	二通目続き。 誰が一斉送信送って来たんだろう💦名前なかったし‥😓 私22歳多田葵っていうんだけど私のこと知らないですよね？？ 一斉送信ってことは知り合いかなって💦 一応女の子です😣
0	三通目。 申しわけないです(´；ω；`)ウゥゥ  知り合いじゃなかったみたいですね↘️(ノ´UωU`*悲)  一斉送信のメールも 間違えて消しちゃったし(´-ω-`) 誰だったのかなぁ‥😣💦 もしかして迷惑メールだったのかなぁヾ(≧△≦)ノ💦💦
-1	三通目続き。  あの～‥👀 もしよかったらこのままメール続けません？😄💦 なんか不思議な出会いだし☀️ 勝手だとは思うけど彼氏もいないから話し相手がほしくて💔
0	ちなみに、二通目に対し、律儀な人ですね。と返信。
0	@pyonpyoon そうだよ！仲良くしてあげて！
0	@Perorine お友達になります。
-1	@s_h__k___ もちろんダメって言ったら法律に触れちゃうもの。査定に繋がるけどね！
0	@FuGnyan 顔の見えない男を落としてみようと思います＼(^o^)／
0	今日は会社の忘年会！木曽路！
0	錦でベラルーシ人と飲んだ。
0	@y_idotter 頑張ります！
0	名駅のイルミネーション、2016年まで中止なのか。
0	@FuGnyan 僕は屁をすかしました。
0	先日の迷惑メール、もっと楽しませて欲しいのに、つまらん。
1	私ブログ持ってるんだ😌 自己紹介してるから見てほしいな✨ URLは http://t.co/IRzevTh だよ🎶前にhttp://をつけると見れます(*´∀｀*)  そこのマイナビに入ってくれたら 写メもあるし 年齢、住みも詳しく書いてます💓
-1	あっ変なサイトじゃないからね😄💦 お金もかからないしただのSNSだから☀️  見て感想聞かせてください✨
1	理想の彼氏メーカー実用編。音声入力を駆使して、人との会話に使ってみました！ - たのしいiPhone！ AppBank http://t.co/DaXelOS @appbankさんから
1	ブログ見れた？(*&gt;ω&lt;*)  自己紹介してるから見てほしいよ😣☀️  あと訳あってもしかしたら連絡なかなか 取れなくなるかもしれないんだ😣💦  ブログ内のマイナビっていう 所を見てくれると嬉しいですヾ(≧△≦)ノ  見れたらお返事してね(*。&gt;Д&lt;)o゜
0	@pon_sukusuku 振られたんですか？
0	YUIが活動休止だとっ？！  http://t.co/MugMUZf
0	http://t.co/YAfyUC2
0	@Hushdpotato 走れ！
1	直帰は良いけど、会社にコート忘れた。
0	ももいろクローバーZ「サンタさん」 http://t.co/ChcYKHW
0	@Hushdpotato カエル
0	明日ひまな109の方々、飲みましょう。
0	@yukichi_ouo 休みじゃないの？
1	@yukichi_ouo え？祝日法第1条で「自由と平和を求めてやまない日本国民は、美しい風習を育てつつ、よりよき社会、より豊かな生活を築きあげるために、ここに国民こぞって祝い、感謝し、又は記念する日」って定められてるのに休みじゃないの？！
0	@yukichi_ouo いま横浜向かってまーす＼(^o^)／ 今晩予定ないならぜひ！
0	@yukichi_ouo え？じゃあ明日バイトのあと二人で行く？？ˉ̞̭ ⚈๊͈͡ ◡ु͐⚈๊͈͡ ˄̻ ̊
0	@yukichi_ouo いま新横浜着いたけど、ショック過ぎて名古屋に引き返します。
0	@yukichi_ouo ＵターンならぬＷターンだね＼(^o^)／
0	@yukichi_ouo あ、Ｗだと戻り過ぎだね＼(^o^)／
1	@yukichi_ouo なんとまぁわかりやすい！名古屋横浜往復の専門家になったらいいと思うよ＼(^o^)／
0	@GEKKOU2 @pianomeen お二方が乗れるよう、手配させていただきました。
0	揺れた@川崎
0	誤解を招いているようですが、川崎だからと言って、本日、女性に対して支払いはしておりません。
0	吉高由里子さんのCMで話題!高音質な無料通話、チャットアプリcomm（コム）を始めよう! http://t.co/2hsHzwq
0	@no_more_oppai 歳は増えるが胸は増えない
1	崎陽軒は、シュウマイよりもゴマだんごの方がおいしい。
1	ウェッジ12月号の、食ビジネスの記事と羽田発着枠の記事が興味深い。
0	@kotfoy 竹内力。あ、間違えた、女子力。
0	これが噂のごま団子 http://t.co/p8nDyE5
0	@machuiii 俺もバグってタイマー止まった
0	@Hushdpotato @gekkou2 セクース
0	RT @NISSAN: 【お知らせ】明日(11/27)17時半〜本社ギャラリーで「日産ドラマinドラマ」最終回公開収録を急遽やることに！バカリズムさん @BAKARHYTHM や倉本美津留さん @KuramotoMitsuru 出演。ぜひお越し下さい！http://t.c ...
0	@kotfoy http://t.co/bNwBdfS
1	@kotfoy 食べるものまでかわいいなぁおい。
0	@kotfoy 友達のお母さんを紹介してください。
0	RT @omoboibotbot: そろそろリア充どものfacebookにカップルやらの楽しげな写真が続々とアップされるという鬱陶しい季節が到来するわけだけど、それを心に余裕を持って眺める方法として小田和正さんの「言葉にできない」を聴きながら奴らの写真を見ると、走馬灯のよ ...
0	RT @mainichijpedit: ファンキーモンキーベイビーズが来年のツアー終了後に解散。ＤＪケミカルさんが実家の寺をつぐためです http://t.co/JGfb5A0p
0	RT @macchiro_: 子どもの頃からの疑問をものすごい全力で漫画化したよ。子どもには見せちゃだめだよ。 http://t.co/DGqieyjl
0	@unit07 嚥下食とは違うのかもしれないけど、嚥下食ならうちの会社でも扱ってるからぜひ！
0	@unit07 定価じゃなくて仕入れ値でいけるからぜひ笑。
0	@unit07 仕入れ値だとうちの利益はないからね＼(^o^)／
0	@yuri_san827 うちは今日ボーナス♡
0	そういえば昨日ボーナスもらったわっほーい＼(^o^)／
0	んでうちの会社は11月末決算だから期も終わり、新規顧客獲得、今の部署に配属されて半年といろいろ重なり、部長にごちそうになりました＼(^o^)／
0	@yuri_san827 中小一年目のボーナスをなめたらあきまへんで！
0	誰か暇な人はおらぬかー！
0	@mananya52 @gekkou2 僕も就活がんばろー
0	@Hushdpotato 冗談は顔だけにしてくれ！！
0	@Hushdpotato @riichun1030 年末は行かないけど、年始に行こうか迷い中＼(^o^)／ 横浜での再就職は、2014年4月を予定しております。
0	RT @starring312710: あり得ない維新公約。   ・最低賃金制度の廃止  ・解雇規制の緩和   すべての勤労者の方は維新に一票も入れてはいけません。  http://t.co/tRU3Xgbn
0	RT @starring312710: @masyumaro03 @takuyutaka @Dhyamadai @ryo0ota @dowlandjohn @okalog1994 @3ninet カルト一家の石原慎太郎ファミリーが日本を乗っ取る野望を操るアメリカ  htt ...
0	初雪！
0	家出るとき雨降ってたのにもうやんどる。
-1	@Perorine 手抜きなのに、余分に手が入ってるのはここだけの話。
1	プロポーズいいなぁ。
1	多部未華子かわいい。
0	@timo_timo221 おげれつ〜
0	今日、橋本さん名古屋に来るのか。ちょっと見てみたい。
0	ウコンは、呑む前に飲むとたくさん呑めて、呑んだ後に飲むと、次の日に響かないらしい。
0	@stegozaursgogo 結局は気持ちの問題です。
1	@Hushdpotato 昨日、地震に関するツイートばかりの中で、陽気な金城さん。 http://t.co/OZxJznK
1	N700系で良かった。iPhone充電できる。 http://t.co/RZBR2Wq
0	そして車両の一番後ろの席、思う存分リクライニングを楽しむ。
0	名古屋雪降ってる？？
0	体に雪が積もる。
0	@Hushdpotato たしか元々誰かとコンビ組んでたような…
0	RT @naver_search: 「iPhone 5S」は来年6月発売、スーパーHD搭載で多数のカラーバリエーションを展開?! http://t.co/Cf9KYy4H
1	miwaかわいい。
0	@pyonpyoon ってことはついに28歳の時代じゃね？
0	@pyonpyoon 焼肉食いたい！
0	たまに勉強会の講師をやるのだけども、今日は久しぶり過ぎていろいろ忘れてた＼(^o^)／
0	一票の格差ってさ、毎回言われてんだから、選挙終わった後に言うな＼(^o^)／
-1	24日、残念ながら暇してる横浜市民はおらぬかーーー
0	@pyonpyoon この前電話したとき、たいしさんと二人で豊橋で焼肉だった＼(^o^)／
-1	@pyonpyoon だから、イケメン抜きの28歳焼肉とかステキだと思ううううぅぅぅうゥウうぅううぅぅ
0	@pyonpyoon イケメンと焼肉は、食べ放題と飲み放題みたいに、結局どっちかにした方がいいと思うんだよねˉ̞̭ ⚈๊͈͡ ◡ु͐⚈๊͈͡ ˄̻ ̊
0	@akira_shida ワサビは醤油に溶かさず刺身にのせる。さすが通ですね！ワサビは溶かさないけど数学は解くところもさすがですね！
0	テザリングなう。 http://t.co/H6g4hV6
0	RT @f_masuo: えぇ!? 河西ともみちゃんAKB48もリタイアしちゃうのかい!?
0	@ayakaaaa713 名古屋…だとっ？！
0	@ayakaaaa713 松原に会いたかったなぁ…ハァハァ…ハァハァ。
0	@Hushdpotato ジャッキーチェーン？？？
0	@Hushdpotato 芸能界引退しませんでしたっけ？？
0	@Hushdpotato あ、方向性が僕と一緒だ。
0	@Hushdpotato 初号機を演じるのは引退しました。
0	@Hushdpotato 胃下垂ナメンナヨ！！ http://t.co/vZxIVcP
0	とある仕入先のうちの担当が今月末で変わってしまう。50くらいの人だけど、社会人としてもいろいろアドバイスくれたり、良い人だったのになぁ。この人の為にも、この案件は今月中に決着つけよう。
0	明日はゴルフ〜
0	岐阜、雪積もってなきゃいいな〜
0	23日、暇な人はおらぬかー、@横浜 24日も！
1	@kotfoy なら僕と飲みに行ったらいいと思うんだˉ̞̭ ⚈๊͈͡ ◡ु͐⚈๊͈͡ ˄̻ ̊
0	@FuGnyanさんにGRAND KIRINを贈りました。 #BEERtofriends http://t.co/2qDIZr7 http://t.co/nLbzYsX
1	@38rivhiro 素敵な情報ありがとう！
0	新横浜なう。
0	@Hushdpotato サンタもサンタクルスも日本に来ないけど、福山が東京に来ました。
0	@Hushdpotato 街中大騒ぎ。
0	@Hushdpotato http://t.co/pddBiwZ
0	@nontonsuke @ayakaaaa713 ってことは、いま東京にいる僕は勝ち組！
1	この駅、隣の駅と近過ぎて、隣の駅から動き出した音が聞こえる。さすが東京。
0	さて、川崎にでも向かいますか。
0	@pon_sukusuku 今日暇なの？今日暇なの？？僕は暇だよ＼(^o^)／
0	@pon_sukusuku 僕は川崎だよ＼(^o^)／
0	さ、ホテル戻って明日の準備！ 明日のプレゼンに、新商品のすべてがかかってるといっても過言ではない！
0	クリスマスイブ。止まらない下痢。
0	16時半まで暇。@小伝馬町
0	帰宅！
0	@pyonpyoon 明後日出しても元旦に届けてくれると信じて、明日書くことにした。
0	あと3日働けば9連休あと3日働けば9連休あと3日働けば9連休
0	@riichun1030 @mananya52 @yukichi_ouo 行く行くー＼(^o^)／焼肉だけ行くー＼(^o^)／
0	今日働けば9連休今日働けば9連休今日働けば9連休
0	さて、撃ち納めでもしますか。
0	電車の中でかれこれ40分勃ちっぱ、あ、立ちっぱなし。
0	撃ち納め、完。
0	@miho842 まったく関係ないけど、僕のiPhoneも電池が62％でした笑。 http://t.co/O05iiTq
0	大掃除しなかんけど、したくないから暇。
0	New Year's Eve
0	@Hushdpotato 本体左側の音量調節ボタンの上のやーつ
0	@Hushdpotato もしくは地面に思いっきり叩きつけると、音が出なくなるみたいです。
0	@Hushdpotato 正月気分のめでてぇ奴だなと許されます。
0	@Hushdpotato 金城さんの今着てる服を着せてあげてください。
1	@Hushdpotato いいんです、iPhoneが裸で金城さんが服きてる現状が、iPhoneが服きて金城さんが裸という形に改善できれば。
0	@myonn9 パ、チンコ？？
0	暇人はおらぬかー！
0	@myonn9 意外＼(^o^)／
0	@Hushdpotato @mananya52 @riichun1030 じゃあ僕は全裸！
0	@myonn9 ぱ、チンコで勝っても、ハマったら負け！！
0	@Hushdpotato @mananya52 @riichun1030 福山、アウトー。
0	RT @denpanohikari: 【年またぎセックスあるある】年が明けるまでもたない
0	@kotfoy すげぇ。あ、今年もよろしくお願いします。いや、今年こそよろしくお願いします。
0	おやすみなさい。
0	年賀状は25日までに出さないと元旦に届かないなんて、都市伝説だと思ってた。
0	志村けん、褒め方が上手いなぁ。
0	@miho842 一問目からわかりません(´Д` )
0	出てたのに(´Д` ) http://t.co/Esu3MIx
0	@POCaaRI バーゲン？
0	@kotfoy 僕とも2013年を満喫してください＼(^o^)／
1	@kotfoy 飲み会じゃなくて、二人でもいいよ＼(^o^)／
0	@Hushdpotato 長野 http://t.co/es1lA3m
0	@Hushdpotato それは金城さんがiPhoneなんかにするからですo(｀ω´ )o
1	@Hushdpotato スリーサイズと、idを教えてくれたらいいと思います。
0	@Hushdpotato idってアルファベットじゃないですか？？
0	明日から横浜行っちゃおうかな。どうしようかな。
0	なう。 http://t.co/7m5dgGT
0	さぁ、英語禁止ボーリングの時間だ＼(^o^)／
0	@hidekisatoh22 浴衣？
0	@y_idotter 頑張ります！
0	腹が減ってはうんたらかんたら。
0	○○行き最終電車って、この時間で。どんな田舎だよ！
0	RT @masillo: 「身長プラス」 http://t.co/1cE0868J
0	@yoko_kobayashi ぜひ一度、生で拝みたいものです。
0	おちんちんかいとらんとひろげられ
0	@no_more_oppai おちんちんかいとらんとひろげられ
0	@no_more_oppai 乳首が取れた感じ http://t.co/gAFZTe6
0	@no_more_oppai 乳首が取れた感じ http://t.co/qzVuslYG
1	@no_more_oppai ぷよぷよの方が大きい
0	@mana225 さっきテレビでやってました＼(^o^)／足崩してください的な＼(^o^)／
0	@no_more_oppai ライフ オブ ノーモアパイ
0	@no_more_oppai これもあるのか http://t.co/31zPNu78
0	@no_more_oppai ※観ても巨乳にはなれません
0	9連休終了のお知らせ。
0	うぉぉぉおぉおぉおぉおおぉーーーーー！！！
0	仕事行きたくねぇええぇええぇぇえぇぇぇ！！！
0	さっき車でラジオ聴いてたらこれが流れたんだけども、今日流す曲じゃないwww 高橋優 - ボーリング http://t.co/iGeZyDt @youtubeさんから
0	@kotfoy 仕方ない、おじさんが何でも買ってあげよう。
0	@ayakaaaa713 @s_h__k___ なら僕とホテルに泊まる？いや、ホテルって言っても、シェラトンっていうラブ(ry
1	あい、よめ、じかん“@meigenbotter: この中で最初に見つけた３つの言葉が今のあなたにとって大切なものらしいです！ http://t.co/y2QGvXo”
0	@kotfoy 正月はまだまだこれからだ！＼(^o^)／
0	@ayakaaaa713 いやいや！なんもしないから！きっと！
1	RT @dowlandjohn: レミゼ映画。本田美奈子の舞台以来のレミゼだが、コゼットはどうでもよいあつかいで、、革命主題の映画に思えた。そして、原口の二十歳のエチュードを思い出した。どちらの時代とも違って、今は有効性ある革命へ向かうことが可能ではないか、と妄想する。ヒ ...
0	@nontonsuke @pocaari うちなぁ、バリバリの標準語やと思うねん。
0	@Hushdpotato そして福山からは、阿藤快の写真が贈られるのであった。 http://t.co/7ySwpNP
0	@kotfoy また明日ね！
0	食べても食べても空腹。
0	食後のデザートならぬ、食後のピザポテト。
0	てもでもの涙 / 大場美奈 × 島崎遥香 http://t.co/DRgGkE8 @youtubeさんから
0	あたりまえ体操　サラリーマン編　COWCOW http://t.co/1Bmd3Us @youtubeさんから
-1	この寒さの中、電車が10分後。これだから田舎は。
1	あぁ、今日は完全に予定の組み方間違えたな。30分ひま×2
1	@Hushdpotato そして可愛い子は舐められる。
0	@Hushdpotato ぺろぺ(ry
0	RT @akira_shida: ツイッター見てると、数学的帰納法でたのか？そういえば、センター試験の参考書でも数学的帰納法解説している良書があったなぁ。あっ、私です（笑）。
0	@_taparazzi 僕は武豊のマラソン！
0	@ayakaaaa713 写メキボンヌ
0	@ayakaaaa713 見せてくれないなら見に行くしかないな！
0	寝ようと思ったのに寝れない。 http://t.co/BFMgv1b
1	こんなのあり？世界の面白い映画館 6選 - NAVER まとめ http://t.co/wUZa763
0	西村ヒロチョ http://t.co/e45f7zW @youtubeさんから
0	映画泥棒の中の人がイケメンすぎて話題 - NAVER まとめ http://t.co/9PG1FvX
0	@Hushdpotato 映画泥棒の中のイケメンの中は僕です。
0	RT @mainichijpedit: 「アンカツ」こと安藤勝己騎手が現役引退を表明 http://t.co/fSCUgFZV 安藤騎手は笠松時代のオグリキャップに騎乗。JRA移籍時に「オグリのように中央で活躍することが、地方への恩返し」と話されていましたが、その後の大活 ...
0	9〜11日で横浜行こうかな。誰か構ってくれるかな。
0	@Hushdpotato 幼児じゃなくて僕だったら問題なかったのに…
-1	@Hushdpotato 別に悪いことはしてません。 http://t.co/Thk2hVA
0	@Hushdpotato うふ。 http://t.co/D1x8463
0	@Hushdpotato 個人的にはコレが一番 http://t.co/gREqM5K
0	@Hushdpotato 風俗嬢になる噂も23件届いております。
0	Twitterに書いてネタにすることで恥ずかしさを消そうたってそうはいかないぞ！“@naoptimus: バイト先で頼りすぎるあまり、オレが間違えてお母んって呼びかけた最年少記録保持者がみねのさんでした”
0	@naoptimus それは大きな間違いだ！ド変態だ！
-1	RT @f_masuo: さ〜て！来週のサザエさんは？マスオです、毎日寒くて辛いからブラジャーでもしようかな〜? さて次回は「波平、死ぬ」「たらちゃん、初めてのドラゴンボール」「ギャルのパンティーをください」の三本でお送りしま〜す
0	@Hushdpotato http://t.co/RQqZS7u
0	@nontonsuke @38rivhiro のりさん何の仕事してるの？夜のお仕事？
0	あースッキリ。クソ的な意味で。
0	子どもに戻りたい。若くなりたい。
0	@yukichi_ouo 風邪ひくといけないから、着せてあげて。
0	@yukichi_ouo じゃあそこに加わって、太もしくは犬にしちゃう？
0	この電車、机が付いてる。 http://t.co/XKlBAD9
0	RT @Copy__writing: もう君にメールする理由を作らなくていいんだね。 #恋人が欲しくなるコピー
0	@Three_Cars_N ハンコ無くしたってことで、届出印の変更すればできるはずです＼(^o^)／
0	@Hushdpotato 二度と帰ってくるな！！
0	RT @Anti_Ad_Inc_: なんだこれは http://t.co/BQcfkzXa
0	@Hushdpotato http://t.co/1GeAhGs
0	@Hushdpotato 今週末行こうか、悩んでおります。
0	@Hushdpotato いや、まぁ8割方行かないと思います。
0	ん〜何か足りないなぁ。じゃあ、籍入れよっか。って。
0	すげぇ。徳田耕太郎君のリフティングその1 http://t.co/mjH95zA @youtubeさんから
0	いやぁ、酔っ払ったぜぇ。 えぇ、明日も5時半起きで仕事です。
-1	しゃっくりを止める方法は、「まめ」って言うだけ。酔っ払ってる時は無効。
0	@Mom0pi @_taparazzi やりたい！
0	RT @Copy__writing: エレベーターのボタンを使った美容外科広告 http://t.co/XDztCCuQ
0	@Hushdpotato その愛、しっかりと受け止めました。しかし、お返しします。
0	RT @Copy__writing: スクリーンを出るとき、僕の目の前にだけ雨が降っていた。 #映画館に行きたくなるコピー
0	@yukichi_ouo @mananya52 じゃあ僕とザギンでデートでもする？
0	@stegozaursgogo @unit07 @hushdpotato いやいや、4人で行こうよー＼(^o^)／
1	@yukichi_ouo @mananya52 え？ここでいいの？牛角じゃなくていいの？
1	@yukichi_ouo @mananya52 じゃあ恐れ多い牛角に連れて行ってあげるよ！
0	男祭り http://t.co/Ghqnt9o
0	@Hushdpotato @miho842 じゃあいつ行くか。
0	http://t.co/bJKMHmC
-1	@Hushdpotato @miho842 僕は金城さんのリプライを残念に思います。
1	しおりんが可愛く見えてきた自分を自分で殴りたい。
0	@Hushdpotato @miho842 ヤットにやっと会える…ってか！
0	@miho842 @hushdpotato 意外や意外に、グランパスの練習場、瑞穂、豊田にはよく行きました。
0	@mananya52 いやー、なんか認めたくないんだなぁ。
0	@Hushdpotato @miho842 フェアプレーフラッグ隊の経験も… http://t.co/mCcPRmq
0	@mananya52 か、かわ…いや、なんでもない。
0	ももクロの次は斉藤和義！NHK
0	@machuiii @menbooo おめでとう！
-1	@pyonpyoon 嫌い。食べたことないけど。
0	@miho842 6月23日＼(^o^)／
0	ハーイ、ヤベシ。
0	相部屋と一人部屋の格差。
-1	@pyonpyoon よくわかんないけど、あんな「着色料しか使ってません」的な気持ち悪さ。
0	@pyonpyoon あーーー！！誕生日おめでとう！！
0	久しぶりに体重測ったら、2kg減ってた＼(^o^)／
0	八天堂のくりーむパン買ったった！ 今日の分ラスト4つで、4つ買ったった！
1	今日から私は「ぷるぷるオピニオンリーダー」。ぷるぷるスピードテストで、KOSE 潤肌粋 ジンジャーコラーゲンをゲット！ #潤クーポン http://t.co/zgdiDdv http://t.co/1BESoy5
0	109って結局、6ポイントで一回無料なの？
0	@mananya52 仕事帰りに寄ったら、小倉しかなかった(´Д` )
0	@Hushdpotato 僕はしてませんよ。
1	早く帰社したい。渋滞。
1	@pyonpyoon 次会ったときには素敵なプレゼントを用意しておきます。
0	@Hushdpotato だからナンだって話ですけど、ナンならカレーも欲しいところです。
0	@GEKKOU2 1年以内に結婚して子どももいる友達いるけど、アンビリバボー。
0	林はいろいろやってるんだなぁ。 http://t.co/7EIWOtP
0	@akira_shida じゃあいつ買うか？
0	@pyonpyoon じゃあ次いつ飲む？？＼(^o^)／
0	@Hushdpotato 手作りは食べられません。
0	「クリスマス、バレンタインデー、誕生日、これが恋の3大きっかけデイなんだって!」
0	ホント?ホント? イェーイ!イェーイ!イェーイ!イェーイ!
0	@GEKKOU2 誕生日おめでとう。
0	@Hushdpotato 来るもの拒まず！
0	初めての喫煙車。 http://t.co/ItGsFv6
0	@GEKKOU2 よし！そんな君を採用しよう！
0	欲しい。“@SHABBYBOYS_: 【注目】シャビーボーイズ！Ｔシャツ発売します！明日、照らす 友哉さんによるデザイン！エモい！Girl Meets Boysツアーから発売しますから！！！！！れ！    Ba. http://t.co/yzqxwTO”
0	@GEKKOU2 ＼(^o^)／
0	@miho842 http://t.co/jx7eR1S
0	RT @Copy__writing: 恋人を家に誘うとき人はみんな、コピーライターになる by 九州宣伝会議
0	@miho842 名古屋で途中下車のオススメ。
0	@Hushdpotato @riichun1030 じゃあ、僕も今週土曜日に取りに行きます。
0	@Hushdpotato ででんでんででん。
0	@Hushdpotato @riichun1030 金城さんが作ったものなら、嗚咽しながら食べられます。
0	@Hushdpotato http://t.co/vHNlfyG
0	@Hushdpotato http://t.co/6nYxqvw
0	@Hushdpotato http://t.co/3TcnCJy
1	@Hushdpotato 三重県に美味しいとこあります。
0	@Hushdpotato 行ったついでに、ではなく、そのために行く、です。
0	@Hushdpotato えぇ、しかもニワトリの鳴く声を聞きながら食べられます。
0	@Hushdpotato ここです。http://t.co/I8dHWy1lHL
0	@Hushdpotato ♫ケッコケッコーコケッコー
0	@Hushdpotato 絞め殺したばかりのものを食べることに意味が…。
0	@Hushdpotato 金城さん、ひまですか？明日。
0	@Hushdpotato ちょべりば〜
0	@Hushdpotato 一人で行くんですか？
0	@Hushdpotato 国立ですかぁ？？レレレのレ〜
-1	@Hushdpotato 微妙にキックオフに間に合わないくらいなんですヘルナンデス
0	@Hushdpotato http://t.co/zGnpjMZJiT
1	@Hushdpotato それは翌日のニュースで十分ですよ！
0	@Hushdpotato http://t.co/CUAfQ1hrEx
0	@Hushdpotato あ、こっちでしたね。 http://t.co/YSHlGoe1vd
0	@Hushdpotato いや、僕はこうじにしか連絡してなくて、誰か誘っといてとお願いしたのです。
0	@_taparazzi アミノ酸？
1	RT @akira_shida: 【LINE】新スタンプに「東進」が登場www いつダウンロードするか？今でしょ！ - たのしいiPhone！ AppBank http://t.co/7MnsOa5T3k @appbankさんから
0	RT @nikkeionline: Ｊリーグ、来年からＪ３を新設　10クラブ程度を想定 http://t.co/1gBos0g1u6
0	やべっ、来週のアポ取り全くしてない＼(^o^)／
0	@ayakaaaa713 @s_h__k___ 行きたーい
0	@ayakaaaa713 @s_h__k___ そがも僕に会いたいことでしょう。
0	今池〜千種でも地下鉄に乗る！
0	さぁ、飲み会に向かいますか。
-1	久しぶりのオール。眠い。
1	外が明るくなり始めてから寝るこの感じ、久しぶり。
0	さっき電車の中で大学生くらいの男が、ラーメン好きだと言ってて、今までに行ったことあるラーメン屋の名前を挙げてたんだけど、チェーン店の名前しか出てこなかったぞ。
0	月曜、出張、東京、横浜、暇人、募集。
0	@GEKKOU2 長澤まさみから、このチンカス野郎！って言われたい。
1	@Hushdpotato 僕は当面結婚の予定はないのでご安心ください。
0	@Hushdpotato 独身OLの皆様にもよろしくお伝えください。
0	@Hushdpotato 謝罪とはこういうことだ！ ポイントは、襟足が残ってる… http://t.co/FuqVvM0mzD
0	花粉やばいかゆい
0	@pon_sukusuku 名古屋で？
-1	@ayakaaaa713 ひどいわ！
0	余裕の19時前退社。 しっかり売りも立ててるのだから文句は言わせない。
-1	遠い(´Д` ) http://t.co/An58ZnHDp2
0	@mananya52 おでめとう！
0	@riichun1030 おでめとう！
-1	@Mom0pi まったく関係ないのだけど、火曜日くらいの11時くらいに、いりなか辺りを車で走ってた？？
0	来週のテレフォンショッキング、林www
0	退社！
0	@miho842 名古屋でお待ちしてます。
1	@miho842 味噌カツ、手羽先、きしめん、ひつまぶし、小倉トースト、寿がきや…食べ物しかございません。
0	去年から発症した花粉症、今年はレベルが違う。
0	いざ横浜へ！
0	横浜来て、まさかりさと二軒はしごしてからのボーリングからのマックになるとは。
-1	にしても、今日のスコアは酷すぎる。
0	今日、109の早番誰がいるかなぁ。わかる人教えて！
0	@miho842 もっとください！変態ではないです。
0	新幹線降りてから気づいたけど、N700Aだった。
1	@kotfoy これいいよね！観たことないけど。
0	@Mom0pi じゃあ間違いなくすれ違ったと思う＼(^o^)／
1	@s_h__k___ @gekkou2 あぁ、土日祝＋年末年始＋夏季休暇＋有給。幸せ(・ω＜)てへぺろ
1	林修先生のありがたき言葉「今でしょ！」一分耐久 http://t.co/NbnSFDBZKn @youtubeさんから
0	@kotfoy 僕のためにありがとう。
0	@unit07 おかわり！
1	風が強い。
0	@Hushdpotato @unit07 何がおかしいと言うのだ！
0	@Hushdpotato きんじょうぉお↑↑
0	@Hushdpotato ※画像はイメージです。 http://t.co/RvQgwjidmC
0	@s_h__k___ 俺なんて電車で席譲られた＼(^o^)／入ったラーメン屋でご飯サービスされた＼(^o^)／
0	@s_h__k___ 山手線、渋谷〜品川の出来事＼(^o^)／
0	@Hushdpotato http://t.co/VWFYgzt0G3
0	@s_h__k___ http://t.co/2g6d1o7nKz
1	@Hushdpotato 注文の多いきんじょうぉお↑↑↑
0	@Hushdpotato 最後の一文がとてもやらしく見えました。
0	@Hushdpotato http://t.co/kQ17P3ZzaZ
-1	RT @dowlandjohn: めちゃ笑った。腹痛い。“@yasuda010830: これはwwwRT @Artificier_nuit: 笑い死ぬ／ 唯一チョコをくれた妹に、全力でホワイトデーをしてみる。 - ARuFaの日記 (id:Arufa) http://t. ...
0	CREAM "Shooting Star" Music Video http://t.co/Kc3XSSeSKB @youtubeさんから
0	ひまだー！！
0	スマステにPerfume。やっぱりあーちゃん。
0	RT @sfc_afu: 東急東横線と東京メトロ副都心線の直通運転に対抗した広告。 http://t.co/Iso04Ti63R
0	@Hushdpotato 今年は名古屋で花見しましょうよ！
0	@Hushdpotato http://t.co/yqYPNnwSFP
0	@Hushdpotato http://t.co/K36kut2Q6V
1	明日の午後はセミナーに参加だから楽ちんちん〜。その後は飲み会で明後日は祝日〜。
0	お、この前まで鶴舞線携帯使えなかったのに、繋がるようになってる。
0	http://t.co/9GUQ9Ko9km
1	風が強い。
0	RT @mainichijpedit: 俳優の中尾明慶さんと女優の仲里依紗さんが結婚するそうです。 http://t.co/qOPF5zJxvn
0	@Hushdpotato 僕もそろそろフライデーされよう。
0	@Hushdpotato いえ、きゃりーぱみゅぱみゅとです。
1	@Hushdpotato 可愛くて 可愛くて 可愛くて 辛いよ〜 http://t.co/LYVN6Rvi49
0	@Hushdpotato もちろん、これに始まり http://t.co/2aSLkDHHNH
0	@Hushdpotato これが続き、 http://t.co/T9ROyCEH3N
0	@Hushdpotato こんなとこにも。 http://t.co/8dIzm5cUxl
0	中尾明慶と仲里依紗、堺雅人と菅野美穂、錦戸亮と新垣結衣。
0	金はないが飲みに行きたい。
1	武井咲が可愛い。アメトーク。
0	@Hushdpotato @riichun1030 2回目は僕に手伝わせて！
0	@riichun1030 @hushdpotato よし、ここは僕が一肌脱ぎましょう。
0	@pyonpyoon え？ボーナス年3なの？
0	@pyonpyoon ごちでーす！
0	今日の晩飯は寿がきや！ http://t.co/1p42FWopCG
0	@Hushdpotato @riichun1030 え？そこまでしていただけるのですか？
0	久しぶりの休日出勤。でも27日は代休〜＼(^o^)／
0	@s_h__k___ @ayakaaaa713 家だとWi-Fiだから、去年の10月から11GBしか使ってない＼(^o^)／
0	@s_h__k___ @ayakaaaa713 じゃあ分けてあげるから結婚しよう。
0	大江アナ通常回ラストか。
1	@s_h__k___ @ayakaaaa713 じゃあ分けなくてもいいから結婚しよう。
1	社長から早く一人暮らしをしろと言われ、家賃出して頂けるならいつでもと返したら、それだけ稼いできたらいくらでも出してやると言われた。ごもっとも。
0	そんな社長宛に、一升瓶と書かれた箱が届いて、一升瓶(http://t.co/tGrq95hvDm)の肉の詰め合わせかと思ったら、泡盛の一升瓶が入ってた。 商品名じゃないのかよ。
0	@Hushdpotato 福山さんは路チューだよね。
0	@Hushdpotato どちらかと言えば薄暗いお店の中がメインです。
0	@Hushdpotato @riichun1030 @mananya52 連れてゆきたけ。
1	@riichun1030 @hushdpotato @mananya52 パフェもうまいしね！
0	@riichun1030 @yukichi_ouo 僕もゆきちゃんに会いたいな！＼(^o^)／
0	明日は代休うふふふふ〜
0	口呼吸は老化を早める。
-1	RT @laybacks: 【かっこ悪い振られ方、二度と君に会わない - はてな匿名ダイアリー】 http://t.co/l4XqzOtoq9
1	柵を跨ごうとしたら、足が上がらず盛大に…
0	三次会まで無事終了。もちろん明日も仕事です。
1	@myonn9 自分が初の採用実績になればいいのです。
0	@kaori_meow280 長すぎて逆にコントロール出来なかった＼(^o^)／
0	月末かつ年度末、道が激混み。普段の倍はかかってる。
0	@kaori_meow280 名古屋駅前で披露してやったぜ！
0	@miho842 やっちまったなぁ！ http://t.co/M3OAtIVVdY
0	行こうかな。 インフォメーション　国際親善試合 名古屋グランパスVSアーセナルFC　対戦のお知らせ | 名古屋グランパス公式サイト http://t.co/b5L8sQP3RP #grampus
0	二年目のスタート。初日から怒鳴られることは必須。バリン、ロイシン、イソロイシン。
0	そんな僕は来週からタイで駐在。今週は引継ぎで忙しい。
0	@pyonpyoon 僕もタイ駐在の準備が忙し過ぎて、う○こする暇もない。
0	新年度一発目から怒られると思いきや、むしろ褒められた＼(^o^)／一年目最後の3月、昨年比も予算比も余裕で達成＼(^o^)／
0	@pyonpyoon え？まるで僕のタイ駐在が嘘のようになってるけど？
1	風強い。高速でハンドル持ってかれる。
0	甥っ子、大号泣なう。
0	RT @sotaroatlanta: 彼女との歩き方はこれが理想。 http://t.co/u4Ffmv8aoA
0	@Hushdpotato 夢見る15歳かと思ってました。
0	@Hushdpotato え…え…        え…
0	Michael Bublé "It's A Beautiful Day" [Official Lyric Video] http://t.co/hJhJIvM1zy @youtubeさんから
0	@Hushdpotato 金城さんを見るとドキドキしちゃいます。
0	さぁ、メッシの時間だ。体育会TV
0	踏み込んだ時のふくらはぎの筋肉。
1	メッシのシュートの速さより、スタジオの榮倉奈々の可愛さ。
0	大江アナの後任、http://t.co/bkwTvEzxS4
0	RT @itmedia_news: エヴァンゲリオンと街コンがコラボした「エヴァコン」開催。「出会いのセカンドインパクト」^編 http://t.co/73BjzIKaLF
0	@pyonpyoon 普段名鉄じゃないの？
0	@pyonpyoon こんな時間に窓口に並ぶ理由とは？！
0	@Hushdpotato @unit07 マヤ…
0	@ayakaaaa713 呼んだ？
0	@pyonpyoon 券売機で…いや、なんでもない。
0	洗車してピカピカピカソ。
1	@pyonpyoon あー、券売機のレベルは東日本の方が良いね！
0	@myonn9 あと18分。
0	KT Tunstall   Suddenly I See‏  プラダを着た悪魔 http://t.co/n9IRXP0din @youtubeさんから
0	さぁ、ももクロ大炎上の時間だ。
0	かなこの飛ぶとこ見てみたい
0	@Hushdpotato お股開いて…
0	@Hushdpotato http://t.co/XI3IuNesiq
0	@Hushdpotato http://t.co/V54DnDasId
0	@miho842 僕のいとこ＼(^o^)／
-1	久しぶりの緊急地震速報。
0	@kotfoy @myonn9 なら僕は大人の世界を教えるね！
0	@Hushdpotato そして金城さんはドヤ顔でヨダレを垂らしながら走り出すのであった。
0	@menbooo 6月分かららしーよ
0	@Hushdpotato そして金城さんはそのビーサンを脱ぎ捨て、つま先立ちで雄叫びをあげるのであった。
0	@s_h__k___ 三浦春馬になりたい、と思うシーンがあった。
0	@s_h__k___ でも僕、三浦春馬に似てるって言われるんだけどね、参考までに僕の写真載っけとくよ！ 書いたよ！アメリカでは普及してるらしい電子黒板。 http://t.co/rNBrUMo5fj
1	@s_h__k___ 本田ちゃんもいつの間にこんなに可愛く…あ…。 現状だと機材の準備とかめんどくさいけど、アメリカは生徒が教室を移動するのが主流だから、常に設置しておけたりとか、使いやすい環境らしい。日本だと教材もないしね！ http://t.co/0vtHr7vror
0	@s_h__k___ え、普及させたいの？笑。
0	@s_h__k___ 少なくとも今の段階では、電子黒板だけで授業するのは無理だと思うよ＼(^o^)／ http://t.co/aLtqy5zsqD  この動画みたいな使い方が出来れば便利だけど、この教材を誰が作るのかってとこだね。
1	東進 冬期特別招待講習 -数学 河合 正人 先生「センター試験対策　数学... http://t.co/SsXWGWSu0O @youtubeさんから
0	@Hushdpotato うぉお〜脱ぎてぇええ!!!!素っ裸になりてぇええ!!!!
0	@Hushdpotato らっらめぇえええ!!!!
0	@Hushdpotato そんなことより、阿部首相としおりんの間の男のカメラ目線と合成感。
0	RT @f_masuo: えぇ!? 『私、ツッコミ担当だから!!』 って言う女性に一言物申したいのかい!? どんなボケにでも的確につっこんでも、夜の君はつっこま………
0	ぱるるにあんな風に見つめられたら何でも教えちゃう。
0	@yukichi_ouo http://t.co/ElJg0O9OEZ
0	勉強会の講師も終了。これで少しは暇になる。
0	いや、そうでもないな。
-1	今やってる新商品開発とは別で、新たな新商品開発の案件も任せてもらえたのだ。社長と専務直々に。しかし、何も知らされてなかった部長は激おこぷんぷん丸だったが。
1	@Hushdpotato @riichun1030 出世なんかしなくていいから、今年の公務員試験にノー勉で受かりたい。
0	Fun.: We Are Young ft. Janelle Monáe (ACOUSTIC) http://t.co/1lhGKUxXUB @youtubeさんから
0	@s_h__k___ ちん…
1	今リンカーンに出てる http://t.co/BhYo2lRTPZ この子好きだわー。
1	RT @mainichijpedit: 相模鉄道とJR東日本の相互直通運転が3年以上延期に http://t.co/uvCq1umUc5 利便性向上を期待していた沿線の方も多いのでは。
1	簡単な単語しか出てこないのね。 Michael Bublé "It's A Beautiful Day" [Official Lyric Video] http://t.co/hJhJIvM1zy @youtubeさんから
0	@s_h__k___ http://t.co/6p5bbLTt2C
0	@GEKKOU2 JR東日本企画のグループディスカッションというか、グループごとで広告(販促方法？)考えて1位になった男ならここにいる。
1	@GEKKOU2 それは会社と個人の感じ方によるだろうけど、仕事ができる人には楽しそうじゃない？モテそうだし。モテそうだし。モテそうだし。
1	@GEKKOU2 営業だよ、白い粉を主に女性に対して売ってるよ＼(^o^)／売れなきゃ自分のせいだし、売れればそれだけ対価として返ってくるし＼(^o^)／
0	@myonn9 @yukichi_ouo じゃあ明日から僕の弁当を作ってもらおうかな。二人の当番制も受け付けます。
0	5月15日or16日or17日で東京出張なのだけども、出来れば17日の金曜日にして土日遊んで帰りたいけど、17日はどうしても参加したい飲み会@名古屋なのだ。
0	一生しゃべくりキャンペーン | ソフトバンク（SoftBank） - Crocos懸賞 https://t.co/KHWKbZObqo @crocos_presentさんから
0	@Hushdpotato ヤットにやっと会える！って言えなくなりましたね。
0	@Hushdpotato ヤットにやっと会える！と言ったことが… http://t.co/8MS29vBuBl
0	@komomomoko クビになりそうな存在感だけは取締役級とでも…
1	@Hushdpotato @gekkou2 僕も可愛い子はすぐに覚えられるのに、金城さん覚えるのには3年かかりました。
0	@s_h__k___ 前から…いや、何でもない。
1	@s_h__k___ いやぁ、可愛いよ、うん、可愛いよ。
0	@s_h__k___ 僕はカピカピでもすきだけどね༼´༎ຶ ۝ ༎ຶ༽”
0	@Hushdpotato @gekkou2 僕の名前、初号機だし！ http://t.co/PrIrRXkTUh
0	@Hushdpotato きっとそれは罠だ！
1	@miho842 南極料理人の裏話としては、おにぎり食べるシーンがあるのだけど、休憩中にきたろうが好きな具のおにぎりばかり食べて、本番で足りなくなりそうになる、です。
0	東山線LTE拾えるのか。
0	@Hushdpotato ワーナーだけに。
0	@Hushdpotato http://t.co/aCy1ea3rl3
0	@GEKKOU2 @ayakaaaa713 夢でも現実でも松原と付き合ってる、夢を見た。
0	@Hushdpotato 名古屋
0	@Hushdpotato なんて日だっ！ http://t.co/RFMdwseEoC
-1	@yuri_san827 じゃあ気づくのが遅過ぎた記念に飲みに行こ〜＼(^o^)／
0	@Hushdpotato 河村市長と相談してみます。
0	@Hushdpotato http://t.co/zJzgWXgm9r
1	@yuri_san827 次の日が平日でなければいつでもよろしくてよ＼(^o^)／
0	@unit07 http://t.co/nJh6CZk8oL
1	@yuri_san827 あー見事に17日だけ予定があるー(´Д` )
0	RT @macchiro_: 「勝負パンツ」の逆は「和解ブラ」
0	Розыгрыш: Убийство в лифте. А как бы поступили вы? http://t.co/WhdJFVK0fO @youtubeさんから
0	@yuri_san827 じゃあ24日にしましょ！よろしくて？？
1	良い感じ。 http://t.co/oMIuPmi5xN
0	RT @theater_staff: 【RT拡散希望】 「第4回日本シアタースタッフ映画祭in成城」 5/10(金)10時開場＠成城ホール(小田急線成城学園前駅徒歩4分) 各賞受賞者、上映作品決定してます！ チケットぴあ2000円／通し券で発売中。Pコード550-975 htt…
1	華原朋美の復帰はどうでもよくて、火曜曲に出られたのはプロダクション尾木の力でしょう。事務所の力はどうでもよくて、この写真で一番注目したいのは小嶋陽菜の太もも。 http://t.co/TFmmQID4yO
0	@s_h__k___ おやすみなさい。
0	江川線、2車線規制とか＼(^o^)／
0	社用車でモンパチ流しながら大熱唱なう。
0	@miho842 行きましょう！←
0	@pyonpyoon それ僕も同行しますわー
0	@pyonpyoon メールが来ることをただただ祈る。
0	四連休初日、電車が遅れているという状況からの、始まり。
0	A駅、B駅、C駅があって、B駅で降りる予定だが、A駅まで行ってB駅まで戻る方が早い、と思い実践したが失敗。結果、A駅からC駅まで戻り、B駅まで行くという無駄。
0	すべては電車と接触した奴のせい。
-1	@riichun1030 一年で300枚くらい使った＼(^o^)／
-1	タバコ臭い(´Д` )
0	昨日と今日で、俺よりデカイ奴2人見た。
0	@s_h__k___ お土産の提出期限は今日です。
0	@GEKKOU2 ごめん、そのネタはよくわからないけど、川越シェフが進撃の巨人だった時の写真ならあるんだ。 http://t.co/8UMd9seq80
0	@s_h__k___ ウルトラマン10人分だね！
1	@miho842 楽しそう((((；ﾟДﾟ)))))))
0	@s_h__k___ 本田ちゃんに会えることが一番のお土産だと思ってます。
0	さ、ES書くかな。
0	@akira_shida ポワソンと聞くと、志田先生的にはポワソン分布が先に浮かぶのでは・・・笑。
-1	ESの趣味の欄にゴルフって書いたら生意気かなぁ。
0	ピクシーの、革靴ダイレクトが1位でしょ！
0	マイケル・ブーブレ「To Be Loved」 https://t.co/nD8dVs0Z2A
0	@GEKKOU2 @s_h__k___ 犬になりたい。 http://t.co/7uqZac9B5g
0	@Perorine http://t.co/5XEFo3JjLf
0	@s_h__k___ ぼく、入籍します。
-1	今更ながら、この前カラオケ行ったら、デンモクが進化してて、ジャケ写検索という無駄機能があった。 http://t.co/LqllHL5XV7
0	今週は4日だから、多少の寝不足でも乗り切れる気がする。
0	明日28℃とか！
0	@Mom0pi 俺が見てるやつだと28℃みたい！ http://t.co/Dxr6DIWVp9
0	♫栄の街を〜社用車で〜駆け巡る〜そうそれは〜迷子〜
0	@Hushdpotato 金城さん！来週の木曜日ひまですよね？
0	@Hushdpotato じゃあ今からモアーズ前集合で。
0	@Hushdpotato 僕は来週の木曜日に向かうので、言い換えればモアーズ前で1週間待っていただくことになります。 http://t.co/ZVhyZs53xs
-1	@Hushdpotato えぇ〜来週の木曜日暇じゃないんですかぁ〜？？この画像くらい信じられな〜い！ http://t.co/rfKoYcpsGM
-1	@Hushdpotato いえ、逆にそのあと軽く一杯行きたいッス！自分、行きたいッス！
0	@Hushdpotato さっすがぁ〜＼(^o^)／また連絡しまっしゅ！
0	秘密の県民ショーが愛知県特集だからみたいけど、みなさんのおかげでしたが2億4千万ものまねだから、後者を選択。
0	卒論とちょっとかぶる。全国初！武雄市が全ての小中学生にタブレット配布へ　気になる効果と「３つの課題」 - NAVER まとめ http://t.co/11TaYunaxq
0	RT @momoclo_king_pr: 【TV】本日、5月10日（金）日本テレビ「ミュージックドラゴン」出演しますよ～！お見逃しなく♪ #momoclo
0	マリオット37Fコンシェルジュフロア＼(^o^)／フロア自体にセキュリティがかけられてる＼(^o^)／ http://t.co/8qlsBhvQGn
0	@myonn9 実は私は福山ではない。
0	@s_h__k___ デ○
0	@myonn9 実は私が平野なのだ。
0	@s_h__k___ 今朝久しぶりに測ったら、あと200gで60kg切る＼(^o^)／
1	浜名湖マラソン、暑くて倒れるかと思ったけど、みな無事完走！
-1	RT @SHABBYBOYS_: あの、かなり出遅れた感あるんですが、我々シャビーボーイズもRO69JACK 2013というものに参加しています。ユーザー投票始まってました。今からでも遅くないので投票、応援コメントお待ちしてます。この夏一緒にフェス行きましょう。 http://…
0	RT @rockiiiin69: @f_masuo えぇ！？フランプールがこうなるってことかぃ！？ http://t.co/TK0LJrez1M
0	@Hushdpotato http://t.co/OaaN1dKILT
0	@Hushdpotato 1000枚限定みたいです。
0	@Hushdpotato これですね。http://t.co/rGaYDRAY2v
0	@Hushdpotato 姉貴！まだ買えますぜ！http://t.co/KlfUZ7zRzY
0	@Hushdpotato 代引きで送りつけて…
0	@Hushdpotato 仕方ない、サイズだけは選ばせてあげようではないか。 http://t.co/rQkSP5Pqkm
0	@Hushdpotato http://t.co/MsQ9oNgavO
0	@Hushdpotato ぼくこれ行きたいんですよねぇ http://t.co/b5L8sQP3RP
0	@Hushdpotato じゃあいつ行くか？
0	@Hushdpotato 7月22日でしょ！
0	@Hushdpotato じゃあみんな！7月22日は豊田スタジアムに集合だ！
0	@Hushdpotato 諦めたら何とかかんとかですよ。
0	@myonn9 それはつライ麦
-1	一日中会社にいるとめっちゃ眠くなるから、とりあえず外出作戦成功。
0	@Hushdpotato そんな、僕と会えるからって。 http://t.co/bYbDreCfc1
0	@myonn9 http://t.co/YZmpYtXagl
1	@unit07 18歳好き♡
0	@s_h__k___ リニューアルオープン。
-1	@myonn9 12％という残り少ない力を僕に捧げてくれてありがとう。 http://t.co/5C5YoC5DAd
0	@Hushdpotato http://t.co/6JYN6YgPev
0	@Hushdpotato http://t.co/md8snTKJO0
0	@Hushdpotato 兎にも角にも、木曜日楽しみにしてまーす http://t.co/0ueWLtP5KA
0	@s_h__k___ え、場所も変わるの？
0	@Hushdpotato もし他にも遅番で暇そうな人がいたら引き連れて来てください。
0	リンカーンメンバーがTwitter始めた理由が今日わかるのか。
1	@s_h__k___ 便利になるではないか！
0	@Hushdpotato 二人きりですよ♡
0	@Hushdpotato http://t.co/fY8fBGNPjD
0	@Hushdpotato ※金城さん含む2名にしか連絡しておりません。
0	RT @itmedia_news: ももクロ新ツアー開始 開催場所は「アイスのフタの上」 http://t.co/fEz53mYVF2
0	現役、OBOGは問わないが、109の人で明日の夜暇人はおらぬかー！
0	RT @shiro_tsubuyaki: 「自分探しの旅」という甘え。
0	@unit07 寝る子は育つ！ http://t.co/FlLGbSOttx
0	いやぁ、大きな会社の部長さんなんだけど、会うたびにいろいろとアドバイスくれて勉強になる。正直準備不足だったけど、1時間も話してくれる。決して高慢な態度ではなく、同じフィールドで。
0	@unit07 なら8時で。笑。
0	今日の朝は東海道線で川崎から東京の予定が、人身事故の影響で東海道線で品川、品川から山手線で東京に。
-1	@Perorine うわ！アボカドもらってない！激おこぷんぷん丸＼(^o^)／
0	品川でのダッシュ、死ぬかとオモタ。
0	行く予定はないが、とりあえず予約しとくか。“@Copy__writing: 【花火大会 2013】勝ち組はもう動き出してるぞ…！！！ - NAVER まとめ http://t.co/XRDKY0o5CV”
0	@Perorine http://t.co/uG1JZFKMCh
0	@pyonpyoon チーズケーキとうんこぐらいの差。
0	@kotfoy 呼ばれてない。 http://t.co/jSE87gILhG
0	RT @plginrt: 「グーーッド!!!!」と聞こえてきそう！？映画から銃を消したらどうなるか？？？ http://t.co/FYTCkZxda9 【Re】
1	マジだ。“@Yakudachi_BOT: 知ってる人何人いるのかな？自分のTwitterのIDでGoogleの画像検索かけたら歴代のアイコンとか載せた写メとかﾌｫﾛﾜさんのアイコンとかが出てくるというこのホラー現象…”
0	これを見てから寝るか、今すぐ寝るか。 http://t.co/YraPfje7Hf
0	始まった。 http://t.co/Gz8WDbGnLs
0	@Hushdpotato @mananya52 みなさん、おやすみなさい。笑。
0	@yukichi_ouo そして目を閉じると浮かんでくるのは、ぽっちゃりお兄さんのチラリと覗くヘソ毛とOUTDOORパンツ(ピンク)。
1	@Hushdpotato 金城さんの方がかわいいですよ http://t.co/l3s11I77an
0	@Hushdpotato うわー、添付画像間違えたわー
0	@Hushdpotato http://t.co/n6OvT0acl6
0	@Hushdpotato あぁ、この前僕としおりんでカレー食べに行った時の写真ですよ！ http://t.co/MtxHJ51Iju
0	@Hushdpotato http://t.co/dA6cfmpiT1
0	@Hushdpotato いや、僕にはまだ、摘発されるという夢があるので、もう少し待ってください。
0	@Hushdpotato そうだね、プロテインだね！ http://t.co/SLcqa8InkH
0	@nontonsuke デ…いや、なんでもない。
0	7時間ジャグラーぶん回したった！ http://t.co/5slVqRm2Rt
0	情熱大陸にまで出るとは。
0	あ、林修とストイコビッチ、同い年。
0	学年的にはストイコビッチが一つ上か。
0	@pyonpyoon あ、またたいしさん達とBBQ企画中でござる！
0	@pyonpyoon 6月23日！ 結婚はまだ先みたいよ！
0	@GEKKOU2 @nontonsuke ちゃうねん、うちはFacebookで絡んでんねん。 http://t.co/hRogkYwp4N
1	RT @wahaha_bot: 「ハバネロ」「年金」「ﾃﾞｭｸｼ」一見なんの関連性のないこれらの語ですが、繋げて何度か声に出して読むととある有名漫画のタイトルが浮かび上がってくるのです
0	@pyonpyoon もちろん祝いに来るっしょ？＼(^o^)／ 海外挙式の日本で披露宴予定らしく、お金を貯めなきゃいけないらしいよ！
1	@pyonpyoon じゃあ参加ということで手配しておきまーす＼(^o^)／ 呼ばれると期待して呼ばれないより、呼ばれないと思ってて呼ばれる方が良いね！笑。
0	寝過ごしたー
0	RT @y0k0t0m0: 大抵はBARにいる
0	@Hushdpotato それに気づいてしまった金城さんには、大根のツマも使い回されている現実をお話ししなくてはなりません。
0	ゾゾのランキング2位がダイソンて！ http://t.co/V9dlPB9L4m
1	iPad買おうか迷うー。特に買ってやりたいことがあるわけじゃないけど、買ってみて必要だったか不必要だったか分かるわけだ。
0	まぁ来月ボーナスだし、買っちゃうか。
0	東名阪のリフレッシュ工事さげぽよ〜 http://t.co/3dHF2l8cGb
0	@pyonpyoon 本間さんが異動…だとっ？！
0	iPad値上げ前に注文済の僕。
0	[食べログ] 千壽 名駅西店 http://t.co/iHKTSrM3o9
0	[食べログ] 洋食厨房 ムギ http://t.co/N8ChMGsLH5
0	@Hushdpotato ヤットがやっと活躍！
0	@Hushdpotato http://t.co/2EKOizuZMQ
0	@Hushdpotato ヤバイ http://t.co/e4seRc2uuX
0	Daft Punk - Get Lucky (Official Audio) ft. Pharrell Williams http://t.co/YS0KgWlWa8 @youtubeさんから
0	@s_h__k___ Where are you now?
0	健康診断の結果＼(^o^)／腎臓に異常あり＼(^o^)／要精密検査＼(^o^)／
0	@Hushdpotato http://t.co/0TtLsJH4cg
0	@s_h__k___ ハングル語は未履修。
1	@GEKKOU2 こんな感じで出てきたら毎食野菜だけで良い。 http://t.co/MXA7latQe2
1	@1ady_gaqa ありがとうございます＼(^o^)／なんか重大な病ではないかというワクワク感と、ついにストレスが形になって現れたことに感動しております＼(^o^)／
0	@Hushdpotato http://t.co/rSOuBC2B5Y
0	@Hushdpotato http://t.co/4tmmOZ0kAR
0	@Hushdpotato http://t.co/2g2gOkLWYm
0	@Hushdpotato お揃いですね、 http://t.co/f7Q9u63s0F
0	@Hushdpotato http://t.co/GQoZcVU1CK
0	@Hushdpotato http://t.co/YmJxAze4sT
0	@Hushdpotato これで昨日引き分けれたようなもの。 http://t.co/0a55ENLDsK
0	@GEKKOU2 これ以上は言えません。 http://t.co/drfciJdZa8
0	@Hushdpotato http://t.co/mAhKlY8AWD
-1	@Hushdpotato 電波わるっ！
0	@Hushdpotato それで？それで？？ http://t.co/nXxI4swlsJ
1	@Hushdpotato 30日なんですけど、早い時間から飲みたいっす！ http://t.co/pmFOvLsRQn
0	@Hushdpotato 15時とか！14時とか！13時とか！ http://t.co/xZbNEc3Ivu
0	@Hushdpotato よく考えたら、ぼく次の日仕事なので帰らなきゃならんとです。 http://t.co/NjdICjSjeB
0	@GEKKOU2 http://t.co/QRQ9AlvvJS
0	@Hushdpotato 19時までには！ http://t.co/O0X0RzwA7w
0	RT @fashionpressnet: 【話題】スタバ、エナジードリンク「リフレッシャーズ」を日本向けにコンビニで発売 http://t.co/mFi5Uc3sth  @fashionpressnet http://t.co/V7cPCZPVxS
1	【出れんの!?サマソニ!?】シャビーボーイズに投票しました! ロック好きの人は要チェック! http://t.co/91aVSOhRyc #deresama13 #サマソニ
0	奥大介逮捕。
0	@Hushdpotato http://t.co/XV5o4wFbKQ  こんなのどうだい〜ステキだろぉ〜予約しちゃうぜぇ〜
1	@1ady_gaqa いつでも良いみたいです＼(^o^)／
1	@Hushdpotato キリンかベイクオーターがいいなぁと思っております。 http://t.co/7oulrgVCjh
1	これだ。今年は症状3割増し“5月の真夏日”で続出する「寒暖差アレルギー」(週刊実話) - エキサイトニュース #excitenews http://t.co/RhsL4SipYL
-1	@Mom0pi 風邪薬買ったその日にこれ知ったwwお客さんとあってる時急に垂れてくるから困る(´Д` )
0	【出れんの!?サマソニ!?】愛知県で活動中のシャビーボーイズに投票しました! http://t.co/91aVSOhRyc #deresama13 #サマソニ
0	ついにベスト10の発表だけど、まだ僕呼ばれてない。
0	麻里子様卒業だと。
0	まゆゆ3位！
1	大島優子かわいい。
0	RT @johnetsu: ビールを片手に無職記念エントリーを書きました。/ 株式会社を退職しました - ライフ・イズ・カルアミルク http://t.co/BSZGnY2G5u
0	【出れんの!?サマソニ!?】シャビーボーイズに投票しました! 現在211位! http://t.co/91aVSOhRyc #deresama13 #サマソニ
1	【今日の彼女】 凛とした美しさ★「手塚真衣」 http://t.co/USiy5ltw77 #R25
0	@myonn9 こらー！
-1	@Hushdpotato 天下一品から天一が逃げ出して下品になった！
0	【出れんの!?サマソニ!?】愛知県で活動中のシャビーボーイズに投票しました! http://t.co/91aVSOhRyc #deresama13 #サマソニ
1	RT @SHABBYBOYS_: 【出れんの!?サマソニ!?】シャビーボーイズに投票しました! 順調に順位を落としてます！！（笑）歯止め拡散、希望！！！http://t.co/OLMozrhytY #deresama13 #サマソニ
0	AKBのパチスロ出るとか。
0	RT @usatodaytech: How does Apple's new iOS software look? "Beautiful," @edbaig reports: http://t.co/VL8CzSSwiP
0	ワーナー・マイカルの系列映画館が「イオンシネマ」に名称変更　７月から順次、グループ再編で - MSN産経ニュース http://t.co/d2mTLc0O7W
0	@s_h__k___ ボーナス100に見えた
0	今日は代休！
0	RT @Copy__writing: 就活論を熱く語ってる人間には、それでメシ食ってる人間か、女子大生と一発ヤリたい人間くらいしかいない。  http://t.co/o9dHt6BMqp
0	@unit07 ///
0	24歳最後の夜。
0	25歳最初の夜。
-1	眠い
0	@maichaman う○こ  ゲ○
0	@maichaman やっぱりう○こか。
0	@riichun1030 ありがとう！ http://t.co/duwbshNNkX
0	@maichaman ありがとう！ http://t.co/HZqlF7Izlh
0	@yuri_san827 ありがとう！
0	@Hushdpotato ありがとうございます！ http://t.co/H2wWOAoJ6p
1	RT @mainichijpedit: 名古屋の名鉄百貨店前にある巨大マネキンの「ナナちゃん」。お値打ちセールに驚いて、あごが外れちゃいました http://t.co/Yhwpld9DoN あのクールビューティーが……。
1	@yukichi_ouo 残業なにそれ美味しいの？毎日17時半退社の超絶ホワイト♥
0	@unit07 @Hushdpotato ついに脱ぐ時が来たようだ。
-1	RT @denpanohikari: 死ぬほど笑ったｗｗｗｗｗｗｗｗｗｗｗｗｗｗｗｗｗｗｗバナナの皮投げんなｗｗｗｗｗｗｗｗｗｗｗｗｗｗｗ公道をリアルマリオたちが走ってたら迷惑すぎてウザいｗｗｗｗｗｗｗｗｗｗｗｗｗｗｗ http://t.co/Ru1lhLxak7!
0	@Hushdpotato 僕の尿漏れはこんなもんじゃない。
-1	@Hushdpotato ほんのり甘い香りです。
0	@Hushdpotato http://t.co/EUhKgLWK2A
0	@Hushdpotato いやいや、要精密検査です。
0	@Hushdpotato 金城さんは野菜に入りますか？ http://t.co/dKX1BtSBr6
0	@Hushdpotato では僕の空いてる日をメールしますね。
0	ももクロ×9mm
1	横浜まで向うここで一句。 新幹線 隣がいない 快適だ
0	茶畑県長い。
0	@ayakaaaa713 おーーい  お茶。 ( ^-^)_旦""
0	@yukichi_ouo 僕は泣いてます。
0	@ayakaaaa713 でも松原が住んでるとなると話は変わってくる。
0	@ayakaaaa713 シズオカ、イイトコ。マツバラ、イイヒト。
-1	@Hushdpotato うぉーううぉーううぉういぇーいいぇーいぇい
0	@Hushdpotato おっしゃレッツ おっしゃレッツ
0	@Hushdpotato ごっつぁんです！(デブボイス)
0	@unit07 @Hushdpotato やだ私も欲しい。
1	名古屋着！新幹線では気持ちよく寝ました。
0	@Hushdpotato @unit07 マタワタシダ(°∀°)ﾉ ｨｮｩ
1	みるきーかわいい。 http://t.co/6m3FXZuGxW
0	@Hushdpotato 僕はこの後秋葉原。 http://t.co/IKvSSsWz7L
0	@s_h__k___ ウォンビンビンビン
0	@s_h__k___ ぼく？
0	相変わらずちゃばたけん長い。
-1	名古屋蒸し暑い。
0	@s_h__k___ ウォンビンも僕も同じ男だし同じ様なもんだよね！
0	@s_h__k___ 呼んだ？
0	@timo_timo221 今北産業
-1	@timo_timo221  せ っ か く 改 行 で き る の に 。
0	@timo_timo221 でもこうなって画面が埋め尽くされる。 http://t.co/ISPyX0kuK3
0	@timo_timo221 求愛行動。 http://t.co/ParOiWcnaD
0	名古屋駅から会社まで歩いて15分、汗がヤバイ。ばいやー
0	退社！超絶ホワイト＼(^o^)／
0	@Hushdpotato 金城すわぁーん、僕この前の写真欲しいなぁ＼(^o^)／
0	@Hushdpotato パソコンと繋ぐ以外…
0	@Hushdpotato 出来ましたら r.fukuyama.ynu@gmail.com までお願いしたいところです。
0	@Hushdpotato お願いします＼(^o^)／
0	@Hushdpotato きゃっ///
0	@Hushdpotato きゃっきゃっ///
0	@Hushdpotato @riichun1030 僕も連れてって❤
0	@Hushdpotato @riichun1030 http://t.co/C40pXOs1F8
0	@s_h__k___ @ayakaaaa713 僕は本田ちゃんと理想の関係を目指してます。
1	新規獲った時も嬉しいけど、今日はそれ以上に頑張ってて良かったなぁと思えることがあった。
-1	@s_h__k___ @ayakaaaa713 仕方ないから横田くんのスマイルを勝手にあげよう。 http://t.co/49nSHpkK9c
0	今日は会社のボーリング大会なんだなぁ。学生時代の経験が活かせますように。
0	@s_h__k___ 僕は本田ちゃんのためにフリーだよ？
0	@Hushdpotato 第壱話 金城、襲来
0	@Hushdpotato 第弐話 畳まぬ、日傘
0	@Hushdpotato 第参話 結ばない、髪の毛
1	@GEKKOU2 @s_h__k___ その美しさも、莫大な財産も、すべてが完璧な男 ──福山・ギャツビー。 だが、彼には〈秘密〉があった──。
0	@Hushdpotato はい！嘘つきまーす！明日でーす！
0	@Hushdpotato 前田敦子かっ！
0	@Hushdpotato http://t.co/AaaxIYntzz
0	@Hushdpotato http://t.co/xOUaoCLJX6
0	@Hushdpotato そうですね、逆に個室送りになりますからね！ http://t.co/wdBUTgNWKV
0	@Hushdpotato 人生詰んだんじゃない！経験積んだんだ！
1	RT @Copy__writing: 一般的に飲料は売上の5%を宣伝費に投じ差別化とイメージを認知させようとするが、レッドブルは常に売上の25%を宣伝に使いこのため内部に研究開発など持たず「おしゃれで身近に感じられる広告さえ打てば人間は何でも騙されて買う」事に信念を持って事業を…
0	メモ 上野 大統領 モツ いつか行く
1	明日は会社から80km運転。早く寝ないと死ねる。
0	@Hushdpotato うんこたれ蔵 http://t.co/OYmmNh1s6H
0	@Hushdpotato http://t.co/b8HduyI1aA
0	@Hushdpotato http://t.co/Sc7louu72E
0	@pyonpyoon 飲み行こー
0	RT @mouse_bot: ハハッ♪見逃してあげたいけど君はいくら出すのかなぁ？
0	@pyonpyoon 僕はいつでも暇よ＼(^o^)／
0	@Hushdpotato ふ、ふ、風俗嬢に///
0	@Hushdpotato http://t.co/Gqf2Mq2haV
1	１番仲の良いランキング 1位@Hushdpotato 2位@s_h__k___ 3位@GEKKOU2  →　http://t.co/0T8DGopEY2  あなたもチェック♫ http://t.co/htIzsjwJSh
0	あなたのツイッター歴は 【1267日】 でした。  →　http://t.co/3cJnIe0VIG  みんなもチェック♫ http://t.co/kX51Y7YF1d
0	テル速 : 入生田のファミマに香川真司が来店、「防犯カメラ」の画像をツイッターに投稿し炎上！　神奈川大学理学部化学科B組、森下壮馬くん人生終了か http://t.co/TBReOwdi87
1	VIPPER速報 : 【ぽこ×たて】絶対にイカせる男(タクヤ) vs 絶対にイカない男(沢井亮)の対決が面白すぎるｗｗｗｗｗｗｗｗｗｗ http://t.co/AeRZr6zowI
0	RT @ynu_is_kuso: 散髪屋の兄ちゃんに「いやぁ、横国の学祭はもう行かないかな。眞鍋かをり来なかったし。」とか言われたから横国はクソ
0	RT @ynu_is_kuso: 大学名聞かれて答えた時の反応がｗｗｗｗｗｗｗｗｗｗイマイチｗｗｗｗｗｗｗｗｗｗｗｗｗｗｗｗｗｗｗｗｗｗｗｗ当たり前体操ｗｗｗｗｗｗｗｗｗｗｗｗｗｗｗｗｗｗｗｗｗｗｗｗｗｗｗｗｗｗｗｗｗ
1	へぇ、閉店するのか。1回しか行ったことないけど。「シーガルにメッセージを送ろう」7月31日まで受け...｜横浜国立大学生活協同組合［スマートフォン］ http://t.co/YPL4RsuvhT
0	曽我部恵一BAND「魔法のバスに乗って」【Official Music Video】 http://t.co/7BG5rikM6a @youtubeさんから
0	@Hushdpotato 僕が手取り、足取り…鳥取。
-1	@s_h__k___ 無駄に絡みにいきやすいランキングだと思ってる＼(^o^)／
0	@yukichi_ouo 紹介してください！
0	RT @NEWS_0: 若手社員は東浩紀氏を反面教師にすべきである（ライフハック現代） - きまぐれの羅淫 http://t.co/t1AShQEDLk
1	@Hushdpotato 袖麺。だめだ、朝から面白いことが浮かばない。
0	@Perorine てっきりたいしさんかと…年も同じだし←
0	行くぜ、東京！
0	スーパードライ飲んでる横でプレモル飲まれたこの負けた感。
1	いや、ちゃうねん、スーパードライが好きなだけやねん。めっちゃすっきゃねん。
0	@pyonpyoon な、なんだとっ？！
1	8月27日発売。コーヒーにオレンジ？と思うけど、美味しい。 http://t.co/GjyYjXYxty
0	@yukichi_ouo @mananya52 ぼくも行きたいまなたん、
0	@maichaman 大由代
0	@mananya52 @yukichi_ouo ゆきたんごちそうさま（＾ω＾）
0	@riichun1030 @yukichi_ouo @mananya52 みんなまとめてかかってこい！
0	飲み会からのカラオケからの寿司なう。
-1	RT @allabout_news: おぉ(ﾟﾛﾟ屮)屮　彼氏・彼女「いない歴」が長い人は、トキメキ感度が低くなるそう！その理由とは？ http://t.co/eJbfOcQ0vY #恋愛
0	RT @BAKARHYTHM: 13時入りなのでどこかで時間をつぶす。とりあえずちょっと雨やめて。名古屋のそっち関係の人。
1	さっきから全部の信号に引っかかってる。日頃の行いが良すぎる。
-1	@Hushdpotato 最近金城さんと絡んでないので、無駄に絡みに来ました。
0	@Hushdpotato http://t.co/j8XeDigv6V
0	RT @denpanohikari: ももいろクローバーＺとかその衣装はふざけてんのかよと思ったけど考えてみれば高見沢俊彦の衣装のほうがふざけてた。
0	小池徹平の劣化感。
1	RT @denpanohikari: で、でた～ｗｗｗｗｗｗｗｗｗｗｗｗｗｗｗｗｗｗｗｗｗｗｗｗｗｗどんなときも　どんなときも　僕が僕らしくあるために　好きなものは好きと言える気持ち　抱きしめてた奴～ｗｗｗｗｗｗｗｗｗｗｗｗｗｗｗｗｗｗ
1	RT @denpanohikari: 【速報】番組の途中ですが玉置浩二が完全に発狂したようです。
0	@Hushdpotato きゃ///
0	@Hushdpotato 僕の三尺玉
1	鈴木杏樹きれいだなぁ。
1	RT @zozojp: ヱヴァンゲリオンとキティちゃんの異色コラボ☆Tシャツ 第一印象、キティちゃん。よ～く見るとエヴァンゲリオンが！！ 探してみてください｜ω・） ⇒[ http://t.co/tPmP5bCSwK ] http://t.co/7lxlGonAJB
0	@Hushdpotato http://t.co/ZVM8xMR1fw
0	結構揺れてる
0	RT @itmedia_news: 「バルスで世界記録更新、秒間5万8475ツイート」と出所不明の情報拡散　Twitter「当社が発表したものではなく、推定値とも違う」　http://t.co/pUcsSl8wMi
0	@Hushdpotato きゃ///
0	間違い探し。 http://t.co/tXYWb8xWq0
0	答え。 http://t.co/FrduhdiIdm
0	@s_h__k___ いぇい、めっちゃホリデー。
0	仰天ニュースに！小中の同級生！アナウンサー！
0	@Hushdpotato http://t.co/dEXdUT5S7g
0	@Hushdpotato http://t.co/NrcjXDuSuv
0	@Hushdpotato http://t.co/i42Mke757b
0	@Hushdpotato おかえりなさい。
0	@unit07 僕の代わりに働いて＼(^o^)／
0	@pyonpyoon iPad買ったけど、まったく使ってない＼(^o^)／
1	@pyonpyoon 使う目的があれば良いかもだけど、俺みたいにとりあえず買うと後悔する＼(^o^)／
0	日焼けがヤバイ。イタい。動けない。
-1	RT @takashikiso: しょうもな。「苦情言ったモン勝ち」みたいなこの社会状況は、もはや不変なのかなぁ。  RT: 映画「風立ちぬ」でのタバコの扱いについて（要望） http://t.co/KOtYqCmXte
0	@timo_timo221 噂の三頭身？
0	2ch日和 : 【フジ】今日のめちゃイケで重大発表があるらしい　（内容は急きょ総集編） http://t.co/wYPV5bomkz
0	@maichaman くれ
0	RT @f_masuo: えぇ!? ９月中旬から ヱヴァンゲリヲンＱの一番くじがﾛｰｿﾝ､ﾌｧﾐﾘｰﾏｰﾄ､ｻｰｸﾙK･ｻﾝｸｽで発売されるのかい!?
0	あれ、この弁当、しおりんが入ってるって聞いたんですけど… http://t.co/8if1eTWDyq
0	@Hushdpotato いろんな意味でごちそうさまでした。
0	@Hushdpotato しおりん、食いしん坊なだけあって…///
0	@Hushdpotato あーりん弁当出ないかなぁ〜
1	サークルKサンクス、ドルチェシリーズ、期間限定、とろけるバナナプリン、美味い。
-1	@Hushdpotato ハンバーグまずい(´Д` )
0	@Hushdpotato しおりん入ってました？
0	明日は有給♥
0	スナックで知らないおっさんと仲良くなり、ビールごちそうになったなう。 今日は月曜日です。
0	@Hushdpotato そのようなことを朝の超忙しいコンビニのレジ前でツイートするなんて…
0	@Hushdpotato そそそそそんなこと、わわわわわかってて言ったもんね((((；ﾟДﾟ)))))))
0	@ayakaaaa713 @s_h__k___ なんか見たことあると思ったら俺か
0	@mananya52 @Hushdpotato これ、なぁに？？
-1	@Hushdpotato @mananya52 どこで買えるんですかっ？！どこで！！
0	@Hushdpotato @mananya52 ファミマなかったです((((；ﾟДﾟ)))))))
-1	@_taparazzi 大垣、定員オーバーで申し込めなかった((((；ﾟДﾟ)))))))
0	@_taparazzi 笑。
0	@Hushdpotato @mananya52 明日仕事中にローソン巡りします。
0	@Hushdpotato @mananya52 ひょっとして僕は西日本エリアですか？！ http://t.co/nVNBEXncAh
0	洪水なう。 エンジンかからない車多数。 http://t.co/OeHG9VvWJy
1	RT @aming_1128: この女の子可愛いすぎワロタｗｗｗｗｗ http://t.co/rNB4vbWfIT #MT2
0	ついにドコモもiPhone売るのか。
1	ユネッサン懐かしい。
0	@Hushdpotato ビックリさせてすみません。お金が有り余っていたので打ち上げてみました。
0	@Hushdpotato http://t.co/J24OEETnsk
0	http://t.co/kFBYUiVYSf
0	@Perorine もう行列が。 http://t.co/HOI3xreDAY
1	RT @Copy__writing: 注文の多い料理店―就活編｜Colorless Green Ideas http://t.co/BCtvKyUyVP
0	@ayakaaaa713 松原以外が行ったら、ただの時計になっちゃうね。
0	@pyonpyoon そんなことよりあの問題がどうなったか気になる
0	いくぜ、京都。
0	RT @f_masuo: えぇ!? ロンドンブーツ１号２号の 田村淳さんが電撃結婚かい!?
0	RT @f_masuo: えぇ!? 今年のじゃんけん大会の優勝者はSKE48エース松井珠理奈ちゃん、去年は、エース候補ぱるる、おととしは、まりこ様、さらにその前はよくわからんブスなのかい!?
0	N700じゃなくてコンセントがない
0	@Hushdpotato ライン無視…
0	ITmedia News スマート - 「激おこ」だけじゃない――iOS 7の“意外な変換候補” http://t.co/6drSvwgpEd
0	新規2件ゲットォォオオオオオオ！！！
0	そういえば今日、Googleのストリートビュー撮影の車見た。初めて見た。
0	@Mom0pi そうだよー。緑市民病院の近く＼(^o^)／
0	@miho842 ((((；ﾟДﾟ)))))))
0	ストイコビッチ退任((((；ﾟДﾟ)))))))
0	@miho842 novaではないけど、教育人間科学部卒です。
0	凱旋門賞は明日の朝結果を見ることにしよう。寝る！
0	RT @allabout_news: ももクロを上回る超絶アクション！ 名古屋発の「アスリート系リアルアイドル」WELOVE。スゴ技を武器にする彼女たちに注目してみました。 http://t.co/4bS9B2fJHM #アイドル #welove #ももクロ
1	ガッキーかわいい。
0	RT @v_0809_smile: ガッキーはいつも天使 http://t.co/kkHxdihq1V
0	@pyonpyoon 僕が登場したら出演料もらうからね！
-1	さっきからFacebookで変な友人申請が止まらない。
0	合計30,000名様にBOSS無料クーポンプレゼント!!第1弾10月8日（火）～10月20日（日）まで！第2弾10月22日（火）～11月3日（日）まで！http://t.co/c12HIo0DfZ #ボスローソンキャンペーン http://t.co/Mohsiq6kAY
0	@s_h__k___ @ayakaaaa713 僕はいつでも空いてる。
0	綺麗な女の人が携帯見ながら笑ってる
0	そしてあくびした。
0	風やばい
0	@yuri_san827 食べたい！
0	@yuri_san827 僕はいつでも行けます。
1	@yuri_san827 一緒に行って頂いてもいいわよ
0	@Hushdpotato きゃ///
0	@Hushdpotato ポップコーン食べたかったなぁ。
0	@Hushdpotato ビール恋人だと思ってました。
0	@Hushdpotato ちょっとよく分からないです。
0	@yuri_san827 世間が認めるなら毎日サンダル履きたい。
1	安定の18時前退社＼(^o^)／
1	いいとも終わるのか
0	@pyonpyoon 豊橋〜名古屋は動いて…いや、なんでもない。
0	見ないという選択肢はない。#tokaitv #tv_bing
0	@ayakaaaa713 @s_h__k___ 僕は覚えてる
0	@Perorine 先生、1は素数に入りますか？
0	@Perorine 先生、意味がわかりません！
0	@nontonsuke 駒込と言えばデニーズ。デニーズと言えば駒込。
0	@nontonsuke 実はなぁ、うちなぁ、駒込出身やねん、
0	@nontonsuke ウソやねん。
0	@nontonsuke どこに引っ越すの？？
0	@nontonsuke お邪魔しまーす❤️
0	@nontonsuke タイに飛ばされる可能性あるけど、その前に辞めてやる＼(^o^)／
0	@s_h__k___ @ayakaaaa713 きゃ///
0	@s_h__k___ 申請した証拠残しといて、支払いがなければ勝てる！
0	やっぱり決まっていた！本田圭佑、１月にACミランへ - NAVER まとめ http://t.co/TEOEhQjdu8
0	下痢が止まらない。
0	下痢が止まらない。
0	@Hushdpotato かれこれ40時間…
0	@Hushdpotato きゃ///
0	いやいやいやいや、火曜日どうした。 http://t.co/hfLGnxUsU7
0	[食べログ] 鳥孝 http://t.co/JolGvaFXkL
0	[食べログ] 渡り烏 http://t.co/QMpuTnGCDM
0	@maichaman 若者よ、ダオるとは、語尾に「だお」を付けることかね？
0	@ayakaaaa713 @maichaman 僕は松原と横浜いきたいよ˞͛꒰๑ऀ •̆ꈊ͒ू•̆๑ऀ꒱
0	ついに西日本でも！ http://t.co/zTZU2imurp
0	@Hushdpotato 途中経過 http://t.co/yQddgXdcE6
0	@Hushdpotato てか1コ100円て！！
0	@Hushdpotato http://t.co/zazJTkaqaU
0	クヒオ大佐
0	@1ady_gaqa 今BSで観てます＼(^o^)／
-1	寒いだけでもトイレ近くなるのに、寒くてコーヒー飲むから余計近くなる。もうトイレが近づいてこい！
1	@kaori_meow280 お気に入り登録してもいいんだよ＼(^o^)／
0	余裕の18時前退社。打ちっ放し行ってくる。
0	@Hushdpotato 金城さん、12月の土曜で暇な日あります？
0	@Hushdpotato ＼(^o^)／ http://t.co/tNiRfGjBti
0	@Hushdpotato http://t.co/OjSBQX86ra
0	@Hushdpotato http://t.co/oE08kcpAPO
0	RT @f_masuo: えぇ!? アンガールズの山根が結婚したのかい!?
0	RT @fashionpressnet: 【今週の話題】本場ベルギーのフレンチフライ専門店「アンド・ザ・フリット」が広尾にオープン http://t.co/bBwk8xR6XH @fashionpressnet http://t.co/9B7O9lhXHM
0	なんか当たったみたい。まぁ飲んでくれや！ @kaori_meow280さんにGRAND KIRIN THE AROMAを贈りました。 #BEERtofriends http://t.co/JTNFFkvRk8 http://t.co/0uo2BPIhNY
1	風がめっちゃ強い
0	@kaori_meow280 セブンイレブンで引き換えてちょんまげ。
0	RT @Copy__writing: 大学にアヒルボートを浮かべた学生と職員の尋問 http://t.co/4fSuqIdPIj
0	雨が降ったり止んだりラジバ(ry
0	@maichaman あ？
0	@maichaman  あ？
0	@maichaman あ？やっちゃうぞ！
0	@maichaman http://t.co/AbwHnfDiBQ  どうぞ。
0	@maichaman 関内で行けや！
0	@maichaman 僕は犬田代と行きたいけどね。
1	@Hushdpotato 僕も好きだよ。
0	広瀬未花（ひろせ みか）さん【CM美女】モデル - NAVER まとめ http://t.co/meQ8eNfGiu
0	RT @nikkeionline: こたつのある本屋の魔法　つなぎの場が消費生む http://t.co/9SvOhhNJbT
-1	隣のババァの香水がきつい。二日酔いにはきつい。吐きそう＼(^o^)／
0	楽天大感謝祭 スーパースロット開催中 [楽天] http://t.co/zRBtyJnaYg http://t.co/Ztl14zHFC4
0	@yuri_san827 ごちそうさまです！
1	miwaかわいい
0	絶対あーりん太った。
0	やっぱりな。 http://t.co/UVdg82M8pj
0	@Hushdpotato ちょっとフットサルやってくる
0	@Hushdpotato ちょっと日本語おかしいので、セーフということですね？
0	いくぜ、横浜。
0	【総額240万円】相当当たる！※誰でも参加可 #学生優待プログラムAmazonStudent  の「クリスマスプレゼント＆お年玉キャンペーン」エントリーはこちら⇒ http://t.co/gKnhpcKkWQ
0	@Hushdpotato 金城、アウト〜
0	RT @nikkeionline: 大島さんＡＫＢ48卒業へ　紅白のステージ上で発表 http://t.co/WUJXGoGns3
0	あけおめ！
0	@Hushdpotato あけましておめでとうこざいます。マリノスおめでとうございます。今年もよろしくお願いします。
1	うー、今日は気持ち良く酔っ払った。 卒業以来会ってなかったけど、みんな変わってない。でも意外と7年前の記憶はない。
-1	9連休だったと思うからダメなんだな。9連休はなかったことにして今日から頑張ろう。
1	へぇ、47都道府県で男性の方が多いのは埼玉、神奈川、愛知だけ。すでに2県制覇。あと埼玉に住んだら僕はもう男好(ry
0	あーりん骨折だと。
1	RT @Ero_Rhythm_Bot: 下北沢などでよくみる首から一眼レフをぶらさげている女は逆にハメ撮りNG
0	@Three_Cars_N E＼(^o^)／
0	@Three_Cars_N @mananya52 Eで間違いないと思ったのに…
0	Twitterのこの絵シリーズwwwwwwww : ゴールデンタイムズ http://t.co/2WjJXVdbuc
0	週の頭から泡盛とか飲んだらもう…。今週は長くなりそうだ。
0	久しぶりにwebテスト受けたらもうわけわかめ。
0	転職活動一日目にして内定ゲット。
0	@Hushdpotato 渋谷駅徒歩5分＼(^o^)／
0	@Hushdpotato 東横線沿線で考えてます＼(^o^)／
0	@kotfoy 何系受けてるの？？
0	内定させていたしました。 http://t.co/0keFr92mGU
0	@Mom0pi うん＼(^o^)／今の仕事にまったくやりがい感じなくて、少なくとも2年は続けようと思ってやってきたけど、やっぱりモチベーション上がんなかったから転職することにした＼(^o^)／
0	@pon_sukusuku 肩書きはなくなったけど、転職先が広告業界っていう響きがステキでしょ？？＼(^o^)／
0	@pon_sukusuku エセ商社より給料も魅力的＼(^o^)／
0	@riichun1030 え！転職ですよ！！
0	@yuri_san827 ありがとう＼(^o^)／
0	@nontonsuke ありがとう＼(^o^)／ 渋谷駅徒歩5分＼(^o^)／
0	@kotfoy このツイートを見て知ったショックは計り知れない。
0	@maichaman トリートメントモデルしませんか？
0	@maichaman 今名古屋です。
-1	@s_h__k___ やりたいとか卑猥
0	牛肉の関税が焦点になってるから、それを避けて寿司にしたのかって、この記者にはセンスを感じる。
0	@s_h__k___ お久しぶりね。7月から東京勤務だからまた会える日を楽しみにしてます♥️
1	@s_h__k___ 会社にわがまま言ったら東京支店に異動＼(^o^)／良い意味でね＼(^o^)／
-1	少し卑猥な飲み屋の女の子から言われた言葉  「ちょっとイケメンだからって調子に乗ってる」  これを最高の褒め言葉と捉えた僕は、その子にお酒を奢るのであった。
1	@Hushdpotato フレッシュレモンになりたいの〜
0	@Hushdpotato LINE送ったので、暇な時にでも…
0	電車でドア付近に立ってるけど、ドア開くたび暑い。
0	@keisukesugimotu ピーター！今度飲みに行こー＼(^o^)／
-1	ビールやら貝に溜まった汁をズボンやら靴にこぼされて生臭い。
-1	無駄な一服のせいで湘南新宿ライン乗れず、京浜東北で。横浜遠い。
0	テラスハウス、9月で放送終了だとっ？！
0	今日は久しぶりに渋谷まで繰り出そう。
0	代ゼミ、27校中20校閉鎖とは…。
0	そして、ようやく僕の夏休みがやってきた。
0	名古屋暑い。
0	RT @sugayatetsuya: 2人に俺は見えてなかったみたい。  #ダイキ#セイナ ＃テラスハウス
1	@riichun1030 @Hushdpotato 私も早く会いたいです
0	@karensaaan1 どうも、パパです。
1	@karensaaan1 187で良ければ
0	入社3年目にして初めてこんな時間まで会社にいた(*☻-☻*)
0	@Hushdpotato @mananya52 どこですかー！
0	@Hushdpotato @mananya52 えー、昔はよく一緒に杯を交わした仲じゃないですかー
0	@Hushdpotato @mananya52 絶対に、絶対に突きとめてやるんだから！
0	RT @Copy__writing: 東京でしかできない88のこと http://t.co/XETzrUlBjC http://t.co/Emj0E3rhdu
0	@Hushdpotato まさか…
-1	@Hushdpotato 寂しくなりますぅ〜
0	@Hushdpotato 明日は遅番ですか？
0	@Hushdpotato あ、フジテレビにももクロ。
0	@Hushdpotato あーりんがますます…
0	@Hushdpotato ますます僕の好みに…
0	@Hushdpotato きょぬーは世界を救う！
0	@Hushdpotato それはさておき、金城さん、結婚されたんですか？
0	@Hushdpotato いやいや！初耳です！
0	@Hushdpotato 燃えますね。
1	@Hushdpotato 引っ越しましょう。いい団地、紹介しますね。
-1	@Hushdpotato 奥さん！諦めたらダメです！一緒に頑張りましょう！
0	@Hushdpotato 団地に住むまでこっちがブロックしてやりますよ！
1	@Hushdpotato 優香かわいい
0	@Hushdpotato まじかよ！
0	@Hushdpotato 野呂佳代にかけて、まじかよ、と、言いたかっただけです。
0	@karensaaan1 ズッコーん
0	@kotfoy さとこちゃん(3歳)に癒された長田ちゃん(年齢不詳)に癒された土曜の夜。
0	@kotfoy 久しぶり記念に、飲みに行こう！
0	@kotfoy 僕はいつもみんなの心の(ry 東京で働いてますよ＼(^o^)／
0	@karensaaan1 😴😴
0	腹減った。今からアンパン食べるか悩む。
-1	今日、商談中、めっちゃ腹痛くて会話の8割頭に入ってない。
0	@ayakaaaa713 @mananya52 私も行きますー
0	3月17日(火)発売！サントリー「ザ･プレミアム・モルツ マスターズドリーム 2本セット」が発売前に当たる！2月23日(月)まで実施中！ http://t.co/A8i8MENjpF http://t.co/V9Sysav8bx
-1	選ばれてNo.1*！シック ハイドロ5が1,000名に当たるキャンペーンに応募しよう → http://t.co/jmXE20ymYI #schick_h5cp *インテージSRI調べ 男性用カミソリ内ホルダー市場 2011年12月～2014年11月 ブランド別累計販売金額
1	ニカさんかわいい。
0	http://t.co/Ut5XUM9rep @youtubeさんから
0	今月はすでに前年も予算も達成したから、あとはいかに来月以降の貯金を作れるか。
0	ストⅡやりたい
0	@kotfoy おかわり！
1	@yuri_san827 いいね！
0	RT @kaisinnot: トイレでタバコ吸うんじゃねーよ喫煙所でうんこすんぞ
0	@Hushdpotato 久しぶりのリプライ
0	@Hushdpotato 東京の上の方です。でも都内です。団地じゃなくてごめんなさい。
0	@Hushdpotato 団地妻シリーズ…
0	@Hushdpotato じゃあ単発物で…
0	http://t.co/QTfFgCCYNz @youtubeさんから
1	RT @kaisinnot: 男子は女の子に 「どうかしたの？」 とか 「大丈夫？」 　 って言われるより 　 「おっぱい？」 とか 「おっぱい揉む？」 って言われる方が嬉しいってことに気付いてない女子多すぎだと思う。
1	人生初のインフルエンザでずっと家にいる。医者も驚くほど元気＼(^o^)／
1	RT @mkz0105: 今夜のゴッドタンは 「第8回 オオギリッシュNIGHT！！」 パネラーはおぎやはぎ、劇団ひとり、バナナマン、バカリズム、野性爆弾川島。ゲストに小島みなみさん！ そして、あの会社のあの社員さんがまさかのカタチで登場！  今宵も心地よいエロ大喜利をお楽しみ…
0	スマホの画面が回って見える。飲みすぎたかもしれない。そんな明日はゴルフ。
0	つまり、サラリーマンなめんなよって話。
0	高崎線に乗らなければいけないのに、宇都宮線に乗ってしまった。 結果、大宮まで戻って一駅だけ新幹線。 結局、アポには間に合わない。
0	キャバ嬢から、不労所得を得るために協力して欲しいと持ち掛けられた。もう二度と行かないんだから。
-1	小•中同じだった同級生が、アナウンサーとしてこんだけテレビ出てるとなんか変な感じ
0	@azu329 日テレ！仰天ニュースとか！
1	@ayakaaaa713 ビルの屋上から、でなく、階段から、で良かったと思う。そう、それがボジティブシンキング。
0	ラーメン食べて帰ろう
0	月曜から夜ふかし、名古屋の都市伝説として、修学旅行でディズニー出禁。
0	ライ○ップはじめ、糖質制限してるって聞くと、痩せるまで苦労して、痩せた後も苦労することを知ってるのか疑問に思う。糖質の摂り方の問題であって、ゼロにする必要はないし、そもそも脳のエネルギー源であるブドウ糖はどうするのか。
1	ファミマでパン買うとTポイント＋20ポイント。どうせ毎日のように買うんだから賞味期限＋1日分購入が良いと思う。賞味期限1日過ぎたぐらいじゃ何てことない。
0	@karensaaan1 さて、引っ越すかな
0	@kotfoy 食中毒で3週間お腹ピーピーな社会人生活送ってます〜
0	@kotfoy 長田ちゃんが飲みに行ってくれたら治ると思う！きっと、きっとね！
1	RT @Ero_Rhythm_Bot: どんなにエロかわいくても自分の彼女じゃないから不合格（RN おもてなしお）
1	RT @Ero_Rhythm_Bot: 高校の時に友達同士でＡＶの貸し借りをするのはお互いの事を理解する上では社会人の名刺交換より効率がいい（RN 晴れ時々土下座）
0	RT @kaisinnot: はいはいそうだね「あ～久々に〇〇メンで集まって飲んで語りたい。〇〇メンでしかできない話いっぱいありすぎ！まぢ〇〇メンの存在に感謝だゎ！ぅちらのキャラの濃さまぢハンパないからww」なんだよねはいはい
-1	RT @kaisinnot: 彼氏のことダァ?とかいうやつなんなの？京急なの？
0	@kotfoy 6月の予定はすべて空けておきます
0	@kotfoy あれ？いま入社一年目？
0	@kotfoy 有給って、入社半年後からだよね？
0	@kotfoy ググレカ…いや、 http://t.co/usPKLndxyL
0	@kotfoy 超絶ホワイト…じゃあ、いつ有給使ってデートする？
0	家から駅までの約500m、駅周辺含め、セブン×2、ファミマ×2、サンクス×1、100円ローソン×1。 普通のローソンが欲しい。誰か経営して。
0	@ayakaaaa713 @nontonsuke 僕はまだ独身だよ
0	自分の人生の倍以上生きてる方×3人との飲みは疲れる。
1	新橋で、めざましテレビのインタビュー受けた。
0	@ayakaaaa713 今日( ^ω^ )見てないけど( ^ω^ )
0	@ayakaaaa713 動画探した結果、バッチリカットされてたよ( ^ω^ )
0	ディズニー行きたい
0	RT @allabout_news: シャリシャリと氷をかく音も涼しげ、都内のオススメ氷屋さん・10選 http://t.co/WyS9bwY0NT http://t.co/vAF5uPoCp2
0	@takatsunaomi_sb 命題「休みの日は昼ビール」逆「昼ビールは休みの日」裏「平日は昼ビーらない」対偶「昼ビーらないのは平日」
-1	RT @kaisinnot: トイレの個室ノックしたら「入りたまえ」って言われたんだけどあの時は怖かった
0	ただの飲み友達、からの卒業。
1	@riichun1030 ˉ̞̭ ⚈๊͈͡ ◡ु͐⚈๊͈͡ ˄̻ ̊ それはおいといて、近いうち、パンツ買いに行く！
1	3日連続飲み、明日は休肝日、からの金曜は取引先と、サラリーマンは無敵。
1	@unit07 ななちゃんかわいいよハァハァ
0	今からいい大人50人くらいでドッジボール
0	@pyonpyoon 日本人はフィルターを通して物を見たがるとはこのことか！
0	沖縄行ってくる http://t.co/pMqXQBVm4Z
1	@yuri_san827 いや！俺のがかわいいだろっ！
0	釜とらよ、玄関の中までガッツリ入ってきたデリバリーは初めてだよ。ワリトマジデ。
0	RT @nabochanman66: なあぼうが恋仲を実況した結果 http://t.co/0Seb2eVMpm
0	RT @teokun711: サマーウォーズ🎉#金曜ロードショー http://t.co/J6nbVNDqX5
0	@_U1nk_ 囧rz
0	@mananya52 僕も行きたい
-1	RT @kaisinnot: 馬鹿な商人「こっち、スゲェ矛。こっち、ヤベェ盾。」 馬鹿な客「カッケェ～！じゃあさ、そのスゲェ矛でヤベェ盾突いたらどうなるんスか？」 馬鹿な商人「パネェ」
0	( ^ω^ ) #ザモルツUMAMI実感 http://t.co/Onx5vbj3CJ
0	( ^ω^ )( ^ω^ )((((；ﾟДﾟ))))))) #ボス #レボマン #ご当地レボマン http://t.co/za38fAX7Fs http://t.co/Eob89CF936
0	((((；ﾟДﾟ))))))) #ボス #レボマン #ご当地レボマン http://t.co/za38fAX7Fs http://t.co/910Y4dKw4S
0	https://t.co/Ow2l0o71cp youtubeより
0	焼肉食べたい
0	ひまだーと思いながら仕方なく引越しの荷造りしてたらこんな時間。
0	@pyonpyoon え、え、え、え… おめでとう＼(^o^)／
0	プロポーズしてくる。
0	値上げか。 https://t.co/9UteaQcVAc
0	@05_Haru うそ♡すてき♡
0	RT @Yahoo_JAPAN_PR: 【きょう3月11日は、Yahoo! JAPANで「3.11」を検索】https://t.co/28Wnmq19Re　震災から5年。「3.11」を検索すると、おひとりにつき10円が復興支援のために寄付されます。#検索は応援になる https…
0	@05_Haru https://t.co/EgNk1rEMGy
0	@05_Haru 時事問題
0	いつもの喫茶店でモーニングしようと思ったら、SKEの撮影か何かで通行止めをくらった。 https://t.co/ZoDaROhFKa
0	親への挨拶完了！あとは顔合わせ！
-1	@05_Haru https://t.co/IWdND4gC7V ここじゃダメですか？
0	う◯こ ― #私のスッキリ方法 #ビフィズス菌BifiX #グリコ https://t.co/OAwOyHyD5r
0	@05_Haru さんにBifiX1000のクーポンを贈りました。#Gratzギフト https://t.co/6CE4CORo3s https://t.co/iyp00TBq8M
-1	#あなたのファーストアルバム収録曲 ・レボマンの恋 ・検索で伝わる君の思い ・賞味期限に頼る弱い僕 ・ビフィズス菌ウェディング ・ご当地の月 ・ビールが弾けたなら ・サラリーマン砂漠 ・フライング結果 ・千年の馬鹿 ・ハ… https://t.co/IfI3FrSLoy
0	@05_Haru あと3ヶ月弱…
-1	@05_Haru これまでいた時間より短い＼(^o^)／
1	駆けつけ1杯…ではなく、昨日の終電で東京へ。離れてるとこで不便なことはあるけど、だからこそ学べることもあると思う。今はその時間を大切にしたい。 たまには真面目に語ったけど、つまり、楽しかったお＼(^o^)／ https://t.co/41o1ffwCqN
0	そして、今日をもって禁煙します。わりとマジで。
0	@05_Haru デ◯
0	@05_Haru 笑
0	@05_Haru 行ってらっしゃい( ^ω^ )
0	@05_Haru デコひろし。ポーツマス！ポーツマス！
0	新橋のゆりかもめ改札近くで、外国人観光客から東京テレポートに行きたいと道を聞かれたのだが、お台場海浜公園から歩けと答えたのは正解だったのだろうか。
0	そもそも、英語は出来ないって断ったのに、ちょっとはイケるでしょ？イケるでしょ？的な感じで拒否権はなかった。
-1	RT @ja_4033: そのBGMあてるのは卑怯やわw https://t.co/G78pqY37PI
0	@05_Haru 生きろ
1	@05_Haru よかったねー！新居お邪魔させてね！
1	@05_Haru 彼（ご主人）にもらったの？いいなぁ( ^ω^ )優しい彼で羨ましい！
1	@05_Haru セラミックパンは高温に強いみたい( ^ω^ )
0	@05_Haru よろしくお願い申し上げます。
0	@05_Haru ノーメイクで出歩けるなんて…私には出来ない(´Д` )
0	@iftomo29 逮捕の衝撃＼(^o^)／
0	@ayakaaaa713 ディカプリオだけど、いつ行く？
1	ふたりの夏のラブラブ相性診断結果発表♫ふたりの相性は80%でした！ #ひんやりあんず診断  夏にぴったりひんやりあんずもう試した？ https://t.co/gIoAx9Z6X1  Couplesより @AppCouples https://t.co/QOc8UGlTnz
0	電子レンジを新調。付属のレシピブックでさつま揚げを見て妻が一言。 「揚げてねぇじゃん」
0	@yuri_san827 向かい合うタイプの席座れない！ ※足が長いから
-1	RT @koshi__football: おれが今まで見てきた心霊映像で最強はこれだわ、最後までみると本当の怖さ伝わるからちゃんとみて https://t.co/c0T3KwPh4f
0	RT @maskot1977: 「諦めなければ夢は叶う」という大きな誤解にまつわる論理構造を整理し図解しました。よろしくご査収下さい。 https://t.co/Ua2TdlnHlN
1	鍵垢でも当たるのかなぁ【アサヒビール公式Twitter ボージョレ・ヌーヴォモニター募集キャンペーン】 @asahibeer_jpをフォローしてこのツイートをするだけ！ #アンリフェッシ https://t.co/BHr1ij3y2z
0	あと600日で30歳。
0	今これに乗ってる https://t.co/Vw3Z7tDX3i
0	直近で最もトランプってワードが言われた日だと思うからウノやろ。
0	@NestleVOC サイトにログイン出来ない！ビンゴ出来ない！
0	@NestleVOC メールアドレス入力後、パスワードを入力すると、ページが応答しません。となります。
0	@NestleVOC パスワード入力後、こんな感じです。 https://t.co/xJTVwPpd3O
0	@NestleVOC 朝から何度やっても同じ状況なのですが…
0	@NestleVOC 出来ました！ありがとうこざいました！
1	RT @asahiinryo_jp: ＼＼WONDA20周年記念／／ 日頃のご愛飲に感謝して、 ここでしか手に入らない特別なWONDAを抽選で10,000名様にプレゼント！  応募はアサヒ飲料公式アカウントをフォロー＆この投稿をRTするだけ！！ #WONDA20周年 https…
1	RT @PremiumMalts_jp: 3.14 新ザ・プレミアム・モルツ誕生！ @PremiumMalts_jpをフォロー＆この投稿をRT！溢れだす華やかな香りと深いコクを、発売前にぜひ！ https://t.co/B17wOTpur9 #発売前の新プレモルを愉しもう ht…
0	(☝︎ ՞ਊ ՞)☝︎ #果実感アップ #新ストロングゼロ https://t.co/COE55PDomj https://t.co/mrAAnXXp4w
0	(☝︎ ՞ਊ ՞)☝︎ #果実感アップ #新ストロングゼロ https://t.co/COE55PDomj https://t.co/SkN6RB1ry8
0	【愛知県からミニオン・パークでハチャメチャしたい宣言！】全国から先行招待が当たるキャンペーン実施中！ https://t.co/veWms8z4Cu #USJ #ハチャメチャしたい #愛知県
1	RT @spe24xa9: くれぐれも☆　　　　安全第一で　　　　　  #雪と働く仲間たちへ #おつかれ俺たち 今日もエメマンを飲みながらがんばっている仲間たちにメッセージを届けよう！プレゼントも当たる！ https://t.co/xIjMwOOTIm https://t.co…
0	(☝︎ ՞ਊ ՞)☝︎ https://t.co/skbmb43Jup #発売前の新プレモルを愉しもう #樽生先行発売中
0	(c" ತ,_ತ) https://t.co/skbmb43Jup #発売前の新プレモルを愉しもう #樽生先行発売中
0	(c" ತ,_ತ) https://t.co/skbmb43Jup #発売前の新プレモルを愉しもう #樽生先行発売中
0	これだから営業はやめられない！
0	空気の変化(↑春の訪れを感じる時を上書きしてください)  https://t.co/C7lodtu2qd #桜咲く春の金麦プレゼントキャンペーン #春と金麦と
0	(☝︎ ՞ਊ ՞)☝︎ #新しくなった伊右衛門 https://t.co/phC7zM0Fe7 https://t.co/76vWoqKeww
0	(c" ತ,_ತ) https://t.co/skbmb43Jup #発売前の新プレモルを愉しもう #樽生先行発売中
0	(☝︎ ՞ਊ ՞)☝︎ https://t.co/skbmb43Jup #発売前の新プレモルを愉しもう #樽生先行発売中
1	#USJ をまるごと全部体験して #熱狂スパイラル したい！【CMを見て、体験したいエリアやライドを選ぶだけで応募完了！“VIPな一日”当たる！】 #USJ 詳細は⇒ https://t.co/bwNtxD6Dle https://t.co/A7gYJyr1iA
0	#あなたを英語ペラペラにしてみた ハロー！イッツプレモル！プレモル！！アーハー？アイラブプレモル！オーライ！プレモル！レボマンアンドレボマン！…プレモル？オーイエー！イエァ！プレゼントキャンペーンッ！ https://t.co/fJYTIuwPao
1	RT @morinaga_milk_: ＼#レゴランドチケットが当たる／ レゴランド®・ジャパンへ10組40名様をご招待🎁  ▼応募方法 ①本アカウントをフォロー ②本投稿をRT  森永乳業はLEGOLAND® Japanのオフィシャルマーケティングパートナーです。 https…
0	RT @heineken_jp: 今日から28日間！当たりがすぐわかる「ビハインド・ザ・スター」キャンペーン。フォロー＆この投稿をリツイートで、毎日100名様にプレゼント！https://t.co/DZaOEg4WzT  #ハイネケン #192か国 #28日間 #新デザイン缶…
0	RT @heineken_jp: 4月9日まで！当たりがすぐわかる「ビハインド・ザ・スター」キャンペーン。フォロー＆この投稿をリツイートで、毎日100名様にプレゼント！https://t.co/B35YkhAFXv  #ハイネケン #192か国 #28日間 #新デザイン缶 #M…
0	#アサヒの工場見学 https://t.co/6ITQSEKxN0
0	RT @suntory: ＼意識高い系 #瀬良社長 👓／  朝のメッセージ👉  @suntoryをフォロー＆RTすると新商品 #朝ティー 🍋1ケースがその場で当たる！4/30まで毎日抽選！計2000名様🙌 https://t.co/RDKHH8mROM https://t.co…
1	RT @USJ_Official: 【RTするだけで応募完了！“VIPな一日”当たる】魔法界に壮大な光が輝くナイト・ショーで #ただただ幸せな魔法の一日を　ホグワーツ™城がプロジェクション・マッピングをまとい、ディメンター™が空高く舞う。 4/21～期間限定 https://t…
1	RT @USJ_Official: 【RTするだけで応募完了！“VIPな一日”当たる】 あなたの中の魔法が目覚める”ワンド・マジック”も、もっと特別に！あの裏通りでも、新たな魔法がかけられるように！さぁ、杖を振って #ただただ幸せな魔法の一日を 4/21～　https://t.…
0	NY https://t.co/Igy2KWjl2Y
0	RT @suntory: ＼✨RTキャンペーン👓✨／ 天然水からの新商品 #朝ティー 1ケースがその場で当たる🍋 4/30まで毎日抽選で計2,000名様！  @suntoryをフォロー＆意識高い系 #瀬良社長 朝のメッセージ👉をRT！ https://t.co/gYTRip3E…
0	@NestleVOC バリスタを使用しておりますが、アイスコーヒーを作るときにオススメの粉を教えてください。
1	RT @USJ_Official: 【フォロー＆RTするだけで #USJ の #ドリカム ライヴへ応募完了】6/25よりDREAMS COME TRUEと複数のコラボが発動！人気コースターのBGMに『大阪LOVER』搭載！更なるコラボはライヴ当日の6/25に発表！詳細⇒http…
0	RT @suntory: ＼その場で当たる✨あと2日／ BOSSレボマン『今月のブレンドシリーズ』No.4が6/6新発売☕️  フォロー&amp;RTで「レボマン」と「 #今月のレボマン 」飲み比べセットが当たる🎁 https://t.co/2KT2YkiK4c https://t.c…
1	RT @USJ_Official: 【フォロー＆RTするだけで応募完了！抽選で「先行体験」にご招待！】  CM先行公開！  悟空とともに、あの“かめはめ波”の爽快な達成感を全身で味わえ！  超絶たまんねぇ～！！  特設サイトは↓ https://t.co/DnQiZtU7CM…
0	RT @suntory: ＼ #ストゼロガチャでSSRをゲット せよ😤／  @suntory をフォロー ↓ このツイートをRT ↓ ガチャに挑戦✨  SSR「ビターライム」を召喚して、 ビターシリーズ3本セットを手に入れろ🎁 https://t.co/EkDMZgynap…
1	RT @asahibeer_jp: ＼平日毎日１０名様に当たる！／  #スーパードライ瞬冷辛口プレゼント ！締切は５／３０　午前９時５９分まで！ ① @asahibeer_jp をフォロー ②この投稿をリツイート 詳しくは⇒ https://t.co/RTUKfcwNLz ht…
1	RT @asahibeer_jp: ＼平日毎日１０名様に当たる！／ #ジャパンスペシャルプレゼント ！締切は５／３０　午前９時５９分まで！ ①@asahibeer_jp をフォロー ②この投稿をリツイート 詳しくは⇒ https://t.co/ariPIs9bcN https:…
1	RT @asahibeer_jp: ＼平日毎日１０名様に当たる！／ #ドライプレミアム豊醸プレゼント ！締切は５／３０　午前９時５９分まで！ ①@asahibeer_jp をフォロー ②この投稿をリツイート 詳しくは⇒ https://t.co/els4MVVVZo https…
1	RT @asahibeer_jp: ＼平日毎日１０名様に当たる！／ #ジャパンスペシャルプレゼント ！締切は５／３１　午前９時５９分まで！ ①@asahibeer_jp をフォロー ②この投稿をリツイート 詳しくは⇒ https://t.co/D8IFkWfhU1 https:…
