0	RT @goldnoregular: 新卒が3年以内に辞める理由はミスマッチではない - No Regular Life https://t.co/KwcxG8O6cE
0	今ならうら
0	フレットバターの波がここまで・・・笑
0	しかもギターやな🙄
-1	エクセルと見つめあってたら目が痛い・・・
-1	あと心もすこし痛い・・・
0	@nishimako_metal おつかれさまです https://t.co/w8hUEqn6Cj
0	@nishimako_metal う・・・
0	💎⬅さっちゃん（王の品格） ╔═╗ ║█║ ║█║ ║█║ ║▓║ ║▓║ ║▓║ ║▒║ ║▒║ ║▒║ ╚═╝  👸🏻お上品█ 😑普　通▓ 💩お下品▒  https://t.co/wh5MCFNUnT
0	#nowplaying D線上のトラジェディ - ナイトメア
0	やっぱツインギター最強バンド
0	#nowplaying 華談 - ナイトメア
0	#nowplaying Quints - ナイトメア
0	#nowplaying 赤触 - ナイトメア
0	#nowplaying rubbish - ナイトメア
0	ぞじさん声変わってるな。晩年(笑)のちょっとザラっとした声のがすきですね☺️
0	#nowplaying ジャイアニズム究 - ナイトメア
0	#nowplaying メルヘン☆ジャック - ライチ☆光クラブ https://t.co/tdvu39uaQW
0	この流れで聴くとたつおさんやっぱすごーてなるな...今年はあるんでしょうか...？
0	6/4は行くべきか...
0	指写真でヘラヘラするぐらいには飢餓感マックス
0	@Take_raurah 冴え渡ってますねwwww
1	@Take_raurah さすが！すごいいだ😁
0	@Take_raurah ヨッシャ💪😤w
-1	知らん番号から着信あって検索したら結婚相談所だそうです(評判はすこぶるわるい)。やかましわwてなりました☺️
1	@Take_raurah いいだつもわらうらわせていいだただきありがとうございます🙇‍♀️
0	@yahman_sst わがんね・・・テキトーかもしらんし・・・
0	「V系バンギャ」のもやっと感
0	@Take_raurah ご指導ありがとうございいだます！！
0	「ベビメタのモッシュッシュメイト」て言うてるようなもんやで
0	ちょっとちがうか🙄
0	@Take_raurah もう、とんちの域ですw
0	じゃにーずおっかけのじゃにおた 言うてるようなもんやで かな
1	@Take_raurah たのしいです😁
0	うんこCDみぃつけた！！
0	@Take_raurah あ、はい（いだ）。
-1	RT @feat16kakka: 富嶽三十六屁でおなじみ、葛飾屁臭です  きょうも屁が臭い
0	@deathi69 一緒にうんこ感をたのしみましょう😆
0	なんか老けたな(もちろんすき)
0	@deathi69 妄想力！
0	@deathi69 うんこがですか？w
0	@deathi69 うんこは変態やありまへん😭！w
0	#nowplaying The Crusade - Trivium https://t.co/qXy7XULV2u
1	@jibson666 完全にソレですね🤣
0	@deathi69 ちょっとなに言ってるかわかんないす...おはようございます！
0	@Take_raurah おはようございいだます😁本日もよろしくお願いいだします😁
0	@deathi69 ホッ😸
0	@nishimako_metal @deathi69 わたしは虹しか出ないんで・・・
0	RT @shibesbot: "I'm just gonna hide in here" https://t.co/u4TCdBSjlR
0	楽して生きることしか考えてないから、価値基準はめんどくさい or not だけです。
0	仕事の覚えがいいのは人に何回も聞くのがめんどくさいからだけです。
1	楽して生きるための努力は惜しまないという謎理論。笑
0	RT @mash1588: 突然ではありますが、Kappaのガジロウ君がやって来たので紹介させていただきます。発売日は5月26日の予定です。発売元 兵庫県 福崎町観光協会 https://t.co/DCG7xLxydR
0	ひるめっしゃ https://t.co/XFvTdpLTYJ
0	@RrWhisky  https://t.co/R0XqS0tfhi
1	@RrWhisky こんなにパッチリしてなかったですけど似てますｗおかげさまで大きくなりました～🍚🍚🍚
0	@RrWhisky ワーイワーイ https://t.co/vvWgPOGc5l
-1	本当に怖い思いをされていたら申し訳ないんだけど、お金出してきた人と強盗犯、グルっぽいよね・・・？
0	伊坂幸太郎なら警察を装ったワルが持っていくやつ
0	RT @trill_yukawa: 昨日、雑司が谷の旅猫雑貨店に行き、子どもの頃から名前だけ知ってた江戸玩具「ずぼんぼ」をついに入手！足のオモリにするシジミは、店主が身を呈して（お吸い物とかに使って）用意してくださり、おまけに付いてます！組み立てると…（つづく https://…
-1	RT @trill_yukawa: →  江戸玩具「ずぼんぼ」完成！こんなヘニャヘニャなのに自立する不思議…。で、遊び方は（つづく https://t.co/Lrzb4xF2Gs
0	RT @trill_yukawa: →  江戸玩具「ずぼんぼ」の遊び方。部屋の角などに置いて、団扇であおぎます。するとずぼんぼが歩いたり飛んだり後ずさりしたりするのです！この動き〜（笑） https://t.co/hdV4ZGMgWY
0	ソロはなま⚪︎るうどんでビールを飲んでしまう三十路
0	アラサーより三十路のほうがしっくりくる
0	癒し https://t.co/ZDN7yJDOM0
0	わたしもメロン買って帰ろ10月
0	@nishimako_metal ちょっと先ですね😝
0	@nishimako_metal あっちゅーまですよ😂
-1	あしたはおばあちゃんとこ行かなな。あとお土産買いに。ねむい🤣
0	RT @Newsweek_JAPAN: IS掃討作戦から生還したネコ　赤い糸で結ばれた第2の住処とは？ ――看板猫として迎え入れられた先はイスタンブールの出版社。その名前が・・・　 https://t.co/cxzOl9bO9A #ネコ #ISIS #シリア #トルコ http…
-1	寝すぎたためスケジュールをこなせるか不安です🛏️
0	ライズインリベリオン気になるわー
0	#nowplaying Introduction - SUICIDE ALI わくわく https://t.co/1DPNFL4tB1
0	ジモティやのに観光客対応されたw商店街たのC
0	@Take_raurah たのCEだ！
0	@Take_raurah 横文字で攻めました☺️
1	@Take_raurah お褒めにあずかり光栄いだです😁
0	@Take_raurah ええ、まぁ☺️テレテレ
0	OSAKE GA NUKENAI
0	@Take_raurah やり直しますか？w
0	@Take_raurah ゆいちゃん☺️
0	@Take_raurah www
0	ちくわちゃんのチェキはどなたの元へ？？
0	鼻ぺちゃ犬のオーナー、シャイ説
1	「うふふ...かわいい...かわいい...(ちっさい声で)」言いながらお互いの犬を触りあう怪現象。
0	RT @LIPHLICH: 【明日開催！】  『VLACK APRIL #1』 umeda TRAD(旧umeda AKASO) 開場:16:45/ 開演:17:30 当日:¥4,500  ※開催前日！ライカエジソン大阪店でのイベントより「三原色ダダ」を公開！  #VLACKA…
0	Rides In ReVellion『F.A.T.E.』 Live Movie https://t.co/vSlkcEmmEU
1	三原さんよかった☺️
0	RT @another_tokyo: 猫がキライすぎて、長篠の戦いみたいになってるマンションがありました https://t.co/9VTYFDCiCt
0	ディーンさま
-1	この世の不条理はどうやったって変えられないんだし、深く受け止めるほどしんどいだけ〜鼻ほじりながらフーンあっそでおわり〜
0	もちろん小指を使用してくださいね。
0	RT @k_r_r_l_l_: 王様ペンギンのあかちゃん https://t.co/HXjDetYOTK
1	オタクの朝は早い #IVACKEN
0	@GuysMetal おはようございます☺️
0	@deathi69 おぱようございます☺️テレテレ
0	@MasaSmoky おぱよぅございます☺️
0	@ras_metal @MasaSmoky さすがおっパイセン！
0	#nowplaying 行商人の絵画 - SUICIDE ALI https://t.co/SnQ56NqiJk
0	3週間ぐらい前に、ジャングル(行ったことないから想像)に降りる夢見たんですけど実際はサバンナ寄り？ #IVACKEN
0	三半規管にキタ。笑
0	すいません、このカードなんですか？ #ウノ部 #IVACKEN https://t.co/adYD1bswf1
0	#IVACKEN https://t.co/dSU0i79GKg
0	#IVACKEN https://t.co/28Bnq48zyF
0	オープン イエエエエエエ #IVACKEN https://t.co/HWTcoGzNqn
0	@futsal1014 なんかスキップらしいですwジェネレーションギャップ...
0	フ⚪︎⚪︎ク！！ #IVACKEN https://t.co/0xmMohHnCG
0	@meta_taro44 (しかもお手製ですってw)
0	ガスト #IVACKEN https://t.co/ffcNRieIvb
0	イケメン #IVACKEN https://t.co/kiyHRLuctr
0	#IVACKEN https://t.co/EIr8tRlJLl
1	ようじょと食べるお肉おいしいです🤤🤤🤤 #IVACKEN #MEATARAI https://t.co/No6StcAIyE
0	@ras_metal ふぅ...
0	@futsal1014 ふぅ...
0	@backdorock 待ってます！！！！
0	@nabenabek ふぅ...
0	かつおの藁(人形)焼き #IVACKEN https://t.co/a8W9Pydn2E
-1	な、なんかキラキラしたヤングがいっぱい乗ってきた...パッチリュック肩身狭し...
-1	わたしらも現場帰りこんな汗くさいん...？きょうは藁くさいとおもうけど...
1	めっちゃ寝た(深さ)😑
0	@MasaSmoky おぱようございます☺️イヴァッケンお疲れさまでした〜
0	モツニークルー #IVACKEN #メタル飯 https://t.co/45KWD3OQgf
0	ピンククリームなんとか #IVACKEN #メタル飯 https://t.co/czwD1F4ISN
0	缶でバル！CORPSE #IVACKEN #メタル飯 https://t.co/JVnpvprTjv
0	メロニックサイン #IVACKEN #MEATARAI https://t.co/MFiAZIuVDQ
0	ファイブフィンガーデステーキができるまで(アレを刺したら完成) #IVACKEN https://t.co/4Ib5T7PuKT
1	@MasaSmoky たのしかったデスね〜！第2回が待ち遠しい！
0	はじめてのジョセフィーヌ #IVACKEN https://t.co/B7VharEs0g
0	ジョセフィーヌ人気すぎ
0	ソサエティパッチ #IVACKEN https://t.co/y7knN5Ey3U
1	元気がなくなったらイヴァッケンタグ見よ
0	RT @nishiyandes: ツイッター https://t.co/KJEEaN98xP
0	両のふくらはぎめっちゃいたい。
1	@deathi69 こちらこそ、ありがとうございました！たのしかったですね🤤きょうはイヴァッケンDAY2ということでがんばりましょうｗ夜スタートの翌昼解散でも秘密結社感あってたのしそうですね～！ジョセフィーヌﾁｬｿの成長にも期待してます😚
0	@MasaSmoky やっぱりイヴァッケン由来のやつですねｗなんなんでしょうねコレｗ
0	@RrWhisky @deathi69 あーーーーーー！！！！！！！中身出ちゃってますし・・・😱
0	@RrWhisky @deathi69 中身を、ですか・・・？（震え）
0	@MasaSmoky @RrWhisky @deathi69 テロ…ｗ
0	@deathi69 @RrWhisky @MasaSmoky ジョセフィーヌめっちゃええ女説ですやん・・・😳
1	@deathi69 @RrWhisky @MasaSmoky お、お元気だァ…！！
1	プチDJ講座もよかったです。いつかやってみたいナ～ #IVACKEN
0	へんなビジュアル系の間にキエェェェエエ！系メタルはさみたい。
-1	@chako_berry はい🤤縫っちゃうのもったいないぐらいです🤤
0	RT @MasaSmoky: 肉！肉！肉！ ファイヤー！！ヽ(｀Д´#)ﾉ !!  #IVACKEN #メタル飯 https://t.co/JaZUCf1m7t https://t.co/C20CMowRKK
0	焚き火を拝みながらオリジナルソングを合唱したりしたいです #IVACKEN
0	メタラーいうても守備範囲があるってこともわかって勇気がでますた。なんでも知ってる人ばっかりのイメージだったんで・・・
0	@nishimako_metal まこさんは読めないロゴのバンド専門ですよね？ｗ
1	RT @japaaan_com: 懐かしさ〜！レトロデザインな日本の鉄道ヘッドマーク付き「ヱビスビール」が発売｜Japaaan https://t.co/QmpyrVLQhk #JR #電車 #鉄道 #鉄オタ #おまけ #グルメ #酒 #レトロ https://t.co/1A0…
1	RT @suk_a_zuk: 今｢ラッキーすけべ｣って言葉が出てこなくて、｢どすけべハプニング｣という言葉を生み出してしまった
0	@RrWhisky 乳だけは・・・乳だけはご容赦を・・・！！（おねがいします）
0	@RrWhisky キュキュキュ🙈
0	@jilniceboxer @deathi69 @RrWhisky @MasaSmoky ジョセ呼びｗ2人がまた結ばれる日はくるのでしょうか・・・
-1	ねむみがヤヴァッケン
0	職場にかかってくる電話、不動産とか重機売ってくれはわかるけど・・・従業員さがしてる言われても・・・知らんし・・・求人出してください・・・
0	目には歯を
0	@deathi69 @MasaSmoky @jilniceboxer @RrWhisky 射快派・・・
1	RT @Screamingkitten: RAMMSTEINのトースター欲しいｗｗｗ 公式で売ってるｗｗｗｗｗ https://t.co/jh6zFkoMvQ
0	ゆるい群れ具合が居心地よかったです。
0	@nishimako_metal @MasaSmoky @deathi69 @jilniceboxer @RrWhisky キターーー！ｗ
0	@nishimako_metal @deathi69 @MasaSmoky @jilniceboxer @RrWhisky ズッキュン
0	RT @ngsbiopark: バク爆睡中です https://t.co/7dgX4b5uMs
0	@nishimako_metal @deathi69 @MasaSmoky @jilniceboxer @RrWhisky この中に20代の頃の会長がいるんじゃないんですか・・・？
0	@nishimako_metal @deathi69 @MasaSmoky @jilniceboxer @RrWhisky 下段の一番右、面影ないですか？
0	@deathi69 @nishimako_metal @MasaSmoky @jilniceboxer @RrWhisky どことなく面影がありますね😄
-1	@momopug666 @deathi69 @nishimako_metal @MasaSmoky @jilniceboxer @RrWhisky 今はもうとにかく眠いにつきますねｗ
0	@ras_metal @MasaSmoky パイセンもイヴァッケン遠征しましょう～🤘
0	眠気覚ましにシュレッダーかけたったー（帰りたい）
0	ロイヤルカナンの値段みて目ぇ覚めました。まじか・・・
0	最近なぜか耳栓持っていくの忘れる夢をよく見る。起きた瞬間は、あーそやな、そやそや、気ぃつけなな。とおもうけど、当日はたぶん忘れる。
0	#nowplaying Freesia - 摩天楼オペラ
0	@bebiyamareaper そうなんです😢いま食べてるユーカヌバ(それでもまぁまぁ高いと思うのに...)が合わなくなってきたみたいで...😢
0	@deathi69 @MasaSmoky @nishimako_metal @jilniceboxer @RrWhisky でも会長エアですよね？
1	#nowplaying Eternal Symphony - 摩天楼オペラ この曲はほんとうによい https://t.co/n4yxRWzpRB
-1	@bebiyamareaper パグです☺️ベビ山さんちのコはそれプラス、カットとかも行かないとですよね？？もっと大変〜😭
1	@bebiyamareaper かわいいですよ〜お手入れ楽チンですし！（抜け毛を除く）たしかにいっつも混んでますね・・・通りかかるだけですけどw
0	サーバルちゃん待機😀
0	サーバルちゃんキター！
1	かわいい系の獲物のときは逃げてほしいとおもってしまう...
0	アカキツネちゃんすごーい
0	食べてるのは知ってるから、助かるシーンだけ映してほしい...希望を...
0	流れてったとおもってたアナトメタルが出てキター！！うれピヨ🐥
1	やっぱナベルかわいいなぁ🤤開けたい🤤
1	炎上したときは自分であることないこと言いまくって焼き尽くすのがいいのでは？知らんけど🙄
0	@NeRNeRerNeRest そう言えば最近お腹出てきたんですよねぇ...
0	@NeRNeRerNeRest アムラーみたいなカッコしますか🤣
-1	なーんか聴いてみたいのあったなーとおもうねんけどIRON DOGSが邪魔をする...
0	@NeRNeRerNeRest じゃあ赤キツネはこれで...😉
0	@NeRNeRerNeRest じゃあわたし「なんかへんな人おった！」て書きますね！
1	@futsal1014 なんせ自分で火つけるのがいいんかな〜とw
1	@NeRNeRerNeRest ビールも飲んでいいですか？🍜🍺
0	@NeRNeRerNeRest もっこすいいですね🤤チャーシューもりもりのやつ🤤
0	@NeRNeRerNeRest ビフカツ🤤行きましょ行きましょ🤤
1	なにこれたのしい（ジャケットかわいいし） https://t.co/HVCgI0Wi9N https://t.co/IXcHG5KAN6
0	味噌(汁はすき) #他人に理解されにくい自分の嫌いなもの
0	@_masa13 お疲れさまでした〜😁カードゲーム大会、ルール曖昧ながらたのしかったですねwオセロも勉強しときます🤔よろしくお願いします！
0	@NeRNeRerNeRest お腹すかせて待っときますから🤤
-1	ちょっとサボってた小説を開くと声(勝手に考えたやつ)を思い出すところからはじまる
0	穀つぶし #ろくでもない酒の名前を考える
0	ゆっとくけどな〜
1	独特すぎる・・・
0	ネコチャンさわれたうれピヨ🐥
0	@RrWhisky キャ🙈っと
0	#nowplaying おれおれ詐欺に気をつけろ!! - Jin-Machine https://t.co/s6kboODUUP
1	お天気いいしこのまま改札出ずに折り返したいね😉
0	RT @kyoeisenpai003: マンマンチャンアンて久しぶりに聞いた
0	マンマンチャンのインパクトに押されがちやけど、アンも謎よね🤔
0	仏前で手を合わせながら唱えます
0	立ち寄り感を纏うタイプの遅刻😉
0	@GuysMetal マンマンチャンアン🙌
0	@nishimako_metal 目が、目がァ・・・！！
0	@ras_metal しあわせ、な～む～
0	爪の周りかゆい！！(手の)
-1	これなんやっけ、なんか塗って絆創膏貼っとくやつやんね...うう
0	@ras_metal お任せください😤
0	きょうは五十日😂
0	RT @BABYMETAL_JAPAN: Thanks #Jacksonville! Next show is April 26 at  Orlando, FL / Amway Center with @Chilipeppers ! #BABYMETAL #Chilipeppe…
1	このシリーズいいね &gt;RT
0	（天然パーマ）
0	RT @eryos_m: 昭和の特撮の怪獣みてぇだなコイツ https://t.co/yusR5H2Hom
0	ねらってるやつ https://t.co/l78VDeiBaI
1	かわいい枠 https://t.co/DSG3OrRnMj
0	triviumの丸いのほしいねんけど出ないのよね～
-1	パイセンのキーボードのエンターだけタッチパネルにしてほしい。タンタンタンタンやかましわｗ
0	https://t.co/xnF5gaMfdk
-1	民事事件はカタカナですから～残念！
1	なんかすごいのきてた https://t.co/q8RLkv2JaZ
0	@RrWhisky 4月時点で8000番までいってるのはヤバいですね…ｗ
-1	@backdorock とりあえずバックパッチがないとダメなんですよね？
0	@RrWhisky なるほど🤔
0	@backdorock これ見てアリスクーパーのパッチほしくなりましたｗ
0	@RrWhisky もしかして：ED
0	@backdorock おなじく😆
0	@RrWhisky 弁護士に相談してみましょう☝️
0	@RrWhisky ゲスいｗｗｗ
0	白雪姫のスキルが5になりますた・・・
1	RT @gho_____st: 元気がない人は作画崩壊したときの五右衛門を見て元気だしてね https://t.co/IpzUV6TTxz
0	やめとこｗ
0	@nishimako_metal フィーヌ。。。
0	RT @sick2_gene: ライヴハウスの目印はいつものこれだよ！ https://t.co/67mSS6Rjzd
0	わろた
0	@nishimako_metal https://t.co/r3RC9L7hIW
0	@nishimako_metal なんでこんなところにティッシュはさまってるの？とキッズに聞かれたのを思い出しましたw
-1	@nishimako_metal 子供こわいですね☺️
0	ぼんさんぽい集団、代理人ぽいひとまでBOSED HAIRでちょっとわらってもた。
1	@ras_metal @nishimako_metal 将来有望ですね☺️
0	@nishimako_metal か、かっ、カ、風邪ひいてるんじゃないですか・・・？
0	@nishimako_metal 冷えは万病のもと言いますから・・・！
0	@meta_taro44 へぃけゅらば
0	@nishimako_metal てくょれないかゅ？
0	ジ・ガゼッテ
0	蝦蟇ぐらいまでなら知ってるぞ
0	@ras_metal ゅさ！っ。？ちぇゃん、は？1っ人！だ　ょげ
0	@ras_metal これけっこうむずいですよｗ
0	ゴールデンウィークはメタル飯おさらいしよっと😋
0	ああああああーん指かゆい！
0	おなすいすい
0	@ras_metal ラーさんシめる😘
0	#nowplaying メランコリー - LIPHLICH
0	久我さんの声すき定期
0	大学生がみんなおんなじカッコしてるのおそ松感ある。
0	@ras_metal 😡
0	帰宅 即 犬 (ダイエッ道)
0	RT @Mane_Laundering: 時に俺はウンコを漏らしてる Because I love you
0	RT @lynchasanu: ダフ行為やめよ？ 然るべき制裁うけるの？ https://t.co/GhSkKHigog
0	RT @lynchasanu: 事務所の監視力ヤバい、ファンからの通報も相まってもうでらヤヴァい、ダフってるのみてるよみられてるよ？ 販売サイト側が何もしてくれないみたいで事務所が高額でも買って制裁してそのチケット当日券で出そうとしてるよ、神か。FCチケットの番号わかったら個人…
0	@chako_berry よく見たらちょっとチガウという...w
0	@chako_berry どうぞお使いくださいw
0	ネコチャンてヒドいことしたらホンマに化けて出そう
-1	応援したいけど...悪魔の契約を勘ぐってしまって...フクザツなのよ...あの力の入れようとかね...
1	RT @umbrella_hal: 昨晩（今朝）キリエさんから飲みに誘われてひょいひょいついて行ったら、帰り際俺が便所に行った隙にお勘定を済ませるというホットドッグプレスのマニュアルのようなスマートな支払いをしてくれた。かっこいいぜ。。。メロメロだぜ。。。。
0	なんか音痴おるな... #うたコン
1	なんかすごいのいただきますた😙 https://t.co/eE2sySEYfy
0	@nishimako_metal 裏モノです🙈
0	@Take_raurah おしいいだしそうです😋
0	@nishimako_metal 紙にはみやざき完熟マンゴーて書いてあります...
-1	@Take_raurah 素でまちがえました🙈マイイダナス50メタル...
1	@nishimako_metal まじっすか😳ちゃうかっても、思い込んだら高級マンゴーですね！
0	@MasaSmoky わたしもそこ感動したんですけど、ラップを纏ってましたw
0	@nishimako_metal ヤバないですか...え、食べられません...😨
0	@MasaSmoky 説明書入ってるんで、それに則って食べないと祟られそうで...
1	@meta_taro44 @nishimako_metal ありがたい味がすること間違いなし...！
0	お約束🎩 https://t.co/U17HcnOiB9
-1	あま〜い😋😋😋😋😋😋 https://t.co/azTeJz5SS6
0	@Take_raurah 時価です！w
0	@meta_taro44 @MasaSmoky 切ってしまいましたーーーーー！！😨
0	目やにではなく仕様です。
0	@meta_taro44 @MasaSmoky 次チャンスがあればやでさんの食べ方でいきます🤣
0	@Take_raurah メタルの国の通貨です！
0	@meta_taro44 @MasaSmoky やでさんマンゴー上級者ですねw
-1	@meta_taro44 @MasaSmoky 東南アジアのやっすいやつしか食べたことなかったんで...wこれはなるほどハマりますね😋
0	@Take_raurah ピュアメタラー...
0	@meta_taro44 イキッたスーパーw覗いてみます😋
0	@Take_raurah えっ😨
1	ジョブチェンしてあしたでやっと丸1年になりますけど、お休みは満足に取れるしちょっといい食べ物いっぱいもらえるしへんな女にイヤミ言われることもないし(パイセンのキーボードはちょっとうるさいけど)、ジョブチェンしてよかったとしかおもったことないです。
0	ちなみにボスは毎日鼻毛出とるよ。
1	@meta_taro44 @MasaSmoky ホンマにうまうまでした😋
0	@NeRNeRerNeRest ありがとうございます！でもサボりまくってるんで、いつ肩叩かれるかヒヤヒヤもしてますw
1	@Take_raurah ガチメタラー部分をひっぱり出してくれば來丈夫かと！
0	RT @HIROSUKE_BALZAC: このプーさん、白目がある… https://t.co/FcA2XqOyWN
0	きょうはこれ https://t.co/XF0gO4ONAD https://t.co/Mqh4pdzJRx
-1	脱退だけならともかく麺上がっちゃうのはつらいねぇ。
0	それはそうとそろそろにーやさんにあいたいのですが...
0	もうこんな時間🛌💭
0	パンピ化計画で眉毛のばしたはいいものの整え方がいまいちわからんつらい🤤
0	えっなにが？！ていうことでも内容証明出しちゃう人いるから、なんとかティラミスみたいな名前の人の件は見せしめにやられるかもな〜とヒヤヒヤしちゃう〜
0	知らんけど
1	RT @slatake: 僕が呑み会で話していて楽しい人だなって思う人は、例え誰も興味のなかった自分の趣味の話でも「こんな世界があるんだよー」と魅力的に話できる人。知識の披露宴にしない人。
0	RT @slatake: 趣味の話はもちろん楽しいけれども、知識やハマりようの披露のし合いや経験の張り合いはもうほんと嫌で。
0	わかリンマンソン &gt;RT
0	#nowplaying Future World - Helloween https://t.co/738k8cyxxe
0	流行ってるから着てみました感を出すには主張しすぎな気がしてきますた https://t.co/ZtuUabgn1t
0	ボタン留めとこ...
0	@zze1231 おそらく...w
0	@zze1231 KISSさんです！w
1	RT @ma_me_mi_tu_o: ホットスナックの自販機の「バカの想像するご馳走」って感じが最高なんだよな…。 https://t.co/LukRkUaRJA
1	雨やのにちゃんと出勤してえらい！！(自己肯定ペンギン)
0	転売撲滅のシステム発表のやつ見てたらボスに呼ばれて（あっやばい・・・）とおもったら昇給のお話でした。ワーイ。なお転売撲滅のシステムのしくみはよくわからなかった。
0	ジョ、ジョ、ジョ、上申～♪
0	ジョ、ジョ、ジョ、上申～♪上申～上々～き～ぶ～ん～上々～♪
0	@ras_metal Good time Joshin～
0	提出するときはいっつも心の中で熱唱してます。
0	@ras_metal ありがとうございます！くら寿司なら！
1	そろそろきょうあたり、すごいポイント当たりそうじゃない？
0	@nishimako_metal ｵﾇﾇﾒ！ https://t.co/aTQsquaWZJ
0	いちおう聞く？聞いとく？30ポイント
0	@nishimako_metal 持ってはりそうですよねｗ
0	@nishimako_metal 違和感なさそう！
0	@nishimako_metal 石鹸なくなったとおもてましたｗｗｗ
0	RT @kazzmetal031: たまにはリツィートくれろメタル https://t.co/gUdbr1F1Pg
0	一撃で仕事おわってしまったぽよ～
-1	RT @RIP_Mushroom: メタラー男子のココがいい！  ・良いところ  ・悪いところ ヘヴィメタルの元祖は〜という討論でイきる ニコニコしながらクソダサいジャケ グロいジャケメタルバンドのCDを見せてくる 黒い服ばかり着てる 何かとメロイックサインしてくる 流行りの邦…
1	良いところいっこぐらいあるやろ・・・あるやろ・・・？
0	@ras_metal 雨降ってるからあしたにしましょ☺️
1	@nishimako_metal ポイント当たったんすね・・・よかった・・・（まこさん石鹸のイメージ）
0	@nishimako_metal わし初回10000出ましたで！！
0	@nishimako_metal バグってもたｗｗｗ
0	魚のオブジェｗ
0	魚のオブジェ譲ってください
0	RT @na2me321: 私はいつかこういうおばあちゃんになるんだからほっといてくれ。アラサーの生足ごときでガタガタ言ってるような奴らはみんな勝手に年齢相応とやらの泥水色っぽいダサい服着たショボい年寄りになってればいいんじゃないですか。 https://t.co/ZXhMZa…
0	おら、バアサンになってもコロッケ靴だけは履かねぇって決めてンだ
0	@nishimako_metal アチチチチチ！！！
0	RT @hyenasclubs: 【新しい記事を公開しました】 迷惑マナー！怒れる住人！「ゴミ捨て場の貼り紙」特集 https://t.co/mFwCaakjJS  人を動かす大きな原動力のひとつ「怒り」を具現化した光景を特集し、腸が煮えくりかえる製作者に思いを馳せてみました。…
1	RT @bq_spot: この本すごい。全国のエロ本自販機を網羅しつつ、メーカーのインタビューなど300ページを超えるボリュームで情熱ハンパない笑  GWのいい暇つぶしになりそう https://t.co/mP4JviLku7 https://t.co/gy9v3eK19d
0	ちゃんとしゃべれんねんやんｗ https://t.co/mbskue07PE
0	お昼にします。
-1	RT @hira2shin: ひらパーの今年度企画第1弾はフラッシュモブで三文芝居。不良に絡まれたり爆弾処理したり体が入れ替わったり:枚方つーしん https://t.co/8utj8Z7gZ7 https://t.co/JGYJSMLd4g
0	RT @japaaan_com: 長すぎだろwww あの「流しそうめんスライダー」が超進化を遂げ全長なんと5メートルで発売｜Japaaan https://t.co/998e8Iu3gU #おもちゃ #クッキングトイ #そうめん #グルメ #素麺 #流しそうめん https:/…
0	@futsal1014 譲ってくれる方いませんかね～
0	RT @MOREFOX5: ON MORE Access @ 6:30 PM- @DjASHBA gives @RACHELFOX5 guitar lessons 🎸 before he rocks out in our @GibsonFOX5 Showroom! @FOX5V…
-1	@jibson666 残念ながら・・・
0	@jibson666 バンギャよりはマシかと・・・
0	職場でカレーはなくない・・・？
0	別にいそがしくないしお店で食べてきてくれさい・・・
1	RT @emomo_guitar: 【拡散希望】ブラックジュビリー売ります、当時物のビンテージです、内部はオリジナルで、一ヶ月前に真空管とコンデンサーを交換しています。値段は130000円程度を考えています。リツイート等していただければ幸いです。レッチリやスラッシュファンにいか…
0	RT @gomamevanilla: 米原潜ミシガン、釜山入港に滋賀県民驚く　「どうやって琵琶湖から...」（J-CASTニュース） - Y!ニュース #Yahooニュースアプリ  滋賀県民のほとんどが「米原潜」を「まいばら…潜り？」と読み間違える痛恨のミス。 https://…
0	滋賀ちゃうけどミシガンには反応してしまった
0	シーチキン缶まま食べたい定期
1	#nowplaying In Like Flynn - The Bunny The Bear たまたま見かけたマーチャンがかわいかったから聴いてみたーきらいじゃない😋
0	🤘😆🤘 これよく見たらジョジョ感あるな
0	人数減ったエスキモー(ファッキン)コールボーイ的な。踊れるやーつ🐰🐻🎶
0	にーやさんは！！！！
1	ココア飲もうとおもって牛乳レンジにかけたら分離しちゃっておいしくないめたる...🛌
-1	やりすぎたんじゃなくてめっちゃ古かった😨
0	咳をしてもヲタク
0	RT @aoi_skmt: ウジェーヌ・ドラクロワ「母親にじゃれる仔トラ」1830-31年 #きょうの猫アート #お誕生日 4月26日生まれの画家 https://t.co/QFXqoWXAdJ
0	パワー💪
0	@nishimako_metal 👍
0	ぼくのぱん わたしのぱんhttps://t.co/b80UP2hbiO ホンマにあるんやw
1	グループラインで、がんばれ的なスタンプ押したつもりがどんまい的なスタンプやって完全に流れが止まってしまったのでもう辞任したい。半分本音やし。
0	シラネ😀
0	貯金済み貯金箱 #メルカリで売ってそうなもの
1	『こいつらの「好き」ってなんなの？』この一言に尽きる。スッキリーヌ。
0	@zze1231 じじさんおはようございます😀🤚
-1	きょうちょっとさむいな😕
0	あとたぶんクソブスではないが（日本人の感覚では）中途半端にかわいくない、みたいなのから嫌悪感がうまれるんだとおもうんこ
1	コスやってほほえましいのはキッズかおじさんだけ〜オンナがやると、本物の神々しさなめんな！てなっちゃうのよね〜
0	こじんのかんそうです
0	@uzyadachi @zze1231 セーフ🙆
0	#nowplaying 屠殺屋マン4号 - えんそく ほらくびをきれぜーんぶちをぬけ https://t.co/D89TomcKNo
0	えんそくちゃんエモいな
0	@deathi69 @uzyadachi @zze1231 イエローカード🙋
-1	無自覚な過激発言でブリザードを起こすフレンズ
0	ビールください！ #好きなもの頼んでTLを居酒屋にする
0	RT @DidierRoustan: Magnifique https://t.co/igoGIAvB0W
0	@nishimako_metal 席料1000円になります！
0	@nishimako_metal わたしがさわるんですか☺️？
0	@ras_metal @nishimako_metal 10枚分の値段で11枚！お得！
0	@nishimako_metal ではハッスル券をお求めください！
0	@ras_metal @nishimako_metal じゃあわたしは餃子を・・・
0	RT @ngsbiopark: おはようございます☀ ／ ｀ ｴ）.。oO（・・・雨の上がって気持ちヨカね・・・） https://t.co/EVpLYsoo6w
0	@ras_metal @nishimako_metal ハッスル大会ですか？！？！！
0	@ras_metal @nishimako_metal そいつぁハッスルだぜ！
1	@ras_metal @nishimako_metal 商魂たくましくあれってばっちゃが・・・
0	@ras_metal @nishimako_metal 存命っすｗ
0	@ras_metal @nishimako_metal あれｗじゃあ復活しました！
0	@nishimako_metal @ras_metal わたしはよく結婚式に出席します☺️
-1	@ras_metal @nishimako_metal あとは遠方のともだちの子供見に行くなど・・・ｳｯ、むなしくなってきましたよ・・・
0	@uzyadachi @deathi69 @zze1231 ちょっと見たくなってきました・・・
0	RT @afpbbcom: ホワイトタイガーの赤ちゃん、オーストリアの動物園でお披露目 https://t.co/wCp19HLfDh
0	@deathi69 @uzyadachi @zze1231 裏であだなつくやーつｗ
1	ここよくない？ https://t.co/TFSOuACMoE
0	@uzyadachi @nishimako_metal @deathi69 @zze1231 とびっきりのバドワンピを！！
0	@jibson666 どうぞどうぞ☺️
0	@jibson666 昂ってますネ！！
0	@tk_lime @Lune___lml わたしはベースの人からイケメンオーラを感じます
0	ghostのサイン会という名のスタンプラリーにいつか参加してみたいものです。
0	RT @dasasweater: 手打ちそばのように見えるセーター https://t.co/ZfIVch0dA6
0	きょうのへんなメール https://t.co/CHAgBU1kVA
0	RT @ReutersJpEnt: ローマで創立2770年祝うイベント、愛好家らは古代の衣装で参加 https://t.co/iuDlBv7YuY https://t.co/vSXpHoIVMO
0	@nishimako_metal クーポンコードじゃないっすか？ｗ
0	RT @ChibaZoo: 今日、4月27日は #世界バクの日 です。 バクはバク睡中ですが、絶滅の危機にあるバクのこと、どんどん減っているバクの森のことをみなさんに知っていただきたい！という日です。(飼二) #WorldTapirDay #chibazoo https://t…
-1	椿鬼厄介
0	@Take_raurah だれのことでもないいだデス！！ｗ
1	RT @kiyamahisatake: 五エ門つくったら 元気でました https://t.co/lef3LPQtSM
0	ネイティブアメリカンのオブジェ https://t.co/wUx1Z6EOvC
0	ヒマな人そのものやなｗわたしｗ
0	わたしがパンケーキの写真ばっかり載せはじめたら察してください。
1	でもロイヤルカナンて約束の丘感あっていいよなぁ
0	RT @Balzac_jp: SHOCKERにて4/30～5/7迄の期間、『GOLDEN WEEK FAIR 2017』を開催致します！フェア期間中、4,000円（税別）以上お買い上げの方に先着で非売品ノベルティアイテムをプレゼント致します！ https://t.co/WDmM…
0	@nishimako_metal ペコリ🙇‍♀️
0	RT @kokoro_gif_bot: #心が乱れた時に見るgif 41 https://t.co/4DNgSIEB0F
1	RT @Yukiriiiin__K: キキララの貴重な関西弁...⭐️ https://t.co/ATEYxRMH7X
0	@Take_raurah キツいいだ・・・（お疲れさまです！）
-1	切手に載ってるあしかがフラワーパークのイルミネーションがなんか不安になる https://t.co/nNcaaA2pKD
0	東京ドイツ村もなかなか https://t.co/VHnl5MFpW7
0	イルミネーションには興味のないブス
1	イヴァッケンの帰りに見えた神戸の夜景がさいこうにきれいだった
0	@RrWhisky あああああああ・・・カッパ寿司の地下と似たようなシステムだったのですね・・・
0	@RrWhisky また知ってはいけない秘密を知ってしまいました・・・
-1	プラネタリウムがこわいブス
0	@RrWhisky すばらC！ https://t.co/W0VWzH9cfZ
0	@RrWhisky 妹推しです☺️ https://t.co/3rsXzanaaH
-1	@RrWhisky このゆるいあざらしご存知ですか・・・🤔？ https://t.co/6xCUqf8Di6
0	@RrWhisky さっきたまたま見つけたんですけど、誰なんでしょうねｗ（カワイイ）
1	RT @iseebitarou_com: 魔法の杖の塩コショウ入れが素敵です。振って料理に魔法（塩コショウ）をかけます。https://t.co/lTRBUIwzuY https://t.co/CWbk8y3crb
0	@RrWhisky はーい！（なんじゃこりゃ！！！！） https://t.co/1j7xx6a1tx
-1	服装のダサい救世主 殺ﾁｬﾝ 戦闘力アップで最強を目指せ！ | 惑星メッツ最強決戦武道会 https://t.co/AGYePXgyfI #キリン #ドラゴンボール #惑星メッツ https://t.co/z3qyCvjEPq
0	@nishimako_metal それ用です☺️
0	@futsal1014 拾い画ですんで！
0	@futsal1014 しゅみましぇーん🙇‍♀️
0	@futsal1014 あっ、あざっす！！！😆
-1	しごおわからのおなすい
0	そういえば結局梅は咲かなかった...😢アブラムシは消した。
0	RT @CINRANET: NHK『岩合光昭の世界ネコ歩き』映画化　世界の猫や津軽の猫家族映す予告編 https://t.co/JQLkRXkCkn https://t.co/Gd3AfTmT8K
1	RT @thrillingbuzz: モスの早贄。 　 ＃モスバーガー https://t.co/A0uWVDEgdL
0	そろそろ動物園いきたい
0	カタカナよ https://t.co/0noUfbbeL2
0	あしたはじんま！！チケットと耳栓わすれないようにねわたし〜
0	3日のジールのイベント行くかな🙄ライズイン〜とりふりっち見たい
0	上顎やけどしがち
0	みんな言わへんだけでしてるんやろ上顎？
0	RT @study666i: ラッコはケチ https://t.co/uPVs0B8Mkg
1	RT @BooK_LieF0: 架空読書会とは――、 1.誰かが架空の書名を言う 2.全員その本を読んできたことにする 3.内容をでっちあげ自由に語る 4.先に他の人が語った内容を否定しない（例えば「田中が死ぬ場面で泣いた」と誰かが言えば、そういう場面があった前提で他の人も続け…
0	@jibson666 〆のラーメンとかスープでもぜんぜんなるんですケド...
0	おすしたべたい
0	おはよう😵 https://t.co/R0VBLt6oVF
0	@nabenabek きゃわ😍
0	@ras_metal 🍣🍣😡🍣🍣
0	#nowplaying ヘルズキッチン - Jin-Machine https://t.co/HwM1tP9MBQ
-1	おニューのワンピースが思いのほか短くておちつかないめたる。背伸びたかな🙄
0	RT @tabata080948: おはようございます！昨日から「世界・盆栽大会inさいたま」が始まっているらしいです！要はドラゴンボールに例えると盆栽の天下一武道会みたいなもんでしょう。世界中から個性豊かな盆栽ファイターが集まってしのぎを削るのでしょう、多分。オラ、ワクワクす…
0	RT @nisshi1105: ちょくちょくTLで話題になっている世界盆栽大会、その略称がなんとWBCで草
-1	RT @hellskitchen128: お世話様です。本日から「バイオレンスニボ」の塩味を提供したいと思います。店内告知はしないのでご希望のお客様は「塩で」とお申し付け下さい。申し出が無い場合は醤油味になります。塩は醤油より煮干感を感じやすくなっています。是非お試し下さい。で…
0	@Kay_SuperMario 試着しません！！w
0	@Kay_SuperMario ワガママボディwww店員さんとのコミュニケーションに自信がないのでおズボンぐらいしか試着しないっす😀
0	@nishimako_metal わくわく❤︎
-1	@Kay_SuperMario 大変w上着入らないとかあるんですね...🙁
0	@Kay_SuperMario 着たい服がとりあえず入る規格ボディに感謝しますｗｗｗいやほんと大変そう・・・😂
0	4月下旬から梅雨明けまでがすきな季節
0	上顎ヒリヒリンヌ
0	RT @ShujiItoh: 違和感無し https://t.co/ngZT1RdmEh
0	@Kay_SuperMario きょうはまさに辱めを受けております・・・ｗ
1	@Kay_SuperMario お優しい・・・😂公害対策ですねｗ
0	「動物　あくび」で検索して画像見てたらあくびがとまりません。眠れない人にオヌヌメしたい。
0	@Kay_SuperMario ｗｗｗ冷えがこたえる年齢ですからね・・・😂ｗ
0	RT @Vevo: That's @TheOfficialA7X's real fans in that crazy mosh pit for the "God Damn" video. https://t.co/a6rHhzP6V7 https://t.co/tSZGTRNl…
0	ナイス二の腕！木村！
0	上腕二頭筋かしら
1	世の中の切手が全てシールになればいいなってずっと願ってるんですが・・・
0	RT @team_sirotan: 吉祥寺＆立川立飛のしろたんフレンズミュージアムでは4/28(金)～5/7(日)の期間イベントを実施！購入金額5,400円(税込)毎にしろたんくじにチャレンジできます！2店舗でお買い物されるとノベルティをプレゼントする企画も実施！ＧＷはしろたん…
0	@Take_raurah @Kay_SuperMario ヒッ！！
0	@Take_raurah @Kay_SuperMario どうぞ！！照 https://t.co/eDNbDtVUDv
1	尊い・・・
0	@Kay_SuperMario @Take_raurah しかも全裸ですよ・・・！！撒かないでくださいね！
1	ひさしぶりに、えくぼあるんですね！て言われたハッピー☺️女の人はよう見てはる～
0	あ、まちがえた、うれピヨ
0	@Kay_SuperMario @Take_raurah フサフサ～
0	RT @afpbbcom: 暑い日は水が一番！ 涼む動物たち インド https://t.co/pN2UhPfbh1
0	RT @hyahhoo4: アメリカ映画でよくドーナツを頬張る警官を見るが、これはダンキンドーナツが「制服とパトカーで来店した場合ドーナツを値引きor無料」というサービスを始めた為である。警官が店の中にいることで強盗避けの効果を期待している。警官が制服姿でドーナツ屋に寄るのは不…
0	オマエファイルトジナイ！オレシゴトデキナイ！
0	@Kay_SuperMario @Take_raurah えぇ、まぁ☺️照
0	オマエズットアケテル！！
-1	@Kay_SuperMario @Take_raurah 染まってきました・・・・こわい・・・
0	ニホンノオンナスグダメイウアルネ！て言われたの思い出したｗ
1	@Kay_SuperMario @Take_raurah じゃあまだ來丈夫ですね☺️照れ
0	@Kay_SuperMario @Take_raurah 😆(照れ
1	WBC（盆栽の方）たのしそう
0	RT @drjoro: アニメの作画崩壊ネタの元祖、歌川国芳 https://t.co/ZXF2EAQ20x
-1	「教会から波紋され・・・」なんと奇妙な教会ですこと！！！
-1	大ボスの無駄のないワンポイントDISりフレーズにも耐性ができてきましたヨ・・・
0	じんまのフリ予習して行こうとおもてたのに意外といそがしかった・・・すみっこでちっさくなっとこ・・・
0	本場香川で丸亀製麺・・・（震え）
0	RT @asahiyamazoo1: ユキヒョウの子・体重測定時の搬出の様子。動画も合わせてご覧ください。 https://t.co/wtX7Kx2eGH  #旭山動物園
1	まばたきめっちゃかわいいいいいい &gt;RT
0	江坂GO
0	そういえばおうどん2連ちゃん🙄
0	パレードミッキーさん塩こんぶみたいやな。笑
0	ぜんぜんアカーン！解ッ散ッ！！
0	キター https://t.co/qdzsG3uclg
1	メイデン風のやついいなー😳中古でも出てるの見たことないんよね〜
1	あーーーーたのしかったー！！！！！！！！！ https://t.co/TRf5pi8R8w
-1	@jibson666 限りなく近くて果てしなく遠いっす
1	通勤モッシュたのしかったし中西モッシュもたのしかったしアホの子モッシュ(メロコアモッシュ？)もたのしかった〜ひさしぶりにちゃんと飛んだしモッシュ参加したワw
1	RT @pinokiwo_sega: 見本展示用に1枚だけ片面コールドラミネート加工に持って行ったのですが 会計時に  店員「明日イベントですか？」 僕「あ・・いえ・・ごにょごにょ・・」 店員「夏ですか？」 僕「あ・・いえ・・」  言えねーよ！「バンドのグッズ」とか！ その可愛…
0	「クスリやめろ！」w
0	今のじんまは今しか見られないから初台行こーっと🤤
1	大事なことわすれてたわ。ひもりんめっちゃかわいかった。かわいかった。
0	ステージとフロアで一体になって、まじかよおいwていうことを全力でやっちゃうビジュアル系が、やっぱりすきよ。あのへんな空気はどのジャンルにも出せないな。知らんけど。
1	@meta_taro44 知りません！(爽やかに)
-1	ビジュアル系にこだわらず、バンドの追っかけのことを「バンギャ」と呼ぶ風潮、これは我々の勝利としか言いようがない気がしてきたよ！キモいこわい暗いの代名詞だった呪われしあのフレーズ「バンギャ」がやっとここまできたよ！(なおビジュアル系の追っかけは未だにキモいこわい暗い模様)
0	@ras_metal 最近は「バンドの追っかけの女の子」の意味になってるみたいですね〜V系も市民権を得たってことですかね☺️
0	RT @BS_dim: ブスがピタッと止まるブスピタン、主成分は青酸カリ。
0	@ras_metal 最近はバンギャよりサブカル系のコの方が病んでるイメージですw
0	わしw https://t.co/2V5waNNrnp
0	@futsal1014 心の目で見るのです...
0	@nishimako_metal ステージから撮るアレですからw
0	@meta_taro44 @nishimako_metal 盛りめでオナシャス！！
0	@nishimako_metal そうなんす！メンバーとおんなじフレームに入ろうと思ったら有料ですしw普段はw
0	@_masa13 おーわかっていただけますか🤣最初聞いたときはナめんなよ的な思いがあったんですけど、最近は、いうてもわたしらが元祖(ドヤ)みたいになってきましたw
0	@NeRNeRerNeRest 2メートルぐらい離して見てください！！
1	@timcus7 すごい視力ダ！！w
0	初台取っちゃったもんね〜行っちゃうもんね〜
0	@nishimako_metal 無銭がっつき勢😤
1	@_masa13 バンギャに先天的に足りなくていちばん大事なものですね🤣がんばります！
1	@timcus7 雰囲気かわいいの神デス☺️
0	@timcus7 なお性格は...
0	@nono_xx_xx テレテレ🙈
0	@NeRNeRerNeRest @nishimako_metal えっwww
0	本物のメロコアモッシュ見てみたいw
1	ジャズは普通にいいのに、普通にいいだけで終わらせないあたりにじんまのこだわりを感じた。
1	@timcus7 でも闇深いですw
0	RT @feat16kakka: うおさかー！おあさかー！おうさかー！！！  江坂ミューズ楽しすぎ疲れすぎワロタ。来れなかった香具師は残念だったなー(ΦωΦ)ﾌﾌﾌ…  来月また来るから1.1倍期待して待っとけやー！！ https://t.co/11VkjWJ80H
0	でも不審者 &gt;RT
1	あんだけいいバンドなのにいまいち売れきれないのはみんないい人だからだとおもう。知らんけど。
0	@nono_xx_xx @VAIORAyou 6月また広島いきまっすのでぜひー！ののさんはまたいっしょにベッドインしましょうネ🙈
0	あっロー⚪︎ソンのロールキャベツ牛舎の味する...
0	牛舎を食べたことはありません
0	@VAIORAyou @nono_xx_xx たのしみにしてます🤤
0	刈り上げ帝国の映像いちいち人少なない？もうちょっと集めよ？
-1	残念だったな、わたしは最近ヱビスなのだよ😏
0	ナイトスクープみてから寝る
0	@nono_xx_xx @VAIORAyou わーいわーい🙈
0	幼虫
0	あわわわわ
0	ビジュアルなんとかしようや虫
0	餃子あああああ
0	グラタンああああああ
0	チャーハンあああああああああ
0	貝もなかなかアレなビジュアルよな
0	エロ本 https://t.co/IbxhH1GuUp
0	RT @zoorasia424: 【お知らせ】スマトラトラの展示について 本日は下記の時間で親子を展示します。 開園～14：00　　 おとな1頭 14：00～15：30　親子 15：30～閉園　    おとな1頭 #ズーラシア　#スマトラトラ https://t.co/g64Y…
0	RT @dying_cultnia: GW営業日のお知らせ 4/29 学会研究の為休み 4/30 営業 5/1 休 5/2 休 5/3 死 5/4 休 5/5 休 5/6 営業 5/7 営業 ほぼ通常通り土日のみの営業ですのでよろしくお願いします https://t.co/iy…
1	RT @_ranntei_: 美しいダイクロイックアイの猫 https://t.co/cXITYif5SD
0	よく寝た🛏
0	首から肩にかけていたい
0	@RrWhisky では一杯よばれましょうかね🍵(オハヨーゴザイマス) https://t.co/njlbOsimH5
0	連休の予定 片付け 以上
0	@RrWhisky ちょっと男子ィ〜😠
-1	Jアラートの音「くるぅううう〜〜〜〜〜〜⤴︎」
0	RT @mhn_animals: Alex Skolnick (Testament) https://t.co/aNLD2NCHGz
0	@ras_metal https://t.co/1mAihtYb2q
0	RT @GachapinBlog: ムックさんの20周年記念グッズはムック、ムックで、ムックムク～♪　な、なんと～！ ちゃっかりセンターですぞ～ ξ゜゜ξ MUCCさ～ん、20周年おめでとうございま～す！ イエイ、イエ～イ♪ by ムック https://t.co/f64GFY…
0	RT @gakkari_club: マリリン・モンローのスカートの中で雨宿り ＠シカゴ https://t.co/LFqCuWruro
0	きょうはクラシカルメンバーやな🙄新喜劇
0	@ras_metal 内場座長です
-1	パグむずかしい https://t.co/OjxcLLQzUW
0	乳首ドリルきたー
0	とおもたらせんのかーい
0	ゴロゴロ⚡️
-1	RT @No_001_Bxtxh: 忘れがちなことですけど、行きたいところには行ってみる、会いたい人には会ってみる、家で思い出はできない、バカげてると思ってたことほどやると楽しい、寂しいときは寂しさを盾に甘えに行ってもいい、風呂は風呂に入るまでがめんどくさいように旅は旅に出た後…
1	かみなりすごいしきょうオワタ
0	@nishimako_metal 降ってますねェ😅
0	Japan Expo 2016 : Concert Psycho le Cému - 4K https://t.co/OuYmskRzxq
0	AYAくんぜんっぜん弾かへんやんw
0	やんだかな？ちょっと出るかね🕴️
0	なにげにネイビー https://t.co/hF3BArKz7u
1	RT @shinmeitorii1: 新宿駅構内に貼ってある秋田県のポスター、良すぎる https://t.co/PUJ2ybh6cp
0	RT @shinmeitorii1: https://t.co/nQ3br3kGD5
0	RT @shinmeitorii1: https://t.co/auObQPyfJq
1	雨がだんだんと東の方へいってるのがわかるからついったーおもしろい
0	気ちがい #昭和の日なので昭和っぽいことを呟こう
0	@jilniceboxer 青がすきなんですヨ〜☺️これはたまたまですがw
1	おばあちゃん、90超えたいまでも頭の回転が速くてすごい。いらんことよく言うのも変わらず。笑
0	そういえば横文字のTシャツは読みたがるのにカタカナは読まんかったな...w
0	#nowplaying NEO - Psycho le Cemu
0	@ras_metal 昭和の日ですから！！
0	RT @kirimi_sanrio: サヴァ〜〜〜〜♪サヴァサヴァ〜♪ https://t.co/ZJJWIebVdo
0	ボブキャットきゃわわ
0	@zze1231 リスチャンぷらーんぷらーんしてましたね😢
0	ビスカーチャきゃわわ
0	動物番組がすきなんですけど、こども(ヒナ)の数を見て生存率を察するようになってきました。
0	@jilniceboxer ご愁傷さまです😔
0	ただのオイルサーディンのアレンジになってしまいますた https://t.co/MEVLhv3i4F
0	写真の角度がなんかへん
0	プラネットアース 次回はTOSHl
0	自撮りないあたりがほんとうに推せるんですよね。(黒髪見たい)
0	ジャイロをオンにしたら体もいっしょに傾けてしまうし、マリカーなど当然に傾くタイプです。
1	RT @nazo0824: 近所の猫がいる雑貨屋さんの幽体離脱〜！がとても可愛い https://t.co/gpggfuuAS5
0	@nishimako_metal エヘエヘ☺️
0	@Lune___lml 大きな鍋で炊いていてほしいですw
0	@Lune___lml 深夜特急のイメージでw
0	@Lune___lml たのしみですw
0	推す要素しか見当たらない...
0	大昔の「セリーヌでAEON」のコピー思い出した
0	震える手でロイヤルカナンをポチ
0	長生きしてネ・・・
1	まじでビタワ○ンとか愛○犬元気とかってなに入ってんの？なにで作ってんのまじで？
0	きのうのパンチ痛が今ごろキてる。老いがやばい。パンチがんばってたらしい。
0	キモオタだからむしろ自撮りとかいらない(きたらきたで発狂する)
0	遠くにいてほしいしな
0	RT @study666i: 美容院のシャンプーの水避けタオルがずれすぎて諦める https://t.co/EoYSLR65Ov
1	たのしいのがいちばんやからね😤
0	寝🛌あしたもたのしみ
1	RT @itm_nlab: 500RT ナイキの靴に見える鳩さんがすごい　擬態能力が高すぎてGoogleでも「ナイキ」認定される https://t.co/nwlK8rz5gh https://t.co/lfTFN0ne9P
-1	なぜそんなに群れたがるでござる...？？素朴な疑問でござる...
0	RT @hellskitchen128: おはようございます。5月の定休日ですが、ヘルズが「5/1,8,9,15,22,23,29」、こもれ美が「5/1,6,8,9,15,22,23,29」になります。それから土日に関しては人手不足の為、両店共に昼営業のみとさせて頂きます。お気…
0	RT @hellskitchen128: 其れから、今日はヘルズがOpenして7周年となります。昨日、スタッフに言われて思い出した次第です。何とかやって来れたのもお客様のご愛顧以外の何でも有りません。改めて感謝申し上げます。限定商品もバンバン出してるので周年記念の様な事は特に考…
0	RT @TADACy_com: 明日の艷惨に生首ライトも持っていこうかな♪  50000円だし売れるとは思わないけどこーゆーのあった方がイベント的に盛り上るでしょ  #艷惨 https://t.co/9M8gy3W2lf
0	太田記念美術館いま閉まってるんか😭
0	朝Symphony Xであげてこ
0	めっちゃおるwww
0	出てくるのはなんとなくわかる、神に寄せてくるのが本格的にヤバい
0	ブスつうかオンナがやっちゃいかん
1	RT @aguhiyori: スカッ  あれ？   スカッ  あれ？ スカッ  あれ？   スカッ  あれ？  ぎゅ。よし。 https://t.co/4AU0cSukMZ
0	おなかに顔うずめてんんんんんんんんん〜〜〜てやりたい &gt;RT
-1	Bホさんとフリーさんがまぎらわしい
0	太ると着るものがどんどん限られてくる🤢
0	#nowplaying Eating Disorder - The Bunny The Bear https://t.co/O4PAjR2TZh
0	@NeRNeRerNeRest 走っていきます！！
0	がんばって出て行くところがないのがでかい
0	@deathi69 ごっつぁんです！！ちなみにきょうは新木場デスw
0	XXLもうちょっと長かったはず...わたし背伸びてるってゼッタイ
0	@deathi69 YES！あしたもありまス🛌
1	@GuysMetal すごい絵面ですよね〜！
0	@ras_metal @deathi69 お昼なにがあるんですか？
-1	@uzyadachi @nishimako_metal つぐぅぅううううううううううううううううううううううううう
0	@ras_metal @deathi69 あれはきのうだったかと！
0	なにもかも気まぐれ☺️
0	ベイビー(すんごいねむそう)と目が合ってるからへんな顔したいパパママちょっとうしろ向いて
0	@Kay_SuperMario 縦にも横にも...😢
0	あっカバーおろされた
0	@uzyadachi @nishimako_metal (過呼吸)
0	@nishimako_metal 少々お待ちをw
0	@ras_metal @deathi69 日にちまちがえたんかおもいましたよ！！w
0	@nishimako_metal @uzyadachi きゃわわ
0	RT @team_sirotan: エキモなんば限定のオカンしろたんクッションとキーホルダーの写真が届きました！ 移転リニューアルのお店の写真も紹介します！ 「これからも、宜しくお願いしまきゅ！」 ＃しろたん ＃sirotan https://t.co/SXbkzkmExj
0	#nowplaying 絶滅危機!成人向け雑誌 - Jin-Machine どっこにかっくしてったの？ https://t.co/FIeSLp7Q5Z
1	@jilniceboxer モーションも近いですしねw
0	@NeRNeRerNeRest 消費したカロリーの倍摂取します！
0	@nishimako_metal パっと見、惑うんですってww
0	ONNA SUI
0	@jilniceboxer 楽器の色でかろうじて識別できる程度...それは盛りすぎですねw
0	@ras_metal @deathi69 きょうはサイコルシェイムでーす💁
-1	おなすい but 着いてからにしよ...
0	@uzyadachi @nishimako_metal これ見落としてましたああああああああああああああああああああああああああああああああああ(ポックリ)
1	RT @Live_Viewing_jp: #さくら学院 中等部1年 #有友緒心 さん！購買部としてのキュートなセールストークは必見！今回はどんな商品をご紹介いただけるのでしょうか？乞うご期待！ https://t.co/kQIWSRDR4e ★転入式LVチケット発売中★ htt…
0	5億回ファボ
0	@uzyadachi @nishimako_metal ┏○ﾍﾟｺ
1	言葉が追いつかないぐらいかわいいな
0	来世はそろばんにうまれたい
0	そろばんになりたい
0	魔法つかいを探す旅に出るか
-1	@meta_taro44 なんだってしますううううううううううううう
0	@Kay_SuperMario 極論ですねw
-1	とおきょおにログイン
0	あっつい
0	SUTABAなう https://t.co/2pQN12nMwS
0	RT @333music: 【『Motto2〜vol.022〜』表紙公開😆 ※特典付き先行予約〆本日23:59 アザー・サイドは少々お待ちください】🎉拡散希望🎉 取り急ぎ片方だけですが…萌えてください😍 #淳×#てんてん #takenobreak #ラッコ https://t.…
1	こんなに絡む必要ありますか？
0	@nishimako_metal MEN
0	@nishimako_metal PEROPERO
0	けいようせん...
-1	浜松町から乗ってきた男女が、有楽町で「浜松町で降りなきゃ！！」て言ってて、おばさんは勝手に混乱しているよ
0	しかも降りない。もう1周乗るんかな
0	@nishimako_metal 謎です...
0	京葉線に向かってる薄着の男女はパリピ
0	帰ってくるチェックのシャツはオタク
0	RT @esprit_of_spre: こいつスペアタイヤの出し方可愛すぎひん?w https://t.co/tFnJo8AgMI
0	キター https://t.co/iafJpRfqEY
0	@jibson666 ひそやかに...🙈
1	サイリウムの具合がすごい
0	RT @Dirty_XCX: これは、本当なんだ。  ちょっとした社会学のテーマにしてほしい。 https://t.co/vHSoW4uiwf
0	@jibson666 おお〜お気をつけて〜🚅
0	去年べびめたちゃん見にきたなぁ(見えなかった)
0	そこここでパキパキパキパキw
1	たのしかったー！！D兄さんやっぱいいっす〜
-1	リメンバがエモすぎてちょっと泣いた。けど、うしろのオバハンたちがいちいちチャチャ入れるのがうるさくてちょっと萎えた。
1	ドリフトの曲たのしかったな〜
0	クロノスの会員番号5555だったんだぜ
1	しーくんがなかなか際どそうなことをガンガン喋りまくるのにはビビったけど（笑）、公に言うということは大丈夫なやつなんだろうということにしとく...
0	RT @MEIDARA_INFO: 【MEIDARA NEW VISUAL解禁】 明日５月１日渋谷REXにて始動致します。 ご来場の皆様、宜しくお願い致します。  MEIDARA「鬼の目にも」MV https://t.co/seVCRwJ6sZ https://t.co/jBl…
0	思ってる以上に髪ボッサボサやし顔ドロッドロやった
-1	RT @daishi_kajinaga: 今日も本当に最高の時間をありがとう！  不思議の国のアリスのオチは寝オチで覚えてないと聞きましたが、不思議の国のアヤッスでの出来事は今日寝ても僕は忘れません！  また、いい思い出が出来ました（笑）  Psycho le Cemuやっぱり…
0	きょうはさすがにどこにおるかわからんw &gt;RT
0	最近すきなやーつ https://t.co/acMr3i5YI7
1	メガトロンか…あのすごい踊りのやつ…
1	エクスカリバーもよかったねぇ〜
0	D兄さんというよりは、サイコのDAISHIさんが、わたしのナンバーワンボーカリストですやっぱり。
0	梶永〜とかシックスはなんかちがうかったねんよな…ロメオはけっこうすきでした。
0	初期曲やるっぽいから夏は2か所ぐらいは行けたらナ…🚶‍♀️
0	オバンギャホイホイすぎんよ
0	MANA様、IZAM、アタイ…(AYAくん)
0	MANA様は様やのにIZAMさんはなんもなしかい！言われてましたw
0	ウルトラセブンはじまった…(初見)
0	@Take_raurah あわわわわ😱
0	昔の特撮はカメラワークが工夫されててすき
0	@Take_raurah あわわわわわわ😱帰ったらお塩撒かないとですね…
1	@Take_raurah わたしもです😊w 早く処理終わるといいですね〜
1	@Take_raurah それがいいですね🤗(タケさんつよい)
0	ついった見てるあいだになんかへんなロボットみたいなん出てきてるぞ
0	メガネが飛んだ
1	めっちゃつよいやん
0	レインボーマンもっかい見たいな。レンタルしてるんかなあれw
1	バンギャはライブ中こんなにたのしそうなのに、家に帰るとすぐ、病む。(AYAくん)(ニュアンス)
0	RT @neeeeko1: 長男が泣きながらクッションにうずくまってたあとｗ https://t.co/NLBOMFUKuI
1	きょう行ってよかったとおもった瞬間は、D兄さんがめっちゃいい顔してるのが見られた瞬間ですね。ほんまにめっちゃいい顔してたん。いい顔した人がステージに立ってるライブはそりゃたのしいさ。
1	おとついのじんまもそうだったナ。いちろーさん途中からめっちゃいい顔してた。
0	にーやさんのミスの少なさに感心している。ほかのバンドを見て。
-1	ていうかあのバンド全員ミス少ない。
1	テクノソールドすごいな。取れてよかったたのしみ〜
0	https://t.co/AljRWv2z5k
0	@satozaki たしかにw小文字とセットぽいですね？w
0	最近、ケータイのバックライトつきっぱなしのときがたまーにある。だれかがぎゅっとしてるんでしょうか。
0	@satozaki ナウいっすね…w
-1	コロッケ(人間)がなんかこわいんよな…
-1	RT @bozu_108: エンターキーがうるさい人にそれとなく伝える選手権を開催します。
0	RT @ebisdani: @bozu_108 エンターキーに子猫のシールを貼っておく。
0	ほんまにきょう休みでよかったのか不安になってきたけど、あいぽんアップデートしてしまってるナウで連絡できないめたる🤤アハハ〜
0	RT @ngsbiopark: おはようございます、今朝はモモテト親子のツーショットからどうぞ。 https://t.co/9nDR12sVHh
0	RT @castaways1985: ワンコとヒーロー #ネイガー #ビガビガG https://t.co/mBvPRG8YkX
0	RT @yasunario: 高円寺メタルめし本日１日（月）はお休みします！「俺なりのV系メタルゴールデンウィーク」スタート!!今夜はJin-Machineのライブ観に行ってきます！振り付け覚えなきゃ！やば死！Jin-Machine『パンチ伝説』振り付け講座 https://t…
0	あれ、雨降るん？
1	雷すごい
-1	@RrWhisky あぶないので無表情でいます😑
0	@RrWhisky 😆⚡️💀
0	マレーバク https://t.co/416ejDjmEt
0	ヤブイヌ https://t.co/VRXP3kaMp0
0	オセロットちゃん https://t.co/nftmDC9HBM
0	石のワニ https://t.co/mSlH2jdXGF
0	ボスみたいな https://t.co/7EyAKDeMwP
0	PPP https://t.co/C6BWvY7WOr
0	鮭のくん製 https://t.co/NTvh8sOMKf
0	いのしし https://t.co/9wJEDVWZrt
0	オカピ https://t.co/nIVHrFTxzy
0	よく見るとシリーズ https://t.co/fgEZwJnseo
-1	@nishimako_metal あれは大変でした...まさかあんな事故が起こるとは...
-1	ねむい...
0	サマソニ大阪は結局舞洲なんかーい
0	しんぢゅく人ごっつい
0	めめめめたるめしのマスターが目の前に😳
1	たのしかったDEATH(DIE的な意味で) https://t.co/6Kf8QRpju2
-1	田舎人はつらいよ2017春
0	ブロックされているため て初めて見たwwww
0	@nabenabek なんかチクチクきますねw
0	@nabenabek なんかのまちがいやとおもうんですけど...会長...
0	おしりがなぞに湿っている
0	@nabenabek ワーン😫
0	@meta_taro44 @nabenabek 会長...
0	@meta_taro44 @nabenabek https://t.co/IMQw3T5fpo
0	@deathi69 フォローありがとうございます！フォロバさせていただきました！よろしくお願いします😒
0	見えた！！w
0	@deathi69 結構です...
-1	さいきんカラフルなビジュアル系しか見てないなとおもたけどそもそも黒いビジュアル系知らんかったわ。おわり。
0	グリーンピースが2つ😳 https://t.co/OUzc6dlNmw
1	別に好きじゃないけどなんかラッキー笑
0	RT @roco_wanwan: 死んだiPhoneが天国から見守ってくれてる構図になってしまったやつ https://t.co/aaaoTAKPZU
0	@meta_taro44 おべんとう初夏 にしてみました☺️
0	@meta_taro44 しょか(^-^)
1	ズーラシアはわたしの大好きな久遠くんがよく行く動物園ということで、いつか行けたらな〜と思ってたので行けてよかったっす。雷雨の中行った甲斐あったわ。笑
0	@nishimako_metal マナカナ
0	マレーバクが意外とふわふわそうなのは新発見だった〜
0	あと行きたいのはバイオパーク☺️カバ☺️カピバラ☺️
0	@RrWhisky どっかの山奥の部族みたいですよねw赤ちゃんも見てみたいっす〜🤤
0	ほかの現場は知らんけど、ビジュアル系の現場はまじで最初に決めた立ち位置を守ってほしい。下がってくんなフラフラすんなバンギャル1年生か！
0	RT @susics2011: 悲しみゴリラ川柳はこちらから。 https://t.co/PsmgyOlb8s  これが一番気に入ってる。 https://t.co/qyuVAuWmun
1	ひもりんきょうもかわいかった☺️
-1	首太いのを気にしてしばらくヘドバン控えてたんですけど太ってどうでもよくなったのでまた振りはじめました、めちゃくちゃ痛いです。
0	人と列車接触すな
1	歌舞伎モッシュもたのしかったゾ
0	RT @study666i: 美容院の顔タオル置き方一覧 https://t.co/AlPeFHLb0F
0	RT @kimu_7drummer: こんなアングルのドラム動画が撮れました\(⚫︎ω')/ https://t.co/ZuBIcqZNGM
0	ナイス腕！
0	@jibson666 デブは1日にしてならず...
0	ネマス🛌 https://t.co/e6Z1758BtR
0	#nowplaying マグロに賭けた男たち - Jin-Machine
0	ゴールデンウイークは電車すいてる説とは...？いつもよりおじさん多めでHELL度やばいで...
-1	アディオスは閣下もそりゃしんどいだろうけこっちもそこそこしんどいのであった。立ったり座ったり
0	DKT148見てみたかった⛑
1	RT @iichiko_hana: セッションに誘惑してるのに、あと一歩のところで、乗り気になってくれないので、強行手段に出る飼い主。 #インコ https://t.co/fQATl7Gfwx
1	静電気がすごい
0	昔、100まんだか10まんだか1000まんだかを間違えて送金してしまったので組戻させてもらいます！ていうことがあったなァ・・・
0	あーパイセンのキーボードにこねこのシール貼るのわすれとった・・・
0	エンターだけじゃ意味ないね全部に貼りたいね
1	RT @neiger_akita: ワンテンポ遅れでるあたりが秋田らしい感じもするども、集中プロモーションが終わってからもじわじわど話題になってるのはいいことだなや。『秋田犬ポスター』は全部で11種類…たしかにどれもすばらしい。秋田においでよ。へばな。 #行け行け秋田 http…
-1	ほんまや、ライブ終わったとたんに病んでるわ！こわっ！
0	AYAくんすごーい
1	「箸にも棒にも」て言葉あるけど、あれポテンシャル高い人用やんな。もっとマジでどうしようもない人用に「ザルにも濾しにも」とか作ってほしい。
0	あわよくば的な気の持ちようで見られるとおもっちゃダメダメ・・・
0	@GuysMetal そこをなんとか！
0	えっちなDなんて都市伝説・・・
0	@RrWhisky きゃーえっちー！
0	@RrWhisky おとなのかいだんのぼる～
0	インターネットはね、嘘と本当のことでできてるんだよ #当たり前ポエム
0	RT @sumineko_L: #大森山動物園 名物、トラの顔出しパネル。 https://t.co/q28SdtbJ8Z
0	眠すぎ祭りや！！ワッショイワッショイ！！
0	@nishimako_metal パリピが出たぞ逃げろ～～～！！
0	RT @MONTE_KIKI: めっちゃ小顔のこま犬いた https://t.co/yZwCNOU9B6
0	連休中に美容院いく、ゼッタイ。もぅﾏﾁﾞ無理。
0	絵文字めっちゃ使ってくる人、つられちゃう・・・😳
0	@nono_xx_xx ウンウン😄
0	友達がいないからLINEのスパムくじとか極めて関係がない。
0	RT @totoolov: ねこまんまってどんなもの？
1	@zze1231 安全安心😊
0	ラーメンと餃子、したい。
1	とびっきりの美少女なのにかわいいをアピらないところが推せる。
1	@yui4yuiyui あの子の独特な魅力はそこにあるのかと悟りました・・・😭尊い・・・
0	@chako_berry まさかちゃこさんも・・・ﾅｶｰﾏ・・・？！
0	@chako_berry そんなことがあったことすら知らず…ｗ
0	@yui4yuiyui 遠くからそっと、ずっと見守っていたいです😭
0	ゴールデンウィークいただきます。
0	@nishimako_metal パクパク
0	@yui4yuiyui そして両親に島を...🏝
0	@nishimako_metal ペロペロペロペロペロ
1	#nowplaying きみの好きな人は無職 - Jin-Machine https://t.co/7Jlgv7fd5B
0	@nishimako_metal 去年はそんな感じですたw
0	@nishimako_metal ひたすら部屋の片付けをします😤
1	キミノテいままで飛ばしてたけどめっちゃいいな。
0	@ras_metal それは顔文字...？
0	@ras_metal 😏
0	@futsal1014 @ras_metal 🔥ʕ•ᴥ•ʔコレハカオモジファイヤー
0	RT @bii_men: 【栃木・宇都宮動物園】2014年2月に招き猫となっていた捨て猫「さんた」が園長に就任。全95種類400点の動物を飼育展示する。敷地内には遊園地もあり、観覧車やメリーゴーラウンドを楽しめる。奥には釣り天井を備える宇都宮城を再現。 https://t.co…
0	@momopug666 スパムまがい らしいです😥実際に来てないのでわからないんですがw
0	@momopug666 あー😨💦だれっすかw
0	Moonloopさんけっこうすきな感じです
-1	RT @kiri_yan: 山下達郎と山崎まさよしもたまにごっちゃになるんだけど片方が高気圧ガールを歌っていてもう片方が低気圧ボーイという曲を歌っているのはもはや手の打ちようがない
0	起きます🛏
0	いんすたのおすすめユーザーが軒並み自撮りアイコンで地獄
0	いんすたってそういうところなんですよね...(わたしはライザップみたいな写真しか上げてない)
0	@Take_raurah タケさん自撮りなんですか？w
0	@Take_raurah ナウでヤングですね☺️
0	@Take_raurah キューーート♥️😍♥️
0	RT @Nikkan_BizLine: 【無料公開】威嚇・捕獲、害獣対策に新兵器－太田精器が「モンスターウルフ」開発、大音量・LED点滅するオオカミ https://t.co/l0taaOTHC1 https://t.co/kS9NZ0rUcF
-1	スキルマのスクルージおじさん使ってたらもうほかのなに使ってもショヴォく感じちゃう...スキルマしゅごい...
0	コイン稼ぎなら ね😁スコアはやっぱマレドラ一択〜
0	RT @aoi_skmt: 琉球の猫(マヤー) 山口宗季「神猫図」18世紀、那覇市歴史博物館蔵 #きょうの猫アート https://t.co/Cad15uuIy6
1	3分クッキング久しぶりに見たけど、そのカジュアルなタイトルとかけはなれた手のかかるクッキングしてて(これぐらいするのが普通なん...？)と混乱してしもた...
0	そういえばきょうまだ街宣車通ってない
0	🚎🎌🔊
1	RT @inu__bot: 男の前でだけ「キャ～～可愛い～～～！」と寄ってくる女が主食の犬
0	家感 https://t.co/ZrHGAdCUxR
0	@bebiyamareaper きょうはそういう日かなと空気を読みましたw
0	@bebiyamareaper ごみw
0	つぐちゃん顔ちっさ！！！！！
0	岩盤浴行ってきます🚶‍♀️
0	@nishimako_metal ライブのこと入浴と呼ばせます！
0	汗かいた〜♨️これはハマる
0	ビールやアイスの誘惑を断ち切って、わたしは帰る！！
0	https://t.co/sByJg8vRKC
0	@nishimako_metal 新規ケロヨンです！よろしくお願いします！
0	@ras_metal @nishimako_metal 混浴♨️
1	ごはんを変えたら今までよりたくさん食べられることになったのでパグうれしそう☺️
0	任侠団体
0	RT @Que_so_: 福山雅治かと思った https://t.co/avhGPA25Rx
0	車両基地ええな〜🤤
1	@RrWhisky かわいくしてればもらえると思ってますw
0	@RrWhisky ほんとはあのネットを頭に巻いてほしかったんですが、普通に逃げられましたw
1	きつねめっちゃおもしろかった😁独特すぎw
1	天竺鼠の左かっこいいな
0	ロッチやっぱさいこうやな😁
0	むすめさんをくださいくださいむすめさんを！
0	🛏
0	RT @MkenmeiM: @queenmk こっちが正解 https://t.co/G4JjCd0X3H
0	わしの職場こんな感じ(゜ω゜) &gt;RT
0	コピバン即ミュート
0	わたしは人間ができていないのだ
0	#nowplaying マグロに賭けた男たち - Jin-Machine
0	らっせーら らっせーら らっせらっせらっせーら！！🐟
0	きょうあっついな😵
1	RT @ngsbiopark: 安定の行き倒れアルパカ  #寝てるだけ #日光浴 https://t.co/tmpIvF5NrL
0	電車の中でイチャこいてるカップルの脳ミソに電気流したいなんておもってないって！おもってないから！
0	@KuromasaT おもってないですから！ビリビリ
0	@KuromasaT はーい🙋
0	K列てけっこう前やな😳？？うれピヨ
0	まとまって歩いてください...
1	もしかして無免許ですか？！みたいな運転の人多い...w
0	RT @nekomata: よーし私も推しの握手会で目も合わせてくれない塩対応されたときの写真アップしちゃうぞー( ´∀｀) https://t.co/MuFRGUki9R
1	RT @sssgantan: 元同僚が風俗に行った際、背中に大きなコイの入れ墨を背負った女の子が出てきて、ドン引きしつつも傷つけないように、「魚好きなんスか？  オレも熱帯魚を飼ってるんスよ」って話しかけたエピソード、高貴すぎて何度でも語りたいし、それ以来、彼を風俗界のバロン(…
0	RT @susics2011: 喜ぶうんこをどうぞ https://t.co/pO61KKfoCf
1	RT @KAGAMI_ver2: ヤマアラシのジレンマ「お互いを温めようとすると長くて鋭いトゲがあり、近すぎるとお互いのトゲで傷つけあってしまう」を信じてたけど実際はめちゃくちゃイチャイチャしてた。 https://t.co/rsBYT36sdL
1	川の音を聞くワンワンかわいかった
0	Night Ship D (live) https://t.co/bsUEdagu9Z 旗のやつ
0	https://t.co/jpN8my2Yvm PVめっちゃかっこええ
1	RT @hellskitchen128: おはようございます。今日からヘルズキッチンの食券購入は外での購入になります。慣れないうちはバタバタしてしまうかも知れませんが宜しくお願い致します。券売機右側は「お客様へのお願い」、左側には「商品説明」を掲示しています。ご協力宜しくお願い…
0	#nowplaying ゴリラ - Jin-Machine https://t.co/T56SInUQd9
0	もうへんなビジュアル系しか聴きたくない
0	降りるんかおもたら降りんのかーい
0	あっつい
0	@Take_raurah おはようございいだます😁
0	@Take_raurah あいいだ変わらずナイイダスいいだづかいですね☺️
-1	@Take_raurah ああ😫まだまだ難しいいだ😫
0	@Take_raurah ヤッター😆
1	RT @BS_dim: 「ヤバいwwwマジ語彙力消えたwww」って言ってる人のほとんどは普段の語彙力も皆無よ。
0	@deathi69 @Take_raurah あっ...
1	なんでみんな平気な顔して上着着てるの？なんでわたしだけ半袖なの？七不思議...
1	@Take_raurah @deathi69 安定のえぇ、まぁ😆w
0	#nowplaying チャンプロード - Jin-Machine https://t.co/wmzvKhZqXD
0	チャンプロードはまじで名曲。
0	振り切れてる人ほど謙虚。不思議
0	きょうの現場 https://t.co/EGBDlHTcgb
0	貴族食 https://t.co/ht2MRSfCUH
0	@deathi69 意外に満腹です☺️
0	@deathi69 プラカップに入ったお茶とw
0	@ras_metal 暑ないんすか？！
-1	人ごみしんどいんご😑
0	およそ15000歩🚶‍♀️おつ。
-1	家の前の広場的なところで野球の熱血指導してる親子がいて出にくい
0	@meta_taro44 腰が入ってへん腰が！そんなもんで打てるかい！いうて登場しましょか🙄
0	@meta_taro44 いつの間にか親子消えました...w
1	RT @kirimi_sanrio: あぁぁぁぁぁぁぁぁぁかぜつよいいいぃぃぃぃこどものひひひひおめでとうううううう https://t.co/HU1OMZV5JC
0	メタモが出してそうなワンピース https://t.co/IEimaIplTa
0	https://t.co/ziIvjH8RVz
1	フィラリアのやつ食べさせてる間にノミのスポットすると動かなくていい。ライフハック。
0	お食事中にすみません😛
1	@jibson666 使っていいですよ☺️
1	@Lune___lml 左の奥に見えるかわいい車はなんですか？？
0	@Lune___lml チャンスがあれば産みたいですwもしかしてルネさんお手製ですか？？
0	@Lune___lml 子連れ狼www 万一産むことになったらお願いします🙇‍♀️
0	シックスデリバリー奈良福井あれば行く
0	@Lune___lml 乗せたさ先行で男児産みたいですwがんばりますw
1	@momopug666 食への意欲はホンマにすごいですよねw食べるときはなにされても動じないのが助かりますw
1	@momopug666 うわぁ...想像するだにかわいい...🤤パグって喋りますよねw
0	@momopug666 そういえば、うにゃうにゃいいながらバタバタしてるときありますwももさんの運命の子がまた待ってますよ〜🤤
1	@momopug666 お目々がおっきくて表情がコロコロ変わるところ、ピッタリですwあと、食いしん坊😆
0	山口 甲府KAZOO HALL
0	@momopug666 あ、天使...(モアシタン)
0	佐賀長崎...
0	@SACHl_5150 福井行ってからきめるお
0	ナイトスクープ🙄金曜か
0	ハブがオールド
0	@saita_hyro ありがとうございます。
0	穴から生地がはみ出るのが正解やねんで〜
0	関西はソースは基本ハケ。ハケで塗る
1	ざっくりした感じが懐が深いと感じるかがさついと感じるかはあなた次第
0	@saita_hyro は、はーい🙋(目を泳がせながら)
0	@saita_hyro ほんで、いつ呼ぶ方になると？
0	なんかおる #向こう側 https://t.co/MP8slsaTvE
0	@jilniceboxer ふむふむ🤔
0	スタバ😋 https://t.co/0XSOtn3aN1
0	埋蔵金あてたい
0	@nishimako_metal そうなんですか？！！じゃあいりません😫
0	おすしになりたい
1	RT @kumajuke: 夜光虫の動画です、いいもん見た　#夜光虫　#鎌倉　#由比ヶ浜 https://t.co/VBN3ntRXyI
1	RT @naqoyqatsi44: 石碑の裏にある国芳門人の名前一覧すごく好き。 https://t.co/C8vW5Q09EE
0	芳ほしがるな &gt;RT
1	RT @kirimi_sanrio: あ…食べてもらえて…天にのぼっていく…良かったね、かしわんこもちくん…！ https://t.co/ircLscKEpp
0	埋蔵金見つかったらおしえて
0	和牛キタ
0	ハンバーグネタ
0	きょうかみこべか...
0	ディッキ率
1	素直にお金とりよ...ていうイベントが好きな神戸市
0	@bozu_108 プロ用
0	ちん●ぽの食べログの対抗馬として、COCKPADとかどうですか
0	朝からそこそこサイテーな感じで
0	@meta_taro44 ヒッ！しゅみましぇーん😝
0	しょーもないこと言うからTouch IDがおかしなった...！
0	RT @ngsbiopark: おはようございます、連休もいよいよ最終日ですね。 「今日はもうごろごろするのだ」と言わず、お近くの動物園にお出かけしませんか？ https://t.co/7C2SSwbihM
1	アライさん...大胆...🙈
0	バスに乗っていますが、となりのオタク(幅広タイプ)はもうちょっと申し訳なさそうにしてほしい。
-1	@meta_taro44 「非常に悪い」🙄
-1	RT @UenoZooGardens: 朝です！ 上野動物園、開園です！でも眠いんです！！！ わかる～(´ω｀) ＃カバ　＃ちら　＃寝落ち　＃共感 https://t.co/9erv7Bi1LU
0	#nowplaying 44 Minutes - MEGADETH
1	ちん●こ出す人って現場に行く目的が完全に変わっちゃってるやん...
0	前にもどっかで出した人おらんかったっけw
1	おなかすいたーあたたかいものが食べたい
0	あたたたた
0	サッチャン・スカイウォーカー
0	それっぽいおじさんについて行く🚶‍♀️
0	イスなかなかわらける
0	つぐみちゃん...すてきでした...(ポックリ)
1	みんなが笑いを取りに行こうとする感じ、新しいなと思いました。
0	なんかフワフワしてる間に連休おわってもた。あした休みたい(真顔)
0	まりんちゃんの「思い出づくり」あれ一等賞🤣
1	@ras_metal いいですね〜🤣
0	ちくわ食べながら帰ります
0	@yui4yuiyui チーズ入りですけど😫ピ〜
0	@yui4yuiyui チーズを吸えば...w
0	8/19ワロスクロスねオッケー！！！！！！！！！！！！！！！！！！！
0	ワロスエックス？
-1	ドラムがレビンビンさんじゃない...すこしさみしい...
1	たまにはつめつめじゃない夏もいいじゃない
0	ヘロフェストとラウドパークが命
0	どっかのスレで見た、めぐちゃんはミステリーハンターになる説 を支持しています。
1	大胆なタイトルつけたなとおもったらカバーですた https://t.co/x6HDBQ0Voi
0	へんなビジュアル系がいっぱいでるイベント行こー夏
0	@RrWhisky ハードルをさらに上げときます😋
0	@RrWhisky ズキュン😍
0	スリッパ・ノット
0	どんな結び方なのかと
0	おや？へんなビジュアル系がいっぱいでるイベントに行ってる場合じゃないかも？チェインザロックかしら？
0	判定きびしめ実装済み
0	KUSORIPU is crime ...
0	@jibson666 OTFGK...
1	ステッカーほしいしライビュ行ってもいいなとおもたらなんばかーい むり
0	#nowplaying お料理狂想曲 - Jin-Machine https://t.co/p0ZndrNq3I
-1	RT @yayoi_yumeji: 年を取るのは怖くないし悪くない！『おしゃれなおばあさんになる本』が話題 https://t.co/JliJswH29i @shujoprimeさんから
1	連休明け、なぜか字がきれいに書けるようになった。気がする。
1	RT @tabata080948: パフチー。かわいい。 https://t.co/rsfD5TrRsk
0	ぴあから、狂ったようにX JAPAN（大阪）最速抽選のメールが入っていた（4通）
0	RT @kimu_7drummer: 先日のファイナル初台のやーつ\(⚫︎ω')/  #光るドラム #切り取る場所によって印象が違いすぎる曲 #楽器陣の発作 #ルーベラ木村動画 https://t.co/3NMMPtUUnP
0	ナイス腕！ &gt;RT
1	お顔拭く閣下かわいいです。
0	X JAPAN（大阪）最速抽選のメール、もはやスパム（5通目）
0	RT @hochi_kato: 小6だった86年。雑誌「Number」の特集「二人の三冠王・バースと落合博満」を買ってもらい、貪るように何度も読み返した。バースのサイン入りバットの懸賞に、プロ野球改革案をハガキに綴って応募したところ、当選した。おかげで野球の魔力から逃れられなく…
-1	RT @urbansea: ↓RT 私も小学の頃、女性自身か女性セブンか週刊女性かの、グレムリンのぬいぐるみプレゼントに応募したところ、残念賞で女性自身かなにかのロゴ入りパンティが送られてきて、親になんでパンティプレゼントに応募したのかと詰められました。
1	最近近所にきためっちゃデカかわいい犬ッコがなに犬か調べてたねんけど秋田っぽい。秋田はいいやつそうやから次あったらタッチしたい。柴は100パー噛まれる。柴は噛む。こわい。 https://t.co/zQ3svhrgi3
0	チャイムすきやわ...
-1	RT @3eyes_takahashi: SICK2さんのワンマンLIVEで背景になっていた絵です。 次は47都道府県ツアー、ファイナルは赤坂BLITZです。  とても楽しみですね。 https://t.co/08Zt6xZu3V
0	KILLあぼん
0	やばい https://t.co/fkNGikohqz
0	@NeRNeRerNeRest かわいい女の子が酷い目に遭います。
0	@NeRNeRerNeRest エロですね🙄しかもメンタルにくる系です...
0	@NeRNeRerNeRest 5月下旬に2巻が出るそうです！！(プチ情報)
0	@NeRNeRerNeRest ぜし！1話がどっかで無料で読めましたので、探してくださいw
-1	RT @midori_niku: ウンコ漏らしたくらいで社会的に終わるとか言えちゃうその程度の意識じゃ社会に出ても通用しないよ。
-1	くろふぇ山口やめてじんま福岡行きまーす👨‍👩‍👧‍👦シクヨロ
0	@NeRNeRerNeRest いける口ですね🤤このあとさらに四葉ちゃんがかわいそうなことに...！続きが気になってしゃーないです...
0	RT @kyoeisenpai003: 再発紙ジャケリマスター https://t.co/BnBZN5UnLJ
1	@NeRNeRerNeRest めっちゃ泣けます😭悪事の限りを尽くした悪者がコテンパンにやられるのが好きなんですが、不条理なまま終わるのが多い世の中で困ってますw
0	カレーを炊きます
0	@saita_hyro 前の日広島ですんで待ってますね☺️
0	@nabenabek @saita_hyro 6/25でっす☺️
0	@saita_hyro @nabenabek じんま行きましょ〜ゆるくて楽しいですよ☺️
0	@nabenabek @saita_hyro Jin-machineです🦍ゴリラのw
0	@nabenabek @saita_hyro ですですw
0	@saita_hyro @nabenabek ウッ、記憶が...🤢
0	@nabenabek @saita_hyro チェッ😒
-1	まりんちゃんって言いにくいこともさらっと言えそうでそういうの向いてるんじゃないかなと思ってたんだけどそうでもないのかしら
-1	ダメやなと思っても言いにくいことをふわっとはっきり言いそうやん。それだけです
1	あの子のほんわり不思議なあったかさ、わたしはすきです。シュールなのがさらによい
1	そんなわたしはきのうはつぐみちゃんを見ては始終(あぁ...あぁ...かわいい...)と声をもらしていました。キモかったとおもいます。ごめんなさい。
0	絶対レスくれた！！などと意味不明な供述をし...
1	RT @itm_nlab: 毛艶のいい、おとなしい「たわし」です  ハリネズミの代わりにたわしを展示　日立市かみね動物園のユニークすぎる展示の意図聞いた  https://t.co/5pMIpsmTNE @itm_nlabから https://t.co/s0RDZVjGfu
0	#nowplaying マグロに賭けた男たち - Jin-Machine
0	ミサって言うやつもうGOOD NIGHT
0	目の前の女子の髪がもつれてる。ほどいてあげたい。
0	内容証明 for you ...
0	RT @everset_tappun: tatsuoさん今年2本目のLIVEが決まりました👴　8月19日(土) 出演：HAKUEI / SHIN 会場：渋谷WWW X　 Vo. HAKUEI Gt. tatsuo Ba. Ni~ya（NIGHTMARE） Dr. DEATH-O…
0	聞き流すだけで英語が身につくなら、聞き流すだけで歌唱力が上がったり楽器を演奏できるようになるのでは？
1	@Kay_SuperMario そんなうまい話はないんですねw日本人は英語話すつもりないんじゃないかと思います🙄
0	@nishimako_metal なにを聞くんですかw
-1	@Kay_SuperMario こわいこわいｗきっとカイさん話しかけやすかったんですよｗこんな、ドドドマイナー公用語の（しかもそれしか通用しない）国に来てる外人さんすごいなぁと思ってます☺️
1	もっとかわいくて普通の子がいる現場行きや・・・女装といい趣味特殊すぎるやろ・・・ #チカンアカン
0	ついったーがこわれた
0	@RrWhisky えっちすぎる...😭そろそろおさめてください...
0	@nishimako_metal ついったーちゃんメンヘラ説...
0	@RrWhisky 狂頭の弾道ミサイルが～🙈
0	ワーオ！！！！！！！！！！全部行きたーい( ◠‿◠ )( ◠‿◠ )( ◠‿◠ )( ◠‿◠ )( ◠‿◠ )( ◠‿◠ )( ◠‿◠ )
0	メンバー内で組むの反則でしょとおもいつつも会いたさが勝つ。。。
1	@RrWhisky 気にはなってたんですが未経験デスwお酒割ってもよさそうですね😋ゲットしてみます！
1	やだドキドキ止まらなーい💓💓💓うれしすぎる
0	福岡がちょっとキツいのとファイナル以外は行けるな。宇都宮はお盆休み次第
0	病気がはじまった感ｗ
0	バンギャは病気
0	病 -SlCK-
1	ルミエールツムが確率アップ中とのことで開けたら小鹿でした。素直にKILL…てなりました。お昼にします。
0	なんかいろいろがんばろ☆
0	RT @susics2011: ジモコロの都道府県マスター潤　忘れた頃に更新！ 肩パット最強は青森県？ https://t.co/z92prXUEDU 絶対読んでね！ https://t.co/eWZeDJJeJS
0	日本で一番「電気シェーバーにピッタリ」な都道府県は「宮城県」に決定!? - イーアイデムの地元メディア「ジモコロ」 https://t.co/aCYvhwTPdh
0	@Kay_SuperMario ニッチｗまさにニッチｗカイさん、目立つんでしょうね・・・（褒めてる）
0	おつりゅう きりゅう みりゅう
0	RT @chinchirolyn: ラウドパークでガゼット見に来ただけでしょって女の子たちがkreatorをV系のノリで観続けててkreatorすげえって思った
0	@Kay_SuperMario ニッチな国のニッチな街の人たちにチチヤスを布教するんですね？
0	@Kay_SuperMario お正月には金粉入りのチチヤス...兄弟の契りにもチチヤス...w
0	ろくせんえんで2時間も推しのこと見てられるんだから現場って実質無料
0	見つけたとおもたらパチもんやったでござる https://t.co/hmIXsZq71O
0	@Kay_SuperMario USC！w わたしはどっち系でもありません🤤
0	@RrWhisky あ、あなたは...2つの食感ソーダゼリーマスター...！！
-1	@Kay_SuperMario 厳つい猛者wwwヒーこわいこわい🙈国歌も作りましょう！
1	RT @sumokyokai: ＜大相撲五月場所＞公式グッズ売店では、横綱ブランケットセットが新発売！セットで2,500円です。写真は天風。https://t.co/vaCFTx4jRp #sumo https://t.co/4I1pimErmy
0	@Kay_SuperMario もういつでも開けますねｗ
0	@RrWhisky いえ、なにも見えませんでした🤕
1	@Kay_SuperMario 深いいだ・・・
0	RT @crinuma: 飛騨のキツネ人間最中 https://t.co/V9CcKciL4D
0	@saita_hyro しないと思います...🤣チェキとかはないですけどオタ芸はあります！
0	ダイドーの自販機がないw
1	@saita_hyro 前日とかで大丈夫だとおもいます😭ジャージャー！
0	笑うとこじゃないのはわかってるねんけど、ニュースとかで「任侠団体」と聞くとフフッてなってしまう。
0	みきちゃんはアナウンサーになりそう
0	呪いはなかなかとけないものよ
0	@zze1231 あの日のセミ...
0	@zze1231 はい...😔
0	旅行で香川行く日ちょうど高松でびsある🙄いきてぇ
1	RT @itm_nlab: そのビニール袋はなんなんだ  楽天からナナメ上すぎる球団公式キャラ誕生　ただのおじさんにしか見えない「クロワシさん」 - ねとらぼ https://t.co/JTkHwWIiN6 @itm_nlabから https://t.co/oJDg3Ah0MK
1	クッサクサでよい https://t.co/Ku73M414Jo https://t.co/xoFKB58UmF
-1	7月休みエグいけど、しゅみましぇんテヘペロで休もうね
0	@ras_metal どうでしょうね〜
0	絶頂バーベキュー
0	5月の、人前で口に出すのは憚られるから黙ってるけど密かにツボってるワード 「任侠団体」「絶頂バーベキュー」
-1	ギリギリでいつも生きていたいから...
0	#nowplaying キミノテ - Jin-Machine https://t.co/uPyfTkszJA
-1	おじさんになったら近所のこ汚い喫茶店でモーニングしたいエブリデイ
0	@RrWhisky 床がヤニでネチャネチャする喫茶店でぺらっぺらのホットケーキ食べたいです🤤
1	@RrWhisky フゥ～↺いい時代ですね・・・
0	@RrWhisky ゴクリ・・・😶（扇ぐ係に立候補）
1	RT @kiyotakakomori: ブクガのアンコール求めるヲタの手拍子、七拍子（笑）なのに四拍子で「あおい〜！あおい〜！」とか叫ぶ人がいるので、とてつもないポリリズムを形成する　やばい
0	四の五の言わずに即ミュート
1	RT @daifukushorin: 教えてもらったチベットの手織りじゅうたん「タイガーラグ」が、かわゆくてドストライク。#世界のじゅうたん https://t.co/mh0GaCHWQr
1	猛獣でいちばんすきなのはトラ。造形のバランスがいい。
1	@nishimako_metal 個人的に、走るの速い系は顔がちっさすぎるんですよね・・・
0	阪神タイガースの刷り込みか・・・
0	@nishimako_metal ずんぐりむっくりがすきなのでｗ
0	I'm Su-metal! Which member of @BABYMETAL_JAPAN are you? Take the quiz! https://t.co/dJn6WW8Lka スメタァ！！
1	RT @japaaan_com: 鹿児島の人はネコが好き？ 霧島神宮「無病（六猫）守」と猫を祀る仙巌園「猫神神社」｜Japaaan https://t.co/72DDOYb2kg #猫 #ペット #cat #ネコ #神社 #鹿児島県 #九州 #旅行 https://t.co/h…
0	RT @twi_yon: 【MEXIMEXI MEXICO　B面】大川ぶくぶ 『ハニカムチャッカ』 https://t.co/yARi1tsmMb #ツイ4 https://t.co/x1WdlzBWTp
1	宇宙から来た　穏やかなゴリラ
0	RT @togenkyoo: ペットを飼っている気分になれるマシーンを作りました https://t.co/Coh7g3ciqe https://t.co/rnZoEP3AoZ
0	3日かかっても組み戻しされてないってヤバないこのご時世？担当者が月1出社かなにか？
0	あった😄 https://t.co/S6xjOiCbCV
0	色 https://t.co/bocLfkg1EF
1	満腹感がすごい🤗
-1	@RrWhisky 童心にもどりますねｗ振りが甘くて喉つめそうになったので、次はしっかり10回振ります😁
0	@nishimako_metal 藻の色でしたｗ
0	RT @DogScratchFever: 本日付の日経MJより。 うんこちんちん原理主義… https://t.co/aZfDQS6Q5L
0	「うんこちんちん原理主義」の語呂よすぎやん
0	おすぎとピーコ #猫を二匹飼うなら名前は
0	@deathi69 🤔？
0	@nishimako_metal @deathi69 🙄
0	@momopug666 @deathi69 🙄？
0	@deathi69 @momopug666 ユミとアミ
0	@momopug666 @deathi69 実は若いんですからね！
0	@momopug666 @deathi69 写真見てもわかりませんでしたw
0	大型犬のストレスうんぬんはしらんけど、小型犬のしつけのなってなさはよく感じる。うちの子犬好きちゃうねん...てなるのはたいていあのモコモコかセレブが小脇にかかえてるあの犬。
1	昔近所にいたグレートピレニーズやゴールデンは先代パグと仲よかったし、イヌチャンによるんでしょうね。
0	@RrWhisky ジョゼ・・・w
-1	RT @aoi_skmt: アラン・ドロンと猫 (ルネ・クレマン監督「危険がいっぱい」1964) #きょうの猫アート https://t.co/EGNQNuFRrH
0	あしたもう木曜やーん😄
-1	なんや当選確率UP券て...うさんくさッ...(2枚もらってたヨ)
0	どういうことや https://t.co/k7EV0kz0Ux
1	いいにっこり https://t.co/xa3UjavBkt
0	めじ活休やと〜
0	なんか噛み合わせがへん😑なんやろ
1	RT @hakoniwa6: 元ネタがわからないがために面白さを理解することができなかったギャグやパロディーに当たるたび、某アニメで某出っ歯が語った「笑うという行為にはそれなりの知識と教養が必要」って言葉を噛み締めて悔しくなる。己の無教養が原因で正確に相手の意図を受け取れないっ…
0	サイコのツアー福岡か仙台しか行けないやん😂実質行けないやん😂
0	ヘロフェストからファイナル回すしか・・・
0	ドッペルゲンガー見たいけどにーやさん蹴ってまでではない😂
0	氣志團万博のOAやばい
0	出るならぐれちゃんかな？しかし貨物は休止発表してないな？
0	Iやないlや
0	おしり拭きTL
0	@nishimako_metal ｿﾜｿﾜ・・・
0	@ras_metal で、どうでした？
0	@ras_metal で、で、？ﾜｸﾜｸ
0	@ras_metal やったんですねｗ
0	@ras_metal ガーサス！！ｗ
0	@ras_metal ひゃーーー！！ワロタｗ
0	RT @tatuya01: いつもの猫じゃらしじゃない～ https://t.co/T3voRMuFpR
1	余計なお世話だとは承知してますが、メンバー内でそんな格差あったらうまくいくもんもうまくいかんやろと・・・おもいます・・・お遊びのユニットならまだしも他のメンバーそれしかないんやろ・・・？ほんまに バンド やりたいん・・・？て聞きたくなっちゃう。
0	きらいとかじゃないのよ。ちょっと引っかかるだけなのよ。
-1	RT @ShapeistLeben: 鬼のように厳しいシェフに矢継ぎ早に指示出されて半ばヤケクソのようにみんなで「ウィ、シェフ！！」って叫ぶだけの役がやりたい。「エビはどうした！エーゲ海まで釣りに行ってるのか？！」って言われたら「あと30秒です！」って言います #大人のキッザニア
0	RT @_VivalaRaza_: 里山で「違う」と言いながら次々に焼き上がった茶碗を割るのを、見守るスーツを着た大勢の大人たちに「先生」と呼ばれながら止められたい #大人のキッザニア
0	俺おたくだけど相手失神する勢いで殴るし、中学の時は童貞だからって理由でイジメられたけど普通にテニス部でイケメンの友達いたよ。 今は手懐けてるけどね。 https://t.co/97KVgwvE0X
0	@nabenabek 今は手懐けてるけどね（ﾄﾞﾔｧ）
1	@nabenabek 俺おたくだけどめっちゃ強いし
0	@nabenabek クレイジーｗ
0	@nabenabek それ最高の誉め言葉（ﾜﾗ
0	@nabenabek ブームきてますねｗ
0	@nabenabek どんどん進化させていきましょう💪
0	@nabenabek ナウい！
0	オッケーグーグル、パイセンの舌打ちをやめさせる方法教えて！
-1	RT @kirimi_sanrio: しょうじき見たくなかった…しょにちそくほう…あ…！！７位だぁぁぁぁぁ…！！！！ありがとう…パタリ…これからも毎日とうひょう…してね…！わたしたちの…つらいたたかいはつづく…これからも… https://t.co/RUKUV3Vhtf
0	RT @gakkari_club: Bluetoothでスマホに接続して「あの人バナナで電話してる!!カッコいい!!」ってなる夢のバナナフォン $40 https://t.co/rRVIXzIlYa
0	RT @2525pakapaka: あなたが落としたのは 金のB'z the best Pleasureですか それとも 銀のB'z the best Treasureですか
0	https://t.co/t9bGKTNLNk #サンリオキャラクター大賞
0	#nowplaying [6]Party - Megaromania ほう
1	オリエン当選見ると行きたくなるけどがまんじゃ...わたしにはたのしいサマーが待っている...
0	ポツネンさんやるんや・・・東京・・・ウーン・・・
1	RT @feat16kakka: ジャパメタって、(・∀・)ｲｲ!! たまらん！！  メタルTシャツってわくわくする  正直ほしいぜ、JupiterTシャツとZIN Tシャツ  たまらん。 あったまならわかってくれるのかなぁ…
0	RT @ZIN_official: Tシャツ｢THIS IS ZIN｣  着るか 着ないか 答えはもう決まっているはずだ！ https://t.co/qkvH8UbIYL
0	これかw &gt;RT
0	&gt;着るか &gt;着ないか &gt;答えはもう決まっているはずだ！
0	Jupiter聴いてみよ
1	緑の瞳きれいなぁ😍緑なら来世人間でもいいわがんばれる
0	@RrWhisky 😭
1	おでんつついたりおしり出したりたのしそうやな🙄
-1	なんでTwitterって自撮りに厳しいの？ | オモコロ https://t.co/5Zt90sPU8F これすき
0	カックロブームは一瞬でおわった
0	金曜日ですよ 金曜日ですね
0	結局割れ顎オールバックおにいさんが1つ出ただけですた...確率アップとは...
0	職場のサーバーがゴールデンウィクにはいりました😇
1	インターネットはできる。よかったね。
0	相手様と連絡が取れていない てどうせ1日1回しか電話しないとか事務員じゃだめとかそういう感じのやつやろ〜
0	RT @captainKanpachi: ワッチ中のカンパチ https://t.co/8M1jIWjdUv
0	RT @OrenosukinaGIF: #オレの好きなGIF https://t.co/ZYH9xqnC72
1	秋物かわいすぎる動悸がするほどかわいい
0	アカン決められん・・・ちょっと仕事しよ・・・
0	RT @koyapu: 「お母さん」の絵を描くときに ついつい左のような感じで描いてしまうんですが そろそろ右のような感じにアップデートしないとマズイのかもしれません https://t.co/BZSDQnZp6P
0	RT @aoi_skmt: #看護の日 どうぞお大事に・・・。ヘレナ・マグワイアの絵葉書、19世紀末〜20世紀初頭 #きょうの猫アート https://t.co/3pKCk3XUvB
0	RT @OrenosukinaGIF: #オレの好きなGIF https://t.co/wk5k68FfI0
1	@RrWhisky 狂頭がはやく元気になりますように☺️ By. エセフィーヌ https://t.co/fxNg85PyRU
0	@RrWhisky ムム・・・探しておきます😂
0	花火したい花火
0	@RrWhisky 😂 https://t.co/y0qEZdeE9d
0	@RrWhisky ヤクルト飲んで整えときます☺️
0	FCからえ+でエントリーするやつ、何回も言ってるけど、いいかげんえ+のIDと連携させて・・・あとちょんちょんちょんってなるやつで複数エントリーさせて・・・
0	回数あるったってみんなどうせ回るんだろうから取れないところが出てくる可能性
0	ガリガリガリガリクソン
0	カウンターでとなりがクチャラー #地獄
0	@nishimako_metal しかも断続的なやつですw
0	@timcus7 満席DEATH！
-1	@zze1231 つらぁ😭
0	一応いうときます、取れませんでした
0	しかも口に含むときにハフッていうタイプ...w
0	@nishimako_metal そうするのもわかります😭
0	赤当たってるからまだアレやけど...今回ひどいな...すごい人気やで...
1	閣下がいうならもっかいあいりん見に行ってもいいかな...
0	げきろっくいのち！！！！みたいなキッズと、古株っぽいオバハンの勢いに圧倒されたけどたしかにたのしかったもんな
0	RT @OrenosukinaGIF: #オレの好きなGIF https://t.co/sf5JUXe3NA
0	RT @puchikotei: 源氏パイ！おまえ源氏パイやないかい！ https://t.co/tkdOtugW30
0	RT @apollonmusic: ギター、ベースって結構重いから肩にくる。。ってんで、ストラップに装着するとマッサージ効果があるというパッド！？【あぽろん長岡店】 https://t.co/ZOrGXpPvYx
1	RT @kyoryu_kuramo: お母さんの特徴よく捉えているね。 https://t.co/el8wPuL975
0	ガリちゃんがちょっとるかさんに見えた
0	RT @sonohenno81818: 駆け出しメタラー ← 一番楽しい時期 イキりメタラー ← メタルは最強と狂信する時期 さとりメタラー ← メタルは最強でないと気付く時期 偏屈メタラー ← 何を聴いても否定的になる時期 老害メタラー ← くさい
-1	「くさい」
0	きょうは土曜日の模範解答のようななんもしない1日でした。ビールうめめめめ
1	じゅぴたーのベースの人普通にかわいいな
0	Bブロックレベル高い
0	宙 宙 宙
0	宙宙宙
0	じゃきがんの告知のテンションわらう‼︎めっちゃハイやん‼︎わかるけど
0	Megaromania - Spell of Mystery-Geniro Rasen- (-幻色螺旋-) [LIVE] https://t.co/v4dagDVfqv
1	思い出して聴いてみたら（りんごミュージックにあったから）メガロやっぱよかったよという話。つべのは音やばいけど
-1	チワワがころっころに太って足が短く見えるだけなのか、足が短いのが混じってるコなのか、とりあえずカワイイのが前を歩いている☺️
1	早すぎた...🙄
0	母の日ギフトをゲット。ナイス時間の使い方。
0	本日こちら https://t.co/YHpASAEHHz
0	客入れガンズさん
0	2階開いてるのめっちゃ久しぶりに見た
1	男子めっちゃおる。すごい
0	ビジュアル系でいまだかつて見たことがない(個人的に)量の男子
0	@jibson666 はーい🙋
0	Nightrain 〜
0	@ksm10620 そうなんですね〜楽しみです🙋
1	パンパンのヴァリっと、ないとめあも通った道かと思うと胸が熱い。
0	わたし行ってないけどw
1	すごかった。華がすごかった。華がありあまるメタル。すばらしいです。
0	ドラムの人見えへんくて、わたしが知らんだけでいつの間にか抜けてたんかな...セット置いてあるけど打ち込みかな...ていうぐらいタイト。すごい。
1	なんせドラムがすごい。あと男子の無臭具合もすごかった。
0	@_masa13 ぜひ現場行ってみてください〜！
0	ベースの人が少女漫画に出てきそうなビジュアルでびっくりしました。
1	あんなこざっぱりしたビジュアルのメタルバンドありかよ...いやホンマにすばらしかった。来月も行こ🤤
0	@chako_berry け、検索してみてください🙈テレテレ
1	教授呼びはおもしろかったw
1	@chako_berry キャー😍😍😍ほどよく華奢でとてもよいですよ！あと、ものすごいゲーマーだそうです。笑
0	生まれて初めて物販で「おまんじゅうください！」て言いました https://t.co/F0z0doza7v
1	@chako_berry 個人的にめっちゃちょうどいいカラダでした。笑 気づいたらイケメンに育っていた幼なじみでもいいと思います🙈
0	@uzyadachi はい、おまんじゅう(抹茶)です。笑
0	このときぜんぜんピンとこんかったのに。わたしがクソギャすぎたからかしら🙄 https://t.co/RLBIA4cvgh
0	@chako_berry ぜひ生で見てオーラを感じてみてください🙈ウフフってなりますw
0	@uzyadachi おお😫この先もまだまだなんかあるらしいので、都合がつけばぜひ！そしておまんじゅうもゲットしてくださいw
0	@uzyadachi おまんじゅう画像待ってますw
0	むかし、新快速で座って膝に荷物乗せてその上に顔のせてがっつり寝てたら、隣に立ってるおじさんにめっちゃ指を触られてたことがあります。世の中にはいろんな趣味があるんだなっておもいましたね。
0	ちなみに、東京から18きっぷで帰る途中ですた。笑
0	@RrWhisky 言われてみれば...🤔
0	@ras_metal 握りしめて寝てましたw
0	あとは真冬に、向かいからチャリできたヤングに、ウェーイ的なノリで胸タッチされたこともあったなぁ...なんかごめんな...てなった。
0	@ras_metal わたしは鳥貴族...
0	@RrWhisky ああ狂頭が...🚓お盆までには帰ってきてくださいネ...😢
1	@jibson666 寝台いいっすね〜乗りたいとおもいつつなかなか機会がないままです😭
-1	@ras_metal むずかしそうなので平民にしときますw
0	@ras_metal しどい😭
0	@NeRNeRerNeRest わたしもそこモヤっとしてるんですwいっそ手握るぐらいしてほしかったですw
0	@ras_metal 👮タイーホ
1	摩オペがものすごく新鮮に映ったのは、品の良さと闇の薄さにあるのではないかと思い至りました〜
1	ドラムすげぇ！てなったのはデスゲイズ以来ですかな。あそこはギターもすごかったけど。
0	@Kay_SuperMario アカーン😫わたしが捕まります...
0	@NeRNeRerNeRest たしか、中指と薬指の間におじさんの指がはさまってました😤あれは常習犯ですよたぶん。
1	@Kay_SuperMario まだ痴女ではなさそうです...知らんけど...w おじさんのタイプの指だったんでしょうかね...世間は広い...
0	@ras_metal @NeRNeRerNeRest 目覚めないで！w
0	@Kay_SuperMario 気合い入れて指毛の処理しときますw
0	@jibson666 そうなんですね〜サンライズ的なやつかと思いました🙄わたしにも10時間かけて移動する時間と体力が有り余ってたピチピチ女子大生時代があったんです。
1	@Kay_SuperMario どっちも行けません😭確実なのはラウパですかねw
-1	あとはライズインリベリオンと傘としっくすを見たいぞ〜必ず〜
0	チャウチャウちゃうんちゃう？
0	#nowplaying ICARUS - 摩天楼オペラ この曲すき https://t.co/8AC8MgPFO5
1	数こなすのがえらいとかではなく、見える世界は変わってくるよねとおもう。ので、これからもなるべくいろんな現場に足を運びたいです。
0	相対的にではなく絶対的に
0	シャインオンこっぱずかしいなw
1	@RrWhisky 釈放されたんですねｗきょうはいい仕事ありましたか？
0	@ras_metal OPPAI！
1	だからどうということではなく人生の豊かさ的な。発信や交流はそんなに求めてないので完全に自己満足の話ですわ。
0	@RrWhisky 熱中症にご注意～ https://t.co/F9nFA0UYro
1	パイセンにCtrl+Vを完全否定された・・・うーん
1	ワードの使い方について熱心に指導されたけどこればっかりは口答えしてしまった・・・スマン・・・
0	@timcus7 パイセンはそれでやってるみたいですよ。別におんなじことなのに…ｗ
0	@RrWhisky ﾌﾟﾝｽｶﾌﾟﾝｽｶ！！
0	@nishimako_metal ポックリ・・・
0	@timcus7 なんかようわからん理屈でしたわ・・・
0	@timcus7 なんですかソレ？？！ｗ
0	職場の人間関係は好きとか嫌いは言いっこなしですが、ああはなるまいと日々おもってる。舌打ちは普通にアカンとおもうで！！
0	わたしに対してじゃないですよ。たぶん。
-1	前の職場でも息を吐くように「あーしんど」て漏らすおじさんがいたので、騒音発生人はどの職場にも必ずいるってことや。覚えとこな。
1	RT @hyenasclubs: 【新しい記事を公開しました！】 電話番号の語呂が合ってない選手権　パート4 https://t.co/qlmYARps1d  スマホで検索すればすぐじゃん、と思いつつもまだまだニーズのある「電話番号の語呂合わせ」。お店、病院、相談ダイヤル等様々…
0	RT @ngsbiopark: こんにちは😃ニタモノ夫婦？モモとデメタ。#寝相が一緒 https://t.co/zMdIWY6rvS
0	鋼鉄祭の4日目いきたいナ・・・
-1	@sasyamedama 舌打ち、ダメ、ゼッタイ。笑
0	RT @wkd21: ユミさん https://t.co/13Gfpaaim8
0	@sasyamedama 闘いましょう💪🔥
0	@nishimako_metal @sasyamedama キーボード 「ッターン！！」も！
0	宇都宮から大阪はバスあるんや。帰りはそれかな。おしり割れそう。
0	@meta_taro44 つるつるにしてください！！
0	@meta_taro44 ぺろーん
0	@meta_taro44 ﾀｲｰﾎ
0	@tk_lime あああああああわかります！！ここは家ちゃうねんぞ！！系ですねｗ
0	サークル仕切り厨とマナー厨をおんなじ檻に入れて観察したい
0	@tk_lime 1回やってみてください・・・ｗ
0	マナー厨とバンギャルを檻に入れて戦わせたい
-1	@tk_lime どうしても伝えたいアツい思いがきっとおありなんでしょうね・・・ほんと、なんで人が不快になるかもと思わないんでしょうね・・・ああはなるまい・・・
1	@tk_lime 病院に行かれた方がいいかもしれませんよ・・・
-1	札幌から仙台めちゃくちゃ遠いﾜﾛﾀ
0	まじだよ
0	こういうやばい行程こそ、遠征BBAの腕が鳴るぜ～
0	@tk_lime さっき確認したら、わたしも割れてました・・・こわ・・・
0	ミサ？？！え、この夏ミサがあるんですか？！わたしキツネ祭りしか知らないんですけど！？
1	そのへん大事にしよな。大事やで。
0	@ras_metal @tk_lime いくとこまでいってみよかな～と・・・おしり・・・
0	@timcus7 行きたいDEATH！
0	@timcus7 @ras_metal @tk_lime 続々と宇都宮情報が・・・ｗ遠征がギッチギチに詰まってる時期で節約したいのと、お盆休みなんで次の日は寝てればいいだけなんで、こわいもの見たさに乗ってみますｗあざます～！
0	@timcus7 @tk_lime おさわりまん！！
0	角田も行きたいしヘルズキッチンも行きたい。
0	@KuromasaT 間に合ってまーす🤗
0	☺️ https://t.co/IHmLzMbe89
1	@nishimako_metal はい、ロングシッポパンダです☺️
-1	ちくわちゃんのんほっすぃ〜😭
0	@RrWhisky あっ、BBQおじさんダ👧！！
0	@RrWhisky も〜🐮やだ〜🙈
0	@RrWhisky あんなに刺したのは後にも先にもあの時だけですw🗡🗡🗡
0	めっちゃほしい😲 https://t.co/ZKQVHSEsWH
1	RT @Xmas_Eileen: パフォーマーさんの似顔絵日記企画 ☻友達100人出来るかな？☻ 36) #Jin_Machine #閣下 さん 先日の仙台公演に遊びに来てくれた閣下さん！ 気さくで超ジェントルマンでした☆面白カッコいいビジュアルバンドさん、いつか共演させていた…
0	RT @OrenosukinaGIF: #オレの好きなGIF https://t.co/IZCeYYNYTi
-1	さむいな モーニン
0	https://t.co/4Qf4j9Mmbp
1	Excaliburもいいな。言葉のパワーがすごい。
0	@nishimako_metal 獅子丸ペロペロ🤤💦
0	若さにしか価値のない人間になるのはいやだね。知らんけど。
1	プリンおいしいです
0	RT @tabata080948: やわらか～ン。アスパう。 https://t.co/RfZoQ7SvxF
0	RT @eiga_natalie: 「メッセージ」監督が語る、宇宙船デザインは「ばかうけに影響受けた」 https://t.co/7yYAbNk670 https://t.co/1I7Xui4mvT
0	まおぺのメンバーも山ちゃん行ったて言ってたナ🤣
0	電車が揺れるたびフラフラ当たってくるオジさんもう GOOD NIGHT
0	@RrWhisky ウッ...🙉
1	@RrWhisky おいちゃん😭よかったらうちでご飯食べてってください😭
-1	扁桃腺から不穏な痛み...きたなジョセフィーヌ...
0	@RrWhisky カステラ1番 電話は2番...w 取り立てと勘違いしてしまいそうなので、平服でお越しください🙇‍♀️🙇
0	@RrWhisky 近所のローカル線駅に看板が出ているのですw👯‍♂️
1	@RrWhisky ペインキラーみたいでかっこいいですね🤤
0	主戦場がおやすみになって気ぃ抜けてめちゃくちゃ太って、関取みたいだったJCのときぐらい体重あるからいまわたし実質JC
0	いやなんかJCのときに学校帰りにコープさんのレジ並んでるときに後ろを通り抜けてったお兄さんにおしり握られたの思い出してサ
0	この辺の話は何回かしてます
0	にーやさんセミヌード釣られたはずかしい🙈
0	ハンバーグだけ見て https://t.co/OGUVXvlFrD
0	@Take_raurah そう言ってもらうらいたかったんです！w あざます😋
0	@ras_metal ラーパイもまだまだですな😏
0	@nishimako_metal レッサーパンダのお箸置きですw
1	@chako_berry 美味しかったです😋アザマス！
0	@Take_raurah らうちゃん
1	@Take_raurah 言ってみたかったんですwおいしかったデース😋
0	@ras_metal 満たされてるってことじゃないですか？
0	@Take_raurah ただのマヨネーズですwなんだか恥ずかしいいだ🙈
1	@Take_raurah それはそれでおいしそうですね🤤お野菜につけましたけどw
0	@Take_raurah 想像するとまたお腹すいてきました🤤
1	@ras_metal オッパイばかりはわたしにはどうしようもないので、一緒に祈りますね😭
1	手羽先で思い出したけど、ハイチュウが好きなのだれやっけw
0	@Kay_SuperMario おちょぼ口なんで...😗w
0	@Kay_SuperMario いつかわらじみたいなのを焼いてみたいです！w キロってwファイターですやんw
0	@meta_taro44 @Take_raurah らうちゃん
0	@Kay_SuperMario のどごしwwつよいwww ウチは貧しいのでトマトケチャップとソースに汁入れてます😢女子力と見せかけて、1人で生きていくための準備ですw
0	@Kay_SuperMario わたしも寮に入れてください！ママの味作りますから！！
0	RT @onodocomo: Manowarによる、メタラーのための痴漢冤罪回避講座 https://t.co/h09b1uJEbt
0	チェキ系のインストがあれば一緒にマノウォー・サインしたい。
1	@Kay_SuperMario 愉快な仲間と明るい老後！！わたしが寮母になったら、気に入らない人にはお味噌汁濃いめにしますけど大丈夫ですか？
0	@deathi69 エロ・フォース・ワンで持っていきます✈️
1	@Kay_SuperMario @ras_metal 鉄の掟がw これなら女子メタラーも安心🤗
0	@deathi69 ジョセフィーヌに装着しますか？
0	@Kay_SuperMario 需要アリアリですよ😂
0	@deathi69 https://t.co/p0Jrh3wspO
0	わたしも意見交換会に参加したいです。
0	@ras_metal がんばってください。
0	@jilniceboxer 足らしました…おはようございます😀
1	@Kay_SuperMario ひらめき力がすごいですw
0	婚約 の 予定 てなんかおかしいなとおもったw
0	@coolmyu おkです！誘われたらお声かけますねw
1	@Kay_SuperMario 皇族に生まれなくてよかった瞬間ナンバーワンですね😂
0	@Kay_SuperMario ハンバーグののどごしを語る！て騒がれますねw めくらましの報道なんでしょうけど、なんだか〜😒
0	#nowplaying マグロに賭けた男たち - Jin-Machine
0	結局きょうの物販は行ってからのおたのしみのまま？笑
-1	@Kay_SuperMario ほんとに🙄今さらなにを報道しててもうさんくさいですけどｗ
0	根がケチなので、味のないハンバーグは幾度となく経験しました。いまは、自分が思ってるよりちょっと強めに振る という塩加減におちつきました。量れよ。
1	@Kay_SuperMario うまい！山田くん、カイさんに持ってって！
0	@Kay_SuperMario （ポックリ）
1	@Kay_SuperMario 遠征で不在がちですけどいいですか…？
0	@Kay_SuperMario 永遠の15歳ですから・・・ｗ
0	@RrWhisky ぜひお願いします！特にキン○マーニの方を・・・
0	@Kay_SuperMario 寮母の証として受け継がれるわけですね・・・
0	@RrWhisky ママが教えてくれなかったんですもの…ﾓｼﾞﾓｼﾞ 時間に追われながら焼くのでだいたいコげます・・・
0	@Kay_SuperMario コンナカワイイバンギャギャ・・・オデ、シラナイ・・・ミタコト、ナイ・・・
0	@Kay_SuperMario バンギャギャ・・・ｗ
0	@RrWhisky あざます～！これでガッチリ掴めそうです🤣
1	@Kay_SuperMario V字ヘドバンじゃないからアレなんですけどすぅちゃんかわいいからアリです！！
-1	@RrWhisky ﾌﾑﾌﾑ( ..)φ パン粉が少なすぎてヘンなことになったこともあります…どうせ自分で食べるし多少の見た目は～てなっちゃうんで、その考えをなんとかしないとモテないですねｗ
1	@Kay_SuperMario かわいいDEATH・・・そして品がすごい・・・
1	@RrWhisky ワイルドｗ次回は繊細な面を見せつけます！！
0	MEGA DETH
-1	ダッサ！！！！（褒めてる）
0	アンスラさんのジョーズTはほしいな・・・
0	RT @gorisusikana: ゴリラだけじゃ埒があかないね  #悲しみゴリラ川柳 https://t.co/bFfKcqc15o
0	柏とれんかったﾁｰﾝ
-1	いちばんこわかった仙台は取れたのに・・・これだから都会人は・・・ﾌﾞﾂﾌﾞﾂ
-1	@Kay_SuperMario こんなん生で見たら魂抜かれますって・・・
0	じゃあ鋼鉄祭4日目いく？？？！
0	@Kay_SuperMario (ﾟｰﾟ)(｡_｡)(ﾟ-ﾟ)(｡_｡)ｳﾝｳﾝ
0	@nishimako_metal オペっちゃうカモ・・・？
0	@Kay_SuperMario (ﾟｰﾟ)(｡_｡)(ﾟ-ﾟ)(｡_｡)ｳﾝｳﾝ　次はいつになるやら・・・
0	目薬のふたがどっかいったウーマン
1	@Kay_SuperMario あ、重音部ですかｗわたしは赤のチケットもってますんで…😏ﾄﾞﾔ
1	@Kay_SuperMario いいなぁ😂
0	パラリガールw
0	名古屋も落ちてた🙃🙂🙃🙂
1	大人気か！
1	うっかりへんな添付開いちゃう人は吊るし上げでよいでしょう。社内レベルでいいので。
0	マクドなうなんですが、うしろでならんでる母娘っぽい2人組のお母さんぽい方の女性が、席を確保しに行った娘さんぽい女性に「あんた飲みもんは？ソフトクリームでええのんか？」て聞いてたのが印象的でした。
0	@nabenabek なるほどww
0	@nabenabek ああ、飲むんか〜とおもてしまいましたw
0	@nabenabek ワロタw名言ですねw
1	@nabenabek @nishimako_metal ああ、ソフトクリーム(だけで)ええの？ですね！正解見守ればよかった...
0	@nishimako_metal @nabenabek 似たり寄ったりな人ばっかりなんでw
0	@Kay_SuperMario 注文しないでくださいw
0	桜島GO
0	アンスラさんには間に合う
1	@nabenabek @nishimako_metal 裏ダブルチーズバーガーおいしかったです！！！！😋💦
1	@Kay_SuperMario なんかカワイイエピソードwキッズの目にはカイさんは王様かなにかに映ったのはことでしょう😆コーラ味シェイクいいですねw
-1	@Kay_SuperMario ふた昔前ならよく遊んでくれる近所のオニーサン枠ですよね〜世知辛い😔
0	環状線WOD
1	JRから出なくていいのありがたい。
0	あ乗り換えわすれとった
0	バスドラが メガ デス
0	https://t.co/MImVPHvt6j
1	アンスラさんたのしかった！！
1	@meta_taro44 ワロタwたのしかったですね☺️
0	ちなみにリングは売り切れですw
0	@TB8Invader 社会科見学に来ました😁メガデスさんのお顔Tも捨てがたかったんですが、アンスラさんのジョーズTをゲットしましたヨ〜！個人的には「メガ デス」リングがオヌヌメですw
1	この曲かっこいいどなた？？
-1	@TB8Invader 背中真っ黒ですが、セレクトショップで買ったていで着るので問題ないです！w
1	途中で抜けてきてしまったけど、メガデスさんもたのしかった！オープニングのアニメーションでだいぶんウオオオオてなったワ😆
0	@chako_berry おつありです☺️ちゃこさん、ぜひ メガ デス リングを手に入れてくださいね！！
0	RT @kazuyahkd: ハワイのATM。 思うよ。 https://t.co/NVLI6RZHFl
-1	ザクザクのギターは耳に入ると理屈抜きにウオオオオてなる。不思議。
0	@chako_berry 吉報をお待ちします😆💍 アレはナイスですねぇ〜！
0	「キミらはこの曲知ってる？？！」ウオオオオ！！「俺も知ってるで！(ドヤ」
1	アンスラさんのドロップは両脇の人がライトの加減で立体に見えて素敵だった！
1	@RrWhisky あのドロップめっちゃかっこいいですよね😆HELLOFEST用にあんなん作ってください😆
0	@RrWhisky 伝統工芸感🤣
0	https://t.co/9U6m4aYHvx
1	いいハコですた https://t.co/5zUy8aZKUv
1	アクセスもよいしハコの中の動線もよいですです。
0	ですです
0	寝な😑
0	#nowplaying Indians - Anthrax https://t.co/SnHzAul5A3
0	RT @ngsbiopark: おはようございます、朝ごはんの時間だよ〜 https://t.co/grNkwUVYkN
0	さっちゃんさんが亡くなった死因は犬と遊んだからです。  https://t.co/32EGKOOMWU ワンチャン・・・
-1	@zero_0403 こんにちは。検索から失礼します。 こちらの柏公演のチケットを1枚お譲りしていただきたくリプさせていただきました。 お返事は急ぎませんので、可否をお伝えいただけたらと思います。よろしくお願いします。
1	人がせっかく教えてくれてるのにそれ撥ね退けて、そんな調子じゃだれも寄ってこなくなるﾀﾞﾛﾜｲﾖ。完全に自己責任やん。
0	だれも教えてくれんから気付けないんじゃないんやん。
-1	D見られる連携ｗおーこわｗ
-1	@RrWhisky やましいことがなさすぎて逆にはずかしいです🙈
0	@RrWhisky デパカイください！！！！！！！！！
0	RT @another_tokyo: 新橋の「かがや」は狂気に充ちた居酒屋だ。客が入店するたび、マスターはアンパンマンマーチを歌う。満面の笑みで歌いきるとリモコン式アンパンマンでおしぼりを運ぶ。客がくるたび、毎回やる。絶対やる https://t.co/XFpYEVDJa1 h…
1	RT @another_tokyo: 新橋のかがやは狂気に充ちた居酒屋だ。料理コース名がすべてセリフ。「あーやっと仕事終わった。おなかペコペコなんだ。おいしいもん食べさせてよ、お願い」って具合。心をこめて読まないとやり直しだ  https://t.co/XFpYEVDJa1 h…
0	@RrWhisky デバガメ https://t.co/xkSGjm8edh
0	チョーいきたいｗｗｗ &gt;RT
0	@nishimako_metal ごはんのためなら・・・！！
-1	@RrWhisky おーこわ😂さすがGUNMA・・・
1	ついったーで顔出したら叩かれ確立が上がるのはたぶん顔が見えると安心するからだとおもう。
0	喉いたかったのなんとなく治ったからメタル医者いらず説。
0	オクスリも飲んだけど。笑
0	@deathi69 目はどうされたんですか？透視能力に問題が？
-1	@deathi69 眼科だとおっぱいチャンスないのが残念ですね(^_^;)なにはともあれ、お大事になさってクダサイ・・・！
0	@jibson666 ほんこれですワｗ
1	文章メインのやつエクセルで送ってくんな！！！！！！！！！！！！！！！！！！！
0	RT @tanaka_tatsuya: 新パン線 試運転 （今後の展覧会で展示の予定） https://t.co/wlVxkCeqC8
0	@deathi69 貪欲www結果報告お待ちします〜🤤
0	@zero_0403 リプありがとうございます。それでは、後ほどご連絡お待ちしております。 どうぞよろしくお願いします。
0	@deathi69 え、はい...
0	@deathi69 ペロペロ
0	@zero_0403 かしこまりました。またの機会がございましたら、よろしくお願いします😀
1	RT @pororon_s: こないだの「いつだって猫展」で改めて思ったけど、国貞の猫はリアル凄み、国芳の猫はぶさかわ、今どきかわいいのは広重。 https://t.co/hn0IP4yOx7
0	RT @OrenosukinaGIF: #オレの好きなGIF https://t.co/su3UwJt3UW
0	思ったことを忘れれば思ってないことになるからおk。
0	FAXのピーーービョロロロロロロロロロｒ #子供の頃怖かったもの
0	@Kay_SuperMario トーンダイヤラーの存在を初めて知りましたw
0	@RrWhisky 聞いたことあるようなないような...🙉
0	でもわたしが小さい頃うちにFAXなかった・・・なんで知ってるんや・・・
0	@RrWhisky 当時まだ生まれてません！！（目を泳がせながら）
1	@Kay_SuperMario ほお～～～！！これは見たことないです！たのしそうｗ
1	@Kay_SuperMario わんぱくキッズ😆かかってきた方もビックリですねｗ
1	蝦夷軍たのしそう😁
0	RT @ngsbiopark: その後は立ち寝(( _ _ ))..zzzZZ https://t.co/fPHij8fjfB
0	ヤングの間ではスケスケ素材にお花の刺繍のシャツが流行ってるみたいですが、わたしにはおばあちゃんが着てるイメージしかないです。
0	ロクサミは藍ちゃんアクキージグザグシビレマイナスジンマうんぶれ見たい。行かへんけど。
0	これ。 https://t.co/YVbnUWsY9N
1	オフショルは、ほどよくえろいのがかわいいな～とおもいます。
0	@nabenabek @nishimako_metal OSUSHI
0	@nishimako_metal @nabenabek @nono_xx_xx @ras_metal DOKI DOKI !!!!!!!!!!!!!!
0	@nishimako_metal @nabenabek @nono_xx_xx @ras_metal WAKAIKO YONDE !!!!!!!!
0	@nabenabek @nishimako_metal @nono_xx_xx @ras_metal OPPAI
0	@nono_xx_xx @ras_metal @nishimako_metal @nabenabek JUSTICE !!!!!!!!!!!
0	インフルエンザ流行ってるんや... ...
0	RT @vanilla_gallery: マルアン商会の「ゾンビ除けお守り」、これを身につければ絶対にゾンビに遭遇しなくなるというご利益あり？！ゾンビ恐怖症の人におすすめです👻  ゾンビ除けお守りにはコンバット内符(ナイフ)入り。1000円 https://t.co/chbHj…
0	斎藤工さんとディーン様はわかるけど西島さんはわからない...(魅力が)
1	RT @sakura_shokuin: 1限目にお越しいただいた皆さんありがとうございました！関西勢、お笑い要素の強いメンバーでお届けしました！２限目もまもなく開演です☆有友さんの目線…笑 https://t.co/Hvsd3BO7EN
1	かわいすぎやん大丈夫なん
0	とりあえず柏はゲト
1	本家だとツアーによっちゃなんかつまらんかった行かんきゃよかったとか思ったりするけどサポートは完全に不純な動機やからそれがない
1	@coolmyu 8月です😆ガーゴさんのあのツアーもおもしろそうですね〜！
0	@coolmyu おお、行かれるんですね〜！ファントムさんいつか見てみたいです😆
0	@coolmyu 西方面はなかなか機会がなくて...いつかは見てみたいデス
0	@coolmyu ぜひお越しください〜٩( ᐛ )و マッテマス
0	なにごとも経験よねぇ〜
0	お酒飲んでカロリー摂ってちょっと薬飲んだら治る。知らんけど。
0	@RrWhisky 峠は越えました🌋ありがとうございます🙇‍♀️🙇
0	@RrWhisky あざます〜レシピ教えていただけたら自分で炊きます🤤w
-1	感覚としてはぜーんぜん無茶してないのに体調おかしなるのって体力が落ちてるんやろな😢夏にむけて鍛えな😢
0	ああはなるまい以下の世界もあるんだなぁ。ただただ(うわぁ...)てなるやつ。
0	RT @peroperorinko01: 〜２種類のガチ恋〜 【ファッションガチ恋】 皆の前でガチ恋と宣言する 【本当のガチ恋】 心に秘めていて絶対に言わない https://t.co/eVyxqx1wNq
0	RT @aifukuhara1101: TLとはTwitterの略ですか？@(・●・)@
1	RT @yonasawa: 新しいおもちゃ大人気 https://t.co/XCzQ9yYQbL
0	15秒あたりめっちゃすき &gt;RT
1	つぐみちゃんの「すいません！」「いいよぉ〜」聞きたかった...
0	ようさんの自撮りの破壊力
0	リアル少女マンガ
0	アメリカンショートコント
0	RT @OrenosukinaGIF: #オレの好きなGIF https://t.co/3tjHzU85g7
0	To tame a land をドリムシさんがカバーしてるの知らんかった〜なう
1	ハリネズミの歩き方かわいい☺️
0	細川たかしさんあるある
0	ようさん少女マンガ...(本日2度目)
0	sktに似てるようなチガウような
0	ゆりやんのこわい話に夢中になってたらどこからともなくパグが寄ってきて手なめてきてめちゃくちゃびびった
0	@RrWhisky 泣くか漏らすかします👻💦
-1	@RrWhisky チープなトリックでもわりとガチでびびる内弁慶メタル🙈
0	@RrWhisky おばけより人間の方がこわいらしいですねw おかげさまで、良くなりました〜👯👯‍♂️
0	@RrWhisky 念が効いたようです〜💆
0	あしたのはタイテ出ないやーつかしら。何時に帰れるんかしら🤔
0	まぁええか。寝よ🛌
0	#nowplaying パンチ伝説 - Jin-Machine https://t.co/EhnO7tjmZi
0	RT @kasekihamaguri: シルバニアの「女体盛り」  シェフ「お待たせしました。女体盛りです。」   #大人のシルバニア https://t.co/4ApdOnyPBp
0	ぽたく
1	おじさんに元気よく「すんまへん！！！！！」言われたら「い～よぉ～」てなるわｗたしかにｗ
0	発表ないんかーい
0	RT @kirimi_sanrio: 今日あついね…！！ https://t.co/UowmQMqxDu
0	きょうはマグロ期待できるかな？
0	あしたは休みと先週から決めてるんでひとりだけ金曜日のテンションなんですが、まだパイセンズに休み宣言してないので表面上は至って月曜日です。
1	これかわいい！！！ https://t.co/wHOqukL7q8
0	あとこれも。さすがにこれは自分ではむりｗ https://t.co/j0dMHLQfNU
0	夏にむけて練習しよっと🤤
1	RT @bironist: 「白い恋人」のパクリ菓子で日本地図作れるんじゃないか説 やってみたら出来たっぽいけど説立証でよろしいでしょうか 高解像度版https://t.co/PelCjbisUJ https://t.co/c06RoFT1Nz
0	乗り鉄ゴコロがうずいて札幌-仙台を新幹線（函館までは特急）ルートにするか～と検索したら6時間かかるとかでこんな感じナウ https://t.co/u0cPUJzLx7
0	飛行機にするべ
0	心斎橋GO
0	@Take_raurah お大いだ事になさってくださいいだ👼
0	Shazamを使って打首獄門同好会の日本の米は世界一を発見しました。 https://t.co/DsMv0ksjSe
0	@meta_taro44 初めて耳にしました🐰
0	Shazamを使ってSumikaのLoversを発見しました。 https://t.co/omSQD2z88K
-1	おなすいよ！！！！！
0	Shazamを使って[Champagne]のStarrrrrrrを発見しました。 https://t.co/hM8PR2kapr
0	@meta_taro44 ほう...
0	@nishimako_metal ほう...
0	@nishimako_metal あした見ます！！！！！！！！
0	Shazamを使ってクリスマスアイリーンのKiss Me Kill Me Tonightを発見しました。 https://t.co/IDu3KjmwMi
0	Shazamを使ってUVERworldのFight For Libertyを発見しました。 https://t.co/tTf7JEMJXW
0	Shazamを使ってUNISON SQUARE GARDENの天国と地獄を発見しました。 https://t.co/897FS3ZNMu
0	Shazamを使ってLUNA SEAのTonightを発見しました。 https://t.co/i66DYkHRgw
0	Shazamを使ってBUMP OF CHICKENのRayを発見しました。 https://t.co/hR2S140ouz
0	バックプリントが手描きの虫(モスラ て添えてある)のTシャツ、どこのバンドなんやろ...
0	Shazamを使ってギルガメッシュの絶頂bang!!を発見しました。 https://t.co/QJVIBmRO34
0	Shazamを使ってキュウソネコカミのビビったを発見しました。 https://t.co/QoDRzbELvP
0	Shazamを使ってえんそくの机上の空論実行部隊を発見しました。 https://t.co/6Te2W7eIkv
0	トリ様がかかっていますがシャザムが無視します #red802
0	Shazamを使ってSIAM SHADEのFine Weather Dayを発見しました。 https://t.co/UVrdJkYPU3
0	Shazamを使ってJin-Machineの僕らはみんなヴィジュアル系を発見しました。 https://t.co/M6VpXZ6dON
0	Shazamを使ってジャンヌダルクのfeel the windを発見しました。 https://t.co/J0VFxeZpEl
0	Shazamを使ってゴールデンボンバーの毒グモ女 (萌え燃え編)を発見しました。 https://t.co/9xFDlBESxD
1	じんま今年イチたのしかった！！！！！！！！！！！！！！！！
1	めちゃくちゃやってたとしか言えんかったけどめちゃくちゃたのしかったーーーーー
1	念願のマグロにも参加できてよかった🤣
1	毛色かぶらんから無敵やな
0	かえろ
-1	どことは言わないけど、耳に入ってくる歌詞があまりにもな感じでわたしは無理でした。作ってるところもあるんやろうけどちょっとな。
0	じんまが優勝！！ https://t.co/X7MKgm9C0D
0	わず https://t.co/BPfEPcG2Z1
-1	おなすいでんねん
1	マグロを投げ返すのもコツがあるみたいで、前の人の頭にボコボコ当たってるのがシュールでよかった🐟
0	とにかく首がいてぇですだ
0	@meta_taro44 おさわりまん！！┏○ﾍﾟｺ
0	@meta_taro44 ありがとうございます┏○ﾍﾟｺ
0	じんまと漁港さんの対バンが見てみたい🐟ほんまのマグロ飛んでくるかもしらんな...
1	となりのおじさん(おそらく酔っ払い)が、ともだちでもそんなグイグイ寄っかかってこーへんで！！ぐらいガンガンもたれてくるのが清々しくてニッコリしてしまう
0	フローネルて風呂 寝るかな〜とおもたらほんまに風呂〜寝るやった
0	@nishimako_metal 上野ZOOが気に入りますた🐼
0	@nishimako_metal まさかとは思いますけど、うま⚪︎い棒ですか...？まだそこまでいけてないですw
0	@nishimako_metal お任せくださいw
1	@nishimako_metal 見たいwwwぜったい楽しいですやんw
0	@nishimako_metal 俄然興味が湧きの浜です！行きましょー
0	セトリ MC/チャンプロード/新曲です/ゆずサワー/環境デストロイ/†夏☆ヴィジュ/日本語/アディオス/マグロ だったかしら。順番はたぶんちがう。首いたい
0	みっちゃんが捌けるときに閣下が「バカには見えないバイクなんだろうか...」て言ってたのが個人的にツボ
0	わたしはドドドド新規なのでデストロイも日本語も初めてだったんですけど、前の方にいる手前、知ってます風におどるしかなく、冷や汗かきまくりヨ
0	RT @biftech: いつぞやのサマソニで体調不良つって大阪ドタキャンしたと聞き「ジャミロコナイwww」とゲラゲラ笑ってた東京民（こっちは演った）です。大阪の皆さん、今さらですが本当にすみませんでした。
1	@nishimako_metal こんな楽しいのそら人気出ますわ👯👯‍♂️とりあえずイベントででも見てみたいっす！
0	@nishimako_metal できなくても、たのしそうにしてればおkデス！ただしバンギャは前の方でフリできてないと後ろからボコボコにされたりするのでこわいデス！
0	@nishimako_metal 安全ゾーンで笑いながら見たいです...モッシュこわいお...
0	夜道を1人で歩くときは、めっちゃ走るか、なんも聴いてないのにめっちゃ歌うか、なんも見てないのにめっちゃ笑顔で歩くかします。
1	@nishimako_metal なら大丈夫ですね🤤おれヒューマンビーイング〜
-1	@nishimako_metal こわいんです！！！！泣
-1	@ras_metal こわい！！！！きょうはめっちゃ笑顔パティーンですた😁
0	@zze1231 おねがいします🙇‍♀️
1	V系のモッシュ(横モッシュ)は平行移動 はとてもよい表現でしたね〜
-1	@ras_metal こわいこわい！！！！リアルにそういう人いますからねw ...あれ？！
0	@ras_metal ポロンしてませんでした...？？おかしいな、人ちがいか...🤔
0	@ras_metal 蚊に刺されんうちにしまってください🙇‍♀️
0	じゃきがんキター
0	ベースかっこええ
0	hideさんの香りがする
0	でも、さすがとしかいえんな。華がある。たのしみ！！！！
0	そこいくと、にーやさんソロも見たいよなぁ。その気になるのを待ちます。
0	@jibson666 あと、ありがとう東海道新幹線...てなりました😢😿
0	じんま優勝(2回目)
0	いろいろしたいことあったのにめっちゃ寝てしまった😪とりあえず岩盤浴いこ
0	https://t.co/TMPhKxsiCl
0	RT @nishimako_metal: @SACHl_5150 おじちゃん貼っちゃう！ https://t.co/Vx7IQKKs9n
0	めっちゃわらった
1	あのおいしそうなアイスの名はコールドストーン...おぼえたぞ...
0	6月生まれの人って、ハッピーバースデー梅〜雨〜て歌われたこと絶対ありそう。おじさんに
0	これ着てたら向かいから走ってきた坊やが引き返してきて、嬉々として「ジョーズやん！」と☺️「ちょっとちがうのよ、ウフフ」と答えておきました。NOT！ https://t.co/2hxe5c8Qxi
1	かわいいので夏のツアー、ココイチの場所で着るとおもいます。よろしくお願いします。
1	閣下の耕運機のネタもよかったです。思い出した。
1	たまごとじの味付けがパーフェクトでうれピヨ
0	きのうのイベントで見つけたのは転換DJでかかってた打首さんというw
0	平民はすきな感じよね。
1	ハロスリさんは、刺さりはしなかったんだけどいいバンドやなとおもたよ〜上手のギターの人めっちゃうまかった。
0	@nishimako_metal 打首さんだけやたらと盛り上がってたんで気になっちゃってw
1	@nishimako_metal 行ってよかったです🤗w
0	るかさんめっちゃ毛伸びとる🙄
0	すきなやーつ https://t.co/ISn9bI4pgE https://t.co/mkZMJXxEra
0	@momopug666 お揃いですね👯‍♂️普段使いにもバッチリなデザイン！
0	RT @tri_sama: 【拡散してね🍌】 6/28（水）ＴЯｉｃＫＹニューシングル 『バナナの皮を捨てるな』 type A＆type B同時発売  全作詞・作曲:ＴЯｉｃＫＹ 全編曲&amp;Guitar＆Bass by マジョリカ・マジョルカ・マジカル☆ひもり（Jin-Machi…
0	トリ様見てみたさがグンと上がったw
0	@momopug666 紫のも捨てがたかったんですが、やっぱりコレが1番でしたね〜🦈
0	モッシュッシュメイ党
1	@bebiyamareaper お揃い〜👯‍♂️大人気ですね！
0	RT @BS_dim: 接客業のみならず、人と接する仕事で得られるのは、お客さんに感動を与えたときの充足感と、「ありがとう」の言葉と笑顔そのもの……などと思うのは最初の3日だけで、その後に残るのは客と同僚への恨みつらみと猜疑心、心の亡き骸とわずかばかりの賃金のみ。
0	あの謎の四角いバッグを満員電車で肩にかけて振りまわす就活生はもれなく祈られろ
0	朝の電車でサークルピットを作ってしゃべるんじゃない
1	元気になりましたね😬👌
1	笑うと腹筋いたいの初めてです。そのぐらいおとついのじんまたのしかった。
0	全国制覇さんだれなんｗ
0	ふぇすとふぇす2日目行きたいな。ちぇいんざろっく次第・・・
0	パクチー栽培キット https://t.co/1KYAFm0zlb
0	395ポイント（30ポイントゲット）じゃ買えない・・・
0	@Take_raurah ディーンさまの（名前がはいってるだけの）パクチーですよ・・・？！普通にいらないですね。笑
0	カルピスイーダ
0	ソーダか！！な？
0	@Take_raurah アスマートで絶賛発売中DEATH！ひそかにディーン様推しなんで高額ポイントが当たったら買うつもりでしたｗ
0	@Take_raurah きょうもキレッキレですね😁
1	@Take_raurah パクチーもそんなに好きでもないですし・・・結構です・・・🤢ｗ
1	RT @gypsyheart3: 高校生の頃、メタラーだった僕は部屋でスリップノット弾いてたら今は亡くなった100歳近かったひいばぁちゃんが盆踊りしながら部屋に入って来ておもむろに俺のキラーとって三味線の要領でディストーションかけてまぁまぁ弾けてた図。 https://t.co…
1	虎の威を借るというか他人のふんどしというかなんというかそういうのを好きになれないのよね～
0	ゆさゆさムチムチやな
0	@Take_raurah @megaton693 ・・・
0	@nishimako_metal サンガリア
0	@Kay_SuperMario 😁
1	@Take_raurah カルピスイーダがひときわよかったです。
0	RT @amass_jp: ストーン・サワーの来日公演が9月に決定。4日(月)5日(火)に東京・Zepp DiverCity、7日(木)に名古屋・Zepp Nagoya、8日(金)に大阪・Zepp Osaka Baysideで行われます　https://t.co/tCPD4H8…
0	@Take_raurah イージーライダー見たことないです・・・🤢
-1	@Kay_SuperMario ゆさゆさって人がムチムチなんです・・・わたしはスカスカ・・・ｼｸｼｸ
1	@Take_raurah 「ワイルドで行こう！」😁
0	@Kay_SuperMario ずんぐりむっくりです。笑
0	@Kay_SuperMario @nishimako_metal カワイイｗ
0	RT @shinobu0224_: あとね、これはどう思われようと構わないけど、ぶっちゃけ俺は自分のファンが頭蹴られたり辛そうな顔してるの見るのすごく嫌いだから各自の方法でマナー良く楽しもうねー
0	RT @rne_nof: お前は何を言っているんだ https://t.co/6U1wnXoqc4
0	リンク押すときの指のアイコン（👆コレ）、中指🖕に変えられたらステキだナ
0	オッケーグーグル、大ボスが毎回毎回（そこちゃいますて！！）ていうところにゴミ捨てるのやめさせる方法
0	@Take_raurah おお！！😳さすがです！
0	@meta_taro44 @Take_raurah わたしが踏んでしまいます！！！
1	@Take_raurah らうちゃんかわいい
1	@Take_raurah このお写真ほんまにかわいいですね。ぽわぽわがいい感じ☺️
0	@meta_taro44 @Take_raurah うんこ拾いにいってきます・・・🚶‍♀️🚶ﾄﾎﾞﾄﾎﾞ
1	@meta_taro44 @Take_raurah おおきなうんこ！（無邪気）
0	@Take_raurah ど、どうしましょう・・・
0	@Kay_SuperMario @nishimako_metal お手紙・・・ﾄﾞｷﾄﾞｷ
0	@Kay_SuperMario @nishimako_metal (´；ω；｀)ﾌﾞﾜｯ
0	@Kay_SuperMario @nishimako_metal でもお高いんでしょう？(´；ω；｀)ﾌﾞﾜｯ
0	RT @fuku_DD: 2017/05/23 IDOL VS VISUAL vol.3 CHAOS PARTY＠高田馬場AREA LSN 茂吉さん #BiSH #LSN #CHAOSPARTY #ふくカメラ https://t.co/V0dAfpVmgE
1	RT @Kima_BiSH: 今日も茂吉さんはとてもカッコよかったです  #CHAOSPARTY #LSN #BiSH #きまカメラ https://t.co/jo64pmOktj
0	しごおわ🌈💛💙❤️💜💚
0	RT @OsakaAsh: 閉店のお知らせ  突然ですがHOLIDAY OSAKAは2017年7月7日をもちまして 閉店させて頂きます。 2005年8月にオープンから12年、 関わってくださいました皆様には、心より感謝申し上げます。 数多くの方々の楽しめる場所で在れたことを誇り…
0	ありがとう梅ホリ...
0	@Take_raurah ふんわりさせときましょう😆
0	@Take_raurah 八天堂🤤
0	@meta_taro44 @Take_raurah すぅちゃん☺️☺️☺️
0	@Take_raurah ありますヨ🙋
0	@Take_raurah お試しあれ〜😆
0	@Take_raurah ぜひぜひ！コーラウラとごいっしょにどうぞ！
0	@Take_raurah 興味がないです...(小声)
1	にんじんをシャーってしてマヨネーズとツナでジャーって炒めたらサーっと1品できるからうれしい
1	@chako_berry 楽チンでおいしいですよ〜🤤ピーマンも好きです！笑
0	そういえばキツネ祭り大阪は一般ないんですってね...
1	RT @SHUNTARO_HSW: REDNIQS LIVEから戻り、家到着。 Jin-Machine、ReVision of Sence、浅井さん、多様な味覚の人間と音とが全部ごちゃまぜになって、その結果とても美味しかった、そんなライブだった気がする。可能性をありがとう。ステ…
0	@meta_taro44 @ras_metal あざざす！夢をあきらめない😢
1	RT @BiSidol: 【BiS vs LSN PSYCHO KiLLERS開催決定！】 8/26(土)OSAKA MUSE 8/27(日)ElectricLadyLand 8/30(水)CLUB JUNK BOX 9/03(日)新宿BLAZE  詳細→https://t.c…
0	名阪行きたいけどちぇいんざろっくとふぇすとふぇすが...
0	RT @thegrindmother: New design by @IndieMerchStore artist Kevin Wight available for a limited time, only through our @kickstarter page!! ht…
0	めっちゃ編んでる😆
0	いじめられる夢みた
0	家出て5分でなすびのヘタ前髪🍆
0	「担降り」というフレーズにカルチャーショックを受ける朝のオバンギャ
0	RT @boooonsai: ズートピア世界って肉食獣たちは普段何食ってんだろうね
0	じゃぱりまんに決まってんだろ！！ &gt;RT
0	RT @LSN_STAFF: 「BiS VS LSN　PSYCHO KiLLERS」開催決定! ■8/26_OSAKA MUSE ■8/27_名古屋ELL ■8/30_仙台CLUB JUNK BOX ■9/3_新宿BLAZE HP先行予約は本日12時より！  ◆https://…
1	いまパイセンがめっちゃきれいな舌打ちした！！！！
-1	@zze1231 こわいもので、慣れてきましたｗ
0	フェイスブックおもらしした人がそろそろどこかの湾で発見されるフラグなん？
0	あのバンドわりときらわれてるっぽいことはわかった
0	RT @opera_yo: 本日は静岡公演！久しぶりのSunash！さわやかにがんばりますっ。 https://t.co/vDESOJx5Zc
0	@nekoinumaynard リビジョンオブなんとかとかいうバンドです
0	@meta_taro44 そうなんですかｗイキってる感じだったんで、さもありなんです。
0	@nekoinumaynard たまたま対バンで見たんですけど若さ溢れてました🙂
0	@nekoinumaynard ワロタですｗたぶん、なんかやらかしてすぐ消えます🙂
1	@bebiyamareaper 限りなく近いですｗ
0	@bebiyamareaper アシベで通します(^0_0^)
0	RT @bii_men: 【兵庫・太陽公園】兵馬俑、モアイ像、マーライオン、凱旋門、鶏足寺等、日本と世界の石文化や建築物を再現する石のエリアと、内部にトリックアートが展開する白鳥城をシンボルとする城のエリアから成る社会福祉法人経営の公園。運動靴必須。 https://t.co/…
0	腿太郎
0	最低でも高卒じゃないとほぼ正社員にはなれないんや・・・義務教育じゃないのに・・・
0	知らんけど
0	サチコの知らない世界や
1	RT @i_no_hi3_orange: 茂吉さんが本当本気かっこよすぎて泣く顔写ってなくても見切れててもかっこいい #CHAOSPARTY https://t.co/K3KKhYkB3V
-1	かおぱタグで写真見てたらなんか発狂してるこわい人がいておどろいているよ。
0	うんこ
0	RT @sattou0: RT @sattou0: https://t.co/7wN6NPvCTl
0	太ってる人の少食アピールはなんや、あれか、大喜利への誘い水か？
0	傘わすれてきた
0	@Kay_SuperMario 平常運転です😤w リアクションに困るからやめてほしいな〜とw
0	@Kay_SuperMario なるほどwwwラード持ち歩きますw
0	#nowplaying 警察24時 - Jin-Machine https://t.co/9J8pL0HxYP
0	@Kay_SuperMario 早死にしそう...
0	@Kay_SuperMario 長生きすればもっといろんなカワイイに出会えるかもしれないですのに！！
0	お財布の中で10円が止まらない
0	@Kay_SuperMario ・・・
0	@Kay_SuperMario か、カワイイっすね！！！！😅
0	@Kay_SuperMario JCっすよ😤 https://t.co/Jfm9IuOv9c
0	@nishimako_metal やばいです😂
0	@Kay_SuperMario ちくわ部です☺️
0	@nishimako_metal よう先生に怒られてましたね😫
1	@Kay_SuperMario 卒業式にはすごい刺繍の法被を...w
1	@Kay_SuperMario は...はいいいい😵
0	https://t.co/ZfHB2JboiR
0	@Kay_SuperMario 卒業しないでえぇぇぇ😭
0	@jibson666 虹色のうんこです
0	@jibson666 エメラルドうんこ
0	RT @karu_04: @s_mokichi  https://t.co/T8TtzbQ7Cp
0	RT @___mi___ka___: 5/24 #CHAOSPARTY ラップキメてた茂吉さん https://t.co/Wy4AK8XiNb
0	カオパや次のやつについて発狂してた人は、びっしゅやびすがオンナだけを武器に進んできたと思ってるんだろうな。知らんけど、多分そうじゃないで。知らんけど。
1	RT @kasai_sinya: 東日本でカールが幻となって数年がすぎ、今や正確な史実は忘れ去られ「口の中でパチパチ弾けた」「ゴールデンアップル味があった」などの怪しげな伝承がまかり通っていた。
0	RT @meegu13: ゲス不倫のLINEのスクショがあげられたり、SNSでプライベートをアップされたり、知りたくない事まで知ってしまう世の中なのに、ALFEE高見沢の私服だけは画像検索しても見当たらないの、すごい。
0	キュウソ意外ととんがっててビビった🤪
0	#nowplaying 何も無い休日 - キュウソネコカミ この曲よい https://t.co/Mw77A9sGQh
0	フェスしか出てないやんw
0	CAEPE DIEM 久しぶりに聴いとる
0	うんこ
-1	自覚がないだけでそういう目で見てるように見えてきもちがわるい
0	そうだけどそうじゃないですｗ
0	わたしもキモくﾍﾟﾛﾍﾟﾛﾍﾟﾛﾍﾟﾛとかちゅっちゅっちゅっみたいないやらし芸したいけど推しが崇高かつ神聖かつさいこうすぎて脳内でさえﾍﾟﾛどころか触れるのためらうレベルだから無理
0	@Kay_SuperMario コラッ！と言っておきます🤪
0	うん こ
0	もううんこしか言いたくない
0	RT @HcpSafari: カワウソ一家 トーテムポール風お昼寝( ´ ▽ ` )ﾉ #姫セン  #カワウソ #お昼寝 https://t.co/vEYLIBQtsR
1	むしろ気分いいです
0	@Kay_SuperMario まりんちゃん！！ハローハロー！
0	あときのういただいたもなかを冷凍庫に入れておいたからたのしみにしてる
0	@Kay_SuperMario なんのなんの😊ｗ
0	@nishimako_metal 歯欠けないようにも追加でｵﾅｼｬｽ！
0	魚の皮だいすき
0	@nishimako_metal 串焼きにでもしてほしいぐらいです！！
0	ぅω⊇
0	@nishimako_metal ワオー夢のチップ！！ドンキに売ってますか？
0	@nishimako_metal なぞの魚の皮・・・ｗ
0	@nishimako_metal ブリ皮もすきです！！
0	金曜日ハイがきてる
0	@nishimako_metal 魚の皮を愛でるソング書いて下さい！
0	@nishimako_metal クラウドファウンディグ・・・！
0	@nishimako_metal ファウンディング
0	ケーキの配給あり、アイスもなか持ち越し
0	RT @antenanasi: 歌丸「食べないでくださーい」 円楽「骨と皮ばっかりで食べるとこねえよ」 https://t.co/wFNO2iEZzB
0	RT @gotch_akg: おしりセレブをセレブと仮定したときのウォシュレットの大富豪感よ。
0	きょうこそ第2弾ラインナップ発表！あるとおもいます
0	@RrWhisky なんだか今日いけそうな気がする～～～🤭
0	@RrWhisky 🤩（ポックリ）
0	@RrWhisky こんにちは！よろしくお願いします🧠
0	@nishimako_metal あと12フン・・・！
0	・・・
0	@nishimako_metal あ～れ～ｸﾞﾙｸﾞﾙ
0	@RrWhisky もんで～もんで～もまれて～もんで～
0	マグロックにじんま呼んでくださいたのんます
0	RT @zboah: https://t.co/N9Upk4pL4E
0	RT @take1215PCX: 【ドライバーの皆様へ注意喚起】 最近、検挙率が大幅にアップしている違反✋️  ◎横断歩行者等妨害等違反 横断歩道上を渡っている歩行者を立ち止まらせての走行。 ・減点２点 ・反則金9,000円  昨日、私の息子がコレでやられました😅
0	これはどんどん捕まえてください &gt;RT
0	ウ・ンコ
0	@RrWhisky くそ～～～(゜-゜)
0	@RrWhisky うーん こまった🤪
-1	なんか勝手に強制的に無駄に「いいねしました」出るようになってるゥ！！いらん！
1	ツイッターちゃんのそういうところ、なおした方がいいと思う。
0	RT @YahooNewsTopics: 【吉本新喜劇 史上初の女性座長】吉本新喜劇初の女性座長に酒井藍が就任すると吉本興業が発表。女性初の座長に加え、新喜劇での史上最年少30歳での座長就任。 https://t.co/Il8188hxrD
0	羅犬
1	静電気がすごい
1	RT @BiSidol: 今後のBiSに関しまして重要なお知らせ  https://t.co/dI8hw6WnkI
0	LSN対バンはおk？
-1	チェキとラババン値段おなじなのに話はなるほどとおもた。そういえば。
0	ウンコフ
0	RT @25bravofox2: 飼育員「そこにいるとお客さんから見えないから…これあげるからどいて」エイ「はーい」 source :https://t.co/c4oVCdDgGt https://t.co/ofLRbaNOy7
0	Jin-Machine - 宇宙忍者アメリカ(Live) https://t.co/Zb2Rtks8p8
0	おおおテクノとAAあるかも？？？ヒョー
0	知らんけど。
0	ソロの中ではテクノがいちばん伸びるんじゃないかとおもとるよ。ダークホース。
0	ついったー的な意味での伸び
0	RT @meka33a: うちの猫たち、どちらも靴下に穴あいてる https://t.co/7l3g13TpDj
0	きょうの新喜劇ええ話や😢
0	フィンランドの音楽に教科書にアモルフィス
0	この番組全国リアルタイムなんか
0	そろた😎 https://t.co/gqCQmHzhT3
0	わたしよく1人で現場行くけど、1人 ぼっち だとおもったことないや。
0	#nowplaying きのこたけのこ戦争 - 打首獄門同好会 https://t.co/BC0Pp0oYMp
0	髪つかまれたぐらいで...🤐
1	あの顔は大丈夫なん？
0	明け方やないかーい✋たまの夜遊びはタノシャスね。寝る
-1	起きたら6時(18時)の夢みた...おーこわ
-1	#nowplaying 何も無い休日 - キュウソネコカミ https://t.co/A6EYlETZVK
0	背中がいったい
0	モスキートをファーストキル
0	RT @Qrais_Usagi: 四コマ漫画「シンデレラ」 https://t.co/8jBdwft5Ap
1	いいねしましたTLに出てくるのほんまにやめてほしい。自分がいいねしたのもわからんうちにだれかのTLに出てるってことやろ。😦
0	@jibson666 そう、みなさんの性癖がね、見えるんですよネ...
0	@jibson666 🙈
0	はづさんのチケのツイがバズってるのなんか笑っちゃうな。
0	@saita_hyro あれは笑いました🤣
0	おばあちゃんが相変わらず圧倒的失礼すぎるwww
0	おばあちゃんの道ならぬ恋のお話ナウ なんかへんなスイッチ入ったなw
0	@ras_metal 時代ですかなぁ〜🤣
0	昔話ね
0	#nowplaying OS - キュウソネコカミ https://t.co/LGdXJwidPt
1	めっちゃ痛快やな🤣聴かず嫌いでした
1	J POP経験が年齢に伴ってないからなに聴いても新鮮に感じる
0	RT @HibikiShiraishi: ボコボコチキン https://t.co/Xd9w5bRkIV
0	#nowplaying NEKOSAMA - キュウソネコカミ https://t.co/cFPL56lq0P
0	ラウパとかぶってますがｗ
0	たまアリエントリーするだけするか・・・ラウパいきたいもん・・・
0	東のラウパ　西のベビメタ
0	にがわらいが止まらんｗやってくれるなぁベビーメタルｗ
0	大阪遠征ぐらいで大騒ぎする都会人に死を
1	RT @omocoro: 【5/29の特集】 ドローンだけど、いい先生。  【まんが】ドローン先生（作・キューライス） 続き→[https://t.co/C05qThZuQl] https://t.co/Yd49UHH2iG
0	新曲お披露目くるかね
0	近くのベビメタより遠くの外人
0	@bebiyamareaper ナイスでーす！！
0	@bebiyamareaper お～！それはたのしみですねぇ
0	@tk_lime そうです！休めるか休めないかじゃない、休むか休まないかだ！て言ってやってください！
0	@tk_lime あとは平日に結婚式挙げる友人・・・ｗ
0	@tk_lime そのへんの輸入食材屋さんで「おみやげ」買いますｗ
0	@tk_lime そのワザメモらせていただきますｗ
0	@ras_metal @tk_lime 最短1時間で来られるのにねェ～
-1	@timcus7 ツツガムシこわいんですけど！！！！
0	けれども、蝦夷や九州の戦士には頭が上がりまへん
-1	@timcus7 ホンマぽくてこわいですｗ
0	@tk_lime @ras_metal あるあるですｗ
1	職場のパソコンみながらンフフｗｗｗてなってしまった・・・ざわざわしててよかった・・・
0	@ras_metal @tk_lime でも推し事以外のことで休んだことは1回しかないですヨ！
0	@tk_lime @ras_metal そうそう！
0	@tk_lime @ras_metal そうだそうだ！！
0	@Kay_SuperMario オマージュです☺️ｳｿ
0	@ras_metal @tk_lime 照れますねぇ照れますねぇ☺️
0	@Kay_SuperMario 伝説のあの煽り・・・！やってほしいですねぇ～
0	@Kay_SuperMario 死んでしまう・・・
0	@Kay_SuperMario ラウパへの宣戦布告感、やってくれたな～と思いました！
0	@Kay_SuperMario とんがってるなぁベイビーメタル…ｗとりあえず、後日LVが開催されるのを願います…
0	RT @TOWER_V: 5/22～28のタワレコV系チャート発表いたします‼️　1位鬼龍院翔『オニカバー90's』　2位己龍『私ハ傀儡、猿轡ノ人形』　3位カメレオ『生きづLIFE!!』　4位DaizyStripper『HOME』　5位Far East Dizain『DIZAI…
1	そもそも土日の城ホなんか取れるはずないやんけ（冷静）
-1	@Kay_SuperMario 6月USワンマンの！ありうる・・・
0	@Kay_SuperMario 14・15日の深夜にさいたま公演を最速上映しま～す！→ラウパ帰りに見る→そして伝説へ・・・
0	@Kay_SuperMario 映画館で昇天・・・ｗ
-1	@Kay_SuperMario それはキツいですねｗウェンブリーは中継の時点で相当眠かった思ひ出・・・
0	@Kay_SuperMario 想像するだに眠たい！ｗ そして今年はどんな伝説が・・・ﾜｸﾜｸ
0	聞いて・・・わしの職場・・・シエスタ可だった・・・
1	キュウソはイケメンがひとりもいないのまたがいい（DISってない）
0	でも客層がアレっぽいからもうちょっと落ちついてから見にいきたい
0	RT @kouhou_mito: 大相撲夏場所で大活躍された高安関は、先日、水戸大使と石岡市ふるさと大使に就任したMUCCのメンバー・SATOちさんのいとこだそうです！ https://t.co/Gg44FaU4mI
1	RT @mandoredore: トレンドに「巨大キツネ祭」とあってどんなホンワカ祭だと思ったら、ポスターが客皆殺しにしてきそうな赤いキツネだった件
1	RT @odoroku_o_o: ←私が思ってた巨大キツネ祭り  →実際の巨大キツネ祭り  #巨大キツネ祭り https://t.co/efslOMrzgf
0	スメトゥ聖誕祭の可能性...
0	はじめの5000兆歩 #名作の一部を5000兆に変えて台無しにしろ
0	@Kay_SuperMario 集中集中！ｗ
1	RT @NIFREL_official: ごろ〜ん。  ごろ〜ん。  ぶるぶるっ💦  自由すぎるカピバラでした😄  #ニフレル #カピバラ https://t.co/c1amkpRjui
0	自撮りで別人レベルに盛るのって、3次元の自分との乖離に病みそうとおもてたけど、自分もやればできる的な受け止め方なのかもしれないとおもいますた。知らんけど。
0	立体で見るとそうでもない かもしれない ていう前提もできあがってるし。
0	きたきた☺️⚡️ https://t.co/wjJRo047rF
0	人シリーズw
1	@RrWhisky かわいいでしょ〜😊コルピはこのユルさに惹かれましたw
1	キャンプ場で金のチケットを4倍ぐらい出して買ってるキミたち...そのお金で別のバンド見に行ったり聴いたり、おいしいもん食べたりおシャンなお洋服買ったり、した方が、ええんちゃうかなって...おばちゃんはおもう...あとちょっとうらやましい...10代の頃は1枚のチケットにそん文字数
-1	@RrWhisky あやしげな海外サイトで見つけましたw そろそろジャンを仕入れないとです〜👕ヘロフェス目指してがんばります！
0	@meta_taro44 正解DEATH！！
0	@RrWhisky チクチク頑張ります💪メタルファイヤー
0	@kaoruchy あざます！！でも最近の子ってほんとお金持ちですよね...ボソボソ...
0	@kaoruchy 値切りwなにかの感覚がちがうんでしょうねぇwヤングはw
0	@meta_taro44 たしかにwしかも決して小さい会場じゃないのに...
0	@kaoruchy おんなじようなもん食べて育ったはずなのにですね...w
0	@meta_taro44 ゆいちゃん☺️
0	@kaoruchy 七不思議...w
0	RT @_aaequal: AA= TOUR #5 ver.2.0 会場販売グッズ決定！ https://t.co/mVnIw49JKD https://t.co/SKhyNCxyu2
0	NEKOSAMA
0	RT @OrenosukinaGIF: #オレの好きなGIF https://t.co/SfTHAzbgZ6
0	RT @kyodotai1995: セレブちゃうwww https://t.co/EEcQoa1QhD
1	ファンのことを「元カノ」て呼ぶバンドあったらいいのにな
0	たまに本物混ざってる
0	@uzyadachi 身に覚えが・・・？笑
0	@GuysMetal ええ・・・（引き）
-1	@uzyadachi あやしい・・・🕵️
0	@uzyadachi www気づかなかったフリで・・・！
0	@GuysMetal おさわがせパーナさんw
0	@ras_metal お前のそういうところぜんっぜん変わってねーな！(煽り)
0	@uzyadachi さすがモテ男サン〜ヒュー😽
0	エスカレーター残り三段で立ち止まるなw
0	@uzyadachi スキスキ😻w
0	@GuysMetal 触らぬ神になんたら...
0	@ras_metal 見つかるわけねーよブーーース！！！！(ウオオオオオオ)
0	@Kay_SuperMario ちょっとへんなコが集まります。
0	@uzyadachi 気をつけましょうネ...
0	#nowplaying まんざいC - Jin-Machine https://t.co/fovaZiPP3i
0	チャンプロードとマグロの次ぐらいにすき
0	@Kay_SuperMario ほんのちょっとですって！！
0	でもセレブ的なそういうのほしいよな。わたしら「おまえら」としか言われたことない。
0	@Kay_SuperMario いっけなーい！女子力女子力🐰✨
0	@Kay_SuperMario （しめしめ・・・）
1	シンプルに「お客様」呼びもいいとおもいます
0	@Kay_SuperMario 見た目はオトメ、頭脳はオトコ！
0	@RrWhisky ライブを「観賞会」と呼びます。
0	@nishimako_metal なんかメンバー刺されそう・・・ｗ
0	@RrWhisky ビジュアル系ならアリデス・・・ｗ
0	@jibson666 ファン同士の仲がすこぶる悪いことで有名になります🤗
0	高額転売って運を買うみたいなもんよなぁ。自分で取ってもへんな番号しか取れないとかそもそも取れないとか。
0	あと、転売屋が消えたら自分にチケットがまわってくるとも思えないなァ〜
-1	自分が取れたときは、買う人がアホ〜wとおもうけど、取れんかったときは、転売屋シバく！！てなる。勝手やな。笑
0	RT @kirimi_sanrio: 生きてる鮭の切り身　　#最短で矛盾した事を言った奴が優勝    SHAKEEEEEEE！！！！！ https://t.co/I3sbjMEQMP
0	@nishimako_metal 転売屋シバく！(予習)
0	@nishimako_metal 動員も読めないクソ運営！！でしょうか...(震え)
0	なんていうか、かけっこを手をつないでゴールする みたいな、みんなに平等じゃないとクソ！みたいなところあるやん。世の中。そういうんじゃなくなくなくなくない？とおもったりもする。
0	うんこ
0	天ぷらが食べたいナ
0	@nishimako_metal みんち
0	@nishimako_metal おつゆでぶやぶやになったごはんおいしいです☺️
0	@nishimako_metal あれ？言いません？ｗ
0	@nishimako_metal ギャルやったんかわし・・・
0	オタクをもってオタクを制す
0	ベビーメタルはVR中継で出演という前代未聞の試み
0	RT @UenoZooGardens: 明日は、カワウソの保全に取り組む国際団体 IOSF（International Otter Survival Fund) が唱えている「World otter day（世界カワウソの日）」です。ニホンカワウソは、2012年に環境省により絶…
0	RT @UenoZooGardens: 日本の動物園・水族館ではニホンカワウソに近縁のユーラシアカワウソを飼育し、保全や普及啓発に努めています。本日から2日間、世界カワウソの日のポスターを東園・ユーラシアカワウソ展示場に掲示しています。是非ご覧ください。 https://t.c…
0	RT @balloon_baron: 今日高校生に1万出せってカツアゲされて、ナメられちゃいけねえと思って5万出した
1	人を笑顔にさせられる人はすごいよ。最近よくおもう。
1	そして、だれかの笑顔の理由になりたいと言えるもあちゃんはやっぱりすごい。
0	あの子たちを見て湧く感情それは畏怖の念
0	@RrWhisky 😭😭😭
0	@RrWhisky なるほど。幼い女の子が魂を燃やす美しい炎に目を細めるのですね・・・
-1	@RrWhisky あのギリギリの感じに心がヒリヒリするんですよねぇ・・・😢
0	@RrWhisky 泣けます😢
-1	人を笑顔にさせる人がすきですし、人を不快にさせる人はいやです。（パイセンがまた舌打ちしました）
