0	みなさんお久しぶりです、ゆきこです。
0	RT @onion__bot: 何度、君の涙をまな板から見上げたことだろう。
0	@makitaso1108 the snow glows white on the mountain tonight
1	試合しませんって言いに来た時のフェデラーがイケメンだったバンダナしてないほうがかっこいい
1	可愛かった〜💖💖💖 http://t.co/re6ekKGwju
0	たまねぎLOVE
1	久々のぐいめんが楽しすぎてもう幸せ💖💖💖 http://t.co/1FirbTjQgk
0	@kiephone5s @kj8xxxysd_blue 途中帰宅が得意な横井
0	RT @kiephone5s: @yukiyuki_snowy @kj8xxxysd_blue  【速報】横井が一旦帰宅
1	横井のブレスレス説面白すぎて
1	ぐいめんの中では大人しいけど横井はやっぱり重要要素だな
1	あと、わたしは食べ物来るたびになぎちゃんが「おいしそっ」ってちっちゃい声で言った後、口にもの入れてモグモグするとき「んー」って感じで目を細めてハムスターみたいになって毎回食べてて可愛くておっぱいでかいのをわたしはしっかり見てたよまじおっぱい
1	楽しかったの極み余韻浸ってる http://t.co/km7MznhGGa
1	わーお、まきちゃん美女JKに載ってる！嬉しいうふふまきたそってわたしの妹でーすどうもー💖💖💖 http://t.co/16AN3cn8Of
0	欲しかったこのiPhoneケース、まきちゃんが見つけてきてくれた💖💖💖欲しかったんだ💖💖💖ハッピーーーーーーーー💖💖💖💖 http://t.co/5uilTXzlqg
0	妹に引き続きわたしが美女JKのアカウントに載る夢みた
1	“@kj8xxxysd_blue: 安定🙋🙋 http://t.co/4sixG8LN1H”  あんてい👏👏👏
0	やっぱり私を癒すのは70年代80年代アイドル
1	きょうはぐいめん長女会。 すっぴんで行ってしまいました。 なぎちゃんほんとありがとうパンケーキありがとう楽しすぎてファーーーーー💗💞💕💙💛💘💋💚💜💓💖💎💍💋👲👲👲 http://t.co/ySa05KUJp9
0	これまきちゃんでしょ @makitaso1108 http://t.co/Cy67TDiPJ3
-1	ちょっとｗｗｗｗｗｗ5年前くらいにゆりあとちせちゃんがかいたやつでてきたｗｗｗ http://t.co/3EVEEkYUMG
0	@xx_srrn_xx かおなしさん・・・ http://t.co/jCzdGWjAUu
0	RT @onion__bot: 誰に泣かされたんだ？言ってごらん
0	アイドル教室の歌がとてもいいのでワッハッハッハー
0	@waiyu55 nope right one👿
0	@waiyu55 he is so hot
0	@waiyu55 4memory one is handsome
0	@waiyu55 LOLOLOL
1	富士山だよすごいよきれい http://t.co/MbLRsyflgr
0	出来立てのポップコーンはいかが💛💙💜💚❤️ http://t.co/G9eBf2RRxv
0	BEAUTIFUL イチョウ💛💛💛💛💛💛💛💛💛💛💛💛💛💛💛💛💛💛💛💛💛💛💛 http://t.co/Y2Nma1GqG8
0	たらららったたー👸👏 カレーカレーにんじん！（パカッ） http://t.co/02JQAFNobF
0	RT @anpanman818: やっぱ森姉妹やることにてるわwwwwwwwwwww
1	RT @makitaso1108: うちもっと上品。
1	わたしも上品さを片時も忘れたことはないよ
0	RT @makitaso1108: スポンジボブがかわいそう
0	顔がおやゆびの極み
0	カレーカレーカレーカレーカレーカレーにんじん！！！！！！！！！！！！！！！🍛
0	@makitaso1108 @anpanman818 なに公開で悪口言ってくれてんの？👲👲👲👲👲👲👲👲👲👲👲👲👲👲👲👲👲👲👲👲👲
1	RT @makitaso1108: @yukiyuki_snowy @anpanman818  親指は静かに
0	おやゆび系女子ゆきこです
0	@lovelive_moe marry me
0	毎日ハロウィンやりたい🎃🎃🎃 http://t.co/m2JWs8EllZ
0	@SHIREN_1 狂気の沙汰
0	雪だね〜！⛄️❄️
0	なんだかんだブンブンはいつも見ちゃうRT
1	なんていうハッピーな日だろうか😂😂😂👏👏👏👏👏 http://t.co/C5iRUnCPSo
0	@waiyu55 really!😂
0	あー一人でガストなうだけどでらイケメンのお兄さんに「チーズインハンバーグ！」って言った時思ったより声出て死んだ
0	@makitaso1108 あなたの風邪はどこから?
0	銀行なうで森様って呼ばれたから行ったらちがう森様呼んでたっぽくてめっちゃ恥ずかしい💦💦💦💦
0	きえちゃんとアウトレットからの焼肉なう😘😘😘 http://t.co/vc8rvOIGVe
0	ボブなかんちゃん http://t.co/f5A50bAOJk
-1	まきこの変な画像私も持ってる。 http://t.co/HP7uuRUT9C
1	切実にえいたくんに会いたいですけど。なに台湾行ってんだよ早く卒業しろ。 http://t.co/opBa9mHhVO
0	今年のクリスマスはバイトが入ってないだけマシだ👏👏👏
0	よっしゃ今日横井とデートー👏
1	はあ、高まる👏👏👏👏👏👏👏👏👏 予定多くて困っちゃう😍💖💖💖✨✨✨ ていうかまじ横井安定だわ〜〜〜✋✋✋✋ http://t.co/r8kRJeB3es
0	なんなんだこいつ死刑 http://t.co/oYdEmZj3iG
0	年明けたらまきことご飯行こうっと。 http://t.co/Vjkq8Y4yyZ
0	欲しすぎてゲロゲロペロペロ http://t.co/SUShit7adK
0	1人リッツパーティなう
1	はあああああたのしかったよおおお バイトめっちゃ頑張れそう💖💖💖 2人ともほんとうにありがとう！お邪魔しました😍😍😍 http://t.co/ozKBpli8V5
0	@waiyu55 yes💖💖💖
0	RT @anpanman818: Twitterみてたらゆきこさんが降りてきてびっくりしたよwwwwwwwwwww
0	まきこ「ゆきちゃんの隣にいると盛れる」
0	失 礼 極 ま り な い
-1	まきこ「ゆきこは変な顔して。うち隣で盛るから」
1	まきこ「サンタもこないしマジなんなの！？💢💢💢💢💢💢💢💢💢💢💢💢💢💢」
-1	まきこ「日頃の行いが悪いとサンタ来ないとか初耳だZE！！！！！！！！！！！！！！」
0	今日はナゴヤドーム！#関ジャニズム http://t.co/9jZXp9xDPT
1	いえーーーーーいいいいいい クリスマスプレゼントは横井と関ジャニ。 http://t.co/G5ofCLw2re
0	ママにCDきくやつある？って聞いたらこれが出てきたんだけど、わたしもしかしたら今からこれで関ジャニ聞くの・・・？ http://t.co/tmvL7ZdMl2
1	ななちゃんかわいいぞ。 http://t.co/HyId1g5r5Q
0	@makitaso1108 ちょっとまってゆきこのぶんは？
0	@makitaso1108 ﾔｯﾀｰｰｰｰｰｰｰｰｰｰｰｰｰ
0	@makitaso1108 @anpanman818 南無阿弥陀🙏
0	だいちゃんが東京行ったお土産くれた。 http://t.co/lSHVius6zS
0	@kj8xxxysd_blue 🐜ーナ（だじゃれ）
0	荒ぶる森家 http://t.co/kGs6UDYgAu
0	なにこれ雨かと思ったら雪じゃん！！！
1	ちょでらかわいいこおったて✋✋✋✋✋✋ http://t.co/cb2sv4y6bW
0	新年初オバショ http://t.co/DkAWAo3kn9
1	今日完全に中国人だわ
0	ステファニーと韓国なうㅎㅎ http://t.co/B9cFtqVZCk
0	ねこちゃん http://t.co/EibcOQxt7B
0	シュール http://t.co/Q6dPGNqTG3
-1	エバランドに向かいますが寝坊で既に３時間遅刻なうですどうもありがとうございました🌻💭 http://t.co/FwowmE1pon
0	江南STYLEするBBAたち。 http://t.co/xmyPi2b0Or
0	彼氏できたわ。ありがとう神様。 http://t.co/4NhXN4I8fJ
0	@syuka0328 GDさんですね
0	ねえいま韓国にいるんだけど、シャイニーの歌の子みたイケメンだわ💭💭💭 http://t.co/HKwK1OSwtc
0	ユキコとヨコイとかただの定期的に行う晩飯会やん
1	韓国で友達たくさんつくった〜いえーい楽しい🌻💖💖💖💖💖 http://t.co/SWXh2HOOxF
0	変な格好だいすき！かわいいでしょう！ http://t.co/9U8hJQ1ze1
0	http://t.co/RFotneKXy7
0	チーズとカルビ💖💭 http://t.co/KpUFpZVewG
0	弘大も今夜で終わり😢💭 http://t.co/XhX3HSxi7s
0	かえりたくない・・・・・ http://t.co/IXb3mnzgpG
0	おめでとうみづき💖💖💖💭 http://t.co/0lcBt1E4ty
0	五一で仕事した時アイドル教室の愛沢さんいて高まったよね
0	猫ってギュってするとこういう顔するよね。 http://t.co/2ouM5vSMXN
0	@makitaso1108 じゃあゆきちゃん花買って帰るね
0	27RT http://t.co/RzuoXkduWS
1	美味しいわ〜💖💭 http://t.co/PKGQ7qT0gO
0	かんちゅあん http://t.co/8Bb4hVzukq
1	平松のツイートで肩甲骨が健康骨じゃないのを初めて知ったからもう身投げしたい
0	私「あー寿司食べたい」 弟「えっ、土・・・？」 私「わしゃ妖怪か」
0	RT @maruooooo15: 顔や顔！殺すぞ！ http://t.co/Qo5R2JIamZ
1	おもちのあくびが世界一可愛くておもちの寝顔がいちばん癒される食べちゃう
0	guān ménおばけ 明日からピンインおばけになる http://t.co/6eD6imfEWK
0	もうおもちのこと食べるむしゃむしゃむしゃむしゃむしゃ http://t.co/JCWjHFoFR2
0	家からずっと同じコバエにストーキングされてるきがする
1	欢1迎1光4临2ですね（お見事！）
0	どこでもドア〜〜✨✨✨✨✨ https://t.co/CYtwervRCJ
0	Vacationて言ってんのにSiriちゃんがどうしてもFuck Asianって聞き取ってくるからもう英語なんかキライやめちゃう
0	@nozomi_0502 @harurun1115 我应该吃歌舞伎揚げ
0	@harurun1115 @nozomi_0502 我不吃おもち💢💢你是騙し屋さん吗？
0	你们是騙し屋さん😤😤😤😤😤😤😤
1	朝から楽しそうだなァ https://t.co/yE71OvonSX
1	ウゥーンかんちゃんは本当に可愛いなあモグモグパクパクモシャモシャ https://t.co/MIqzfPVKAL
0	ギャンかわ（泣）もうたべちゃう（泣）（泣）（泣） https://t.co/JOVtjIMVSP
0	まきこ、明日はこうと思っていたわたしのタイトスカートをまだ実家で所持していることは一生恨むからな😇😇😇😇😇
-1	RT @makitaso1108: @snowysenyoujizi うるせえ
0	ハァ！？！？！？強気すぎだろまじ怖い土下座だわ思う存分わたしのタイトスカートをお使いくださいRT
0	RT @makitaso1108: 親知らずぬいたときのすげえオタフクさんみたいな写メ晒すぞ
0	実はわたしは赤ペン先生だってことばれちゃったな https://t.co/EpkdtXKLF2
0	高校の時にできなかった文化祭を取り返してるこの感覚。ディスられても楽しいからサ。顔面偏差値低すぎるアイドルだからネわたしは😘💓 中ステ出たいな〜💕💕💕 https://t.co/UBP7IXfQro
1	29日中ステでるんダァ〜やった〜😆💖高校生みたいで楽しい！！！ いっぱいかわいいグループあるからみんな見に来てね！🙈💕 https://t.co/xP9pq8ScVF
0	ドンホ結婚で6年ぶりに免疫力落ちて熱出てる未だU-KISSペンの妹にはどん引いてる
0	もとしがハロウィンにもりもり山のくだものキャンディくれた🎃🎃🎃 https://t.co/tSYFi12TlM
1	てっちゃん好き 縦割り一緒でほんとよかったって毎回思っちゃう💓💓💓 https://t.co/cH1D28oXDl
0	@makitaso1108 @kiephone5s https://t.co/fIkT3HLWZn
1	29、30と白門祭で少しだけ踊ります🙈✨ 30、31は歌っちゃったりします🎤 詳しい日程は下のリンクに書いてあります⬇︎ https://t.co/FEbB3VyhTa  緊張するなァ〜🍞 みなさんよかったら見に来てください！🙈💕 https://t.co/wWu15xHJO9
1	RT @mschuuuu: 本日はたくさんの暖かいご声援をありがとうございました!Ms.chu一同感謝感激です🙇💓💓💓 明日はcスク中ホールにて 👑13:00〜14:30 👑16:30〜18:00 の2公演をさらに盛りだくさんの内容でお送りします! 開演時刻30分前から開場して…
1	やばいかわいいかわいいどうしようかわいいかわいいかわいいかわああばばばばばばばばばばばば きぐるみ大好き星人やめられないほんとかわいいよおおおお https://t.co/By1NkxERMK
0	あげたこやき最高すぎて36コ食べた.... 今からお惣菜パン食べる.....
1	@harurun1115 36コ揚げたのがすごくない？？？
0	おもちのあくびが世界でいちばんすき🐁🐁🐁🐁🐁 https://t.co/1MZoyuleQ0
0	まきこ誕生日おめでとうだから8時間後に会いに行く🍞🍞🍞 https://t.co/vtfjr9OZcX
1	RT @makitaso1108: 今年の誕生日は 愛しのけんばーん😳💕 かわいい💖 顔面食べた💖 https://t.co/I1ABKicTA7
0	❤️❤️❤️❤️❤️❤️❤️❤️❤️❤️❤️❤️❤️❤️ https://t.co/s7wYF5NyTL
0	@nayuta_828 🍙🍙🍙🍙🍙🍙🍙🍙🍙🍙🍙🍙🍙🍙🍙🍙🍙
0	いっつもごはん食べたいって怒ってるからごはんあげちゃう🍜 https://t.co/ezl9my4Xc5
0	@NT_220 @mts_taemin @harurun1115 rebelは溺れるよ https://t.co/PSaKQuuenF
1	@T_c015 @harurun1115 @NT_220 @mts_taemin 我謙虚 https://t.co/qyCfOIMb9x
0	@NT_220 @T_c015 @harurun1115 @mts_taemin 大概もとし https://t.co/FJ1jgr3tRV
1	@T_c015 @NT_220 @harurun1115 @mts_taemin なんかこれでいい気がしてきた https://t.co/5Y3dHSi0SH
0	我们是UNAGI FRIENDS
0	最初連れて来た時はガリガリだったから、太らせて食おうとしてる https://t.co/sSMUxpEekA
0	オシャレにぼっち極めてる https://t.co/zRAILGcu9H
0	びっべんコンサート！👑 https://t.co/EcQRtJvW6C
0	最近のお気に入り https://t.co/HrUxFHBx2N
0	まだわたしの指をエサだと思っているのか https://t.co/rtdPbswKtk
0	Southの北感とNorthの南感は異常
0	ひまわりの種製造機、おもち。 https://t.co/6Iwd5c24xN
0	ともにどんどん太る https://t.co/7MZ4FWj9g8
1	たまねぎおいしいむしゃむしゃむしゃむしゃむしゃむしゃむしゃむしゃむしゃむしゃむしゃむしゃむしゃむしゃむしゃむしゃむしゃむしゃむしゃむしゃむしゃむしゃむしゃむしゃむしゃむしゃむしゃむしゃむしゃむしゃむしゃ🖖🏼
1	今日はスピーディ🐌🐌🐌 https://t.co/8DV0f6c7xs
1	おもちよりわたしが鼻笛を途中で奏でてるのおもしろい https://t.co/4ydxsRpzrg
0	そして寝るらしい😔😔😔つまんない🖖🏼🖖🏼🖖🏼 https://t.co/zXVrTuDLWq
-1	あいむらびに https://t.co/bhsPNHA2oj
0	ジワ https://t.co/vNkzxMhPhO
0	Bye https://t.co/vfLNEy3py2
0	@kyokoniku 杏子ちゃん🖖🏼🖖🏼🖖🏼🖖🏼🖖🏼🖖🏼🖖🏼🖖🏼🖖🏼🖖🏼🖖🏼🖖🏼🖖🏼🖖🏼🖖🏼🖖🏼🖖🏼🖖🏼ラブ🍣🍣🍣🍣🍣🍣🍣🍣おめでとうございます✨✨✨✨✨✨✨
0	@kyokoniku ナチュラルにしょんぼりするのやめてください😔😔😔😔😔😔😔😔😔😔😔😔😔😔😔😔😔😔😔😔😔😔😔😔😔😔😔😔😔😔
0	@Kanek0Masahir0 don't nah ときも 別アングルわかる https://t.co/Tj1z5tLJyR
-1	久々に4人で写真撮ったけど相変わらず全員意地悪そう！ https://t.co/m2st0inlKq
0	RT @makitaso1108: ままが同じ洗顔を10こかってきてひいてる
0	勉強中 https://t.co/hPCjHPjJIu
1	初めて日本でサブウェイ食べたけどわさび醤油うますぎて神 https://t.co/snWCh8PVTZ
0	イルミネーショーーーーーーーーーーーーーーーーーーーーーーーーーーー https://t.co/VuYPBC6rQI
0	サブウェイ→マック→家で化粧落として寝る→ザ丼→マック→ミスド→マック https://t.co/RXghBRTnTT
0	もうそろそろわたしのすっぴんにビビらないでください😔💦 https://t.co/1gOVOtkKKg
1	彼氏にゴールデンチョコレート買って帰ったのに「俺あんまゴールデンチョコレート好きじゃないんだけど」って言われたから、自分で食べる！！💢ゴールデンチョコレート好きじゃない人とかいる！？😔💦
0	妹がいじめてくる😖😖😖💦💦💦 https://t.co/UBKpCGGyqR
0	のんちゃん「あっでもちゃいせんだけ光ってない」 https://t.co/RCaRrJhWEX
0	@nozomi_0502 再带一束鲜花去吧
0	@nozomi_0502 那应该没问题
0	寝起きドッキリ😘 https://t.co/r8Leik7YHA
1	はやく勉強しろよ https://t.co/h4Y8iUzcqf
0	風呂上がりに洗濯干して、牛乳温めてはちみつ入れて飲みながらホームアローン3みる土曜の昼最高🍤
0	北京的level很高じゃん https://t.co/01IeO9VgCG
1	着ぐるみ好きにはとても羨ましい場所と思ったらおかざえもん様いてブチ上がってる https://t.co/aIIJ0omftJ
0	どれが本物のマイメロディかわかんなくなっちゃった〜っていうくだりには一生の中で23番目くらいに驚いたけどもうほんと着ぐるみ大好きだから着ぐるみと付き合いたい😖 https://t.co/kLRIy6rpuv
0	マスクが小さすぎてエラがはみ出る現象に、もりさん状態という名前をつけるな💢💢💢💢💢💢💢💢💢💢💢💢 https://t.co/Fdb9OHMnSJ
0	ジャイアンツの選手のお話聞きによみうりランドきた😂😂😂最前列😂😂😂😂😂⚾️ https://t.co/D7Nk2zzXQG
0	ゆみちゃまとお疲れ牛角なう https://t.co/XNPjHXfwnC
1	すっごくかわいいから 今日もう３回読んだこの絵本👕👟 https://t.co/zQzVnRCssO
0	この本学校にもってってみんなに見せようと思ったのにおもちに読んであげておもちの部屋に置いてきた📚😔 https://t.co/Z1IZ6TOjOz
-1	いちごはダメ？ いちごを見るなりすぐわたしの手によってきた！ ちょっとだけちぎってわたしの手の上であげたら食べたけどあんまり好きじゃないみたい🍓 https://t.co/UkYFwiBA7N
1	なんか1人で写真撮ってたらすごいいい写真撮れたから載せる✨✨✨ https://t.co/5dtujah64e
1	ネコってほんとおもしろい https://t.co/vPkrxUHlI2
0	こんなにヒョロヒョロのゆきこ見たことない ❤️❤️❤️ https://t.co/ZpRznX0ZNm
0	ペットに似るとか嘘だろって思ってたけど、似てきたかもしれない🐁 https://t.co/Sm9eVFqyfT
0	マイラブ🐹 https://t.co/DCBj4ONX4q
0	虹が見えた🌈 https://t.co/67QVbvwS74
0	天才かもしれない https://t.co/o1rcrVgRFB
0	ずっと思ってたんだけどなんで東京の電車は鏡ついてないの？💄
0	@coco___ooo ほら逆再生だよ https://t.co/sw5uuRZlXU
1	もぐさえんはかわいかったです🍑🍜🍥 https://t.co/gmXbQKMxWw
0	@kng146 しみず😌
0	寝起き盛れないのはきっとわたしに似たんでしょうね....... https://t.co/IqEEH5SzLU
1	朝から毛玉がかわいいから一限がんばる https://t.co/X0tiye2Bsp
0	RT @doitwinter2015: 冬ライブチーム紹介！ 第３弾は『Can't Sleep Love』 見た目から伝わる個性派揃いのバンド！一味違うパフォーマンスにご期待ください！  続きはHPでご覧ください！ https://t.co/JfjyycyJrs https:/…
0	RT @doitwinter2015: 冬ライブチーム紹介！ 第３弾は『メリクリ』 冬の名曲といえばこれ！ジュディのリードボーカルにぜひ注目！ベースのばなーなが字ハモしてる時の顔も見てください笑  続きはHPをご覧ください！ https://t.co/JfjyycQkj0 ht…
1	RT @doitwinter2015: 冬ライブチーム紹介！ 第２弾は『White love』 １年同期ギャルバン！力強い歌声に注目してください！振り付けも練習中！サビに注目(^-^)！  続きはHPでご覧ください！ https://t.co/JfjyycQkj0 https:…
0	らぶ https://t.co/3f982NQl99
1	おつかれさまでした！😌✨ TWICEのチェヨンやれて本当に嬉しかったです！OOH-AHH하게難しくて足手まといでしたが楽しすぎました🍞みすちゅのメンバーとして踊るのは今日で最後だったんですがまたいつかK-popみんなと踊りたいです😌 https://t.co/sCQpQP8OUZ
0	えへへへへへへへへへへ へへへへへへへへへへへへへラブ https://t.co/QA4ur1crZa
0	@liang_fu97 😌💓 https://t.co/gql9AebKHb
1	テレビ見てたらかわいいのでてきたから急いで撮った！🌳 https://t.co/7nmtZfW2Rp
-1	森家、1000円プレゼント交換うぃる https://t.co/jRflgplgxE
0	森家プレゼント交換会でアフロがあたりました〜〜💓💓💓 https://t.co/rVmAbENQXQ
1	@venusnumber6 イブ中華いった割と空いてて穴場すぎて良い https://t.co/7ovET1Qgke
1	ガチかわいいと思ってる気に入ってるアフロ https://t.co/pc0g1egsKo
1	小学生の頃からすでに弟ととても仲良い感じがうかがえるカワイイ https://t.co/BzaySbaprh
0	うさぎカフェ行ってきた🐰💅🏼 https://t.co/sP4DGSogLp
0	森家肉食会は、3人が参加しました！ https://t.co/MISYSPQHZk
-1	運転は嫌いだけど、ドライブだいすき助手席だいすき星人だから横井と🍞🐽💭 https://t.co/m9hgbMckQE
0	聖子が国宝すぎたから、ジャニーズカウントダウンは頭に入ってこないすぎる https://t.co/0wvTrade0R
1	横井と良い年越し。横井はほんと安定。 https://t.co/rFrzXE8KLd
0	寝正月🎍 https://t.co/D46z1f8rib
0	年明け森家大運動会なうです。 食べて🍑運動して🚵🏼泳いで🏊🏼お風呂入って🛀🏻食べて🍠運動して🕴食べます🍕 https://t.co/Q6zMUAUdY2
0	カワイイ👁👁👃🏼🍵 https://t.co/Tpu8TxrCeW
0	イライラ塗ってたら11時か...🍏 緑いっぱい🐉🍃🌿🎍👗 https://t.co/qVSfSwAfpb
0	RT @okazaki_taiiku: 冷蔵庫に貼ってあったメモ書きを英語風に読んでみた https://t.co/QiGhyFHF51
0	こいつめっちゃ死刑☆ https://t.co/QaE52xEBWV
0	RT @_seaparadise_: 鏡餅☆ 正面から見ると… #シーパラのかわいい https://t.co/FXBXntcFpZ
0	私の振袖の襟巻きがえじきに https://t.co/xKCwQ0JrRP
1	顔でかいから昭和っぽくて良い👘 https://t.co/MralAgSpBj
1	なおこの顔が半目のやつしか出てこなかったのめっちゃおもしろいけどとりあえず顔隠す https://t.co/8FagBAkFMe
0	美月ありがとう🍣 https://t.co/zSfnDj7dDg
1	プリクラってすごすぎ！！！ https://t.co/cR58zdLCAi
0	振袖を脱ぎたくない👘
0	振袖を脱ぎたくなくてギャーーーーーーー！！！！！って夜遅くに叫んだ👘なおこに全部脱がされてしょんぼりして下着に足袋だけずっと履いてたけど完全に変態
0	ぜったいこうだと思うのだが？？？ https://t.co/sETTdQMuCN
1	こういうのすごい好き https://t.co/XTOjR3tM3S
-1	変なところに乗ってなおこに怒られたときのきなこ https://t.co/JudbwO7osZ
0	RT @shin___geki: 紙コップ３つでドラえもんの漫画作ってみました。  #ドラえもん #紙コップ https://t.co/4EHKa1AEbm
-1	中3の時からかれこれ五年間くらい美月の家に泊まるたびに「あれ？このキティちゃんの毛布私のと一緒かも、あっちょっと違うわ」っていう発言絶対してるんだけど怒らずに「そう？でもこの会話前もしたよ」って言ってくれる美月２０歳おめでとう！🎂✨ https://t.co/g952AM1Ob5
0	RT @makitaso1108: 特技は自撮りです
0	RT @makitaso1108: 100倍くらい可愛く撮れます
0	@rarario116 おめでとうございます✨
0	RT @sekino4koma: 4コマ漫画「女子力」 https://t.co/bwZ31LmC9Z https://t.co/itjVX4M01B
0	@NT_220 わたしも平均61.5だからこのナミダ・ナゲキ→未来へのステップ
0	おもちに会いたい
0	@SHIREN_1 おもち実家にいる
0	RT @hanamama214: ひたすらアピる https://t.co/v5XUnFYnNo
-1	@coco___ooo 刺激うけるって言葉めっちゃダサい☺️✨
1	ここちゃん好きだありがとうピヨピヨ✨✨✨🍉
1	激かわいい https://t.co/4oA2M7HZP0
1	体育スーパー皆勤賞。 体育大好き。２年でも取りたい。
0	お兄さん、トレンディだね、 ウーン、トレンディエンジェル〜👼🏼👼🏼👼🏼 https://t.co/Ng1O1lu4Mu
1	実家で元気にしてる世界の動物の中でいちばんかわいいおもちちゃんほんとに一生一緒にいたいあと50年くらい生きて欲しい💭 https://t.co/dEXBFV1Bi1
0	この子連れて帰ってきたかった。 https://t.co/TpQXJbdRjO
0	RT @makitaso1108: 盛れないと１日が終われない
1	まきこは安定
0	RT @makitaso1108: やべえカラオケのテンションでゆきこと語ってたらねれない
0	らぶい https://t.co/nzNf263984
0	RT @milomiloteli: What i want for cny https://t.co/bm9NJwZQ4k
0	@makitaso1108 @sr__1013 @isa_kanako42 武勇伝でんででんでん
0	RT @toru_kunn_bot: 彼氏のこと「ダァ」って呼ぶやつなんなの？猪木なの？
0	イタリアンかなこのペケポンでもう今日ぐっすり寝れる😴😴😴
1	@hika7hika1 激かわいい！！！！おめでとう🍓✨
0	チョコ食べる？って聞いてくるくせにポムポムプリンの柄のチョコ選んで食べようとするとめっちゃイヤがる https://t.co/bsXgocDuNJ
0	@doooyasa_22 どやさおめ
0	とびら開けてもぜんっぜん起きないし、動画撮ってるの気がつかないし、おにぎりみたい🍙 https://t.co/ok0ZggN6sz
-1	まきこと30分爆笑しててほんと死にそうマジで危険ほんとに笑いすぎて死んじゃう
0	RT @makitaso1108: 爆笑しすぎてえごまのむのに30分かかったわなおこ真顔
1	@syuren8 誕生日おめでとうハッピーバレンタイン
0	RT @makitaso1108: まちがえて弟に💖のスタンプたくさんおくってしまった
0	2/14💖 https://t.co/g1WfCwWZTr
0	RT @makitaso1108: @coco___ooo  まきこも買った昨日
-1	パパとジムなうなんだけど隣の怖そうなお兄さんBANG BANG BANGかけててテンアゲ https://t.co/dXivZizjWM
0	https://t.co/LILQRKEpZM
-1	にく https://t.co/5J5JGj3Sw6
1	いい写真とれた https://t.co/z741LI7wOt
1	RT @makitaso1108: 動物園たのしすぎ
1	動物園の楽しさのピーク https://t.co/dcoFX8ZCfJ
0	ヤギに口説かれてた https://t.co/t1BTUS7H7C
1	00:00に電話で歌歌いながら車で森家までこれをわたしに届けてくれた横井ありがとうありがとうありがとう嬉しい https://t.co/7ExyYhYbqz
1	ほんと美月の電話なかったら1人で寝てただろうしみんなお風呂はいってるもんだと思ってでも長すぎてすごい心配してたらこうなってていまヘブンすぎるんだけどみんな実はまだお風呂はいってなかったし私だけすっぴん寝巻きでワロテルありがとうありが https://t.co/QrKuHB0SFI
1	@chqn_pi ありがとう〜！確かに長いねまた遊ぼう！❤️✨
0	@kazuunapai ありがとう！！！なぎちゃんあいため
0	@chocoballz2 ありがとう！ご飯絶対行こう😍
0	@nagae_kaho ありがとう〜！会いたい！かほののろけを聞きたい（笑）
1	暫定一位でおもしろい https://t.co/v7LEYB6uvc
-1	@___ywhy___ 君もけっこうへんてこだぞ☆ありがとう☆
0	@NT_220 谢🍙💨💨
0	@beef_beef_beef ありがとう〜！連絡する！
0	@anmn_z121 ありがとう！ わたしもまなしを意識するわ🌜✨
0	@AiRiN_0315 ありがとう！！！😍
0	みんなありしゃす https://t.co/ttPXe10kqF
0	@isa_kanako42 何語
0	@isa_kanako42 😘
0	@I_am_GY ありがとう！😍
1	@erisabatake0517 ありがとうほんと早く会いたい
-1	@yumiko2p ありがとうううう！！！
0	@0219yumim ゆーみんありがと！！
0	@kyokoniku ありがとうございます！！！！😍😍😍😍
0	@3010_cool ありがと！！！カラオケとメイドいこうね😍
0	@yukiessi ゆきえしありがとうございます会いたいです（泣）
0	@riiu_94 ありがとうございます！ あいたいのでゆきえ氏と大久保で集合で😝
0	@aykbmrun ありがとー🤗
0	@syuren8 ありっと
0	@gen__murakami そうなんですよ〜！ありがとうございます！
1	@otha882 でしょでしょすごいでしょー！！ありがとね！今度ご飯いこ🍚
0	@bbbkkk1996 ありがとう〜！🐜
1	のんちゃんは優しいし美人だしスタイルがいいし賢いし本当に可愛いけど、ハイタッチがすごいキモい
0	夜更かししちゃってる 顔デカすぎて私だけパック足りない https://t.co/uOBZ9dmyIi
0	@NT_220 ome🍙💨💨🍙💨💨🍙💨💨 https://t.co/nhXYlEg2k8
1	みんな好きだなあすりすりすりすり https://t.co/aLBhy4EJ3b
1	@yukiessi @riiu_94 ゆきえしおめでとうございます！！！！！ビッグラブ
-1	のんちゃんの眼鏡なくなったみたいだけど犯人探しって大変だね https://t.co/7q9EEs4jcw
0	@0219yumim ゆーみんお誕生日だったのね！おめでとう！🎂
0	RT @say_0013: ゆきちゃんつるちゃんおめでとう☺️💕 https://t.co/7MXuOMtGj4
1	何て幸せものなんだ（泣） みんなより一足先に２０歳になってしまいました！ まいくひなちゃんてっちゃんさのまりつるちゃん鬼ラブ https://t.co/lTbi8dhlDi
0	@cntctk キャーーーーー！ありがとう！✨
1	@mnm___1206 いやんありがとうれしい😚
0	RT @dhbctn7__ish: ナンバーワンスプリングわろた
1	RT @makitaso1108: かわいくね？ https://t.co/Rx3jZewpQf
1	妹がピンクになった！かわいい😍卒業おめでとう！
0	鬼畜✈️ https://t.co/60K7j2Z1Pn
1	RT @makitaso1108: ゆきこっていつも好きな人とデートしてる妄想して寝てるらしいきもちわる
-1	明け方のコレは怖すぎて泣く🐶 https://t.co/HMNtORlQmx
0	イェア🚓 https://t.co/uj4XB7T6SV
0	調子に乗ってこういう事もしちゃう https://t.co/QTTmJRKMCR
0	ここまできても髪の毛がボサボサだからネ https://t.co/ormLSGtzDT
0	6時間睡眠で朝も昼も夜もずっといる https://t.co/Z2Z2UEqD9F
0	🐽 https://t.co/qZKkAlfIat
1	ビッグヒーロー！ https://t.co/zKpw2GJhD5
0	おじさんが入り口で名刺くれたカワイイ https://t.co/cnpy7VAYHm
1	うますぎて鬼 https://t.co/LCBvtrKQGo
0	ねえdo it💢💢💢💢💢💢💢💢💢💢💢 https://t.co/tLNVr3Bb7P
0	ママに「ゆきちゃんそのジャージどこで買ったの？」って言われて「GAPで買った」っていったら「ママもこのジャージGAPの160！」っていっててそうなんだーって思ったんだけど、160っていうサイズの言い方ぜっっっっっっっっったいKIDSだよな〜って思ってジワってるっていうかゾワってる
1	天使（毛がすごい） https://t.co/yewqNKVi56
0	RT @syuk541996: @snowysenyoujizi https://t.co/umsLpHmMgF
0	RT @URA_VICIOUS: これの記憶がなさすぎてやばい https://t.co/Ozs9PVhXXm
0	ゲキカワマイエンジェルキョウコ https://t.co/qG1HKFB6ze
1	僕ケバい子割と好きだよって言われると、それって誰でもいいじゃないですか〜〜とかまんざらでもないみたいなこと言いながら、オッホオッホウフウフウフフフエヘヘヘヘへへへへへイヒヒヒキャーーーーーーって心の中でテンアゲして宇宙飛んでくぐらい嬉しい
0	RT @143_0k: 「Siri、1兆の10乗は？」  ワンゼロゼロゼロゼロ..... https://t.co/xHZfB3l5DL
0	ありがとう岡田有希子ちゃん🙏🏼🙏🏼🙏🏼🙏🏼🙏🏼🙏🏼🙏🏼🙏🏼🙏🏼🙏🏼🙏🏼🙏🏼🙏🏼🙏🏼🙏🏼🙏🏼🙏🏼🙏🏼🙏🏼🙏🏼🙏🏼🙏🏼🙏🏼🙏🏼🙏🏼🙏🏼🙏🏼🙏🏼🙏🏼🙏🏼🙏🏼 https://t.co/euLnnYXFgZ
1	ちょうど1年前の私のツイッターのアイコンが盛れすぎてて、ていうか入学前だったから猫かぶってていろんな人から出会い的な目的ですごいフォローされたんだけど、ふざけてスッピン晒した瞬間それまでDMで絡んできた男性たちが一斉に私をブロックするっていう現象起きたの思い出して泣いてる
0	チャンネル登録よろしくお願いします❤️ #エイプリルフール https://t.co/zjISp7Qx5I
0	@3010_cool たいちゃんおめでとう！
0	@sakosako0_0 ❤️❤️❤️❤️❤️❤️❤️
1	@sakosako0_0 パワパフあさこさんが可愛すぎるし似過ぎてる😍😍😍
1	@k_d_m_i_k_m ラブリーいくみへ 同い年だということにとても親近感を抱いています。 良い一年にしてくださいね。 キューティゆきこ
0	RT @neko__vine: 命がけのキッスwww#猫 #ねこhttps://t.co/MwyQom4Sbz
0	@nippy_uppyo5 メンバーみたいになってました。ありがとうございます✨✨✨ https://t.co/uUrYm7AjRU
0	@nippy_uppyo5 もう〜////いやん西尾さんラブすぎる🤘🏼🤘🏼🤘🏼🤘🏼🤘🏼🤘🏼🤘🏼🤘🏼🤘🏼🤘🏼🤘🏼🤘🏼🤘🏼🤘🏼
0	@nippy_uppyo5 私たちがカワイイからってとりあわないで😞😞😞😞😞
0	ラブリーいくみ🍰🍰🍰🍰🍰 https://t.co/tFeaafEZSk
0	けんちゃんが天使すぎる👼🏻👼🏼👼🏽 https://t.co/4vsLaYB9fE
0	たかしとなおこ来た😍 https://t.co/9HqK87XhKY
1	RT @ninjingirls: 《メンバー紹介①》 “ゆきこ” 我らが誇るツインリードの片割れで 歌ってる時の色気はホンモノ 毎日顔が変わる通称七変化系女子  意外と健気でピュア バイト先で知り合った他大学の彼氏がいる設定(あくまで設定) https://t.co/9Sw5Y…
1	RT @ninjingirls: 《メンバー紹介②》 “まろ” 我らが誇る2人目のツインリード こっちは割と常時同じ顔をしている 誰もが認める凄くいい女  練習中突然ダンシングおばさん呼ばわりされるなどメンバーからの唐突なディスりに遭いやすい傾向がある https://t.co…
1	RT @ninjingirls: 《メンバー紹介③》 “さのまり” 見た目は可愛いコーラス組の1人 可愛い表情と同じくらい変顔も多い 通称自撮りクイーン  よくグループLINEで乗り遅れる 割と突然ぶっ飛んだ行動をとる そしてリア充です羨ましい https://t.co/G5t…
1	RT @ninjingirls: 《メンバー紹介④》 “つる” 見た目は可愛いもう1人のコーラス メンバーきっての末っ子気質 小柄だけど声量はあるよ  中身は控えめに言ってド変態 メンヘラとかネガティヴとか言われるけど頑張り屋さんなだけなんです https://t.co/t1G…
1	RT @ninjingirls: 《メンバー紹介⑤》 “てっちゃん” (一応)女子だけどベース担当 練習の遅刻欠席率がダントツなのに 何故かバンマスはこの人  写真写る時は高確率で閉眼か白目 夏合宿でサークル面白いランキング 2位に輝いた実績を持つ https://t.co/d…
1	RT @ninjingirls: 《メンバー紹介⑥》 “まいく” 次期代表又の名をラブリーいくみ 通称カウンティングエンジェル 圧倒的異名の多さを誇るパーカス  ８時間くらい練習した足で空手を 習いに行く程のストイックぶり バンドの秩序は彼女で保たれている https://t.…
1	私「ママが買ってきてくれたファンデーションなくなりそう」 母「えっ？はやくない？」 私「えっもうないよほら」 母「塗りすぎじゃない？」 私「塗りすぎてる？」 母「そんなことない」 私「だよね」 母「あっ！わかった...」 私「なになに」 母「塗る面積が人より多い」 私「...」
0	RT @GO_RACCOONS: 今日はお友達のタヌキ君が練習を見に来てくれたよ〜👬耳に桜がついてて春だね〜🌸タヌキ君またね‼︎#中大ラクーンズ #ともだち #春 https://t.co/WSNZkaNHoj
1	この子なんか頭に桜つけてうれしそうなかんじにみえる本当に応援しに来たんだね、かわいいかわいいほんとかわいいモフモフしてスリスリしてパクパク食べたい https://t.co/Ub5sI3aO6w
1	1年前の私が手紙送ってきてどんな面白いこと書いてるかな？白紙か？ネタツイできるぞ〜！ってワクワクして開けたら裏表びっしり何事にも真面目に取り組み大学生活を楽しんでいますか？的なクソつまんないこと書いててしまいには二年生になった私にエールを送ってて1年前の私には深く反省してほしい
1	ウーン超かわいいこんなところに猫いた😍😍😍😍😍😍😍😍😍😍😍😍😍😍😍😍❤️❤️❤️❤️❤️❤️❤️❤️❤️❤️❤️ https://t.co/iYvp7EAMKf
0	ウェリントン🍣 https://t.co/Jte1Nn47gW
0	RT @ninjingirls: お知らせ📢  5/8(日)に開催する【八王子学生天国】に私たちTHE-CARROTも出場させていただくことになりました！！👏🏻✨  出演時間は【15:35〜15:50】 野外ステージなので無料で聴けます👍  外で歌うのはこれが初めてなので、ぜひ…
0	手伝ってくれるおりこうなおもち https://t.co/utNYudkByg
-1	邪魔してくるおりこうじゃないおもち https://t.co/nOoB1dnA9Z
0	顔やっちゃいけないって書いてあるのに口周りに除毛クリームやったったバイバイわたしのヒゲちゃん👨🏻
-1	14時間ぐらい寝てしまったんだけど朝から顔が40インチくらいになってる
0	RT @triangle_999: #拡散希望 中大Do it your voiceより4バンドが、八王子学生天国に出演します！2年同期は私たちとTHE-CARROT🍴14:00~30にも他バンドによるアカペラをお楽しみいただけます✨どうぞお越しください😉 https://t.…
0	とりあえず結婚してほしい https://t.co/qJE7BLyZ4d
0	こどもの国ライン https://t.co/g4GHK6q23g
0	まきこもはや同級生だからじわる
0	活動終了 https://t.co/p9vGepc8kx
0	1回目はこちら https://t.co/GWCfdsIbqf
0	のんちゃんおめでとう！ https://t.co/4pKCeg0Kb6
0	家族充 https://t.co/6GsuptZVew
0	大学で着ない服を着る日 https://t.co/yzQC43k9zv
0	彼氏できない⇄いらない⇄できない⇄いらない https://t.co/nsu9JLDiX6
1	@sknc07 お腹へこませたけど...うれしい....❤️
0	アイライン長すぎてそろそろ顔からはみ出そう
1	授業中おもしろいこと言わないでほしい😞😞😞 https://t.co/YjdUZgepax
1	のんちゃん祝われてるかわいい❤️❤️❤️ https://t.co/BwDDcIYikn
1	RT @ninjingirls: お久しぶりです🙌THE-CARROTです！いよいよ明後日八王子学生天国に出ます😊💕詳細は2枚目の画像を見てください！初めて外で歌います🎤みなさんのお越しをお待ちしています✨女子力高めにパーカスまいくがお送りしました！ https://t.co/…
1	まろちゃんとわたしの笑い方すっごい似てる
0	RT @ninjingirls: 明日の１５：３０-４５ みんなきてね🍆💨💨（ゆきこ） https://t.co/Vv4HUFZHrO
-1	RT @triangle_999: ついに！明日は八王子学生天国です😊✨私たちは▲三崎町公園ステージ▼八王子駅からすぐです！Do it your voiceから4バンドが出演します！14:00~30と、15:30~16:00お見逃し無く😎😎😎  #拡散希望 https://t.…
0	RT @ninjingirls: いよいよ今日です！15:30〜15:45八王子駅近くの三崎町公園で歌います😊✨にんじんがーるは初めてスタジオ練習をしています！みなさんのお越しをお待ちしています🙋(髪ボサボサで困ってるパーカス) https://t.co/lFPt7YM0tJ
0	@mnm___1206 ❤️
1	たのしかったし、すごいうれしかった https://t.co/PAUiMIZa7J
1	RT @say_0013: 初めて外で歌ってめちゃ楽しかった！！来てくれた方本当にありがとうございました😊💓  これからもにんじんアカペラバンドをよろしくお願いします🙇🏻 https://t.co/vH4Ca7m48F
0	@takayago0916 やっぴー😉✨💕
1	RT @ninjingirls: 無事（？）はじめて外で歌うことができました✨見にきてくださった方、本当に本当に本当にありがとうございました！😌💕 近々箱ライブのお知らせもしますのでお見逃しなく！😎 https://t.co/jNiLbniw5C
1	@takayago0916 いやだいやだなにたかやんやめて////どうしよう嬉しすぎて寝れなくなっちゃうわ😧😱😖😔😩 ほんと聞いてくれててうれしかったありがとうございますお粗末様でした🙇🏻
0	❤️ https://t.co/vuVCvmZxnW
1	RT @dhbctn7__ish: 私が盛大にミスったムービー怖くて見てなかったけど、歌いながらみんなが優しい顔してこっち見てくれてたの知って朝から泣きそうてか泣いてる@ninjingirls
0	RT @CrazyPaxi: 中央大学 Doityourvoice 2年同期混声バンド『Paxi,』です！邦楽を中心に歌っていきたいと思います！よろしくお願いします！🌿🌿🌿🌿🌿 https://t.co/KyGZRltoJQ
0	RT @CrazyPaxi: そしてそして 今日はみんなで焼肉食べてきましたー！ こんな感じのメンバーでやっていくので これから応援よろしくお願いします！ https://t.co/5YIw9fvjzk
1	かわいいナァ ピンクレディシューズ。 https://t.co/3sqf2iW4eM
0	やばカワイ https://t.co/YHuKEMBEn2
0	@yasukawaaa お誕生日おめでとう😍😍😍
0	旦那と手繋いでるスーパー帰りの妊婦さん見たんだけど、カワイイと思って流行りのマキシ丈ワンピ着て1人で食べ放題行った後にバスで席譲られた高2の秋思い出してスーパーで野菜選びながら涙流してる
0	RT @ninjingirls: 会議中です！！💓 https://t.co/4mR8bakgfa
0	https://t.co/gprxmtnmAD
0	@_______yummy にんじん今日顔濃いね？
0	RT @yuto0812127: うちの猫 #猫 https://t.co/2cXiwV8EeU
0	RT @ninjingirls: お知らせ📢  初箱ライブが決定しました！👏🏻👏🏻👏🏻 7/16（Sat）場所は恵比寿天窓swichです！  取り置きはDMまたはメンバーまでお願いします(*^^*)ぜひお越しください🏃🏻❤️  ＃拡散希望 https://t.co/uLpveE…
0	RT @ninjingirls: お知らせ📢  私たちTHE-CARROTは【金沢アカペラタウンストリートステージ】への出場が決定しました！😊✨✨ 初遠征です！わーい👏🏻  さらにこの後、私たちの初箱ライブのお知らせもしたいと思います！！！ どうぞお楽しみに！🙌🏻 https:…
-1	1人じゃないと無理奴〜〜〜〜 https://t.co/hUiQhygX4K
0	RT @k_d_m_i_k_m: オーストラリアを楽しんでる白カンガルーてつだ https://t.co/t8LIw9u1UT
1	ビーフシチューをチンして食べよう、これ食べたらケーキもあるし幸せだーと思ってビーフシチューレンジから出そうと思ったらビーフシチューじゃなくてあったかいケーキでてきた。ビーフシチューはまだ冷蔵庫の中にあった。
1	おもしろすぎる https://t.co/ejjLFaPSrj
0	RT @nayuta_hori: 名古屋大学の学園祭に出演させて頂くことになりました🙌🏼  Pyrusの初遠征です！愛知県！名古屋！楽しみ！！ https://t.co/Q51MIP0aS4
0	RT @Pyrus_acappella: 2つ目は出演情報です！ なんと、名古屋大学JP-actさんの学園祭にゲストとして出演することになりました！！  Pyrusの関東以外での演奏は初めてとなります！！ 名古屋の皆さんに会えるのを楽しみにしてます😆😆😆 https://t.c…
0	まきことのシンクロがジワる https://t.co/q4LTBa9Vyh
0	のんこちゃんが笑い袋くれた❤️❤️❤️これでずっとわらっちゃう😔😔😔❤️ https://t.co/dtNjXcmc5p
1	おいしいコーヒー牛乳を飲むために 堀之内から多摩センターまでダッシュして風呂入るっていう長いフリをした https://t.co/tCV5RFNSPu
-1	出欠のために名前書く紙を前の男の子にわざわざ立って肩まで叩いて渡したのに、肩叩いたときに2人とも尋常じゃないぐらい痛い静電気きてわたしただ立って彼に攻撃を加えにいったみたいになっちゃって気まずすぎて死にそうだった
0	RT @shimushi5_127: ｲｲﾈ! @moka27930:ドアラが鳩を追い回してる😂😂 #sbhawks #dragons https://t.co/R1rfTcI4vd
0	RT @nono_hawks: ドアラ可愛すぎ笑笑 https://t.co/ZRhRyWhJgr
0	RT @CrazyPaxi: 🌿Paxi,🌿の初箱ライブが決まりました！  【Break your wall!!】 6/19（日） 場所:吉祥寺 STAR PINE'S CAFE ￥1000＋1drink  取り置きはDMもしくはメンバーまでお願いします！ https://t.…
0	@lilyflower0526 たのしみにしてます😍
0	@nayuta_hori コンパルぅ〜〜
0	格が違うって名古屋がザワついた https://t.co/01YZX0BSLF
1	写真とってもらっちゃったウフフ顔が嬉しそうすぎてボカしてもキモい☺️☺️☺️☺️☺️☺️☺️4曲もきけた楽しかった😍😍😍今からオレア幸せ❤️❤️❤️❤️ https://t.co/3QbXC7zHC3
0	帰省するからPyrus行くんじゃなくて、Pyrus行くから帰省するキモさ
0	❤️ https://t.co/J5pskvnCTC
0	😍❤️ https://t.co/vcSXQE2NtC
0	朝からフフフってなった https://t.co/QVopgkpFPr
0	RT @ninjingirls: 練習おわりのおすし🍣 ヘイ！取り置きおまち！ https://t.co/EP1VvBUl8J
0	RT @CrazyPaxi: スタジオで練習したぞい！ https://t.co/xPRpk6L9UE
1	RT @CrazyPaxi: 🌿【Break your wall‼︎】🌿 お疲れ様でした！  初箱ライブ緊張しましたが、楽しく歌えることができました！  お越し下さったみなさんありがとうございました！今後とも🌿Paxi,🌿をよろしくお願いします！ https://t.co/uE…
0	RT @dhbctn7__ish: 2016/06/19 Paxi, https://t.co/dwBPO3W317
0	あついんだろうなあ ブッサイクな顔して寝てる.... https://t.co/Nw1r7PfqkE
1	のんこがプレゼントくれたほんとぽちゃかわいいありがとう❤️❤️❤️❤️❤️❤️❤️❤️❤️❤️❤️❤️❤️ https://t.co/HzDNQlSU3L
0	長江かほ生誕祭
0	RT @taigi_go_bot: 肉離れ⇄野菜接近
0	@kwuc_rh29 よう考えたらめっちゃ怖いけど編集ポップすぎてしかもみんなが笑ってるとこつられてすごい笑っちゃう
1	@MOT0120 @kwuc_rh29 こわいそれほんと.... すごいここが好き https://t.co/GOYgeuCWVG
0	RT @ninjingirls: こんにちは！ Do it your voice!の夏ライブが7/7(thu),8(fri)に行われます！18:10open/18:30startです🕒私たちも出演します👏🏻✨ ぜひお越しください(o^^o)  https://t.co/gdYy…
0	土曜日の夕方に木苺ラッシーを飲むゆきこをおみまいするョ😘❤️カワイイ😍❤️❤️❤️ https://t.co/TZ1fOHWj26
0	@k_d_m_i_k_m ココアのんでるいくみとかぜったいカワイイ❤️
0	@dhbctn7__ish @k_d_m_i_k_m @takayago0916 https://t.co/b5smmEjJsS
0	@admjg_dtnd4n やっぱこういう行動まで動画におさめたいわたしのほうがTO https://t.co/hZn9Vtpl3v
0	🎋🌠 #星に願いを https://t.co/cGL0fsWFY8
0	くるくるくる➰➰➰ https://t.co/wwVkOUGfXY
0	RT @ninjingirls: THE-CARROTの初箱が来週あるんだってさ！🔶🍃 https://t.co/XYvOvh30Z9
-1	@Ars2850 しおりさん入りの写真じゃない！！！！！！！ジワリティ低い！！！！！！！！！！
0	RT @taigi_go_bot: 八方美人⇄一点ブス
0	山吹色って、やまぶ黄色じゃないんだ
0	RT @Pyrus_acappella: 最近はもっぱら深夜帯に集まっています、Pyrusです。そして！新曲の練習が始まりました!! 披露予定は8/22の夏の感謝祭です🙌🏼 フリーダム💥💥💥🗽🗽 https://t.co/9C5i0NuBaZ
1	RT @ninjingirls: 同期ヤロバンのtriangle△からの差し入れです！ありがとうございます！おいしくいただきました🐚 https://t.co/6iWoULcPVO
1	RT @triangle_999: 本日はDoitの同期ギャルバン THE-CARROT(@ninjingirls)の初箱ライブに行ってまいりました💪🏻✨恵比寿って素敵な街ですね…！これからもお互い切磋琢磨できたらいいなと思いました😄早くライブやりてえ！！！ https://t…
1	@shiiiiimo_5_21 がんばってね！楽しかったね！（笑）
0	@shiiiiimo_5_21 気をつけて帰ってね！わたしもまたご一緒したい！🙆🏻✨
0	なんでみんなネコのポーズなのにゆきちゃんだけ西川きよしポーズなの？ってパパママに言われてこの画像途端にはずかしい https://t.co/nGww6xgvfC
1	@319ustak かつさん！昨日は本当に楽しかったです！また会いたいです！🙆🏻✨
0	てっちゃんばいばーーーーい https://t.co/F8BBz0TGSA
1	RT @ninjingirls: 初の箱ライブが終わりました！来てくれた方、ありがとうございました！ 出演者さんたちともたくさんお話できて本当に楽しかったです！ これからもカワイイカワイイ6人で頑張ります💓💓💓 https://t.co/QQBwFPf6p1
0	@say_0013 バイバーーーーイ
0	かんちゃんはカワイイナァ〜〜 https://t.co/EVfvsxVzFx
-1	わたし「えー二課のほうがテスト出そうだからそっちからやったほうがいいかな？一課もういっか」 のんこ「....！！！」 わたし「....！！！！！一課もういっか、だって」
-1	今ポケモンしてたら急にお兄さんに話しかけられて、お姉さんのことGETしたいとか言われたムリ(&gt;_&lt;)
0	絶対ゆきちゃん https://t.co/KQxcpdvClY
0	@say_0013 @12jqch259 ヒィギャンカワ
-1	髪の毛を地毛よりも黒くして、前髪を変えたんだゼ✂️ https://t.co/65tYPE6The
0	RT @KUSO_NAZO_BOT: Ｑハム太郎を塩漬けにして燻製にしたものなーんだ？Ａベーコン太郎
-1	セミが突撃してくるから玄関と洗濯が怖い時期が来た
1	パパが私が出る箱のこといっつもゆきちゃんのコンサートって言ってくる好きパパみたいな人と結婚しよ
0	RT @tmackisey: i bought a phone case online but didnt realize it was for a 6 plus so i gave it to my dad he loves it https://t.co/nbJdvKoOLo
0	@riiu_94 たまたま見つけた니까~
0	@riiu_94 おやすみんくん〜〜✌🏼️✌🏼✌🏼
0	RT @makitaso1108: ゆきこなーーうお姉様なーーーう https://t.co/GTv0EP4fJT
0	RT @OCEANTOKYOnet: 🇫🇷OCEAN TOKYO 2017年度入社 新卒最終試験🇫🇷 サロンワーク×最終面接  芹澤 亜花莉 名古屋文化短期大学 生活文化学科   最終試験開始前のコメント https://t.co/ImEu1SlVj4
0	モリ・ボムが歌ってくれた🎤 https://t.co/aWr4a4nPAc
0	RT @makitaso1108: どうも〜モリ・ボムで〜す
1	@umi_marinchan まりんちゃんにいわれるのうれしすぎ
1	カワイイ18期女子5人とかわいいアイス食べながら服いっぱい見て「ゆきこさん歌上手いです〜！」とか「ゆきこさんならなに着ても似合いますよ〜！」とか言わせたりしてほんとに楽しかったありがとうございましたすいませんでした
0	えーお兄ちゃんいるじゃん実家帰りたい https://t.co/qumDQJvtgo
0	RT @a802takumi1101: Hello,Again~昔からある場所~  ハモってレコーディングしました☺︎  女(@PurinRina ) 男(@a802takumi1101 )  音質こだわったからイヤホンがオススメ🙆 https://t.co/eduf5LX0uZ
0	@nippy_uppyo5 今月イチ笑ったと思う
0	弟に会いに妹が運転してくれてるけど頭おかしみ https://t.co/al15rqQ2Zp
0	@hikariii_426 雨降ってきてぴがああああああっていってワイパーしてたジワ
0	RT @makitaso1108: 肉肉肉肉肉肉肉肉肉肉肉肉万紀子 https://t.co/5zv6fnz55z
0	RT @makitaso1108: 弟よ目を開けてくれ ハッピーバースデー😳 https://t.co/YtOpyxt0Py
1	やっぱ帰省するとたのしすぎる https://t.co/68phxMUCP9
0	実家からSPもってきたったからやっとゲームできぽよ https://t.co/GQ58HH6Dl5
0	もう実家帰りたい https://t.co/PsxFvpcDFh
0	RT @nyanko_rider: 自撮りガチ勢 https://t.co/LyxMUJcVHk
1	おもちが今月の15日で1歳になったので、大好物をたくさん入れてプレゼントしました。うれしそう。 https://t.co/K24VvnMsj9
-1	カワイイつらい実家帰りたい https://t.co/po9f4s9E4R
1	RT @makitaso1108: 家に電話したらなおこ出たんだけど声美しすぎてどこの家に電話してしまったのかと思ったわ
0	RT @makitaso1108: え、まきちゃんだけどっていったらあーって元の声に戻った
0	@k_d_m_i_k_m @dhbctn7__ish 私は五回読んで五回とも笑ったけどね
0	RT @ninjingirls: こんばんは！THE-CARROTです💓 ついに箱ライブが明日にせまってまいりました！高田馬場にあるLive Café monoさんで18:00開演です🎤💕新曲もあるのでお楽しみに🙆🏻✨チケットの取り置きまだまだ受け付けてます💕✨ https:/…
0	💓 https://t.co/ZVpplpn3WN
1	@sps_stair お疲れ様でした！春詩音さんほんとうにほんとうに素敵でした... 4枚目うちらが入り込んでしまっておりますすみません...
0	RT @makitaso1108: ンンンンがわいいなぁぁぁぁぁぁぁぁぁぁぁぁぁぁあ https://t.co/bjsTB2Qvyb
0	なおことたかしと金沢でデブ活した https://t.co/pmq5I1RXOP
1	RT @ninjingirls: 金沢もてなしドームで11:00から 片町きらら広場で16:00から歌います！🎤💕 よろしかったらのぞきにきてくださいね😉❤️たのしみ〜😊💓✨ https://t.co/koN404EoNh
0	北國新聞😘💕✨ https://t.co/p1gBPGQOqO
0	金沢駅でみんなを待っているゆきこ https://t.co/86OpYmOusM
0	@319ustak やだあいたい🙆🏻✨頑張りましょうね😉✨
0	@319ustak ありがとうございます〜😉✨
1	金沢ってたのしい👘🇯🇵 https://t.co/HafYgsxLdV
0	兼六園とひがし茶屋街🇯🇵 https://t.co/HVLt9yxRXg
-1	なんかこの子はむかし燃料にするために傷つけられちゃって、えぐれたまんまらしいんだけど、なおこが「まじ可哀想、でも形がハート、ラブリー」とか言うから、ハァ〜？って思いながらわたしがバカなのってしょうがない気がした https://t.co/rwJjlnmvH5
1	RT @ninjingirls: 昨日！金沢アカペラタウンに出演させていただきました🙌🏻 たくさんの方に温かく見守っていただき、とっても楽しく歌うことができました😆🎤❤️❤️ 観光に食事に大満足のメンバー✨これからも頑張ります！！ https://t.co/6fpxVYcgnA
1	@say_0013 この写真のわたしの顔おもろ https://t.co/uamvkPfRnz
0	@setoken42022 アンジェリーナジョリーには1.5cm勝ってるけど、シャキーラには1.5cm負けてるね
1	@nippy_uppyo5 ほんとわけわかんないけど勢いよすぎて声出して笑ってる
0	RT @makitaso1108: 万紀子のおっぱい探してます どこかに落ちてたら教えてください
1	もしかしたら盗まれてるかもしれないから一応届け出をだして、友達を疑うのよくないけど、近くにいる巨乳は疑ったほうがいい
1	でもだいたい落としたおっぱいって戻ってこないこと多いよね
1	RT @T_c015: @snowysenyoujizi 親切な人が警察に届けてくれたとしても、遺失物法第二十八条第一項により5%〜20%を相手に支払わなければいけないからちょっと損よね https://t.co/TdTXmUiFwN
0	@yumi9269 やだもうほんと切りすぎ（笑）（笑）（笑）
0	コレは控えめに言って天国 https://t.co/IimWvhtgYe
0	やられた！ https://t.co/LUAg6upeqL
-1	撮影の邪魔してくる子を撮影した📷 https://t.co/WCFwrAs469
1	なんか基本近いからジワる https://t.co/9c9oQP5u6d
0	@do94509811 鬼カワ https://t.co/HjXUOUMIcP
0	今日は1人で遠足 https://t.co/hDrPxjoPUs
0	椙生はファボってくれるんじゃないかという甘えたツイートをしてみる https://t.co/uRCjxucOQK
1	ンーみんなかわいかった！もうむり！牛タン食べる！！！！！！！！（泣） https://t.co/YD8kmCBPkw
0	晴れっぽかったのに雨降ったりしてたから、この中の誰かが嫁入りするのかなと思いながら見てた🌲 https://t.co/hBhVgKa7LE
1	もともときつね大好きだけどもっともっと大大大好きになったバイバイ宮城 https://t.co/CuDCzfmxwu
0	RT @DbPlaza: "DB-Plaza"主催 『"くまピック" LUCKY STARS in Ground』  10/30(日) 表参道Ground OPEN/START 17:30/17:45 ADV. ¥1,000+D  取り置きはこちらのアカウントからも受付けます！…
0	突然上京してきた友達がいて私の家にしばらくいたんだけど朝出ていくとき本当にありがとうとかいってアメリカンなハグを二回もしてきたし今までありがとうライン送ってきたからついに出ていくのか寂しいなと思って久々に誰もいない家に帰ったら荷物がっつり残ったままで、帰ってくる気満々ぽくて嬉しい
1	もうほんとごめんね迷惑かけるから！みたいな感じで、リビングの掃除と玄関の靴はそろえて出てってくれたんだけど、トイレの電気つけっぱなとことか、しれっとカバンも靴もシャンプーもリンスも全部置いてってんのめっちゃおもしろいしまあ絶対これ全部取りに帰ってくるだろうなと思うとうれしい
0	しおねお母さん鍋作ってくれた🍲 いっぴお母さんに皿洗い丸投げした🍽 https://t.co/JeAdAbMZMw
1	@nippy_uppyo5 すごいわかる家でずっとテレフォンのきむらくんのマネしてる
0	RT @COCOpartin_GANG: こんばんは👻！ 改めまして突然の報告となりましたが、(株)WACK所属・GANG PARADEに加入します、ココ・パーティン・ココです。 皆さんにGANG PARADEの一員として認めて頂けるように全力で頑張ります。 これからよろしくお…
0	RT @hakumondoit2016: 🌺白門祭 出演曲紹介7🌺 未来/コブクロ 3年同期バンドです！気持ちを込めて歌います！（顔出しNGのメンバー多数のため一部映像を加工しています） #白門祭Bloom https://t.co/M7aakZDxvn
0	RT @ninjingirls: 愛知県稲沢市に来ています！😍 朝早くからのリハにお疲れのメンバーでしたが、マイクがワイヤレスなことがわかりテンションアゲアゲ😝❤️💕 ひとまずリハが終わり、コメダ珈琲店で一服中です💮💕 https://t.co/VBOjp4e5zP
0	調子に乗ってエビフライ食べちゃったけど、もうじき歌いに行きます、たのしみ🎤💕✨ https://t.co/rKGAZCrdyt
0	@flowerega 久々のコメダだった〜〜！最高でした🙆🏻💕
1	RT @k_d_m_i_k_m: 愛知滞在時間16時間、夜中の1時に6人で40個の手羽先を完食、睡眠時間まさかの2時間の超ハードスケジュール遠征でした🎤ワイヤレスマイク楽しすぎたー！😊🙌 https://t.co/DkRfvUqiKh
0	RT @dhbctn7__ish: にんじん遠征充実しまくったね！ https://t.co/ARAWSnXX34
1	RT @ninjingirls: 稲沢のハモリフェスタとっても楽しかったです！💕ちょっと緊張しているように見えますが...笑 まだまだ6人で力を合わせて頑張るにんじん娘たちです！これからもたくさん応援よろしくおねがいします😘💕 今日はとにかくコードがついてないマイクに大興奮のメ…
1	うーん、人よりちょっとだけちょっとだけちょーっとだけ顔が大きいから妹に作ってもらったおにぎりがこんなに小さくみえる！🍙🍙せっかく作ってもらったのに、顔が大きすぎておにぎりよく見えないね🍙🍙🍙 https://t.co/MNwpgsC7vM
0	能常 https://t.co/D0iKI6z3ic
0	RT @hakumondoit2016: 🌺白門祭 出演曲紹介11🌺 恋のバカンス/ザ・ピーナッツ いつでもどこでもあなたの心に。  #白門祭Bloom #拡散希望 https://t.co/7uAoQW8nEH
0	RT @COCOpartin_GANG: むしゃむしゃ https://t.co/DnpGuyO6BQ
0	毎日いっしょに家にいるからすごい変な感じするけど同居人とランチとアイス🍦✨ https://t.co/ULo6FAe0on
0	RT @CrazyPaxi: 練習お〜わり！🌿🌿🌿 https://t.co/FF7ZBOG7X8
0	携帯壊してしまったのもあり、りなにむとの写真がない... とても昔の写真だけどまた一緒に韓国行こうねアレマキオルグルマキチェミプンチギお誕生日おめでとうわたしのだいすきな先輩 @riiu_94 https://t.co/ZEuIjflnkF
-1	RT @kamiyasaki_GANG: 【ワンマンまで後29日】 今日はココ！(@COCOpartin_GANG ) ココの歌披露するのも楽しみ👍  ワンマンチケット→ https://t.co/2A1aA1XGvN  新曲 https://t.co/rA6B2K1Tv9…
0	別に全然ギャルじゃないんですけど、ギャルはきらいですかね？
0	RT @hakumondoit2016: 🌺白門祭 出演曲紹介17🌺 あなたに逢いたくて/松田聖子 女声リード、男声コーラスで歌います！ 私たちの曲は学祭4日間のうち最初の2日に出番があるので是非来てください！✋🏻✨ #白門祭Bloom #拡散希望 https://t.co/Q…
0	很高兴🌿💓 https://t.co/Vn988hwccM
1	あなたに逢いたくて🌿の動画🎥さ絶望的に盛れてなくてマジムリ☦️🐉💓💦
1	@ysd89389118 うれしい
0	もとしって赤率高い https://t.co/U97asFgFSA
1	毎日洗濯物を取り込むたびに隣の家から夕飯のすごくいい匂いがする。けっこうシュンとしちゃう。
0	おもちの忘れものが部屋のすみっこに。びっくり。 https://t.co/pHo1TXnJce
0	@ikuho0919 写真撮ろうと思ったらはりきってでてきたよ https://t.co/sYBHOGM8cz
0	@ikuho0919 気にかけてもらっておもちもしあわせです...🐹💕
0	RT @COCOpartin_GANG: 久しぶりに化粧したから死ぬほど自撮りしとこーーーーっと。 化粧ってこわ… https://t.co/uZ6fZkRR4p
0	@CrazyPaxi ふたりとも鬼盛れてる👹🌿💕自撮りのスキルパない🌿💓
0	Look-at-meが歌ってくれた👀👉🏼👱🏻‍♀️💕 歌詞もスキャットも超カワイイ👀💓 学祭来てほしいんだって！👀🐇💄 https://t.co/0ryR7hKmI4
-1	RT @COCOpartin_GANG: アイコン変えたよ🐧💕  今日もたくさん自撮りのストック溜めたよ…。頑張った…。笑 色落ちしてきたー暗くしたいねー https://t.co/wCiOQxJAJc
0	RT @makitaso1108: みかんまじすき🍊 https://t.co/RnGqrBn4wG
0	@chqn_pi 誕生日おめでとう。 アイコン指原？
0	@chqn_pi じゃあキミはほぼAKB総選挙1位だ
0	古賀新一からはじまりちょっと前のホラー漫画はやっぱり爆笑しながら読むものだった https://t.co/NHSBc41YlI
0	みたか？？？？？ほぼ深田恭子やぞひれ伏せ？？？？？？？？？？ https://t.co/srvaEHYcqS
0	@taemotoshi どうも深田恭子です
0	おじまくん（21） https://t.co/86talJC9nK
0	🐨🐻🐵🐯🕷🐘🦃🍊🍇🍜🍦 https://t.co/CMrC4kVqJF
1	最近すごいフォルダ大学生だからうれしくて盛れてるしツイッターに載せちゃう😎❤️💕🍜🐊 https://t.co/a9XQc9vyht
0	RT @acatsuna: 2016.10.29 あかぺらつながり vol.142  CAT'S EYE / THE-CARROT(中央大学 Do it your voice!)  #あかぺらつながり https://t.co/GThxgq48g4
1	RT @ninjingirls: #あかぺらつながり に出させていただきました！🎤💕 野菜クイズ第二弾もびっくりな答えだったでしょう？🎃 今日もとっても楽しかったです❤️ 対バンの方々もとっても素敵な人たちばかりでおしゃべりもたくさんできて嬉しいライブでした🎤💕 明日のライブも…
1	ワーイワーイライブ終わったよ🎃😎✌🏼️楽しかったな🐉🎤💋 いくみにまた赤から食べさせたよ！🍲❤️❤️❤️ オオカミかわいいからすごいてっちゃんの前で興奮したよ！🐺💓 ソフドリじゃない写真撮ったよ！！！ おとな！！！！！！！！！！！… https://t.co/WhvewZygf7
0	@taemotoshi うれピィいつもRTありがとう😍🍜🎤
1	RT @bigsmun: LUCKY STARS in Groundのライブで、THE-CARROTみてきた🙌✨ ギャルバンだけど音に厚みがあって、リードめちゃ上手くて、ベーパもすごくて、めっちゃ聴き惚れた〜💕 にんじんは夜、土の中で時計回りに回ってるんだって！wクイズも盛り上…
0	@bigsmun ゆりなちゃん写真ありがとう😊❤️盛れてる💕
1	RT @takayago0916: 初めてTHE-CARROTのLive行ったけど楽しかった😆😆やっと行けた！！！！ にんじんクイズ当たったから満足🎉🎉 お疲れ様でした😂👍 https://t.co/rmSYQ4rs3x
0	@takayago0916 たかやありがと〜！🎃
1	@bigsmun うれピィいちょうまつりよろしくね🍂
1	RT @ninjingirls: 今日はくまピックでした！🐻 すごく素敵な会場、素敵な対バンさんでとても楽しかったです！🐻💕 野菜クイズ第3弾の答えもためになったでしょう？私たちも土の中のにんじんのようにぐるぐるぐるぐるみなさんからたくさんのことを学んで成長していきますよ💕 ハ…
1	@yuichi56148792 一生懸命探しちゃいました〜！昨日は声かけてくれてありがとうございました！とってもうれしかったです😎
0	@yuichi56148792 すいません超変態みたいになっちゃいました！💦 はい！次は生でちゃんと聴きたいです！👂🏼✨ 昨日はありがとうございました〜！
1	本当に楽しかった🐻💕 歌ってると写真めっちゃおもしろい顔なりがちなのに、光いっぱい✨で可愛く撮ってくれてすっごく嬉しいから投稿しちゃう📷🎤 大きくてすごく素敵なところで、声もかけてもらったりしてうれしかったなあ✌🏼️💕 https://t.co/NJY5fcz1us
1	@merry418 最近すごい太ったんだけど、うれしい！💕✨超うれしい🎃💕
0	@merry418 うん！話しかけて！わたしも見かけたら話しかけるね😎✨
1	@rihakuuu ワァ李白さんの真逆ですとりあえず上がってたらカッコイイです笑
1	@rihakuuu それめっちゃおもしろすぎる（笑）
0	大興奮🎈💕 https://t.co/kMmCpUbUp7
1	白門祭頑張るからジョイマンと風船バイバイした🎈たのしかった🎈かわいかった🎈 https://t.co/lYtpVLW8J7
0	@monami_1004 11/3-6までずっとどっかで歌ってます！
1	歌ってたら、のんちゃんとはるちゃんが来てくれた🎤💕去年のことすごい思い出した😎💕 今日はゆかりさんもはるちゃんママも来てくれてすごく嬉しかったお手紙といっぱいお菓子もらった🍘てっちゃんに写真撮ってもらったら変な顔してたけどエモいか… https://t.co/9QZ5G4apT4
0	@Hunter856Kohei @CherryKagisan1 絶対怒ってる
1	@monami_1004 嬉しいありがとう〜〜！！！！😍
1	白門祭1日目！ 忙しくてすごく楽しかった〜〜！😎🎤💕わたあめ食べた🍭たくさん歌えて嬉しかったな〜〜！明日もいっぱい頑張って歌うよ〜🎤💕 金髪2人で同じ飲み物飲むんだな〜〜🐉✨ https://t.co/aXis8tmL6M
1	@ka_mu1221 ほんとカッスカスかわいい
0	@nippy_uppyo5 @dhbctn7__ish 巻き込み事故なんですけど
1	@yitengxihai @yamanai_ ほんとにありがとうね！すごいうれしくて元気出たから今日も明日も明後日もたくさんがんばって歌うよ🎤❤️
0	RT @taemotoshi: 今日も明日も森は頑張ってます 時間あったら中央大学に見に行ってあげてください🎤 @Senyoujizi https://t.co/0lIbPzINTZ
1	動画あげてくれてありがとう〜！ リツイートしちゃうね🎤✨ 今日わたしの出番は終わっちゃったので、明日明後日の中ホール、中央ステージによかったらきてね😎🎤✨ https://t.co/v5o8TX20ZM
0	@NT_220 森同学は明天どの公演でも唱歌。
1	RT @COCOpartin_GANG: 昨日、昼練習と深夜練習の間に、佐藤さんにご飯をご馳走していただいたのですけれど、 ほんとに、ワンマン前にいいお話が聞けてよかったというか、気持ちが引き締まったしとても楽しくて見てくれてる人がいて嬉しなって思いました。 あと少しだねワンマ…
1	@NT_220 わーい！うれしいいいい
0	@yuxuxum テレフォンまじアガるからなァ
0	まきこわたしも乗せてよ🐉🍂 https://t.co/IGuWVIJVm4
0	公演に来てくれたらこんな特典があるらしいよ💿💓はるちゃんが当たって何故かなおこがもらっとるウケる家帰ったら一緒に聴こうっと😎🎤✨ https://t.co/S7677TdHhd
0	@a_ae_eo_o 毎日アホだ...
0	@yuxuxum @a_ae_eo_o しおねちゃんちで熱唱する
1	ハッピーバースデープリンセス💓✨ 小さいころ「大きくなったら唐揚げになる！」って言い張っててなんだこいつって思ってました！思ったより美しい唐揚げを目指されているようで安心です！ 良い1年にしてね🙏🏼 今年も誕生日に会うことができな… https://t.co/ZsGABnOzGr
0	もう毎日学祭したい病😎🎤✨💕💯🍂 https://t.co/E1GR20VTKP
0	@hito_1108_hito えちょうこうも誕生日なの？？？おめでとう！！！プリンセスマキコのこともよろしく！！今度はドライブついていくよ🚗
1	RT @CrazyPaxi: 絶対良くない取引してる、、、 https://t.co/6ibmAiyO99
1	実は今日もりゆきこ先生の本が7冊も届いたんだな、一緒の名前の天才がいるって本当に幸せ幸せ😊✌🏼️💕 古賀新一の単行本を増やしたかったけど、とりあえずこれで満足😉✨ 今日は読まない、楽しみにしておやすみ🌙☁️でもちょっと読もうっと🌞 https://t.co/N1xpAmczxn
0	魔界わらべ恐怖の家ほんと最強やなもうほんとに天才すぎて意味わからん
0	@nippy_uppyo5 わたしもすぐ思いとどまっちゃう https://t.co/sQ581s7hJ1
0	RT @ototoy_info: 【GANG PARADE】 新メンバー3人への初インタヴューを3回にわたり掲載。第3弾は、ココ・パーティン・ココ。「自分たち3人が入った理由を証明したい」  https://t.co/so1YN7qHIk https://t.co/UlucZ0…
0	ちょっと前だけど誘っていただいてご飯に連れて行ってもらったのツイッターで投稿するの忘れてたんだぜ〜！👑💄初めて東京タワーのぼって、夜はお台場でビュッフェごちそうになったんだ〜！そこいく3時間前ぐらいにカレーもごちそうになったのに！… https://t.co/kX328aJMHU
0	ねえ、ほんとココ・パーティン・ココさん超カワイイかった。 #ギャンパレBLAZE https://t.co/xJVObvsJ8i
0	めちゃくちゃ感動してバカみたいに泣いたココさんサキさん歌と踊り上手いんすよね #ギャンパレBLAZE https://t.co/jjtrwgWqoN
0	えーもうココ・パーティン・ココさん超カワイイ超カワイイじゃん可愛すぎじゃん https://t.co/1bKluAT7WD
0	@khh4sntn 感動しすぎた
0	RT @GANG_PARADE: 新アー写公開!! https://t.co/tj2Z3bPUWu
0	RT @doityourvoice: 【お知らせ】八王子いちょう祭りにDo it your voiceから3バンド出演します😚🎶 私たちのステージは11/19(土) 16:30~17:00@八王子陵南公園 学生広場です🍂ぜひお越しください！ お祭りの情報はこちら→ https:…
0	RT @shingyouziaoi: 2016.11.13 GANG PARADE ｢Barely Last Tour Final｣@新宿BLAZE ココ・パーティン・ココ (GANG PARADE) @COCOpartin_GANG #ギャンパレBLAZE https://t…
1	RT @n_akg: ココ・パティーン・ココさん。目線をくれた瞬間、なんと言うか、端的に言って、好きになってしまいました…(*´ω｀*) 20161113 #ギャンパレBLAZE https://t.co/nzIEiMtdnR
1	すぐ公共の場で歌う😇🎤2年前も聖子歌ってる🎤😉💦なつかしい😫💦高校生に戻りたいなあ...😢💦 https://t.co/njHlhyfX2F
0	急に小さきものがすきって言ってきたから小さきものの動画かなと思ったら フリでしかなくてまろちゃんがトゥルートゥルーしてるところ送ってきた😇なおこまろちゃん好きすぎなんだよな😂学祭でも送られてきた最初の写真私じゃなくてまろちゃんだっ… https://t.co/ow2k78kUU0
-1	@dhbctn7__ish 凛々しい。なおこが好きそう。送っとくね。
0	@naraymiii 私も実はコミュ障発動してました😂はなしたかった〜〜！😫💦
0	@naraymiii 私もビビらず声かけます〜〜😉✨
0	コレゲロカワイイ！！！！！！！ https://t.co/meTsiWHPpE
1	朝からでーっかいジェラートを食べるんだぜ！でも顔が大きいからジェラートが小さく見えちゃうかな？これはほんとうにほんとうに大きいほうじ茶ジェラートだよ！🍨💕食べきれないよ！😎💦デブ〜〜🍨しあわせ〜〜😍💓 https://t.co/3e2R0xXKDQ
0	@mrt_856 だって言っておかないとみんなウーンこれは比較的小さいジェラートだナァ🤔って思っちゃうよ
0	実はルックアットミーてるてるも作ったんだよ😍💕✨ https://t.co/EayQdOBZJm
1	RT @ninjingirls: ハーイ！にんじんちゃんです😘 私たちは明日の11/19(土)に『いちょう祭り』に出ることになっています🍂✨ いつも通りカッコよくてカワイイ昭和歌謡を歌いますョ🎤💕同じサークルからメンヘラバンド（実は我らがまろちゃんリード）と、可愛くて歌声が素敵…
1	若く見られたことがないのにこの歳で金髪にしたら意外と若く見られて嬉しいんだなァ
0	@setoken42022 言ったね。ぜっっっっっっっっっっっっっっっっっっっっっっっっっっっっっっっっっっっっっっっっっっっっっっっっっっっっっっっっっっっっっっっっっっっっっっっっっっっっっったいやってね。
1	RT @ninjingirls: いちょう祭りで３曲歌ってまいりました🎤💕✨ すこしあったかめの衣装でそろえましたよ✌🏼️💕かわいいでしょう？🍂✨ 後輩も見にきてくれて、先輩と歌えてとっても楽しかったなあ〜！😉💓 https://t.co/fWbPNqBKl7
1	なんかずっと歌っててしあわせ〜😎💕✨うた大好き〜🎤✨ 今日は高尾でうたったんだよ〜ん キティちゃんの風船もらったんだよ〜🎈カワイイ〜😘🎈 https://t.co/dhNNf7avTU
1	RT @doityourvoice: 【報告】昨日、八王子いちょう祭りの学生広場ステージへDo it your voiceから3バンドが出演してまいりました😊ハプニングもありましたが、聴いてくださる方々の暖かい雰囲気のおかげで楽しく歌うことが出来ました🎤ありがとうございました！…
1	たのしかったなあ〜😘💕✌🏼️ https://t.co/f7z5XIm8r7
0	超気に入ってる😘💕すき😇🙏🏼 https://t.co/Jc6fjIZoNx
0	@setoken42022 行きたい行きたい〜😍またせとけんが聖子を原キーで歌いきるゲームしよ😎🎤✨
0	こういう集合写真ほんとにすきなんだけど、わたしだけふざけてぜんぜん違うコミュニティの記念撮影に入って来た人みたい https://t.co/Nk96xhUpfd
1	JAMで見てひゅーがさんバチボコに好みすぎる！！！！！金髪！！！！！声もかわいい！！！もうむり！！！！！ https://t.co/PrekFnW1lM
0	RT @JAM_Acappella: 決勝ステージ2つめのバンドはGAPです！✨  #JAM2016本選 #苗場アカペラ合宿 https://t.co/RtLcJmJYIq
0	RT @DbPlaza: 【今年のクリスマスは…！？】 今年の12月24、25日の夜は！  DB-Plazaから皆様に、ギャルだけのライブのプレゼント🎁✨  2日とも見逃せない美女ばかり👀💓  ご予約は各バンドさんにご連絡下さい！！！  あなたはどの子がお好みですか…？ htt…
0	ゆき降ってるネ😍💕 ときめきをはこぶよ😆🙏🏼✨ https://t.co/jCdeUiSw9z
0	@lilyflower0526 貧乳なのに調子乗ってすいません
-1	@lilyflower0526 さすがにそんなハードないじりされてません！まだまだです！！！
0	@lilyflower0526 ん〜、おっぱい！
1	昨日はあつこさんにあえて嬉しかった日だったな〜〜😘💕 https://t.co/yylJcYOw9C
1	RT @CrazyPaxi: 今日の寒い寒い練習が終わりました〜！すっごく気のはやい宣伝なんだけど、1/8日にパクチーは #あかぺらつながり にでるんだよ〜〜！🌿💚 お昼みんな空けておいてね〜！濡烏（@Nurekarasu_doit ）っていうエロかっこいいお兄さん達も一緒にで…
1	RT @mtn0625: 単なる飲み会🍻Mスピ1人だったけど同期も先輩も後輩も沢山お話できて楽しかったーーー！！😊💕💕 二次会のカラオケも楽しかったな(*´꒳`*) また参加します！😊👍🏻 https://t.co/ThgOxctxHc
1	@mtn0625 もえかさん！また会いたいです😉💕ゆきちゃんゆきちゃんいってくれて可愛すぎました😇🙏🏼💦❤️人気だったから一緒に写真撮ってもらうのチキりました...今度は撮らせてください...📷✨
0	こんなせとけんどう？【H&amp;M編】 https://t.co/rh4AHOEHLQ
1	@uv0621 よかった〜〜！ 男性の服ほんとうにわからないからどうしようどうしようってなった😭💦
1	RT @makitaso1108: ディズニーのときの写真みてたら笑い死にそうゆきこって何もしなくてもおもろい https://t.co/OPLS2mVM1v
-1	いや、なにもしなくてもっていうかやらされてんだよなァ〜？？？妹こわいナァ〜〜？？？？
0	🍯🐝💛✨ https://t.co/q9GzPiz0LF
0	もしかして家のエアコン消し忘れたかなァ？🤔💭 https://t.co/L9iVcmUU6y
0	@makitaso1108 シーロンゲーイェーイェー
0	@makitaso1108 ナァ⤴︎ナァ→ァァ↓ナムァァ⤵︎ミダナムゥ
0	@makitaso1108 あった、仏壇の前で稲葉降臨してた絶対ふざけたよね
0	バンダナして化粧落としてメガネするといつも假屋崎省吾になっちゃうから今度から気をつけようっと🤔 https://t.co/AMvNuzVWyB
0	RT @CrazyPaxi: この度メンバーの都合によりPaxi,は1月8日のライブを急遽キャンセルすることになりました。ライブを楽しみにされていた皆様、ご迷惑をおかけして誠に申し訳ございません。
1	たかしがただ可愛い https://t.co/didfs3ykkw
-1	RT @makitaso1108: @Senyoujizi  食パンみたいとかいっててお腹空いとるぞあいつ🍞って朝からうるさくて起きたわ
1	RT @say_0013: 楽しいおいしいソラマチ🍽💕💭 https://t.co/fqG1N2XOr7
1	てっちゃん😘💕優雅すぎる❤️ https://t.co/eQfuVjAsRO
1	わーん、わたし大人😂💕 木苺のビールだって🍺かわいい🍓💕 https://t.co/UIzop8lkfp
1	RT @CrazyPaxi: Paxi,でございます🌿 1月14日の土曜日に「アットホームVol.5」というライブにでます🌿 もちろん僕たちのことも見に来てほしいんですが、対バンする方たちがとっても素晴らしい方たちなのです.... 🌿 予定あけておいてくれたらうれしいな🌿待って…
0	RT @CrazyPaxi: たいぺーくんのお誕生日をパクチーでお祝いしました！サークルの代表として頑張っているたいぺーくん！これからも一緒に頑張っていこうね🌿💕お誕生日おめでとう🌿✨ https://t.co/Yf5dXMEP1n
-1	死ぬほど治りそうにないしごはん作れんし、風邪ひいたって言ったらなおことたかしの仲良し加減をアピールされ、風邪ひいて大変なのに自撮り送って怒ってる？とかめんどいこと言われ、ぜんっぜん怒ってないけどなにこれさみ死ぬって思ってたらいくみ… https://t.co/kR0ffRg1rS
0	そんなに！？ってほどdoitに二の腕をディスられてお家帰ってから泣く夢見た。
-1	@lilyflower0526 その効果わたしにはあらわれないんだ！ズルい！😫
0	@ka_mu1221 アァンカワイイ
1	電車でまりこさんに会って顔のぞきこんだら3秒無言で見つめられて「遅刻やないかい」って言われたのすごいおもしろすぎた
0	オイシイ🤔💭 https://t.co/5pLJe94IYw
0	RT @doitwinter2016: 🕯先週末は内部選考会を行いました🕯  審査の結果、ライブに出演する合計26曲が決定致しました！🎄！ 本日の夜、本番のセットリストを発表します😚ご注目ください🍰💕  #Doit冬2016 #拡散希望 https://t.co/IFKMiWM…
1	化粧どれくらいかかるんですかってすごいよく言われるから撮ってみたけど20分だった。せっかくだしツイッターにあげちゃおうって思った。（最後のかわいくSNOWしたやつ見せたいだけ） https://t.co/N6Uavw5ZKp
1	RT @say_0013: @Senyoujizi 最後めっちゃ可愛いのに動画終わった瞬間最初の顔に戻っちゃうのおもしろい
0	たぶん朝から机の上に烏龍茶出しっぱなしだナァ？🤔 https://t.co/exgHtQDOTe
0	基本わたしは妹の劣化コピー（昔から） https://t.co/PwHast2hVG
1	わたしって大学２年生でもう２０歳なんだけど、英語の授業で年賀状書かされた🎍たのしィ🎌 https://t.co/INGenLvdVW
0	RT @doitwinter2016: 🕯冬ライブ 出演曲紹介 (5)🕯 サイレント・イブ／辛島美登里 外部でも活動を行うPaxi, (@CrazyPaxi )というバンドです😊🍃 今回はクリスマス、そして"CAROL"のテーマにぴったりな冬の名曲。 #Doit冬2016 ht…
1	RT @say_0013: 最近ゆきこのラインだけ受信するときにタイムラグすごいんだけど電波レベルで仲良くなるの妨害されてるのすごい
1	車椅子に乗った男子高校生が猛スピードで歩道を走ってたんだけどすごいスピードだ！と思って見てたらすれ違いざまに目があってメガネをクイッってやられて、プロやぁあああカッコイイイイイってなった
0	RT @doitwinter2016: 🕯冬ライブ 出演曲紹介(10)🕯 Party In The U.S.A/Miley Cyrus 思わず手を挙げたくなるこのアップチューンを歌い上げるのは、1年生のガールたち6人です👭👭👭本番は会場を盛り上げます〜！ #Doit冬2016…
1	森の珈琲店来た☕️🌳 オムライス美味しかった✨ またパンケーキ食べた🥞🍴デブ🤔💦 https://t.co/ZDQhGuCdBv
1	出番直前の彼女。 「絶対前髪耳にかけたほうが可愛いよ！こっちのがいい！」って言ったら「うそ！ほんと！ちょっと見てくる！」って男子更衣室にかけてった...ウーン、カワイイ🤔 https://t.co/0RBo8bDl8H
0	RT @Vanserchan: https://t.co/HXhTyzJQEv
1	🌿MC中わたしからどんどん離れていくパクチー。 🍜カワイイ後輩たちプラスもんま。 🍓すごくカワイイ後輩。 https://t.co/MBMWHsAnay
1	@waiwai_gacyagac ゆいはーーーん！！！うそまじ嬉しすぎるありがとう😭ほんと緊張したワァアアア、25日楽しみにしてるね！🎄💕
1	@MeiseiRio ヒャーーーーー！！！わざわざリプありがとうございます！すいません本当にお粗末様です😫うれしすぎます.... どこかでお会いできるの楽しみにしてます😍💕
0	RT @kumachivp: 【あいむふぁいん】 【5days8events】  02/08 at 池袋mono  若手のバンドから 今年のあいむふぁいんが始まる！！ 5daysの初日です！！ https://t.co/Vlksjak9Ys
0	@lilyflower0526 ぜんぜん禁酒する気ないじゃん！またオシャレ会しましょう😍💕
1	RT @utakata_ms: 泡沫新年一発目のライブが決まりました！✨✨くまちさんバースデーライブ1日目の夜公演です☺！素敵なライブになること間違いなしなので、ぜひご予約お待ちしております🙇🎤エムスピの同期Sonic〆 ( @Sonic85486484 )とも初対バンでござい…
1	クリスマスギャルバンナイト🎄💕 joieちゃんたち、初箱おつかれさま😘 とっても上手で素敵だった🎤💕 https://t.co/yrDC9MOjXQ
0	妹と妹の彼氏くんがクリスマスプレゼントをくれました🎄カワイイ❄️🎄 韓国料理を食べたけど、写真のわたし輝きすぎじゃない？✌🏻✨ https://t.co/5v8NJoTdVJ
0	ハハハ🤣先輩風吹かせてにんじん持たせちゃった🥕イヤな先輩ダァ〜🤣写真撮ってくれるなんて、やさしい、カワイイ😭✨ https://t.co/DRRmTFP5vY
1	@waiwai_gacyagac イヤンうれしい是非、お時間あるときに！🥕💕
1	@ka_mu1221 @makitaso1108 楽しかったね、また東京にきたら一緒にご飯いってね✌🏻✨メリークリスマス🎄
1	RT @Italy0525: タワー・オブ・テラー叫び声Cメジャーでハモります！
0	オイシイイイイ🧀 https://t.co/1hk2rr3JV9
0	これはナチュラルバカ https://t.co/ur4bOYgTMS
0	まきこってちょいちょいk-popの話してくれるんだけど、ビッグバンだけビッグバン先輩っていうからなんかウザい。
-1	RT @makitaso1108: 2016年ラストめちゃたべた〜💗 1年ぶりくらいに家族みんなでごはん🤡 https://t.co/z6qDtkEUiT
1	サァ国宝が歌う時間です。女神。今年も良い年でした。 https://t.co/9F1CGcCJBs
0	聖子ちゃん逃げてゴジラ来ちゃうよ
0	ばぁン家いく https://t.co/WBLJLyW4TF
0	@lilyflower0526 あおいちゃんすき😍今年もよろしくお願いします💕
1	@mtn0625 もえかさんもちょっと怖いかな？とおもったけどたくさん絡んでくれて優しくて嬉しかったです😉✨今年もよろしくお願いします💕✨
0	RT @makitaso1108: 初売りって人多すぎてやばいよね💩💩 酔い死にそう💩💩💩💩💩💩💩💩💩 ゆきこってわたしより10センチくらい小さいね🤡🤡🤡🤡🤡🤡🤡🤡🤡🤡🤡🤡 https://t.co/KqBCZbZ5s7
0	だいすきなチャンウ様❤❤❤❤❤❤❤❤❤❤❤❤❤❤❤❤❤❤❤❤ https://t.co/b1ofrrCLco
1	ママとトーテム見に行ってきた😘💕 デブなピザ食べた🍕🍕🍕❤❤❤  トーテムのカエルと写真撮って、ショッピングしに行っていろいろ試着してたんだけど、どっちも見たことあるような感じしない？パーフェクトヒューマンとピコ太郎？✒️🍍🍎✒️ https://t.co/CewNiRMySm
0	❤❤❤❤❤❤❤❤❤❤❤❤❤ https://t.co/cSUtfN1XFG
-1	笑いすぎてつらい https://t.co/otYHAfrvE2
-1	RT @makitaso1108: 母親怖すぎる掃除する気0 https://t.co/H4CfvJobSr
0	なおこってほんとヤバい
1	RT @makitaso1108: また３人家族😭兄弟が家にいるとごはんもママの気合も違うねみんな早く帰ってきてね
0	３５億。（弟にそっくりと言われたので） https://t.co/k9cfwjjojk
1	RT @CrazyPaxi: こんばんはPaxi,です🌿 昨日と今日はとっても寒かったですネ、僕たちは元気に練習をしていました🌿✨ 1/14のアットホーム、たくさん見にきてくれたら嬉しいなァ🌿💕 https://t.co/ZYHcW8mHBH
1	去年ママに振り袖をいい加減に脱げって追いかけ回されて綺麗だからイヤダイヤダイヤダイヤダって言ってたのに剥ぎ取られて最終的に足袋だけで逃げてたの思い出した👘
0	貸しきっちゃったかと思ったワ https://t.co/cgtV1XlapD
0	RT @ninjingirls: 年が明けましたね、おめでとうございます⛩にんじんちゃんです🥕 2月8日(水)にあいむふぁいんに出させていただくことになりました！取り置いてくれたら¥1500+Dなの！✨場所は池袋のmono！みんな来ないなんてno no！時間は午後！みんなでgo…
1	RT @CrazyPaxi: 明日はアットホーム！楽しみだなァ〜 池袋のmonoで18:30からです🎤  今日はなかなか動画での立ち位置が決まりませんでした。こんな感じですが明日は力を合わせてとっても頑張って歌います🎤✨ぜひ見にきてね🌿 https://t.co/LRdCkza…
0	やっぱ輝いちゃうかァ✨ https://t.co/zlEAefZhDg
1	@ToneBorn_choco 今日とっても素敵でした〜〜！またお話ししたいです🎤🌿これからもよろしくお願いします！✨
0	RT @Gen3Act03: 掃除のチェックが姑レベル https://t.co/NzHVIkd9XI
-1	RT @nanrakanoki: 自己評価が低い森 「オレ林かも」
0	見つかっちゃった💕 https://t.co/wpRO1iIJcm
0	RT @Yunami_ya: どうしよう、、、💦 ブラックカレーラーメンの作り方 忘れた(｡-_-｡)
0	ゆなみ屋さんブラックカレーラーメンの作り方忘れちゃってるめちゃカワイイ
0	@Matsuri_nu めーっちゃ地元です！ちょう街中で歌うんですねイイナァ〜！がんばってください💕✨
0	@Matsuri_nu めーっちゃ行きたいです🌿🙏🏻パクチーはみんなテストに追われてます（笑）
1	RT @makitaso1108: なおこ（49歳）おめち⭐🤙 毎日うるさいしうざいしまじめんどくさいけどほんとにほんとに大好き〜〜❤️😍 ０じぴったりにお風呂はいってたママに勢いよくドアあけてでっかい声でハッピーバースデー！っていったらびっくりして溺死しそうになってた😭 ht…
1	RT @ninjingirls: はーい皆さんこんにちは！！💕 にんじん系アカペラバンドことTHE-CARROTです🥕🥕 実は私たちもAOCにエントリーさせていただきました！！動画見てくれたら嬉しいなぁ😘✨💓  https://t.co/zfBMN6rCxh  https://…
0	ゆなみ屋さん🍜💕すき🦀💕 https://t.co/NybOoDbpPk
1	本当におもしろくて好き😍✨💕 https://t.co/98qxR9d9Su
1	すごく新大久保に行きたい https://t.co/VqmUiGLZno
0	ミンくん好きすぎる❤️黒に戻したくなってきたピンク頭バカそうすぎる🙄💗 https://t.co/ZO0mTQxE8V
0	アイドルチェゴ〜〜 まきこはよ東京こいや〜〜😍✌🏻
1	先生超カワイイ❤️１限ふたりきり❤️たのしかった❤️❤️❤️ https://t.co/RccJPf68En
0	並んじゃった🍖 https://t.co/p8c33g9imp
1	@Messiah_ore 妹に俺さんのスタンプをプレゼントされました。うれしすぎるのでたくさん使います。 https://t.co/zIql2BwFPT
0	ベルトーンできないキャラ
1	まあ実際うまく出来たことない
0	RT @say_0013: @Senyoujizi ふぉん〜⤴︎
1	@say_0013 なぜかどのバンドにいてもぜったいにうまくできないフォン〜
0	@say_0013 勉強をしろ
0	聖子でも慎重なhey hey ミスターポリスマン https://t.co/aK1c3hrPbA
0	そりゃできねえわ https://t.co/1Qfdt4Z6iY
0	🕶 #LINESWinterLive2017 https://t.co/EacTJR17gj
0	@tnrapo ふなさんいる！たのしみですね✌🏻✨
1	@tnrapo すっごいですねLINES！😍✨
0	#新宿御苑 https://t.co/PoY4576hDl
1	ココちゃんいっぱい！すっごくかわいいしすっごく上手...🤔✨ https://t.co/9uNsk44yC7
0	今日杏梨ちゃんの歌を聴きたい人生だった https://t.co/t7cxJnLdKL
0	@jo_712 @sug_mayu @mnm___1206 大昔からずっと思ってた
-1	@say_0013 ババアも2月前に調子に乗ってしまうくらいには春 https://t.co/kD4QtklTss
1	小顔マッサージってさ「だいぶスッキリすると思いますよ〜」「全然違うと思います」とかお姉さんに20-30分言われ続けてやるじゃん。最後に鏡持たされて起き上がるじゃん。「いやめっちゃ顔デカいまんまやないか！」って毎回ツッコんじゃう。お姉さんわたし真剣なんだから30分もボケてこないで。
0	RT @_bokunou: 首が2000メートルあるろくろ首の女とセックスしていて、顔射をしようとしてちんこを抜いて全力で顔のある位置まで走るが我慢できなくて首に射精してしまうAV男優 https://t.co/zQLDsSVjGg
1	たぶん今大学イチおもしろい女 https://t.co/G3MXtPtd16
1	カラスがおいしそうにハト食べてた🐦わたしもおなかすいたからパン買おう🍞
0	RT @kokesukepapa: ティッシュ潰し妖怪が鼻セレブを１枚も取らせてくれない動画を、CMっぽくアレンジしてみました(笑) とってもこわ可愛いので見てみて下さい！ https://t.co/kdFGYNLMpz
1	RT @kokesukepapa: プレステとか3DSとかいろんなゲームを占領してくる妖怪をまとめたブログ書きました！よかったら読んでください！ https://t.co/xEXdcQVlCv https://t.co/aWXfrCeZRV
1	わたしもすき❤️❤️❤️❤️❤️❤️❤️❤️むり❤️❤️❤️❤️❤️❤️❤️❤️❤️❤️落ち込んだらトシちゃん❤️❤️❤️ぜったいトシちゃん❤️❤️❤️❤️❤️ハァ❤️❤️❤️❤️❤️❤️❤️いま元気しかない❤️❤️❤️❤️❤️… https://t.co/mpbK9D46Ts
0	RT @DbPlaza: 『I’m fine thank Ｕ＆Ｕ！！’17-２』  2/8(水)池袋mono 17:30/18:00¥1500+D ※時間変更あり  ご予約はこちらのアカウントにリプorＤＭか各出演バンドまで！  #あいむふぁいん  #くまちBD  #豪華出演バ…
0	RT @ninjingirls: 明日の18:00に池袋で歌います！ お時間あるそこのあなたまだ間に合いますよ！DM飛ばしちゃったりして💕✨是非来てくださいネ🥕 久しぶりにあの歌、パワーアップして出しちゃうぞ〜！気になるでしょう？🌳 https://t.co/5JjDi5XlhB
0	鬼ころしちゃんに弟子入りした👹 https://t.co/GcJ7G1mKPT
0	@sa_onikoro みんな小顔すぎるから〜〜👹 また会いましょうね、ハリセン持ってくネ。
1	昨日は本当に楽しかった！🐻 バタバタも今日でとりあえずひと段落🥕 なので昨日1ミリも飲めなかったぶん今日はすこしひとりで飲みます✌🏻余韻🥕💕✨ https://t.co/YII84ywjJN
0	名古屋行きてェ〜〜😫💕✨ https://t.co/HP9uQMnIIv
0	アサアキラと沖田杏梨はアツイ.... https://t.co/M9LjcVtUEQ
0	@univercity2014 暇ならまじで行くんですけど、わたしもその日に限ってららぽーとで歌ってるんですよね😫
0	@univercity2014 浜松のやつ？ちょっと待って、時間もあるけど行けそうだったら、行こっかな.... 🤔💕
0	@say_0013 @univercity2014 てっちゃん、浜松まで一緒に小旅行するか！？（笑）
1	@univercity2014 @say_0013 今2人で行くことにした！🐽✨27日、二枚取り置きお願いします！26は自分たちの出番的にもきわどいから、早くに名古屋に前乗りできたらドタ参するかもしれないです！なので、27日のだけとりあえずお願いします✌🏻✨楽しみすぎる！💕
-1	@univercity2014 @say_0013 帰れる時間に終わったり抜けれたりできるなら是非行きたいんですけど、結構遅めですか？🐷
0	@univercity2014 @say_0013 21:00解散なら行けそう！私たち2人とも途中で抜けちゃうと思うけど、打ち上げも参加したいです！✌🏻✨
0	@univercity2014 @say_0013 ワーイありがとうございます！楽しみ〜😍💕✨
1	いいなぁ、わたしもオアシス21で歌ってみたい〜🥕🌿💕 https://t.co/1vwT9lHlt7
0	ちょっと待って、友だちにこれゆきちゃんかと思ったって言われたんだけど、めっちゃそっくり！ https://t.co/BvOBHwPqYM
0	ちなみにこの子よりブスな自信はある☺️💕✨
1	@say_0013 わかる、わたしが爬虫類系ブスだということが確定した動画だからめでたいよね🦎
0	@say_0013 わかる👹 https://t.co/bO6NUJHKkR
0	@makitaso1108 見逃した今月１ショック
0	@makitaso1108 グァバグアバ〜〜マンゴーナビヤガネ〜〜
0	@makitaso1108 まげ結ってる
0	@makitaso1108 ラグビー選手イケメンすぎてゲロ吐くかと思った
0	@makitaso1108 ほんとそれ、やばい。ひろし神。
1	@makitaso1108 おもろすぎるやろ...
1	コミュ障発動して「あっ...あっ...」ってなった🍫 なんか全グループたくさんチョコもらっててすっごいにぎわっててアイドルみたい💕💕💕雰囲気にアガる☺️💕 https://t.co/7XoSX1WXef
1	ヤロバンは良い🍫（キモすぎ） https://t.co/wiBH7P21SC
0	@isa_kanako42 なにこれめっちゃアツいけど充電してあげて
1	@isa_kanako42 えっ、似てるってこと！？ まじ！？朝から嬉しすぎる....鼻ピアスずっとあけたいのよいまだにめちゃくちゃ迷ってる....
1	@isa_kanako42 いいよね鼻ピアス... このお姉さんみたいなチョンてつけるのもいいけど、牛みたいなのでもいい....
0	@isa_kanako42 そうそうそう！超イケてる https://t.co/CgJvFQ7wQP
0	@makitaso1108 みんなが小顔だった
0	@makitaso1108 いつもスタバってベンティ頼んでもショート出してこない？？？
1	パンチのきいた後輩「ゆりな！」が家に来てくれてた。すごく好き。なんかエロい誕生日プレゼントまでもらった。すき、うれピィ。
1	RT @makitaso1108: 21歳ゆきこさんお姉さん お誕生日おめでとう㊗️🎉 いつもわたしの味方で だいすきな姉さんです💪 ゆきこが姉さんでとてもよかった😭💗 名古屋帰ってきて遊ぼうね東京行ったらあそんでね🎉 https://t.co/Tr853fhlqX
1	やだ、まきこ好き❤️
0	@gen__murakami ありがとうございます😍💕
1	@ka_mu1221 せりぴょん！またご飯行きましょう！🍚これからも仲良くするよ
1	@hikariii_426 うれピィ、わしも好きやで君まじ美人💕
0	@hikariii_426 https://t.co/4dMlDIYqt8
0	@waiwai_gacyagac そうなんです！！！ありがとう〜！😘 また行くよ〜！合同もjoieちゃんたちでるでしょう、たのしみ☺️
0	@makitaso1108 おいぜんぜんちゃうやないかデブ。詐欺。
0	@mariconan 谢谢你🤘🏼💕✨
1	@flowerega ねえ先言おうと思ってたけど恥ずかしくてリプ送れなかった！ わたしもびっくりしたうれピィ ごるを知れば知るほど親近感 ごるもおめでとうこれからも仲良くしてね❤️
1	毎年、NEWSのハッピーバースデーを電話かけてきてうたってくれるんだけど、今年油断してて風呂で電話とって全裸で泡まみれで聴いたわ.... 今年もいい歌声でした.... ありがとう... 美月好きすぎる😍💕絶対会おう...❤️ https://t.co/1q063GRRBy
1	@aoihitodesu_ なつかし！泣
1	@say_0013 上手
0	@say_0013 年齢晒された...ムリ....
0	@1997Chip 優秀な後輩のコーラスでリード歌っちゃうワシ☺️申し訳ねえ😞🤘🏼ありがとう、みるもうまいから一緒にできるのわたしも超うれピィ、がんばろうね、ごはん誘うョ！覚悟しててちょ😎🤘🏼✨
1	RT @CrazyPaxi: 今日は高田馬場monoで歌ってきました🌿きてくれた方たちありがとうございました☺️✨ いろんな方とおはなしができて本当に楽しかったです🌿 #あかぺらつながり https://t.co/fa3QdrlUZA
1	おいしー！ https://t.co/QN1oJuepDS
0	RT @ninjingirls: みなさんこんばんは！🥕 リードを回している２人で、3/19に「ゆきまろ」として箱ライブに出ることになりました！🥕 2人だけで歌うということは今までなかったので緊張もしますが頑張って歌うので是非たくさんの人に来てほしいなって思ってます🥕💕待ってま…
0	昨日みたラバーガールのDVDもう一回みる
1	うちのハムちゃんほんとかわいいむり朝からかわいい
0	これまでにないほど、声がカッスカスで出ない。終わった。
1	@Rag0504 おもろ
1	@Rag0504 こういうの好き
0	１ヶ月以上ピンクちゃんだったので、飽きてこんな色にしました（つい4ヶ月前にこれから大学生活金髪でいくっていったのに） https://t.co/4E4OEzidEV
0	@mnm___1206 じゃ、おにいちゃんはワシがもらってくでぇ
0	@rarario116 @mnm___1206 おにいちゃんはわたしのものだな、２人とも頑張ってくれ
-1	@rarario116 @mnm___1206 ２人はずるいよ、だめだよそんなんみんな２人欲しいよ
0	RT @matatabi_mm: 若い頃、すぐ氾濫する川のそばに住んでて、記録的な大雨のあと冠水した道路に大量のフナがじっと死ぬのを待ってるように浅い水溜りの中にいて、たまらない気持ちになり、バケツに片っ端からすくい上げては川に戻しに行く、と言うのを何往復も繰り返していて、
-1	RT @matatabi_mm: 道端のおっさんが「あんた何してんの」と声をかけてきて、フナを川に戻してます、と言うと二往復くらいバケツを持つのを手伝ってくれて、「あんたいつかフナが恩返しに来てくれるよ」と声をかけられ、(フナがいつか恩返しに来てくれるのか)と漠然と心にずっと残…
0	RT @matatabi_mm: 最近ふと夫の誕生日が2月7日で「フナの日」であることに気づいて(あっ！！)と思い、夫に「あの時のフナなの？」と震えながら聞いている
0	RT @matatabi_mm: @you21gg あの日のフナではないよ、とのことでした
0	なおこ１人で多摩動物公園行きたいって言って行っちゃった🐘私もずっとずっと動物園行きたいのにやることあって一緒にいけなかった（泣） https://t.co/h3rMEkAm3Z
0	わたしの母親、くだらん（泣） https://t.co/yTeOcRxgRh
0	@makitaso1108 これはさすがに「は？」だわ
0	@makitaso1108 ウザいね
0	あしたは、ららぽで歌うでェ🎤フフフ https://t.co/IMf8dsRjDh
0	@setoken42022 呼んだ？
0	@kawasakikawsa @setoken42022 そんなカワイイ大人になりたい🤔
1	あねもねさん好きだから絶対に見る...泣 https://t.co/g33F9WAcI4
-1	なおことdoitの話しててどっからともなく、ママって指が長い男の人好きって言ってたよねって話になって「パクチーのみんなはけっこう指が長くてキレイなのよ〜」みたいなこと言ったら「パパは全然長いところないよ、鼻の下と話が長いくらい。」って言われて２人でめっちゃ笑ってる
0	@af_2525smile 一緒だね！たのしみだね〜😚✨💕
0	@af_2525smile キャーはずかしい😭わたしもうなパイめちゃよく見て聴くわ〜😏👂🏻がんばるぞーい🤘🏼
0	@waiwai_gacyagac オイイイイかわいすぎかよおおおおお😞💕
0	@waiwai_gacyagac エッヘッヘ😚うれぴーがんばる🥕✌🏻
0	AVデビューしそうだった
0	どんどん太ってきた、ただいま大学生活MAX中のMAX！どすこい！🍞 https://t.co/mBfQuqRupZ
-1	@kumachivp やったー！🐻✨美容師さんに無理言いました☺️✨くまちさんもなんかグレーっぽくなってませんでした！？なんかで見た！写真のエフェクトかな？🤔
0	@kumachivp いっしょーーー！！金もおそろいみたいだったし、またおそろいみたいになっちゃった！👀✨
1	@kumachivp ピンク入ってたから予期せぬ紫でした！（笑） ありがとうございます〜☺️楽しかったー✌🏻✨
1	@af_2525smile きょうおつかれ！上手だった〜🎤またどこかで一緒になったらいいネ〜！💕
1	@af_2525smile やだ、言わせたみたいになっちゃった〜笑 うちら出番はやかったのに見ててくれてたのね〜！ありがとう超うれしい、つぎ合同だね！たのしみ〜！😊🎤
0	@af_2525smile ね！たのしみにしてるよ〜！☝🏻💕
1	てっちゃんと浜松🥕 初さわやかです！うれしい！おいしい！😘💕✨ https://t.co/1iDzw2UpKf
1	TES兄さん姉さんたちカッコよかった〜😍💕unknownのオラフちゃんも相変わらず超うますぎて口開いた😨☃️ https://t.co/r8rLjzENtK
0	バイバイ、テスノウン👋🏻 https://t.co/jvhsC3VZ3L
1	@rab1005 ヤダなんか酔っ払ってる顔してる笑 また会いたいですね😘✨昨日は素晴らしかったですありがとうございました✌🏻お疲れさまでした😊💕
0	合宿に行ってないのにR-1を見逃した女
1	イヤだかっこいい！！！❤️❤️❤️❤️❤️ https://t.co/gtmyC5jHn7
0	@rab1005 サイコー！
0	@igarashi_sg 青！
0	@makitaso1108 最強の女💄 バチバチに病んでる。死因猫アレルギーで死にたい。
0	@makitaso1108 何その2NE1の日本語訳のラップみたいな文章
0	@makitaso1108 リプでも出ちゃうとか意識高い
0	@NhhtNu わたしの身内かしら？（笑）
1	@NhhtNu 体育会系のガタイゴリゴリの人たちのアカペラおもろいな😅しかもそこだけ永遠とやってんのカワイイ絶対楽しいもんね😂でも夜は可哀想だわ〜〜
-1	今日、佐々木ひなにおめでとうとかいうクソおもんない個人ライン送った🎎
-1	LINEに雪降ると、ゆきちゃん降ってる！っていうクソおもんない個人ラインが毎年何件か来るんだけど、そういうのだいすき☃️❄️
0	@dhbctn7__ish https://t.co/Y1vMaNF2HA
0	なんか流行っとるやつで、膝の布でなんか作る気やろってぐらい布持ってかれとるジーパン欲しい👖
0	いっぴっぴの会🎎ひな祭り祝った🎎 https://t.co/Ey8CLCAODV
0	ズートピア見だして10分で泣いてる
1	@gen__murakami すっぴんで見てるからよかった〜〜（笑）
0	わたしもサークル入ったばっかりのころたまたまジュディって呼ばれてて、ザキャロットっていうコテバンに入って、1人でキツネ村に行ってキツネだいすきだいすきしていたので、親近感というか、ズートピアのジュディがだいすきなんです
0	どうしようファインディングドリー3秒で泣きそう
1	RT @hyouka02110925: アナ雪が好きな弟。  #あつぼー https://t.co/4UkNGdrvFc
0	昨日のせいでこうなった❄️ https://t.co/0R5oA8f60r
-1	@kyon_3104 少しも寒くなさそう❄️
0	@hito_1108_hito 氷いる時呼んで
0	@hito_1108_hito 貧血❄️❄️❄️
0	@gen__murakami まかせて！すぐ作るわ〜〜❄️
1	もとしちゃんほんっっっっっっっとにカッコよかった🐉し、全然いつもみたいにスベってなかったね、会場超ウケてた！笑  これからも頑張ってね、人気者🐲💕✨ https://t.co/ufAuwgHlav
0	@naaaantyatte とりあえずあとで絡まろ
1	@Rag0504 これ「も」可愛い
0	@Rag0504 そうだよ☺️💕✨
0	気づいたら思ってたよりも太っちゃってた〜〜🤑☝🏻✨ https://t.co/53F8PfW27B
0	おいワシじゃ https://t.co/ql7Xjk1gB1
0	10月11月不登校のおかげでGPA1.35の女に生まれ変わったゆきこちゃん☺️💕✨
0	森はんぺん子 https://t.co/3XAJSyh6Fh
1	昨日なごみさんに連れてってもらってローストビーフとピザ食べ放題したで💕✨ウヘヘうまうま https://t.co/qPlWGO02gn
0	オイ！家族総出でお礼するぞ🍫 https://t.co/TtNj5iGID4
0	RT @makitaso1108: @Senyoujizi もう直接福沢わたしたい
1	@makitaso1108 姉としてとても嬉しい。今日は祭りだ。
0	@makitaso1108 今日の森家の御食事 https://t.co/PVrfbWLngH
0	@makitaso1108 ほんとに6個もらったのか、心配になってきた。なんか、たまたま2/14にお菓子シェアしてた女子とかがいて勘違いしてたりとかして
0	一人暮らしは、アイスを何個食べてもママに怒られないよ！
0	RT @rorran: 以前、長女が「壁忍者！！」とやっているのを、意味もわからず真似ていた次女。めちゃ忍べてない。 https://t.co/xjVNwSazz0
-1	@hito_1108_hito @makitaso1108 週一は厳しすぎる、同じ袋に入ってるのにパピコをアイス2個と換算するなおこはだいぶ厳しいと思ってたのに
0	@makitaso1108 @hito_1108_hito 小4のころわたしの皿の上のポテト2人のせいで全滅したことしか覚えてない
0	@Isa_kanako42 @makitaso1108 わたしも今爆笑とまらん何それ死ぬ
1	@Isa_kanako42 @makitaso1108 暇潰しが本気すぎる
0	カラオケした🎤 https://t.co/LmK5PCVLrG
0	RT @makitaso1108: なおこに部屋片付けろって言われ続けてもうすぐ20年
0	RT @makitaso1108: 遊んでーっての無視するとしょぼんだよ https://t.co/yExB7OIhW2
0	RT @COCOpartin_GANG: 名古屋から上京してる小学校時代からの友達8人も集まってご飯食べた😋💕  みんなそれぞれ小学校から知ってる子たちが名古屋から東京で頑張っててすごいなーみんなが自慢できるくらい頑張りたいなと思いましたo(｀ω´ )o https://t.c…
0	RT @knc__vip: 椙小メンツ濃すぎてヤバくないですか？？笑 https://t.co/cpo9Y0te77
1	たのしかった😌💕✨ https://t.co/ObKmrmapo2
1	RT @aizavesu: 📛←日本人なら誰もが誰もが知ってる名札の絵文字、外国人にはなんなのかわからなくてtofu on the fireって呼ばれてるって話超好きwめっちゃ豆腐燃えてるwけど、マシュマロのが彼らの世界に近いような気もするけど。
0	また開始5分ぐらいで泣いてた。てかずっと泣いてた。ジョニー超イケメン❤️❤️❤️❤️❤️ https://t.co/EDmOAHHkTf
0	@COCOpartin_GANG 空想委員会の春恋、覚醒
1	RT @ninjingirls: 『PLAY BALL 15~Special~ 』無事出番が終わりました！いつも一緒に歌ってくれる4人がいなかったのでとっても緊張したね...😞💦 でも本当に楽しかった！🎤💕見にきてくれた方、本当にありがとうございました🥕お粗末さまでございました…
1	箱を見にきたなおこ「あんたはハモリがつられてる。まろちゃんのが上手」 けっこう練習したのに最初から最後まで全く字ハモができなかった私「バレぴ☆」
1	でもほんとうにたのしかったまろちゃんだいすき星人。まろちゃんだいすき星から来た⭐︎ https://t.co/ohOMsNfw77
0	@0718hana ハァンもうほんと恥ずかしいです... 聞いてくれてありがとうございました💕✨💦 長かったですね〜〜？ほんとおつかれさまです！よく寝て下さいね💤
0	@dhbctn7__ish めっちゃ怖いけどどちらかというと私のほうがその顔に近い
0	https://t.co/HVdFTS2DC4
0	@___ywhy___ そういうこと
-1	@___ywhy___ 誰かがちんちん発言した時はとても苦しいときかもしれないからちゃんと汲み取ってあげて
0	@7072Hell やーん❤️さすがおじさまキラーと言われ続けてきたわたしだわ❤️笑
0	@7072Hell ああ、まだまだおじさまじゃないか笑 ねー明日もがんばろうね〜☺️✨
1	@yuichi56148792 ワー！恥ずかしい！泣 本当にへたっぴでお金を払って見にきてくれた方にはとても申し訳なかったです😫💦 見られていたとはー！わざわざリプありがとうございます超うれしいです🙏🏻💕
0	@yuichi56148792 精密採点😂😂😂そうだそんなこと言われたんだった、思い出した😂😂😂そんな正確じゃないですよもうううう泣 音毎度ブレッブレですから！笑 昨日長かったですよね、本当にお疲れ様でした😌🙏🏻✨また会えますように☺️✨
0	@naaaantyatte どれだけ太っても肉はみ出ててもわたしは絶対にセクシー💋
-1	@gen__murakami 下品さしかない（笑）
-1	@gen__murakami ええええ〜じゅんじがそういうなら下品なままでもいっか❤️
0	@gen__murakami いやーん、怒られちゃった笑 もう大人だからちゃんとする😞💦
-1	@gen__murakami じゅんじもういい加減ゆきのことお嫁にもらって〜〜😫泣
0	@gen__murakami キャンユセレブレーイ⛪️キャンユキースミートゥナーイ🔔
0	禁酒生活4日目にしてアウト、乾杯。 https://t.co/naGj4hP7nD
0	@taemotoshi そんなには飲まんよ、よく1人で飲んでるけど😂
0	@0411Asameg せやで
0	@taemotoshi いこいこ〜〜
1	@0411Asameg お！しもはらさん仲良いね〜〜！結果みんなで見てたのね〜〜？😏✨
1	@gen__murakami すぐ怒っちゃう、短気。仲が良い人にぶつけちゃう。もう21なのにすごいおこりんぼう。
0	@ka_mu1221 さすが東山動物園の羊に金積んでた女
0	@hikariii_426 え、そう！
0	@hikariii_426 ちょウケるやめてよゆきこさんもよくご利用してるよ、行こう、めっちゃ行きたい😍✨
0	Tofu on the fire!📛 https://t.co/n9uxhoqxi3
1	パクチーとずっと一緒にいた1日だった。 たくさん歌った。たくさん食べた。しあわせ。そして今日、わたしの誕生日もいっしょに祝ってもらった。うれしい。 https://t.co/ZcY8BLzaQd
0	@ka_mu1221 ワシは耳が鬼かゆ
1	RT @CrazyPaxi: 歌ってきました🎤✨ 2年同期ライブ最高でした〜〜！☺️✨ 来てくれた方たち本当にありがとうございました！🌿すごく楽しかったです🎤🌿 #おとのわ https://t.co/Kn2Mm06LLc
0	RT @joie_colorful: joieがカラフル新歓ライブに出演させていただくことが決定しました🎉 新歓ライブ日程👇 4月12日、14日、18日、20日 素敵なバンドばかりなので是非お越しください！ (動画騒がしいです。) https://t.co/pccdZ0Fpnp
0	@ka_mu1221 がんばって
0	おいかわいいないくみ https://t.co/hded2vtWaV
1	RT @k_d_m_i_k_m: 21歳になりました！みなさん本当にありがとうございます！😭幸せです😭ババアって言われる回数減らせるように頑張ります😉💪 https://t.co/hfI2ga9WGG
0	おきにいり🥕🎉💕🎤✨ https://t.co/taR0uFTWdR
0	@Kanek0Masahir0 まめーん🤙🏻
0	肉ケーキ＆パンケーキ https://t.co/KaUTQFiCSN
0	@923mix おめでとう！㊗️🎉👍🏻
1	RT @flowerega: 写真撮り忘れちゃったけど ゆきこさんとご飯楽しかった〜☺️💓
0	石がだいすきな先生の授業うけてる鬼カワ https://t.co/i91YADllxd
1	RT @makitaso1108: お花見いった！ からの ごはんうまうまでしたん💗 カフェラテの子顔困ってて可愛い☕️ https://t.co/ReKEoGsy4O
0	桜なかったけど見て（まきこのオシャレな写真たちのモノマネ）まきこと美容院行って、ごはん行って、カフェ来てる🍰☕️ https://t.co/GwaQazztD7
0	トゥルトゥルにしてくれてありがとうございました✂️❤️ https://t.co/2xU3d9PnnS
0	@yuriballoon28 @issey_ohara @skn___ryo @atsutoshi00 いや待って太ったわ笑
0	@yuriballoon28 @makitaso1108 @issey_ohara @skn___ryo @atsutoshi00 隣で妹と顔見合わせたわ
0	有センス！最高！❤️ https://t.co/h5rGsKt1Vs
0	RT @makitaso1108: なおことかんたが喋ってる
1	@yuxuxum ねえ本当おもしろいまた下敷き見たい
0	@yuxuxum 絶対遊びたい
0	@bananappa7 もりゆきこさん😂🍵 カブトムシ歌う夢で左足首負傷してんのおもろ😂
0	@gen__murakami ✌🏻❤️
0	@gen__murakami ありがとうございます❤️
0	RT @taemotoshi: 「第29回ユニバーシアード競技大会・武術競技」大学生のオリンピック（8月26〜29日・台湾) 日本代表に選んでいただきました！！ 初の自選での国際大会、もとしらしく思いっきり頑張ります！！ よっしゃやるしかない💪 https://t.co/DL6…
1	すべてうまくいけ
1	女子会👯👯しゅうちゃん生誕🎂八王子☔️🎤がっくんさんベース鬼（ウルトラマン）✨まーびーやさしい鬼🍪🍪🍪あばれる生誕🎉良い週だった😍❤️ https://t.co/U2c1nYF6iX
1	@koukichi0719 ワー！お疲れさまです😍✨ えっ、いっしょにのみたい！うれしい！よびます！よばれます！
-1	オシャレなおこ母の日おめ🌹 https://t.co/QXpMFbPLWd
0	なおこラブ #mama https://t.co/GhwrhA2l7i
0	@gakkunnnn ワーイ！🙌🏻楽しみにしてます✨
0	@lilyflower0526 ダイブしたい
1	ゆりな！がきたョ〜〜❤️❤️❤️ 定期的に会いに来てくれてウレピー ほんと話聞いてくれるしおもしろいから、イッキに心が明るくなった😭✨ https://t.co/FXu4N2nob9
0	I'mイジワル大魔神 https://t.co/pzXsVUSHF6
0	今おもちの寝てるとこカワイイなあカワイイなあってみてたんだけど、これみて起こしそうになった...🌻 https://t.co/rGI0CrjlSk
0	@ikuho0919 お家出る前は寝てた❤️❤️❤️❤️❤️ https://t.co/c0oo2ziccH
1	RT @makitaso1108: かんちゃんってほんとにかわいい https://t.co/wR8vu0JPLr
0	中間発表1位から10位までみて、ああやっぱポチャッコは10位には入れなかったかァ、と思ってショボンとしてたら横から出てきた！❤️❤️❤️❤️❤️❤️❤️❤️❤️❤️❤️❤️❤️❤️❤️❤️❤️❤️❤️❤️❤️❤️❤️ https://t.co/fomwuA4VeP
0	RT @tomotomotomomo: コウメちゃん(✿˘︶˘*) 4/15 #コビトカバ #コウメ #東山動植物園 #東山80 https://t.co/7nOIIvfEAk
0	@rxa5132 アプリからログインして着せ替えしてる！
0	RT @hellokitty: #HelloKitty is having a super fun time with the #LosAngeles @Dodgers ⚾️ https://t.co/md3MDz9oNs
-1	doit厳しいナァ....😣💦💦 https://t.co/d9jV8Idplc
0	@okay_0306 あゆりちゃああああああん！お疲れ様でした！また歌ききたい！なんかとってもミラクルボイス！すき！🎤🤘🏼❤️✨
1	RT @CrazyPaxi: Sound+に出させていただきました！🌿 いろんなバンドさんが出ていて勉強になりました！見に来てくれた方、話しかけてくれた対バンの方、本当に嬉しかったですありがとうございました！🎤✨ #サンプラ2017 https://t.co/1HLHkrtVYF
