0	#中原くんと井上緑と共演しよう  参加したい〜〜😭😭
0	@Nakahara_Kun 条件は弾き語りでしたが、ピアノじゃむりですか？？😭 https://t.co/cE5AbrSEvE
1	RT @Nakahara_Kun: それちょっと気になってた。公式さんいかがでしょう！ https://t.co/2OcMi24jpC
0	@Nakahara_Kun OK出ますように！！！
-1	中原くんのメルティーキッス最高にすきだけど音源化してなくて #中原くんと井上緑と共演しよう にはエントリーできないのが残念！！すき！！中原くん！！ https://t.co/UBNQJYDpE7
0	やったあああああ😍🌈✨ https://t.co/FCsBYIfJBM
1	@opensesami05 うれしいありがとうございます😭！！
1	@opensesami05 嬉しすぎます〜ありがとうございます😻✨
0	RT @Nakahara_Kun: OKわかった。 割愛してた癖の部分も載せて日々ぼちぼち更新します。是非是非企画に参加してください  ではではリクエストを受け付けます。 2つめの画像はギター・歌で分類した散布図です。ご参考までにどうぞ。  #中原くんと井上緑と共演しよう ht…
1	@Nakahara_Kun 花火、秋深し、駄声、さらば、雨が止んだらをお願いします！！！🙇🙇大量リクエストすみません
0	@zuho_kano_mi こちらこそフォロバありがとうございます😭✨よろしくお願いします！
1	@rarasora_yp こちらこそフォロバありがとうございます！そんなこと言ってもらえてものすごい嬉しいです😭🌹ありがとうございます！
1	@hm2525smile2 ひなさんお誕生日おめでとうございます！昨日はフォロバありがとうございました、これからよろしくお願いします🐣🌈✨素敵な一年になりますように！
1	RT @Nkhrkn_official: 音源化されていない楽曲でも #中原くん #井上緑 の楽曲であればOK🙆そして、ピアノでもギターでも弾き語りであれば大丈夫です👌✨参加条件は画像に全て記載されておりますので、要確認の上ご応募くださいね‼️(マネージャーなのは https:…
1	@nao_cantar フォロバありがとうございます、歌素敵です上手いです😭✨よろしくお願いします！
1	@k5o2u9k6i 羨ましいですおめでとうございます！！楽しんできてください😭♫
1	@nagaimokimchi ！！！ありがとうございます😭😭😭嬉しい
1	@nagaimokimchi こちらこそフォロバもありがとうございます！！いや〜そんなこと言ってもらえて幸せです、頑張れます😳🙏
0	@nagaimokimchi まいかさんみたいに言ってくれる方がいると励まされます〜😂たまにあっぷしますね！また聞いてください☺️
0	RT @sakunano: ほらね！ 先に帰ったはずの中原くんが駅のロータリー脇のベンチに足を掛けて寝ていたらしい…(笑) なのはが確保してタクシーで家に届けたらしい！ https://t.co/oZSk7ipioi
0	@gongonazusa 卒業おめでとうございます！！
0	@Nakahara_Kun 練習して応募します！！！
1	【中原くん枠】 アーティスト名：シノミ 禁断少女／中原くん  大好きな中原くんと同じ舞台に立ちたいです！！よろしくお願いします。   #中原くんと井上緑と共演しよう https://t.co/POFCAkLHbc
1	@Youmechan_ 嬉しいです、ありがとうございます！！ゆーみさんの声可愛くてギターも素敵やなって思ってました！！stand by me私も好きです☺️💫
1	@tmfrstadst わー！ありがとうございます！嬉しいです😳😳
1	@tmfrstadst そんなこと言ってもらえて本当に嬉しいです、ありがとうございます😭はい！また聞いてください！！♫
1	@uuaaneru 嬉しすぎる、、😳ありがとうございます😭！！！私もうるさいし中原くん好きです✌️🌹仲良くしてくださいよろしくお願いします！！
1	@nao_cantar 素敵😳✨
1	@nao_cantar 嬉しい、ありがとうございます🙈🙈✨
0	RT @Nkhrkn_official: #中原くん -「中原清文」全5曲???トレーラー  ▼「中原清文」先行予約はこちら▼ https://t.co/21Ocbn8eU3 https://t.co/gEPySi2gLi
0	RT @sakunano: CAS、始まります。 https://t.co/nVmvOKqfY7
1	RT @pon_honda14256: 中原くん「参加条件はえっと、可愛い子…」  なのはさん「違う」 中原くん「イケメンは僕たちの立場がないので…」  なのはさん「違う！」  りょっくん「カップ数は…」  なのはさん「違う！！！ちゃんと言って！」 https://t.co/2…
1	@23_tokotokotoko めっちゃうまいですね（ ;  ; ）♡
1	@23_tokotokotoko もうめっちゃ聞いてて気持ち良かったです！！高音stand by me最高です😍💫えええうれしい、ありがとうございます！！
0	@ryoku_ryokucha フォローもRTもありがとうございます🐣✨よろしくお願いします！！
1	@kmrura_587 こちらこそフォロバありがとうございます！！いやーそんなことないです、でもめっちゃ嬉しいです😳😳😳💗
0	#backnumber #高嶺の花子さん https://t.co/R7yStS5Olc
1	@ryoku_ryokucha わ〜声褒められるのめちゃくちゃ嬉しいです、ありがとうございます😳✨
1	@uminotuki_5253 えっ、めっちゃうまい、聞き入りました😭😭😭✨
1	@yuzanhiramoto ！？フォローありがとうございます！！😳🌿歌謡曲風アレンジ素敵でした、かっこよかったです！
1	@yuzanhiramoto 歌も素敵ですし最後のとこのギターとかもめっちゃかっこよかったです、、！！ありがとうございます😭いつかアップするので良ければ聞いてください！
1	@uminotuki_5253 ほんとに綺麗で何回も聞きました！！いやいや、ありがとうございます🙇私もコブクロめっちゃ大好きなので良かったらお話したいです😍🌿✨
0	#３月９日 #レミオロメン https://t.co/OFj2RXNoIU
1	私が一番好きなキーの３月９日 よかったらきいてください  #３月９日 #レミオロメン #本日２回目 https://t.co/ui4zW4aHE5
0	@Youmechan_ えっ！！すきです、、！
1	@Youmechan_ 嬉しいですほんとに！！ありがとうございます待っててください！すきです！！
0	@tmfrstadst 基本的にはこのサイト(https://t.co/IvXTJg3jO0)見て弾いてます！✨☺️難しかったら自分の弾きやすかったり歌いやすいキーに変えれるので便利ですよ！
1	@tmfrstadst リクエスト嬉しいです😍私も前から挑戦してみたくて！中原くんがコードの画像あげてくれたらチャレンジしてみます...！
1	@tmfrstadst いつもコードで弾いてます！♫私も最初弾き方わからなかったし今でも全然なんですけど、左手で合う音を試してみたり、同じコードでも曲調によってアルペジオっぽくしてみたり、色んな曲に挑戦してみたら自然とそれっぽく聞こえるまでには弾けるようになりました！😂💫
0	@tmfrstadst ほんとわからないなりに弾いてたらある日なーんとなくこういうことか！って分かって弾けちゃったりするかもです♫さーさんのピアノとか弾き語り聞ける日楽しみにしてますね💓
1	@notonoonngaku フォロバありがとうございます！！ほんとですかϵ( 'Θ' )϶♡！音楽の趣味同じなの嬉しいです、、✨
1	@nanase_c うまい、、素敵です、😢
0	@notonoonngaku こちらこそです！！仲良くしてください、よろしくお願いします😂🙏✨
0	@madeleine0227 えっ上手い、オチまですきです！笑
1	@sion_0815 めっちゃ声好きです、上手いです...😭😭💗💗
1	りょっくんにコメント読み上げられて幸せ…('ω')♡
0	@nagaimokimchi 20日発表です！！！
0	@nagaimokimchi いえいえ！すぐ反応してしまいました笑 私もドッキドキします、、
0	りょっくんにコメント読み上げられるの2回目でもうしあわせこの上ない
1	@nagaimokimchi 今から共演の審査するらしいですどきどきどき...そんなこと言ってくださってほんとに嬉しいです😭まいかさんいい人...😢💓
0	@nagaimokimchi 言葉の響きに緊張してます笑 一緒にドキドキしてくれてありがとうございます😭💓
1	中原くん見た日はとりあえず1日幸せに終えられる
1	りょっくんからの中原くんっていう完璧な流れある？？？最and高！！
0	@fumimi_s 熱あったんですけどテンション上がりすぎて下がりましたこれは！！！やばいですよね今日…
0	@fumimi_s タミフルですね！！(？)
1	@fumimi_s 同じくです、、、😭💓かっこよすぎますね今日も！！
1	画面越しにこんなに幸せを飛ばしてきてくれる人ほかにいないのでは
0	@Nakahara_Kun るんるんで寝れますありがとうございました！！！
0	@ryokkun_ryokkun 🙋‍♂️🙋
0	！！！！！！！ https://t.co/r7ItRMa9Ek
0	@uminotuki_5253 いちご小渕さんですお納めください！！❤︎ https://t.co/Wc6UVkJAXW
1	@uminotuki_5253 犯罪ですよね！！！！！！ いえいえ、良かったです❤︎
0	黒田さん、、、 https://t.co/TLfuFLlZqD
0	RT @Nakahara_Kun: あれ…そういえば今日って…？  #中原くんと井上緑と共演しよう
1	RT @Nkhrkn_official: 本日、21:45頃から #中原くんと井上緑と共演しよう の出演者をキャス配信で発表いたします☺️💪  ※オフィシャルサイト・ツイッター上でも、22:00を目処に発表する予定となっております。  #中原くん #井上緑 https://t.…
1	RT @Ryoku_Inoue: 本日、21:45頃から #中原くんと井上緑と共演しよう の出演者をキャス配信で発表いたします👀✨  ※オフィシャルサイト・ツイッター上でも、22:00を目処に発表する予定となっております。  #井上緑 #中原くん https://t.co/Lu…
0	RT @sakunano: CAS、やるってよ！ https://t.co/P9F5pBt9dP
0	ありがとうございます♡ / #井上緑 キャス https://t.co/SUrKQgZDny | 07:14経過
0	シノミですよろしくお願いします～！ / #井上緑 キャス https://t.co/SUrKQgZDny | 09:20経過
1	#中原くんと井上緑と共演しよう  出演決定しました〜！ 選んで頂いて本当に嬉しいありがとうございます😭😭💓💓 https://t.co/R1Fir5j8He
0	RT @O_TORI_sama: おめでとうございます！！！！！ https://t.co/aXYpWfbWe0
0	RT @Ryoku_Inoue: ≪🎉出演者決定🎉≫  #中原くんと井上緑と共演しよう 8組の出演者決定‼️  ▼ #井上緑 枠の4組はこちら▼  あらを@rxl_jp 珠李@74kuuto toko @23_tokotokotoko 育@okka0323  https://t…
0	RT @Nkhrkn_official: ≪🎉 #中原くんと井上緑と共演しよう 8組の出演者決定🎉≫  #中原くん 枠の4組はこちら▼  阿古@acooot 遠藤理子@wtf_00_rico このままじゃまだ死ねない@madamada_ シノミ@shi_no_ta_  http…
1	@itonoa0511 嬉しいですありがとうございます！！😭💓
0	@tmfrstadst さーさん！！ありがとうございます😂✨💓
-1	@fumimi_s ふみさん！！ありがとうございます😭💫💓
0	@notonoonngaku きゃーありがとうございます！！😭💓
0	RT @hm2525smile2: なんか涙出てきた😭😭 みなさんおめでとうございます！！ https://t.co/vlSIzM4WlC
1	アーティストのお取り置きは23時かららしいです🙋‍♂️🙋✨ 東京でのライブははじめてなのでどっきどきですが見に来ていただけると嬉しいですぜひお声がけください、、 リプまたはDMから(言ってみたかった)… https://t.co/RmZJg85e1N
1	@tmfrstadst 嬉しいお言葉を😢😢スクショしましたありがとうございます！！
0	@koba_maegami わーい小林さん！おめでとうございます！よろしくお願いします♪
1	@koba_maegami えー嬉しい！！😂お礼伝えておいてください！大崎さんもよろしくお願いします！！私も２人の世界観めちゃすきでした！
1	@uminotuki_5253 わーありがとうございます😭💓ぜひぜひぜひ！！嬉しいです！！
1	@murachika05 🙌ありがとうございます！！そんなこと言ってもらえて嬉しいです！😂💓✨
1	@koba_maegami ありがとうございますー！こちらこそ仲良くしてください😭💓
1	@nagaimokimchi まいかさんほんとにいつもありがとうございます😢😢💓💓嬉しいです！！
1	RT @Nakahara_Kun: ツイキャス有難うございました！ 5/3、いい日にしましょう！！！  #中原くんと井上緑と共演しよう https://t.co/5EMHXNxptg
0	@nagaimokimchi メルティーキッスのときからずっと言ってくださっててもう救われてます😂💓すきですほんとにありがとうございます！！また当日の動画もあっぷすると思うので是非見てください！
0	RT @O_TORI_sama: おめでとうございます！！！の会！ https://t.co/r0jtEIWrhz
0	奇跡の入場無料、2ドリンク1000円 中原くんとりょっくんのライブもついてくる、、⭐️⭐️😌✨ https://t.co/y6w1NiWuGY
1	リア垢で宣伝すればいいんだろうけど距離的に来てくれる友達なかなかいないだろうしシノミって名前が本名と関係なさすぎて躊躇ってる😇笑
0	@wtf_00_rico 理子さん〜おめでとうございました😭💓！！当日よろしくお願いします〜♪
0	@kmrura_587 そのはずです！！🙆‍♂️
0	@wtf_00_rico 16歳とは思えない歌声ひきこまれました、、ありがとうございます！！☺️
1	@kmrura_587 せーさん！！！ありがとうございますもう嬉しい即スクショしました、、😢♡当日もそう思って頂けるように頑張るので是非...！
-1	@kmrura_587 GWですし都内に住まれてなかったらなかなか難しいですよね😭予定合いますように！！！
0	@miya_walt わー！ありがとうございます☺️☺️💓
0	@kmrura_587 私もお祈りしてます😭😭🙏
1	RT @haru08_20: おめでとう！ 何度聞いてもいいね 中原くんをハラハラさせてくれ！ いろんな意味で！笑 5/3日楽しみだ！😎 https://t.co/sbx89t6q9L
1	@haru08_20 いやーーものすごい嬉しいですありがとうございます！！😭✨いろんな意味で（笑）頑張りますね💪💪私も楽しみです💓
0	@haru08_20 nanaではギターの伴奏お借りしてコラボばっかりしてます笑笑 それなら私がハモりますよ！！🙋✨🙋‍♂️
0	@haru08_20 がんばってみます！！その時は是非コラボしてください😂💪✨
1	@haru08_20 えっ私が頼まれちゃっていいんですか！！！😮💫ありがとうございます！承りました！！
0	@haru08_20 よろしく頼まれました！わーい！☺️☺️
1	@Nakahara_Kun 中原くん、練習したいので秋深しのコードお時間あるときに教えてもらいたいです😢
0	@Nakahara_Kun ありがとうございます！！！🙇
1	@19970328a こちらこそフォロバありがとうございました！😂✨おめでとうも嬉しいです！！ピアノ１人だけだったのでほんと不安でした😢嬉しいお言葉いっぱいありがとうございます💓💓これからよろしくお願いします！
0	RT @sakunano: よろしくお願い致します！ https://t.co/Kkaks4tNqK
1	RT @sakunano: 今回の企画、たくさんの若い弾き語りアーティストの皆さんから応募がありました。 本当にありがとうございました。 今回選ばれた8名のみなさんと中原くんと緑とで素敵な1日にします。 チケット代は無料です。 是非、ライブ会場へお越し下さい。 お待ちしておりま…
1	@bn___34 まるさん🙈🙌もう嬉しいです、ありがとうございます！！💓こちらこそフォロバ嬉しいです！backnumber私も大好きなのでよかったらお話したいです〜！
-1	@koba_maegami え、差し支え無ければ知りたいです！笑
0	@sakunano よろしくお願いします🙇！
0	@koba_maegami あ、それは結構難しいやつですね！！普通にみんなフォローしてる感じのやつかとおもってましたのですいません！全然大丈夫です😂✨💪
0	@sakuten622 フォロバありがとうございます！昨日はおめでとうございました🙋💫よろしくお願いしますー！
0	@itonoa0511 🙋🙋‍♂️✨✨✨
0	@itonoa0511 わーい！！しましょう！！前からお話ししてみたかったです！🙋✨
1	中原くん(@Nakahara_Kun)のビール ピアノで歌いました🍻  カラフルP0pきゃんでぃ(逆だけど) 良い曲しかないよ🙆🙆‍♂️ https://t.co/nuRCGV0yWr
1	RT @Nakahara_Kun: いいーーーねえー。 https://t.co/ZYfs3rhtTc
0	@koske312 わ！私もリプ送ろうとしてました、フォロバもおめでとうもありがとうございます！💫💫☺️
1	@koske312 嬉しいです〜😂♡ はい！お取り置きできますよ！！！
0	@rkyu_misa お誕生日おめでとうございます！！✨✨
0	@koske312 了解しました！！ありがとうございます🙋💫🙋‍♂️✨
0	@koske312 こちらこそよろしくお願いしますー！！☺️
1	早くも、#中原くんと井上緑と共演しよう 予約残り僅かになったみたいです！！シノミちゃんまだまだご予約おまちしてますので...是非...！🙇🙏☁️💫 https://t.co/N2qID8GoE0
0	アイコトバ ／井上緑さま(@ryokkun_ryokkun )  りょっくんの曲投稿するの初めて🙋‍♂️🙋✨ https://t.co/M10LaSQHgt
1	中原くん(@Nakahara_Kun)の路上ミュージシャンのうた🗣✨  現在好評フラゲ中の中原くん最新アルバム「中原清文」には、、含まれていないのですが、、大好きな曲！！ https://t.co/AwYoEQRowD
0	@uuaaneru 握力ほんまやばいですよねww
0	@uuaaneru がちです笑 小学校のときは１桁やったので成長したと...おも...ウゥッ😭😭
0	@uuaaneru えへへ//笑
0	@myonmyon65 おねがいしますっ
0	@myonmyon65 ええええええこちらこそ申し訳ございませんよろしくお願いします！！！ありがとうございます私も楽しみにしてます😚✨
0	@myonmyon65 はい！！夢見てるみたいですがふわふわしながら楽しみます！！皆さんをハラハラさせないようにがんばって練習しないとです😢😢💪💪✨
1	@myonmyon65 潰されて幸せになって帰ってくる勢いでぶつかりにいきます！！！
0	@myonmyon65 私もお会いできるのと聴いていただけるの楽しみにしてます☺️💫
0	@ryoku_hinata ！！！めちゃ近くです！
0	@ryoku_hinata そうです！！超地方民です！！笑
1	@ryoku_hinata あ、ありがとうございました！(どういう立場) よかったです😳💓気をつけて帰ってくださいね！
0	@Nakahara_Kun 中原くんライブがんばってください！！！
0	@notonoonngaku おつかれさまです(*´◒`*)！
0	@notonoonngaku え！のとさんお誕生日おめでとうございます😻🙌
0	#新しいプロフィール画像 https://t.co/6KYH0HSJpR
1	@anko_sing もし宜しければお取り置きします！！！
-1	@anko_sing 急に絡んですみません！！ありがとうございます☺️！あんこさんでお取り置きしておきますね！！💓
0	@suimintyudoku わー！！ありがとうございます！♡♡了解しました！😳✨
0	もろてきた https://t.co/WXpxKZUdvA
1	心の初回限定盤頼んだけど5/24まで来ない...はやく...
0	バカップル死ね／(@Ryoku_Inoue) https://t.co/Fp0hKi2MeM
-1	わかりたくて取り寄せた！！ ゆるさも共感も最and高☁️🐰 (@wakarana_i) https://t.co/fCRjYQSblk
0	ウォウとかイェイが異様にかっこよい、格が違う   #中原くんのこういうとこ好き
1	@butyukmsn こんばんは！！シノミです初めまして🐰💫こちらこそフォロバ嬉しいですありがとうございます♬これからよろしくお願いします！！
0	@O__UEEU はじめまして、おはようございます♬お取り置き承りました！！！ありがとうございます🙇✨
0	RT @sakunano: 告知開始から一週間。 sold out間近らしいです。 驚いております。(笑)   #中原くんと井上緑と共演しよう https://t.co/cLAZWq02rK
0	@nekobou_ わー！はじめまして！！わかりました☺️✨ありがとうございます💞
1	丸腰めっっっっちゃいいなあ、、 涙腺にくる 中原くん、、｡ﾟ(ﾟ´ω`ﾟ)ﾟ｡
1	秦基博さんのアゼリアと放課後で目覚める朝の爽やかさといったらもう
1	@hiroki_bn フォローありがとうございます！私もbacknumberめっっちゃ好きです、よろしくお願いします〜☺️
-1	@hiroki_bn わかります〜（ ｉ _ ｉ ）back number聞くと自ら傷をえぐりにいく感もありますけどそれが病みつきになって（笑）無いと生きてけないです、、
0	@hiroki_bn わかります〜（笑）依与吏さんの歌詞に何度も救われました😢😢
0	@hiroki_bn ですね〜でも吹っ切れててもback number聞いたら昨日あったことみたいに思い出しちゃいますね、、😭
0	@kmrura_587 もう予約受け付けちゃダメ的なことは言われてないのでまだ大丈夫だと！思います！！🤔💞
1	@kmrura_587 了解しました！！なのはさんに即連絡しときますね☺️💓お取り置きのお名前、せーさんで大丈夫ですか？？(多分こんな感じで大丈夫かと...私も初めてでどきどき...)
1	@kmrura_587 了解しましたー！😆せーさんが来てくれることになってめっちゃ嬉しい！！緊張しますが頑張ります🙌💫
0	あああああ中原くん♡♡♡♡ https://t.co/EGDUQZ8ulI
0	りょっくん😻🙌 https://t.co/ZubYu2g6TU
0	今更なこと言うと、中原くん！！とか言ってるけど中原さんだよねえ
1	理子ちゃんの聞いてから即iTunesで買った🐰本家より先に良いカバーに出会って、いい曲を知るこの感じ好き〜 https://t.co/sii7EY2v5L
-1	最近の脳内は、7割が5/3なに歌おうかなぁーってこと ４曲くらいで迷ってるけどどれもこれも好きすぎて困る〜
1	@haru08_20 かっこいいい😳😳😳😳😳😳😳😳
1	起きた瞬間公式LINEで泣いた😢
0	いますぐ渋谷に飛んでいきたい〜  今日がりょっくん、関係者の皆様、りょっくんボーイズガールズさんにとって最高な日になりますように😢🙌  あああああああああう行きたい。  #井上緑 #すべてはココにある0329
0	いやほんと全ては渋谷にある、いま
0	やっぱり全ては渋谷にあった https://t.co/dMddMYaRgJ
0	渋谷行きどこでもドア募集してます
1	すごい分かって電車の中でにやけたしステラ・ルーちゃんをウサギさんって言う中原くんが可愛くてにやけた https://t.co/9bHSi0q4dC
0	ステラルーちゃん https://t.co/GV63IWGBzp
0	@itonoa0511 うさぎさん...！！！♡ってなりました（笑）
0	@itonoa0511 ギャップってこういう時のためにあったんだ...
0	やっと読める４作目☺️☁️ 毎回思うけど言葉が綺麗で、別世界に引き込まれる〜(@blue_aoi) https://t.co/kCm3xJZDKt
1	RT @satoyo059: ダッフィーのおともだち、うさぎの女の子のステラルー🐰💗 長いおみみがチャームポイントだね🎵どんなダンスを見せてくれるんだろう😊 ダッフィーも新しいおともだちに囲まれて、とっても嬉しそう✨ ダッフィー、よかったね🐻💕   #ダッフィーの新しいお友だち…
1	何故かこれが抜かってたのでほんとは５作目✋️！ イラストも内容も素敵、正方形なのも特別感あるし、少し絵本感覚で読めて好き！  (@blue_aoi)☁️🐰✨ https://t.co/uWjZTFYkxl
0	@tmfrstadst 個人的には一番左の「僕の隣で勝手に幸せになってください」がオススメです！！結構中身も詰まってます！😊🙌 https://t.co/SeXkbmClw5
1	@tmfrstadst 左から２番目のNAKUNAも1冊目と同じ感じで良いです！君を読むってやつは他のに比べてちょっと内容薄めかもです！（笑）いえいえ☺️💓💫
0	@kmrura_587 仲良くしてください(((o(*ﾟ▽ﾟ*)o)))♡（ここぞとばかりに絡みに行く）
1	@tmfrstadst よかったです〜😻💫
0	@kmrura_587 わーい(๑&gt;◡&lt;๑)
1	@kmrura_587 こんな声楽しみとか言ってくれて嬉しいです😢💞いやーぜひぜひぜひ！！喋りましょう！！私もお話したいです！(butコミュ障)
1	自分の喋ってる時の声が超絶コンプレックスだから中原くんみたいに通常時の声も歌声も素敵な人ほんとに憧れるのです、、
0	@kmrura_587 「あっ」「あっ」みたいなことにはならないようにします（笑）せーさん何歳ですか？🙋💓
0	@kmrura_587 あーそれめっちゃわかります！！😿しかも私これまでライブも全然行けてないので次がはじめてで、ほんとに不安...。私19です！今年20になります🙋✨歳近い！！
0	@kmrura_587 めっちゃ地方なので全然行けてなくて！CD買ってTwitter見て楽しむ生活送ってたんですけど急に思い立って応募してみた次第です！緊張しますよね初めて同士よろしくお願いします🙇‍♀️４月から大学２年です！せーさんは...？
1	@kmrura_587 私も関東か関西かで言うと関西...（笑）初ライブの日カブるのも運命感じちゃいますね♡(?) お！ぴちぴちの！一年生ですか！めちゃ近いですしせーさんがよろしければもうタメでいっちゃいませんか🙊💫
0	@kmrura_587 全然いい〜！(早速) じゃあタメにしよう🙆 せーちゃんって呼ばせてもらう〜！♡ 私もしのみさんじゃなくていいよん！！☺️✌️
0	@haru08_20 私今週backnumber行きます！！！😳☁️✨
0	@haru08_20 楽しみですね！！！
1	@haru08_20 ４月と６月ですか！羨ましいい🤧🤧✨
0	@Nakahara_Kun ずっとついていきます、おやすみなさい😢😢💓
0	@Cal_ci_fer おおとりさんに気に入られたいですはじめまして😢😢💓
0	@Cal_ci_fer おおとりさんやばいんですか...どうしよう...🔥(わーい♡ありがとうございます！！仲良くしてください...！)
0	@kmrura_587 そうよね、困るよね（笑）えーと、じゃあしのみん！🐰💓
1	#中原清文 寝る前にMV見てたら夢で不貞腐横丁酩酊節流れて来た！知らない間に泣いてて幸せな目覚めです 歌で人のことを元気にしたり泣かせたりできる人ってこの世に何人いるんだろうと思いました
0	ただ問題は、目覚めたのが昼ってことです
0	RT @Ryoku_Inoue: 🎬＜Live Movie by TSUTAYA O-WEST  2017.3.29『すべてはココにあるTOUR FINAL』  酒飲み讃歌 - 井上緑 Director &amp; Film Editor by Shun Ikeda  #すべてはココに…
1	りょっくんかっこよすぎるなにこれ
0	@Ryoku_Inoue ライブ音源のCDとかライブDVD販売してほしいです😭😭🙌
0	いやほんまライブDVD欲しい
0	きましたね！？！？
1	今日金曜日かー、夜更かししても許そう！ からの 程々にな、早く寝ろな、おやすみ はたまらんですりょっくん😳😳😳
0	nanaまたダウンロードした、歌おっ
0	雨が止んだら / 中原くん by しのみ with 1 other #nanamusic  新年度一発目💜💙💚💛 https://t.co/Ej27wDHgEz https://t.co/fxkPgentOr
1	RT @Nakahara_Kun: いいねー！！5月もよろしくね https://t.co/8lSRv4pEZG
0	@Nakahara_Kun こちらこそよろしくお願いします！！！😢😢💞
0	nanaダウンロードした記念日だしエイプリルフールだし中原くん歌いまくろう。関係ねえ
0	お借りしました🤧🙌  売れないミュージシャンの歌 ギター / 井上緑 #nanamusic https://t.co/dzTiah0DxD https://t.co/DPulQzQLAm
1	めちゃ好きな曲〜  stand by me /アコギ伴奏 / 井上緑 #nanamusic https://t.co/6Ii8NBQEs6 https://t.co/4pWw7QYlHJ
-1	夜中に歌ってる、やかましい自分
1	@bn___34 この曲いいですよね！！！ 美しいとか初めて言われました嬉しいですありがとうございます😳💞
0	そろそろ近所迷惑なので真赤歌ったらやめます
0	なんかちょっと機械音ぽくなってる  真赤 / My hair is Bad #nanamusic https://t.co/a4d9ap0y2E https://t.co/NFlWvwzVlM
1	もういろはすなんでもいいな笑 https://t.co/n8U0kM6DCK
-1	あら不思議          近所迷惑                    １時半
1	nana楽しかった٩( ᐛ )و 高い可愛い声の女子羨ましいなあと思った４月１日でした。おやすみなさい
0	@Youmechan_ ゆーみちゃん！！ありがとうフォロバします！😳💓
0	武道館規模で人生初アリーナ、backnumber！！！
-1	@vzy_k ありがとうございます、わかりました！３月末時点で残り数が少なくなってるとのことだったので、一応なのはさんに問い合わせてみました🙊またお返事来たらご連絡しますね！
0	@vzy_k はい！まっててください！😳✨
0	@pOjy5UwVlEGdFdJ フォロバありがとうございます！！よろしくお願いします🙋💜
-1	stand by me耳コピして撮ってたら珠李さんもあっぷしてて運命感じた(軽い) この曲ほんと高低差激しくてむずかしい😲けどすき😳
0	かぶるの避けたいわかる https://t.co/pJzwzjoYOt
0	だいたい決めたけどもっと耳コピできるんじゃないかと思って頑張ってみたり、なかなか迷う😭🔥
0	中原くんの曲聴きまくってどうしようーって迷ったあげくりょっくんの曲を耳コピし始めて弾き語りする最近のわたし
0	@acooot 超わかります（笑）被ってもそれぞれ個性あるんで許されるような気もしますけど被らんかったらまあ何よりですよね、、
0	@acooot 阿古さんの歌めちゃたのしみにしてます！！！
0	stand by me / (@Ryoku_Inoue)  お願いダーリンぼくのそばにいて〜 https://t.co/8gCWSKxhAQ
0	真赤 / My Hair is Bad  夏の匂いがした〜 https://t.co/wpGTaRXlOs
1	@vzy_k さきさん、大丈夫でした！！🙆
1	メロディー/玉置浩二  あの頃は何もなくて それだって楽しくやったよ https://t.co/YV695qfH7o
0	@Nakahara_Kun 中原くんお誕生日おめでとうございます！！中原くんの紡ぎだす世界すべてが魅力的です、初めてお声を聞いたときから私のナンバーワンです！！！いつまでもついていきます😭最高の歳になりますように💗
0	見た感じ分かりやすいけど超絶方向音痴のしのみちゃん、たどり着けるのでしょうか https://t.co/QxIvi14JB4
0	@Cal_ci_fer きゃーありがとうございます保存しました！！♡マップセットしてトコトコします！！🚶
0	@Cal_ci_fer やっちょらんけん目に焼き付けました！！（笑）３階まで上がったらもうどこの部屋かなとか迷うことなくそのまんま四谷天窓ですか？？😭
0	@Cal_ci_fer おおとりさまありがとうございます！！！🙇♡♡やっちょらんけん見つけるまでが勝負ですねがんばります！✨✨
0	@Cal_ci_fer 分かりやすいビルにしてくれてて助かりました(?)（笑）首がくがくしながら歩きます！！ほんと助かりましたありがとうございます😭💞
1	@7akusaskua7 ほんとですかー！！！いやいやありがたいです初見で行ける場所か否かは方向音痴にとっては重大な問題で...（笑）ありがとうございます！😭😭💞
0	@Cal_ci_fer むちうちならんようにしますね😭😭😭😭
1	これが見えてきたらこの道合ってる的なのはほんとありがたい、そういう情報教えてくれる心遣いが好き！！！ https://t.co/zVX65yHbz5
0	@7akusaskua7 扉何個もあるんですか！？そりゃあるか...やばいぞ...😯楽屋の扉の特徴ってあります...？
0	@7akusaskua7 そこを開けかけたんですかｗｗｗｗ ふむふむふむ！！助かります、扉1とか2をイメトレして来たる日に臨みます！！！
-1	@7akusaskua7 いやほんま勝手に不安になるやつなんで細かいことでも教えてもらえて有難いですありがとうございますほんとに...
1	@ozk_crn @7akusaskua7 わあありがとうございますもうみんな優しい😭😭入ってすぐ右の扉が楽屋ですね！！
0	@Cal_ci_fer わざわざすみませんありがとうございます😢😢
0	@O__UEEU 困った時はセブンの人かTwitterですね！じゃあ一回目が勝負だ...皆さんに頂いた情報とマップでなんとか...乗り切れますように😭😭😭
0	シノミがカタカナな理由は特に無いので自分でもよく分かってなかったけど、平仮名でしのみの方がまるまるしててアイコンとも合致するんじゃないのって言われて確かになあと思った
0	アイコンは自筆だけど自画像ではないです
0	原始人みたいなこと聞くけどそういえばスマホでラジオってどうやってきくの？？
0	@bn___34 まるさまありがとうございます😭😭😭早速インストールしました
0	RT @Nkhrkn_official: ㊗️≪5/3(水・祝)『 #中原くんと井上緑と共演しよう 』  11:30op／12:00st 入場無料(2D¥1000別)  おかげさまで、予約数が定員に達した為「SOLD OUT」となりました！皆様のご来場を出演者・スタッフ一同、心…
0	RT @Ryoku_Inoue: ㊗️≪5/3(水・祝)『 #中原くんと井上緑と共演しよう 』  11:30op／12:00st 入場無料(2D¥1000別)  おかげさまで、予約数が定員に達した為「SOLD OUT」となりました！皆様のご来場を出演者・スタッフ一同、心よりお待…
-1	RT @sakunano: ちなみに1カ月前に四谷天窓がソールドアウトになるって普通じゃ無いからね〜！
1	RT @sakunano: ソールドアウトだそうです。 共演者のみなさんが、満員の四谷天窓で歌って貰える事が嬉しい。 楽しい1日になりそうです！
1	㊗️【SOLD OUT】🍻 自分が受け付ける側に回るのは初めてのことだったのでドキドキでしたが、お取り置き頼んでくれて本当に嬉しかったです、ありがとうございました！当日は全力で頑張りますのでよろしくお願いします🐰♫… https://t.co/M4b6baJeJh
0	@kmrura_587 むむ！私のせいで睡眠妨げちゃってすいません&gt;&lt;💦 自分のなかでは大体固まってきたのであとは弾いて歌ってみて練習だぁ〜って感じです、、笑 今日もゆっくりおやすみ♡
1	@haru08_20 ありがとうございます😢💛無事辿り着けることを祈っててください、、！
-1	@haru08_20 いやあなんていい人😂ですです！入り時間結構早めなので、余計不安で（笑）
0	ギター弾けるよーになりたい
0	たばこ / コレサワ (cover) 🚬  #コレサワカバーコンテスト https://t.co/H5egucqjtl
1	@uuaaneru うれしい😭😭😭😭💗
0	@uuaaneru キャッ受け付けてます♡♡
0	@uuaaneru 私の声がメンマちゃんに...最高😇💗
0	しのみのことについてどれぐらい知ってる？ https://t.co/4ajGeiK4Ja #vonvon #リレー8問8答_君私のこと知ってる_これが私だ編 #君_私のこと知ってる
0	@susu_0703 ６点！！！！
0	capo3 ver たばこ  #コレサワカバーコンテスト https://t.co/0XM1qBrPMg
0	@susu_0703 ２点だったね笑 これから仲良くなってください♡
0	約40000円分の定期券（昨日発行）を失くしました叩いてください
0	@haru08_20 わーいやってくれてありがとうございます🐰✨私も5/3超楽しみです♫
0	@haru08_20 しにたい...
1	やっばいお気軽に問い合わせてくださいのお言葉に甘えて電話かけたけどなのはさんの声めっちゃかわいかった...なのはさん...
0	@haru08_20 警察と駅には届けたので、、誰かああああ、、絶望せずに生きます...😭😭😭
0	@Nakahara_Kun 28歳の中原くん魅せつけてきてください頑張ってください！！！！😍
1	@haru08_20 天使のゆえんが分かりました...！かっっっっわいい...
1	@haru08_20 可愛いし優しいし最強ですね？？？😂💞
1	@haru08_20 喧嘩も強いんですか！！かわいいにかっこいいの要素も入って最強説増しましたね？？サッ！とか言いながらハッシュタグつけてるはるぴょんさん最高です😌✋️💞
0	@haru08_20 ご本人を召喚したー！！！！笑笑
1	@susu_0703 こちらこそです💗🐰わー！ありがとうございます嬉しい🍣😍
1	@rnanoha_project 優しい...お忙しいのにすみません😢こちらこそありがとうございました！！
1	なのはさんの声可愛いのに可愛いだけじゃなくて仕事できる感も溢れてるからやっぱ好き〜〜お忙しいなか電話したのにありがとうとか言ってくれるのも優しい好き！！！！
0	@Tuga_nadko こちらこそフォロバありがとうございます！！雌豚です！！！よろしくお願いします🐷♫
0	42歳でした！ネットの思い出から、あなたの年齢がバレる診断 https://t.co/cTLHOagDWn @riceforceさんから
0	42歳でした！じゃないよこら！
0	しのみボイス
0	中原くんは...にぎやかし？？？(アリ)💗 https://t.co/zlkvGDAkxd
0	@Youmechan_ ごめんね...玉手箱を開けてしまったのじゃ...
0	@Youmechan_ わたしもすき！！！ゆーみちゃん初めて声聞いた時からすき！！
0	@myonmyon65 あり寄りのありありですよね！！オープニングアクトはちゃるけんさんで！！！(?)ハグロックのスポンサーは雪肌精で！！かんぺきです！！
0	@myonmyon65 最the高ですね！？！？
0	@Youmechan_ それね😍🍣✨ゆーみちゃん今年はたち？になる？？
0	@myonmyon65 りょっくん「いつもと変わらねえ！！！」
0	@Youmechan_ やっぱ同い年だ！！！
0	圧倒的低い率！！！！
0	普通に歌だけ聞いたら性別分からないって言われるもんね...分からないですか？？？！
0	@myonmyon65 なのはさん政権ならもう独裁でもなんでもありですわ...
0	@74kuuto なりますよね！！自分でも聞き返して思いました笑
1	@Youmechan_ あたしも嬉しいー！！🤣💗なかよくしてね♫♫
0	@suimintyudoku たにかわさんおしとやか美人イメージしかないです...
0	フォバ！！
1	@74kuuto そう言ってもらえてうれしいです、、☺️確かに珠李さんもどちらかといえば低いですよね！でも曲によって声の印象変わる感じがしてどっちでもいける感！✨羨ましい！
1	@suimintyudoku 一体何をなさったんですかwww アイコンもヘッダーもお美しい...たにかわさとみさま...
0	@sshy_wata 初めて見た時からフォバがしのみ's ツボにハマってましたすいません☺️笑
1	@suimintyudoku おしとやか美人が性欲の権化と言われた瞬間、とても興味深い！！！いやいやお姉様ついていきます。ありがとうございます私もお目にかかれるの楽しみです！！💞
0	新たな雌豚おしとやか美人枠に台頭するのは私...！？
1	@74kuuto えー安定してますよ！！どっちでもいける幅広いのほんと羨ましいです！私までいくと性別不詳になってライブの時（ん...？）ってなっちゃいます...！😭🔥
-1	@74kuuto わかります私も女性ボーカルむりです！！！！原曲で歌いたいのにキー下げなきゃいけない辛さ..😥😥ありがとうございますほんとに！！(T_T)
0	@74kuuto 超わかります〜それならもう最初っから男性ボーカル歌おうってなるんですよね（笑）高音気持ちよく出してみたい、、けど低い声って頑張っても出せないから強み！！(?)
0	@74kuuto ですよね！！珠李さんの歌たのしみ🐼✨✨
1	@haru08_20 お優しい😭😭救われます、ありがとうございます！！！
0	@maga7konohito まさんお誕生日おめでとうございます！！！☺️💛最高の一年となりますように！
1	@Edamameyu_sha はじめまして！！ほんとですか嬉しい🤣ありがとうございます😢✨！
0	@maga7konohito わ！ありがとうございます！頑張りますねっ☺️☺️
0	私の苗字は県名なので、ツアーで来ていただいた時におふたりに「行くぞ○○ー！」って呼んでもらえないかなー、なんて考えながら最近は生きてます。#5296dvd
0	みんながお花見したいとか桜綺麗って言ってるときにひとりback numberの風の強い日が脳内再生されてました。「あんなに弱い雨で桜は散ってしまうんだね〜」
-1	@hiroki_bn そっれは怖いですね、、
0	@Edamameyu_sha ありがとうございます！！！😢💞
1	TIMELESS WORLDめちゃ遅ればせながらみてるなう！！！小渕さまの服装好みすぎるんだが♡♡♡♡♡♡♡かっこいい
0	@henyan_kbkr こちらこそフォロバありがとうございます！！！
0	@nagaimokimchi 👌❤︎
0	@henyan_kbkr 音楽の趣味一緒だー！と思ってフォローしました(*'ω'*)天窓どきどきですがんばります！ありがとうございます☺️✨
0	@nagaimokimchi いつもありがとです😆💕
0	かまって🙋‍♂️🙋
1	みんな！！！いいねじゃないよ！！かまって！！！😢😢😢😢😢😢😢
0	@7akusaskua7 ちーのさぁぁぁん！🍣わーい！
0	(OKです)(ちがう)
1	@7akusaskua7 イクラかわいいですよね...ねっ🍣
1	@Cal_ci_fer おおとりさまぁぁぁぁぁ！！！！用ないのに絡んでくれてしのみん嬉しい♡てへ
0	@7akusaskua7 いくらかわいいつながりで仲良くしてください♡ (いや私もすいません会話が下手で！！！)
1	佐々木希かわいい
1	@Cal_ci_fer おおとりさまこの前はご親切にありがとうございましたっ♡ライブでお会いしてみたかったです、、
-1	@7akusaskua7 お会いしたかったです残念😢😢ありがとうございます！！！テレパシー受信しながら頑張って歌いますね！！😆🔥✨
1	@uminotuki_5253 私も仲良くなりたいです嬉しい！！ぜひぜひコブクロトークしましょう、、
1	@Cal_ci_fer あっそうですねwwなんかものすごい無意識に過去形にしてましたねwwめっちゃ今更の質問しちゃいますけどおおとりさま何歳ですか？？💞🐰
0	@Cal_ci_fer 自称18wwwりょっくんワンマンのときのお写真とかで雰囲気しかわからんけどこの人かわいい、、ってずっと思ってました😹💕
0	@uminotuki_5253 音楽の趣味いっしょすぎてめちゃ語りたかったんですよね！！今年のツアー行きますか？✌︎('ω')✌︎🎊
1	@uminotuki_5253 やっばいですよね！！ここまで被ってる人リアルにもいなくて嬉しいです！！私も愛媛と香川いきます🤤🍣フォーラムと京セラ羨ましい、、
0	@Cal_ci_fer ちーのさんもめっちゃ美人やったっておっしゃってます！！！
-1	@uminotuki_5253 ね！！秦基博さんとback numberトークもしたい... おー！ほんとですか！！取れますように😸🙏規模狭いんで近くで観れたらなあ、、なんて、、
0	@Cal_ci_fer ちーのさんは嘘つかない！(？)
0	@koba_maegami あっイケメン！！こうです！！！私左側やるんで右側お願い致します！！
0	@Youmechan_ backnumberのよね！？歌う！！！ありがとう！！！😳😳💕💕
1	@Cal_ci_fer まとめると両方おかわいくてお美しいってことでよろしいでしょうかね！？！？😯💕早く生で拝見したい...
0	@koba_maegami しゃぼん玉と絵になる...なんてこった😯😯😯1人でやりますわ...
0	@uminotuki_5253 ですよね！！！キャパ小さめのとこって演出どうなるんかなーとか思いながらもそんなことより距離感！！！てなります、ツアー楽しみ😹💕
0	@sshy_wata 入学おめでとうございます❤︎！
0	@Youmechan_ ゆーみちゃん！！早速歌ったー！是非聞いてー😚🍣🙏
0	花束 / back number (cover)  思い出すたびに にやけてしまうような思い出を 君と作るのさ〜 https://t.co/DZtMTHvQlP
1	snow楽しいな！？！？(今更
1	盛れた顔をSNSに挙げてもどうせ会ったら修正不可のこの顔面を晒してしまうので意味ないわと思って超流行ってる時もsnowダウンロードした事なかったけど楽しいな！？(２回目)
1	@haru08_20 本日長年の自分との戦いに負けてインストールしました！ｗｗｗ楽しいですわこれ...😿
0	@haru08_20 負けちゃい...ましょうよ...(誘惑の声)
0	@haru08_20 ぴっ！！！！！！
0	@haru08_20 ああああああああああ！！！！！ https://t.co/HtXHdBRqfO
0	@haru08_20 しのみんぱわー🙋🙋🙋🔥🔥🔥🔥snowライフ満喫しましょう❤︎
1	@Youmechan_ きゃー❤︎❤︎そんなこと言ってくれて大好き！！！
1	@Youmechan_ back numberいいよね...うん！よかったらまた聴いてね❤︎
0	クリスマスソング / back number (cover)  #backnumber  時期外れの🍷🎅 https://t.co/VWSvlsapPw
0	@23_tokotokotoko めっっっちゃ歌上手いですね、、♡
0	大学で購入した教科書、あまり書き込まずに半期終わった後売ってやろうと思ってます
-1	昼まで寝れない生活が始まると思うと今眠たくもないのにもう嫌だ
1	@hiroki_bn え、うれしいです（ ;  ; ）back number好きな方に言ってもらえるの嬉しい...
1	@hiroki_bn いやほんまに嬉しいです（ ;  ; ）♡ そう言ってもらえると！！！ また動画あげますね！！
0	@suimintyudoku たにかわさん耳の保養ありがとうございましたお疲れ様でした！！！😳💕💕
1	@Nakahara_Kun 秋深しと雨が止んだら教えてほしいです、よろしくお願いします（ ;  ; ）
0	これまでライブしたの３回かあ ふむう
0	学校に軽音系の部活なかったの悔やまれるなあ
0	#引用RTで私の事どう思ってるかガチで容赦なく教えてください  ってやってくれる人いるのかなっ な？(*'ω'*)(*'ω'*)んふ
1	RT @itonoa0511: ものすごい尊敬。とても優しい。 お姉ちゃん的存在😇 https://t.co/xcYL6iLawR
1	RT @8Happo: 声はソウルフルだけど実はキュルキュル系のお姉さん https://t.co/IrNGZIGCj6
0	@8Happo キュルキュル系ってなんですか！？、？笑
1	@itonoa0511 うれしい！！♡☺️
0	@8Happo ググっても出てこなくて行き詰まっておりますどうしよう！！笑
1	RT @sshy_wata: ピアノ弾けるのすごく羨ましいと思ってます！！ https://t.co/JptQ8gL3Qd
0	@sshy_wata わーいありがとうございます♡♡！
0	キュルキュル系とは！！！！ （とてもきになる）
1	RT @suimintyudoku: 声質がとてもとても素敵。 歌が上手でピアノと声の相性抜群。 でも多分、普段はとってもかわいい人。 https://t.co/oqLhfOtnqT
1	@suimintyudoku たにかわさんに言われるとめちゃくちゃ嬉しいです〜（ ;  ; ）♡ギャップ萌え狙って普段かわいくなれるようにがんばろう...
1	RT @Youmechan_: はじめて声を聴いたときからずっと好き🍣これからも沢山カバーして下さい！！そして今一番ききたいのはコブクロの赤い糸でっす！！(いつか弾き語りしてね！) https://t.co/A65Z6vZ285
1	@Youmechan_ ゆーみちゃん嬉しい（ ;  ; ）歌ってって言ってくれる曲が全部私のめっちゃ好きな曲で嬉しい、、近々動画撮ります！！！♡
1	@8Happo 新しい単語一個覚えれたのでありがとうございます！！😳🍣実は可愛い系狙っていきたいです(この時点で違う)ありがとうございますほんとに！！！
1	@8Happo なるほど、、顔めっちゃ可愛かったら完璧ですね？(ちがう)まずは整形ランドへ...🦆🔥
0	ええ！？！？！？ https://t.co/1u19mIQG94
1	絶対美人！美声！歌上手い！爽やか！感じ良い！素敵なお姉さま https://t.co/yEqKG9v867
0	せ、雪肌精の伏線がああああああ https://t.co/hcgiTMR8ul
-1	りょくさま！？！？！？
1	いやほんとにそこらへんの連続ドラマより緻密な伏線とネタバレ感、やばいいいいいいい https://t.co/hcgiTMR8ul
0	@Youmechan_ これはやられた！！
0	私はガッキー(錯乱)
0	@ryokkun_ryokkun りょっくん本当におめでとうございます！！！
0	とりあえず友達に「雪肌精のCMソング歌ってる人と共演したんだよね！！！」って言えるまであと１ヶ月ちょっとですねっ？？？？
0	@rxl_jp こーれはやばいですね？？？雪肌精ブランドはやばい(確信)
0	@rxl_jp ですね！！こりゃあ頑張らねば🐰🐰🔥🔥あああこちらこそよろしくお願いします！！南国発ボーイズです(うそ)
0	@rxl_jp いや、ちょっとした孤島ですね、、🏄
1	@rxl_jp いや大丈夫ですよwwwあらをさん何歳なんですか？(*'ω'*)(普通に返す)
0	@rxl_jp ということは97年生まれですか！？
0	@rxl_jp まさかの同い年です！！！！
0	@rxl_jp ぜひぜひぜひ喋りましょう！！！4月生まれなんですか！？
1	@rxl_jp タメ口きかなくてよかっ...た...確かに97年生まれですもんね笑笑
-1	@rxl_jp 年度で聞かなきゃダメですねこれは（笑）ええ！！先輩なのにそれは！😢あらをさん是非タメでお願いします仲良くしてください🙇🍣
1	何が面白いってみんなの話の流れがりょっくん、雪肌精、ガッキー、ガッキーがりょっくんと知り合う、ガッキーと結婚！？、なのはさんがガッキー、ガッキー、ガッキー...
0	かく言う私も https://t.co/f8J71j1PVD
1	RT @kmrura_587: かっこいい！！！素敵！！！！！好き！！！！！ https://t.co/KHFLhiDTRs
1	@kmrura_587 せーちゃん嬉しい😭😭ありがとう💞✨
0	RT @haru08_20: 代われるなら…その歌声僕にください https://t.co/JxNZyTn6TT
1	@haru08_20 あは〜😹うれしいです！！こんな声で良ければもらってください、、
0	じわる、すきwwwww https://t.co/rzQZtg6AyQ
-1	@bn___34 悪い癖、最近のこと、one room、あやしいひかり、はなびら、はじまりはじまり とか見たいです😂💕いっぱいリクエストすいません😰
1	@sakunano パパさんはじめまして、お誕生日おめでとうございます！！素敵な一年になりますように🎉🎉☺️✨
0	兎角この世は生きづらい
-1	1人でご飯食べるの寂しいねん
0	明日急に世界が終わってもいいような今日をどうか
0	明日もし戦争が起こるなら家にある日記帳を全て処分したい
1	でも中原くんとりょっくんに会うまでは このままじゃまだ死ねない🔥🔥ので。まだやりたいことも会いたい人もいるので。大丈夫、だと信じたい🐰🖤
0	私「え！？ミサイル！？なんか光った」 親「いや、電気つけた」 私「あっ」
0	なごり雪 / イルカ (cover)  雪肌精ですよ！井上緑さんですよ！井上緑さんが5/16から雪肌精のCMソングしますよ！ https://t.co/J5uLMKQHYr
0	赤い糸 / コブクロ (cover)  ゆーみちゃん(@Youmechan_)リクエストしてくれたやつ！！！！🙊✨ https://t.co/JsO45oA7Zh
0	@haduki111 フォロバありがとうございますー！！🐰💖よろしくお願いします！
0	@mamama0415abc はじめまして！お誕生日おめでとうございます、フォロバもありがとうございます🐳💖よろしくお願いします〜！
1	@Youmechan_ こちらこそ好きな歌うたって〜って言ってくれてほんとにありがとう嬉しい😭😭いい曲よね〜、ゆーみちゃんが歌ったverも聞きたい！！
0	@Youmechan_ まってる！！！❤️ガッキーっぽくなりそう٩(๑❛ᴗ❛๑)۶
1	@haru08_20 いっつも褒めてくれて嬉しいです😭😭❤️
1	One Love / 嵐 (cover)  嵐良い曲多いんだよな〜 https://t.co/hb3CRJSlRA
1	@uuaaneru 毎度嬉しいです🙋💕
1	@uuaaneru 嬉しいんで毎回反応しちゃってすいません（笑）
0	@Nakahara_Kun 中原くんおつかれさまです！！！！😂行きたかった、、コード待ってます💕笑
1	@tmfrstadst ぜひぜひぜひぜひ！！！！どれ歌いましょう！！！全部好きですこの曲たち！！！！
1	@tmfrstadst あ！！チェックのワンピース、大学の文化祭で歌った音源あります！！顔映ってるんでDMで送ってもいいですか？❤️🙋
1	@tmfrstadst 逆に聞いてくれるの嬉しいです🙊❤️ピアノじゃないけどいいですか、、？
1	ゆーみちゃんの声可愛いし上手いしもうこんな子と赤い糸結ばれたい❤️ってなるのでぜひ聞くべきです可愛い🐰🐰💖 https://t.co/75zKBU8zIa
1	@Youmechan_ うれしい！！もう想像通りというか想像以上というか、かわいい😂❤️
1	@tmfrstadst 嬉しいこと言ってくれて感動、、😭DMいきますね！！🐳💕
0	@itonoa0511 しのみ❤️(くだらんリクエストすいません)
1	@itonoa0511 嬉しい！！！！すきです😂
-1	@itonoa0511 全然雑やないです！！ありがとうございます😂💕
0	さーさんの好きなback numberの曲を攻めていく週間を勝手にスタートさせました！（笑）今日はチェックのワンピース ピアノverです🙋‍♂️🙋🌟 https://t.co/tgBkBNo06w
1	チェックのワンピース / back number (cover)  切な良い🙊私はBメロからサビにかけてが好きです🌟 https://t.co/1aH7KKp1q3
0	RT @Nakahara_Kun: 唐突に、秋深しのコードをば 間違ってたらごめんね！！！ https://t.co/QE24BVMY7g
0	@Nakahara_Kun お忙しいのに早々にありがとうございます😭😭😭頑張って練習します！！😂💕
1	調子乗って秋深し弾いてたら楽しすぎて手首痛めたウケる
1	なんか初めてカバーの難しさを思い知った、好きな人の声で200%仕上がってるものを自分がカバーするってめちゃ難しいって今更思う、中原くんの秋深しが好きなんだよ〜私のじゃない〜(;_;)(;_;)ってなった。
1	ほんまからふるぽっぷきゃんでぃdisc2の6番の秋深し至高すぎるむり、、
0	そういえば今日地球から私が3キログラムいなくなったことが判明しました、うへうへえ
1	@8Happo ほんまかっこいいですよね...カバー企画だけどあんなのカバーできない(;_;)ってなりました、、
1	@8Happo ピアノってこともあるし、また違った感じでいいなーって思ってもらえるようにがんばりますっ🔥🔥☺️ありがとうございます😭❤️
0	リッツパーティー / back number (cover)  back number週間というか、日（笑） https://t.co/J7EzCeVrYg
1	幸せ / back number ( cover )  back number週間第三弾🙊🌙 https://t.co/dA97SYxWef
0	@hiroki_bn わかります〜(Ｔ＿Ｔ)
0	@hiroki_bn わかります！ざーっときてばーっときたときに「このまま時が流れればきっと忘れるんだろうな〜」が来て うわあああああ😂😂です(語彙力)
-1	@hiroki_bn ううううぅ(Ｔ＿Ｔ)ですね。あのメロディーにあんな切ない歌詞乗せてるのがまたたまらないです、、！
1	@hiroki_bn なんかあんなすごい歌詞を書けるような感情を生み出してくれた依与吏さんのこと振った彼女さんにも感謝してしまう自分がいます、、
-1	@hiroki_bn ほんま逃してから後悔しても遅いですからね！！！ってかんじだ、、捕まえにいきましょう🙊💞笑
0	スーパースターになったら / back number (cover) https://t.co/QmqkQibXAz
0	@qgjqp きなこさんお誕生日おめでとうございます！！！💞💞
0	@83nuku ととさんお誕生日おめでとうございます！！！🙊💕
0	@rnc_nano 自分でもよくわかんなくなりました笑笑
0	@rnc_nano 違うのは若干の表情と胴体の有無...（笑）名前もひらがな3文字ですしね！（笑）
0	忙しい時に限って こういうのをやりたい  #いいねした人にやる   💖名前→ 👂🏻呼び方→ 🤤今の印象→ 🐵一緒に何したい？→ 📱LINE交換→ 💭思ってること1つ ✔️
0	@rnc_nano えへへ〜〜💖 https://t.co/pwtHgqLxJU
1	@nao_cantar   #いいねした人にやる   💖名前→成音さん 👂🏻呼び方→成音さん、で大丈夫ですか？？🐱 🤤今の印象→stand by meめっちゃうまかったひと！！！ 🐵一緒に何したい？→歌いたい 📱LINE交換→🙆 💭思ってること1つ ✔️動画投稿楽しみにしてます✨
0	@qgjqp  #いいねした人にやる   💖名前→きなこ 👂🏻呼び方→きなこさん 🤤今の印象→ん？アイコン...私...？ 🐵一緒に何したい？→ライブ行きたい！！！！ 📱LINE交換→🙆 💭思ってること1つ ✔️昨日はお誕生日おめでとうございました❤︎これからもよろしくです！
1	@trdtrhk  #いいねした人にやる   💖名前→元帥 👂🏻呼び方→言っちゃっていいの？/// 🤤今の印象→VIP 🐵一緒に何したい？→M大の授業を 📱LINE交換→済 💭思ってること1つ ✔️私のライブ全制覇してるのは全世界で私とあなただけ！！これからもよろしく頼みました🙊
1	@miya_walt  #いいねした人にやる  👂🏻呼び方→みやっちょんさん 🤤今の印象→お優しそう、、 🐵一緒に何したい？→ライブ行きたいです 📱LINE交換→🙆 💭思ってること1つ ✔️おめでとう言ってくれたの嬉しかったです！これからもっとお話して仲良くなりたいです🙋❤️
1	@knn_music  #いいねした人にやる  👂🏻呼び方→かんなさん 🤤今の印象→音楽の趣味合う！！アイコンかわいい 🐵一緒に何したい？→ライブ行きたいです 📱LINE交換→🙆 💭思ってること1つ ✔️お話したいです〜よかったら仲良くしてください😲❤️
1	@uminotuki_5253  #いいねした人にやる   💖名前→Senaさん 🤤今の印象→音楽の趣味ここまで合う人いたの... 🐵一緒に何したい？→音楽談義 📱LINE交換→🙆 💭思ってること1つ ✔️それぞれのアーティストさんの好きな曲ベスト3とかして語り合いたいです、、
1	@haru08_20  #いいねした人にやる   💖名前→ハルピョンさん 🤤今の印象→めっちゃ優しい、絡んでくださる 🐵一緒に何したい？→歌いたい！！！ 📱LINE交換→🙆 💭思ってること1つ ✔️いつもお話してくれてほんと嬉しいです！！5/3も楽しみです😆💕
1	@74kuuto  #いいねした人にやる  💖名前→珠李さん 🤤今の印象→低音仲間☺️売れないミュージシャンめちゃ好きでした！ 🐵一緒に何したい？→ライブ(叶う) 📱LINE交換→🙆 💭思ってること1つ ✔️早く会いたいし歌聴きたい！5/3楽しみ💕いつもRTとかいいね嬉しいです😆
0	うはあ https://t.co/9TcymDAGyA
0	@kmrura_587 あかんでな、あかんよな、、その10秒私にくださいイケメン〜〜〜〜
0	@kmrura_587 まいりました、先輩ってやつかな？？あかんわ！！！ https://t.co/f5G1S5k7Gs
0	@kmrura_587 読み漁りたいこれは.....！いえいえありがとう！！
1	@74kuuto えっまじですか！！ハマってるとかめっちゃ嬉しいです、、😳😳😳
0	@k5o2u9k6i きゃーおめでとうございます！！！！😆💖
1	@74kuuto 嬉しいほんとに😭😭私も珠李さんのカッコよさもかわいさも兼ね備えた声めっちゃすきです！！
0	@knn_music したいですー！！！❤︎ぜひお願いします！！
0	@74kuuto 絶対みんな思ってます！！！最初に声聞いたときから思ってました！☺️✨🙌
1	@83nuku  #いいねした人にやる   💖名前→ととさん 🤤今の印象→名前かわいいヘッダーかわいい... 🐵一緒に何したい？→フライヤー作り(え) 📱LINE交換→🙆 💭思ってること1つ ✔️キーホルダーもトートも可愛い...欲しい...
1	@itonoa0511   #いいねした人にやる  💖名前→乃亜さん 🤤今の印象→構ってくれる、かわいい❤︎ 🐵一緒に何したい？→おしゃべり！！ 📱LINE交換→してくれた❤︎ 💭思ってること1つ ✔️お話いっぱいしてくれて嬉しい！いつか会いたいこれからもよろしくお願いします❤︎
-1	@Cal_ci_fer   #いいねした人にやる  💖名前→おおとりさま 🤤今の印象→なのぷろ界のドン 🐵一緒に何したい？→ご指導して欲しい(えへ) 📱LINE交換→🙆🙆🙆 💭思ってること1つ ✔️おおとりさま垢にフォロバされてないことに昨日気付き少し寂しくなってたしのみでした笑
1	@hm2525smile2   #いいねした人にやる   💖名前→ひなさん 🤤今の印象→えびふらいのしっぽちゃん！ 🐵一緒に何したい？→ライブ行きたい 📱LINE交換→🙆 💭思ってること1つ ✔️アイコンかわいいです☺️❤️これから仲良くしてください〜//
0	@74kuuto 5/3何歌うかめっちゃたのしみです...！
0	@74kuuto それですね！（笑）でもたぶん私らリハの時間全然違うんで珠李さんの歌、本番までのお楽しみにできるかも、、！
1	@74kuuto ええ嬉しい😭😭飽きられませんように...！（笑）わたし出演者の中ではリハ一番でした！！✌️
0	@74kuuto ですねですね！！リハも本番も真逆、、（笑）
1	@Rc91628  #いいねした人にやる   💖名前→おずさん 🤤今の印象→ピアノめっっちゃうまい... 🐵一緒に何したい？→おずさんのピアノをひたすら聞く会 📱LINE交換→🙆 💭思ってること1つ ✔️いつもいいねありがとうございます！おずさんのピアノ大好きです！！
1	@74kuuto なんでしょうね！？でも私珠李さんの歌最初に聞いたときからこの人絶対トップバッターだ！！！！って思ってました、なんとなくですけど😂💕運命、素敵❤︎(？)
1	@74kuuto ふむふむ！いっつも学校のライブでは何歌うんですか？😳✨売れないミュージシャンのうためっちゃ元気出たしかっこかわいいし勢いある！って思って一番最初に珠李さんで企画スタートしたし、この人で始まったら盛り上がるだろうなーって思ってました🙊💕
1	@Rc91628 めっちゃ上手いです癒されてます😭❤️おずさんにそう言ってもらえて嬉しいです（；＿；）ありがとうございます！！３日おずさんもいらっしゃるんですか！！緊張する...たのしみです😳😳💕💕
1	@koba_maegami   #いいねした人にやる   💖名前→小林さん！くん！ 🤤今の印象→正統派イケメン 🐵一緒に何したい？→ライブ(しますね) 📱LINE交換→🙆🙆 💭思ってること1つ ✔️イケメンやのにキャラぶっ飛んでそうなとこ好きです😆
0	@koba_maegami プンプン＼＼\٩(๑`^´๑)۶//／／
0	@74kuuto なるほどです！！💖珠李さんのバンプききたい、、 そうなんですね！！ですよね、しばらく珠李さんの動画ばっか再生してました💖めちゃめちゃ期待してます日々の動画も楽しみだし時間合えばキャスも行きたい、、
0	@koba_maegami 生イケメン期待ですぅ！！！、がんばりましょう╰(*´︶`*)╯
0	@Cal_ci_fer いやいやいや！！！ドン感が...この人について行ったら間違いない感が...😭❤️✨わかりましたすいません！！嫌われてなくてよかった！！！(?)かるしふぁぁさまの方でフォロバしてくれてありがとうございます...！❤︎
-1	@74kuuto めっちゃいきたい！！一時間くらい経ってキャスのツイート見ていっつも悲しくなってます、、タイミングいつか合いますように！！いきますね！！😆😆❤️❤️
0	@YFL_411 よしえさんお誕生日おめでとうございます！❤️❤️🙊🙌
1	@YFL_411 めっちゃ絡んでもらえるの待ってますー！うざいとかとんでもない、いつもいいね嬉しいです😳💕
1	@YFL_411 bknbいいですよねT_T❤︎好きな人に聞いてもらえるの嬉しい、、よしえさん好きな曲なにがありますかー！？✨
1	@YFL_411 わーい（；＿；）♡あれめちゃいいですよね！！！今度キー変えて歌ってみようっと♡
1	@YFL_411 曲のイメージとか壊さないかなーと思って好きな人に聞いてもらうの緊張しますけど！！そう言ってもらえると嬉しいですT_T♡♡
1	@YFL_411 スーパースターになったらもめちゃいいですよね！！！♡
1	@qgjqp きゃー！💞💞💞こちらこそ仲良くしてください！！！めちゃんこ仲良くなってTLを困惑させてやりましょう😆💖(？)
1	@YFL_411 優しい😭💖✨私もリクエストしてくれたら嬉しいです（；＿；）♡ ほんまキリないですよね、、繋いだ手から好きなんですけど難しくて歌えないです笑
1	@Rc91628 ありがとうございます！！！よかったらお話ししてください❤︎
0	@Rc91628 わーい！！😍楽しみにしてます❤️✨❤️
1	@qgjqp いやそんなことないです！！うちの子はただ丸いだけできなこさんみたいに首もないんで...😧おりぼんって言い方可愛すぎて萌えました、、、おりぼんない子verもあるんです！ふふ（笑） https://t.co/LYvfq2BWSv
1	RT @qgjqp: @shi_no_ta_ させちゃいましょー！🙌🏼💕 しのみさんのアイコンのが、かわいいですけどね！！おりぼん付いてる！！
1	おりぼんってかわいいいいい
1	@qgjqp なっちゃいます？？😍（笑）お付けちゃう癖とかかわいい、、たまらない、、おりぼん使っていきます！！！！！ハマった☺️
1	@miya_walt ええ！あったかくしてください！（笑）😆🔥✨行きましょう！仲良くなりましょう！！しましょう！よろしくお願いします！！！
0	中原くん声良すぎでしょ、、
1	よしえさん(@YFL_411)お誕生日なので昨日好きと伺った曲を歌ってみましたダッフィーちゃんもお祝いしてますおめでとうございます🎊パン！❤︎  君の恋人になったら / back number (cover) https://t.co/9bJzDjsiRX
0	@guitar_cha_cha フォローありがとうございます、よろしくお願いしますー╰(*´︶`*)╯
0	@YFL_411 えっ、ステーキ屋さんでwwwww すいません、ありがとうございます😍😍✨
1	@guitar_cha_cha ええええめちゃ嬉しいです😭💞🙌ありがとうございます！！！がんばりますねっ🔥🔥
0	@guitar_cha_cha 動画あげるかもです〜🙋✨ ほんとありがとうございます！！
1	リビングでめっちゃ大きい声で歌ってるのにそれ聞きながら母が寝た
1	秋深し息続かねえ、、肺活量恵んでください〜〜水泳いくか(あと10日)
0	みんな中原くんじゃなくてもテクマクマヤコンしてくれるかなあ...😧😧😧
0	りょくのあちゃん！！！！！ (描いた)(名付けた)  @itonoa0511 https://t.co/MlPfnVw1Cr
0	@itonoa0511 ほんとに！？！？（笑）❤︎抽象画すぎて申し訳ないです（笑）
1	@ozk_crn 信じます！！！！あのいいねは「うん」ってことだと信じます！！雌豚さまぁぁ😭😭💞💞
1	@haru08_20 ありがとうございます😭😭❤️あの曲めちゃ好きなんで頑張ります〜〜♫
-1	@8Happo 難しいですよね！！！！私が下手なだけか、、、
0	@8Happo ですねですね！！
0	@uminotuki_5253 わー！！ありがとうございます🚘💕りょっくんは売れミュ、中原くんは秋深し、backnumberは選べない、、けど繋いだ手から、秦さんはトレモロ降る夜とかアゼリアと放課後、コブクロは選べないですね本当に、、語りましょううう😭😭❤️❤️
0	@yuusha_0826 ゆうしゃさんお誕生日おめでとうございます！！！😽😽✨
0	恋 / back number (cover)  「でも毎日君が何を願って誰を想っているのかも結局大事なとこは何も知らずにそれでもずっと本当にずっと」  地味にback number祭り続いております 私にとっての青春といえば、… https://t.co/QmAO7U2FhD
-1	#DMで来たふざけた質問もガチな質問もできる限りTLで答える  来なかったら悲しいのでしのみちゃん自作自演しちゃう
1	🐳私のこと好きですか  🐬だいすき〜妹にして毎日部屋で語り合って一緒に歌いたいレベルで好き〜💜です！  #DMで来たふざけた質問もガチな質問もできる限りTLで答える
0	🙉彼氏いますか？  🙊いますぅ💞  #DMで来たふざけた質問もガチな質問もできる限りTLで答える
0	あのまだおかげさまで自作自演ではないです
0	@O_TORI_sama 滲み出るドン感
0	Q.質問！したい！！って思ったけど今聞きたいことってのはなかなか無くて今考えろって言われてもそんなにいきなり出てこないしそれでもどうしても質問したかったんでとりあえず好きな食べ物なんですか  A.白米と湯葉(文字数)  #DMで来たふざけた質問もガチな質問もできる限りTLで答える
1	Q.ピアノってどうやってひくんですか  A.３歳の頃から習ってたんですがあまり上手くなくて、、でも弾き語りがしたくて、途中からピアノコード覚えて後はもうノリで弾いてます...こういう答えでいいのかな...よくないな？  #DMで来たふざけた質問もガチな質問もできる限りTLで答える
0	Q.誕生日はいつですか！！  A.11月の7日ですっ(๑╹ω╹๑ )   #DMで来たふざけた質問もガチな質問もできる限りTLで答える
1	Q.ましのみちゃんの妹ですか  A.ましのみちゃんマイナスま で しのみ というわけでもないんですがネーム特権使ってましのみちゃんの公式妹に立候補してもいいですかね。よくないですよね。  #DMで来たふざけた質問もガチな質問もできる限りTLで答える
0	Q.おいくつなんですか！  A.19なうで今年20になります！  #DMで来たふざけた質問もガチな質問もできる限りTLで答える
0	Q.本格的に弾き語りをやろうと思ったきっかけの曲とかありますか！！  A.桑田佳祐さんの明日晴れるかな、です！めちゃ頑張って耳コピして、そっからスタートしました🙉プロポーズ大作戦が好きすぎて、、   #DMで来たふざけた質問もガチな質問もできる限りTLで答える
0	@Youmechan_ ほんとに！？！？(これはめっちゃ運命)
1	Q.なんてお呼びすればよろしいですか！？  A.しのみ、しのみん、なんでも受け付けてます♡♡  #DMで来たふざけた質問もガチな質問もできる限りTLで答える
1	Q.今パピコかクーリッシュかどっち食べるか迷ってるんですけどどっちがいいでしょうか？？？？？（）  A.可愛い質問きた💖💖😂ぱぴこ食べましょう♡！！！  #DMで来たふざけた質問もガチな質問もできる限りTLで答える
0	ハイエナ！！！！♡ https://t.co/vfrdk4FLeu
1	今まで いいなの日で覚えて〜って言ってたけど1/17に間違われることあったしこれからはいい女の日で売っていく。🙊❤️❤️ https://t.co/GkxrN9bnFE
1	@Youmechan_ え！覚えとくー！お祝いする！💖☺️(明日晴れるかなめちゃめちゃ好きなんよー！！)
1	@Youmechan_ そーなの？！！！私もサザンめっちゃ好きでたぶんほとんど曲わかるよ、サザンについて話せる同年代いないから嬉しい❤️😭😭✨
0	@ozk_crn お友達ｗｗｗｗ私もその方もみんな一緒にイイ女♡♡
0	みんなもう質問ないのね！？DMでもリプでも質問ないね！？なんでも答えるけどもうないのね！？！？ (訳：なんか聞いて、かまってちょ)
0	@myonmyon65 してください♡♡♡♡
0	@Youmechan_ え、まじで😭😭❤️チケット取れなくて行けたことない、ゆーみちゃんとライブ行ってみたい、、！
0	@myonmyon65 いっぱい呟いてください絡むタイミング探せるので♡♡
0	@myonmyon65 しつこく絡んでよろしいですか！！！！
0	@myonmyon65 はいっ 嫌われない程度にがんばりますっ🐱🐱
0	@myonmyon65 わーい(*´-`)♡♡ありがとうございます！！！
1	RT @7akusaskua7: .@shi_no_ta_  ✔️呼び方：しのみさん ✔️トプ画について一言:シンプルで可愛い ✔️印象:お歌がお上手、音域広い😳 ✔️イメージの食べ物:豆腐 ✔️一言：3日本当に応援してます…！夜の部(？)は行けそうなのでもし行かれるのであれば…
0	@7akusaskua7 わーい嬉しいお言葉ばっかりありがとうございますです！！😂💞💞３日夜行けなくてめっちゃ残念なのですが...うぅ...楽しい夜となりますように！！😭♡
1	Q.音楽で生きていきたいって思ったことは？  A.もしそんなことができたら幸せだろうなあとは思うけど、リアリティストなもんで、本気で考えたことは無いですね...   #DMで来たふざけた質問もガチな質問もできる限りTLで答える
0	@7akusaskua7 こちらこそよろしくお願いします！！！Twitterで絡ませてくださいこちらこそですお話ししてください！！！😭😭❤️
0	#手を晒せ  ホラーちっくに。 https://t.co/lIBXBAOd88
0	四谷天窓って喫煙？禁煙？
0	@Cal_ci_fer ああああがっつり喫煙だぁぁ...ライブ中はさすがに誰も吸ってない、、ですか、、？
1	@Cal_ci_fer いっつも丁寧に教えてくださってほんとおおとりさま女神様...😢😢ありがとうございます、、！はい、喘息持ちなんですよ〜😥じゃあ受付付近は気をつけときます！！ライブ中喫煙可だったら喘息やばいなあと思ってたので安心しましたほんとありがとうございます😭😭
0	@mashinomi55 きゃあああましのみお姉さま！！♡公式妹枠だめですか、、だめですよね、、？
1	ましのみちゃんが笑ってくださった、 うふふ♡名前しのみでよかった この勢いで妹枠、アリ？？？？(なし😢？) https://t.co/YMV5I59gvd
0	RT @myonmyon65: しのみさんがましのみに見つかってて笑う
1	@Cal_ci_fer 当たり前のこと言っちゃってすいません😍😍✨✨言うの迷ってたんですけど、やっぱ言ってみた方がいいですよね、明日にでもなのはさんに連絡してみますT_T♡ありがとうございます、、優しい、、
1	@miya_walt おてて（笑）うれしいです///
0	@bn___34 わーい(*´ω`*)♡今日はクーリッシュたべましょう！！🍦
1	@Youmechan_ いく、いきたい、、カラオケからのライブにいきたい、、😢😢😢💖住んでるとこ近かったらいいのに...
1	半透明人間 / back number (cover) https://t.co/pyNHgoMLxQ
0	@k5o2u9k6i ください！！！（；＿；）
1	@hiroki_bn ほんとですか〜めっちゃうれしいです(Ｔ＿Ｔ)❤︎
0	@k5o2u9k6i ありがとうございます（；＿；）！！！ これはやばいですね...
0	@k5o2u9k6i やばいですもうAメロで涙が、、 音源ほんとにありがとうございました（ ;  ; ）！！
0	@tmfrstadst えっ、すきです！！！！！
0	@tmfrstadst 聴きたいと思ったやつでした！？やったあ💖💖😀🙌昨日は恋、今日は半透明人間うたってました！地味に続いてました（笑）
1	@tmfrstadst ありがとうございますいっつも嬉しいほんとに💖恋の次に半透明はなかなかいきませんよね（笑）あえての（笑）次何しよう、、まだまだback number週間したい、、
1	@uuaaneru いっつもそうやって言ってもらえて幸せ😭😭😭🍦💜
1	one room / back number (cover)  「日曜日」のカップリング。  私的に、「日曜日」は 家族と過ごす日曜日の昼下がりに 流れてくるような暖かいメロディーで one roomは、大切な人がいなくなった 空… https://t.co/N4OOjebe1Q
1	いい声でよくわかんないこと歌う...
0	まほうのことばってこうスピッツぽいものを想像して再生ボタンをリビングで押した
1	@haraheita5656 嬉しいです😭😭😭
1	@haraheita5656 ええ嬉しいです！！ぜひぜひ！ありがとうございます！
1	@YFL_411 よしえさんありがとうございます！！お会いできるの楽しみにしてます、何かで写真拝見したけどめっちゃお美しかった...😂💞💞✨
0	@scakiraa お誕生日！！おめでとうございます！！（≧∇≦）🙌
0	@YFL_411 お会いしたかったです（ ｉ _ ｉ ）３日ほんとにぜひ！！！美人や〜と思って拡大して見ちゃいましたすいません😂❤️
0	RT @tmfrstadst: ひそかに、しのみさんが次どの曲で動画をあげるのか一人予想してる笑
0	@myonmyon65 えっなんですか！？
0	ずーっとback numberばっか弾いて歌ってるけど私これ全曲やるのかな？？終わったらどうするのかな？？（笑）
0	@myonmyon65 待ってますね！？♡
1	@haraheita5656 え！！それは嬉しいです😃😃❤️いい曲多いんです！、back number布教活動これからもする予定なので良かったらきいてください！！♬
1	@myonmyon65 @YFL_411 まだ夏には早いですが早めに取り入れたいと思います！！！あの表情で尚お美しいのは意味がわからないですけど素材の良さが活かされた素晴らしいお写真で、、いやあほんとに美人、、
0	@YFL_411 @myonmyon65 頂戴した感じです☺️☺️
0	@myonmyon65 @YFL_411 いやほんまに美人、、
1	エンディング / back number (cover)  どこを切り取っても好きなメロディー  「君の代わりなど僕はいらないのに」 https://t.co/lGvCscsXID
0	自分の喋る声嫌いすぎて喋りたくない
0	@susu_0703 ですよね！！笑
0	@susu_0703 いやんこちらこそフォロバありがとうございますです！♡
0	@susu_0703 フォローだ
0	@susu_0703 あっちでもこっちでもよろしくお願いしまーす（≧∇≦）♡
0	@haru08_20 あっ！ありですね！？いつかやります！！(●´ω｀●)
0	へんなきぶん
1	@haraheita5656 そんな本格的にではないんですけどちらほらやってました〜！でもライブも３回くらいしかしたことないので全然です😂そんなこと言って頂けて嬉しいです、いいねもいっぱいありがとうございます😭✨
0	@suimintyudoku たにかわさんの歌声ほんとすきです、、
0	音楽を聴く時
0	@uminotuki_5253 ほんま全部欲しいですあれ、、
1	思い出せなくなるその日まで / back number  最初、世界で一番、だけど切れた（笑）  「世界で一番大事な人が いなくなっても日々は続いてく」 https://t.co/GaPZjX9JMz
1	@kranke00001 Bメロ？サビの裏声？(*'▽'*) ありがたやあああああ
0	@kranke00001 うへへぇ〜(*´Д｀*)コメントくれるのうれぴよ♡♡
0	@Level59_m お誕生日おめでとうございます！！！！☺️☺️💖
0	かわいい〜買った☺︎ https://t.co/1ISvh25DtX
0	今気づいたけどスタンプ買ってもそんなにLINEする人いなかった。
0	@qgjqp こととろって可愛すぎませんか、、おりぼんとかこととろとかきなこさんの発する言葉がかわいすぎて授業中に文字見ただけで悶えかけました、、
0	@qgjqp ちなみにおりぼんつけてないしのみさんは私のLINEのアイコンです❤︎
0	@qgjqp こねことかこいぬとかこぐまっていうのも私すきなんですよ、、♡ ついになっちゃいましたねきのみさん！！！♡
0	ハッピーエンド / back number  「どれだけ離れていても     どんなに会えなくても     気持ちが変わらないから     ここにいるのに」 https://t.co/RB6UsQXgRK
0	@qgjqp こぶたはあんまり、、 きなこさんの言葉のチョイスが好きです❤︎ きのみ...びみょいなあ、しのこ？きなみ？
1	@qgjqp こぶた格差（笑）こねことかも別に好きじゃないんですよ、、こやぎとかも別に、、こうまはかわいい♡ いやーんわたしもらぶ！！♡♡きなみさーん♡♡
-1	@soradesu_nano 虚しすぎるでしょwww
0	@wtf_00_rico 超わかります
1	@wtf_00_rico あれ最高ですよね、ほんとに程よい ブラジャーのホックを外す時だけ心の中までわかってください！！ってかんじです(？)
0	@soradesu_nano なんで顔出ししなくなったか聞いてなかった、、、
0	@qgjqp ぜひなりすまして私の知名度を上げてください！！！！
0	@soradesu_nano もし１人で喋ってたらそれはしのみさんじゃなくきなこさんですよ！！！よろしくお願いしますね！！笑笑
1	@soradesu_nano なるほど！まさかメジャーデビュー前、、、？
0	@wtf_00_rico 部屋を部屋着でうろうろしててほしい、、とか言ってるこっちが変態みたいになってきました🤤
1	@qgjqp こぐまがナンバーワンでこいぬが２番ですね！！こいもとかもすきです、、物より言葉の響きに可愛さを感じて悶えれる系人間です（笑）ふおお学校はどうしようもないですね😭😭見に行きたいってちょっとでも思ってもらえたことが嬉しいです♡ぜひいつかお会いしたいです！
0	@soradesu_nano ないかな、、？ワンチャン、、
1	@qgjqp お願いしますから！！！！♡我ながらきなみちゃんかわいい、、
1	@qgjqp おいもよりこいもさんです！！！声と言葉の響きフェチです(*´Д｀*)❤️ 顔も似てたら楽しいですね❤️笑 わたしもです！
0	@qgjqp 私もしなみにしようかな？(だれ)
1	@qgjqp わからんですか笑笑 きなみさんなにフェチです？(*⁰▿⁰*)♡ まんまる...は確かに可愛いです！でもまんまるよりまるまるの方が好みです！笑 運命ですよねほんと！何歳ですか？🐶✨いやいや私ぶさいんで自分から言っといて何ですけど！ないです！！
-1	@qgjqp 手かあ〜わかります！フェチというほどでは無いけど！ まるまるわかります！？よかた♡ 私１９歳なうです！これらワンチャン...？笑
0	@qgjqp なりますね！！フェチではないけど、みたいなとこありますよね！🐶💕 まじですか！じゃあお言葉に甘えてタメ口にしようかな、、！きなみさんもタメ口でぜひぜひぜひ！！！
0	@zuho_kano_mi ずーほさんお誕生日おめでとうございます！！😻💖✨
0	中原くん！！！！！   #サウクル出演予想
0	@qgjqp 匂い！！(*⁰▿⁰*)どんな匂いがすきなんですか！ もちですー！タメでいこう♡(早速)
1	サヨナラバス / ゆず (cover)  ゆずイロハ発売記念🌸🍊 back numberとのコラボverも 素晴らしかったので是非、、 https://t.co/XbeWwrOzlU
0	@yuzanhiramoto 予選通過おめでとうございます！！平本さんの歌声めっちゃすきです、投票しました頑張ってください😻💜✨
1	@yuzanhiramoto え、平本さんに言われたらすごい嬉しいです！共演の企画、平本さんのアレンジと歌が1番好きやったのでお会いしたかったです、今も2日に1回くらい聞いてます😹ありがとうございます、頑張ります！！
1	@yuzanhiramoto 昼からです！！えええ！めっちゃ嬉しいですけど当日お取り置きチケットなかったら入れないかもです...😿😿
1	@soradesu_nano @itonoa0511 音域広いですよね！
1	bknbの良さ分かり合える人！ たぶん物の見方が似てる 感受性豊かな人🐶✨🍦 https://t.co/OOjYeEcjPm
1	@tmfrstadst さーさん！！！いつも嬉しいですありがとうございます😻😻🍦✨
1	@hiroki_bn あとアイコンがめっちゃかわいい！！！ 失礼かもやけどツイートとか見て似てる！！って思ってます！私も嬉しい👼✨
0	@soradesu_nano じわじわくるw
0	電車の窓から / back number  地元を出る時に聞こう、って 決めてた曲なんだけど 結局まだ出てません。(なにそれ) https://t.co/NXzMQK5NlT
0	@hiroki_bn え、めっちゃ共感してます！！ これからもツイートまってます🤤🌸 こちらこそ絡んでくださいお願いします！
1	@hiroki_bn わーい🙌いっつもかっこいいとか言ってくれてありがとうございます嬉しい☺️☺️
1	@hiroki_bn ええ！！そんな笑 嬉しいけど恥ずかしい😂😂かみさんはbknbでいちばん、、は難しいと思いますけど何が好きですか！！次歌うのの参考にさせてほしいです...
1	@hiroki_bn やっぱりですか！！海岸通りめっちゃいいですよね〜今度歌おうっと*\(^o^)/*
0	@hiroki_bn だめだこんな話してたら5/7まであっぷしないとか決めてたのに歌いたくなってきた、、😭😭😭😭😭
0	@hiroki_bn ゆらゆらしてきた...🙀🙀💜🍦  歌います！！！(折れた)
0	@sakunano 丸首派です！！
1	海岸通り / back number  かみさん(@hiroki_bn)へ！！🏝 いっつも褒めてくれるのでかみさんの一番好きな曲歌いたいなあってのをやっと叶えれましたー！👏 https://t.co/szvEeNowKF
0	四谷天窓までほんとにあと少しになった〜
-1	@miya_walt みやっちょんさん！！お会いしたかったので残念です😢めっちゃ楽しんできますね！ありがとうございます😭🍦🙌
1	@hiroki_bn こんなのリピってくれてありがとうございます😭嬉しい！！
0	@bknb_bn60 こちらこそフォロバありがとうございます！！
1	@bknb_bn60 いいねありがとうございましたー！！よろしくお願いします☺️
0	@hiroki_bn そりゃ出しますよー😻✨
1	@hiroki_bn ええ！（笑）私も好きです🤤💞
1	@hiroki_bn かみさんに好きって言われたあああ！！！😂😂😂😂
1	@hiroki_bn ふふ、海岸通り歌ってよかった😀💕
0	@hiroki_bn もうタメ口でいっちゃおうか🤤🌸私もそのつもり！！！
1	@hiroki_bn 全然いいよーう（＾Ｏ＾）愛されてしまった🙊💕00年生まれてことはいま何歳ー？？
1	@hiroki_bn 今年17かあー！いいなあ戻りたいなあ😿
0	@hiroki_bn しのみさん大学二年！今年はたち！
1	@hiroki_bn まだまだ大人になりたくなあい〜〜 大学は全休とか作れるとこがいい😻月曜休み！笑
1	@hiroki_bn 懐かしい体力テスト（笑）おつかれさま！！！
1	明日はもう東京に飛ぶからピアノ弾けないので、最後の練習中...月曜全休にしといてよかったとつくづく思った
-1	@hiroki_bn 私握力14くらいなんだけど笑笑
0	@haru08_20 ハルピョンさーん！！頑張りますねありがとうございます😻😻
0	@haru08_20 お会いできるの楽しみにしてますね！！
0	@hiroki_bn にしても弱すぎ言われる笑
0	@hiroki_bn なんか恥ずかしいそれ！！笑 綺麗だなんて照れるわあ///
0	@haru08_20 じーや？？笑
0	@hiroki_bn なになに、やめて😳😳キャッ （笑） ギャップはいっつもあんまり良くない意味でよく言われる！！、
0	@haru08_20 じゃあ私はばぁや👵🏻
0	@hiroki_bn ふふーん👩🏻💕ありがとう！（笑）
0	@haru08_20 いやんもうお上手///
0	@haru08_20 サイン！？！？その発想はなかった...のでそれ言われて今即興で考えた私を褒めてくださいwww https://t.co/dxZMseKMrW
0	今ハルピョンさんとの会話のなかでサインを５秒で考えたにしては、ぽくない？ねえ、ぽくないですか？😳😳🍦 https://t.co/mJ8t0f1pPh
0	@haru08_20 ましのみちゃんのサインどんなんなんですか！笑
1	しのみちゃんのサインはサインというよりただの署名感ある...いいのかしら...
0	@haru08_20 心なしか似ているw
1	かわいい https://t.co/rrPblkqUkL
0	@itonoa0511 なんの価値もない笑笑
0	ライブで、ピアノの弾き語りで歌うの初めてやからどっきどきん
0	ピアノ公的な場でで弾いたのは小さい頃の発表会と、小学校の音楽会と卒業式の伴奏、高校の授業での伴奏ぐらい...バンドではキーボードすらしなかったなあと...んん...🤤
0	@henyan_kbkr わー！！ありがとうございます！！がんばりますねっ❤️🤤✨
0	@74kuuto サイン求められる場面を今日まで想像してなかったです（笑）
0	どっきどきとか言ってるけどしのみんいつも全く緊張しないから適度な緊張感みたいなものもなくて毎度だめだなあと思うけどさすがに四谷天窓は無理かな...って、、たのしみ！！！！！！
0	@74kuuto 私もそのまま楷書で書こうかと思いました（笑）
-1	@74kuuto それですwwwwめっちゃ虚しい...
1	@74kuuto その黒歴史が自分の手元じゃなくて人様の家に残るっていう壮大な黒歴史ぶり...
1	@74kuuto 闇が深い...
1	@74kuuto これは...ですね？？皆さんの優しさに期待して作りましょうか（笑）
1	ほんとド素人だし物販で何か売るって選択肢はなかった...ライブ音源CDとかDVD作っとけばよかったか...ちっ😟😟🔥（笑）
0	@koba_maegami ほんとに！？じゃあもうサインこれにする！！🙌
0	@itonoa0511 じゃあもらってください🤤❤️
1	@koba_maegami え、漢字こんなきれいに繋げれるのすごい！！！
1	@koba_maegami え、ありがとうです！！！🙊🌸🍦 大崎さんのも（笑）（笑）負担が大きい（笑）小林さんのサイン芸術感溢れてて私の本名のサインもつくってほしい
1	@koba_maegami えぇ？！きれいじゃないですか！？
0	「今日やること増えたわ、サインの練習」って親に言ったら鼻で笑われてうける
0	@koba_maegami 綺麗！それはわかります、、 えっ種類あるんですか！もうそんなことも調べずにただひらがなでぐちゃぐちゃ書いてなんか...私ったら...😢え！お願いします！！！！
1	@myonmyon65 @itonoa0511 飛んできたあ、、みょんさんも乃亜ちゃんも優しいから愛と平和のパワーでどうにかなるとしのみちゃん信じてます
1	楽しくなってきた午後8:45の私 https://t.co/I7zytN9F9v
0	@myonmyon65 この名前が...名前がいけないんだぁぁぁぁ！
0	@itonoa0511 @myonmyon65 みょんさんに託しますね！！！！！(強行)
-1	@myonmyon65 wwwwwあり(なし) みょんさん私のこと嫌いなの...？うっ😢😢
0	RT @myonmyon65: @shi_no_ta_ もういっそしだけ書いて 「し」のみ！ というアレで
0	@itonoa0511 @myonmyon65 何に書こう...?
0	@itonoa0511 @myonmyon65 A4ってなに！？A4!?
1	@koba_maegami ふむふむ！それを参考にできる小林さんがやっぱりすごい えっ小林さんに結構好きとか言われたらめっちゃ嬉しい！！！ DMで本名送りますね！！！
0	@itonoa0511 @myonmyon65 紙は...紙はどこにー！！！！
0	@itonoa0511 @myonmyon65 ありがとうございます！！みょんさんがA4の紙持ってきてくれたら最高だぁ(ちらっ)
0	https://t.co/vT2KnPeU6b
0	@myonmyon65 @itonoa0511 罰当たりを覚悟でそうしましょう
1	@ryoku_hinata えっ！うれしい！！です！！😻😻🌸
-1	同時告知解禁とか神だけど行けない勢としては悪魔、、うぅ７月ー！！！
0	動画よりサインのふぁぼ数多いのはアレですか、しのみちゃん歌わずにサイン会した方がみんな興味を示してくれるのでは
1	@ryoku_hinata え！！いつでも返信しますよ！！リプ嬉しかったです☺️☺️💖
0	ホテルにもっていきたいぴあの なんでピアノは重いの ぷんぷん
1	@ryoku_hinata えーもうこっちの方がうれしい！！😻もうすぐになってきてどきどき...ありがとうございます！頑張りますね！✨🍦
1	@ryoku_hinata しのみさんアイコンだけは可愛いって言われます！！😻（笑）ありがとうございますー！！いつかお会いできますように🤤🍦✨
0	なんで私は東京に生まれ落ちなかったんだろうと思うけど中原くんは文句なしにナンバーワンなので！！！中原くんイズナンバーワンなので！！！すき！！！！
1	なんか嬉しいこと言ってくれてる😂 https://t.co/u9rRXyy5v1
1	RT @hiroki_bn: 俺が推しとるしのみさん(@shi_no_ta_ )には有名になってほしい一心で歌系は全部RTする💪🏼💪🏼 ほんま1回聴いてみて！！惚れるから！！
0	みどりくじ当てたい みんな送って 全部外れる うぅ〜
1	@ryoku_hinata えーひなたちゃんの方がかわいい！！😹💞優しい、、！はやくおとなになーあれ！楽しみにしてますねっ🙌😳
1	@ryoku_hinata もーひなたちゃんおだてるのうまいぞ！（笑）！いつか聞いてください〜😢😢❤️
1	@ryoku_hinata ありがとう〜🤤🤤💖これからも仲良くしてくださいお話ししてくださいっ！
0	しのみさんライブ終わったらこのアカウントどうしよう
1	@rnanoha_project なのはさんお誕生日おめでとうございます大丈夫って言われたのに送ってごめんなさい！！３日お会いできるの楽しみにしてます、なのはさんだいすきです良い一年となりますように！☺️🙌🍦
0	@haru08_20 残しま...す！
1	@haru08_20 最初は応募してライブ終わったら消そうと思ってたんですけど、みんな優しいし楽しいし関わっときたいので置いとこう〜ってなりました😂❤️
1	@chipp999 えぇうれしい！！
0	@chipp999 明日とか言われるとめちゃんこどきどきしますねこれ！！！ふええ！！素敵とか勿体無いお言葉😢😢🔥明日もそう思ってもらえるように頑張るのでよろしくお願いします😻
0	@haru08_20 いやみょんさんは多分無ですね！！www
0	@myonmyon65 @haru08_20 エイプリルフールじゃないのにうそついたー！！！！
1	@myonmyon65 @haru08_20 きゃあうれしい🤤🤤のでステイします！！
0	@haru08_20 @myonmyon65 あうあうあうあう🤤🤤🤤
0	途中からアイコンに合うのはカタカナじゃなくてひらがなやなあと思ってシノミからしのみに変えたけど明日のアーティスト名はシノミだ(サインはしのみだ)しのみってなんだ、ましのみってなんだ、しのみはましのみ、ま、しの、み、、
0	大学の休み時間におうちにかえってきてごはん。時間あればピアノ弾く。贅沢ぅ
0	わくわくしながら飛行機乗って https://t.co/E4F4GFoVJS
0	着きましたなう。 https://t.co/YuW3SVuYZj
1	いよいよ明日となりました🎏 私でお取り置きしてくれた人、楽しみと思ってくれてる人をはじめとした、会場で聞いてくださる皆さんの心に少しでも残るような、聞いてよかったなーって思ってもらえるような10分をお届けすることが目標です。いっし… https://t.co/rsGTdAyzUk
0	RT @ryokkun_ryokkun: 明日はカバーしてもらう日。そして座って歌う日の二本立てです。 濃ゆい1日になりそうね。負けないように。
0	RT @sakunano: 忘れてたけど明日のカバー企画のO.Aって、ちゃるけんだった… 今思うと結構贅沢。(笑)
1	RT @Nakahara_Kun: 期間中、僕の曲を歌ってくれた人が沢山居た中で、そこから選ばせて頂いた彼らに少しでも「この人の曲を知って良かった」って思って貰いたいし何ならそれ以上のドキドキをプレゼントしたいなと思ってます。でもそんなこと考えながら本番になれば多分いつも通りふ…
0	RT @sakunano: いよいよ明日、始めての企画。 めちゃめちゃ楽しみだ！(笑)
0	RT @sakunano: いよいよGW。 楽しみにしていたイベントです。 中原くんと緑の楽曲をどんな風に歌って貰えるか今から楽しみだな〜！ https://t.co/wzKljFpKoO
0	@kmrura_587 せーちゃんありがとう！！！ お話しようね、がんばる！🌸😳
0	@yuusha_0826 ゆうしゃさんありがとうございます！！ めちゃがんばります(*´Д｀*)
0	@kikka_rabbit さあやさんありがとうございますー💕💕☺️楽しんできますね！！
0	@haru08_20 私も楽しみですー！きゃあ*\(^o^)/*♡
0	@Nakahara_Kun おやすみなさい！！また明日！！よろしくお願いします😭😭💖💖
0	今からお風呂に入るよん。 夜の渋谷、めちゃ空いてました😃😃🙌
0	@kmrura_587 あんなサインほんま誰得やけどwww もらってあげて、、🐶💞
0	@Youmechan_ ゆーみちゃん！！だいすき！楽しんでくるー！！😳😳💕
0	@Youmechan_ ありがとう！！
0	もうここまでくると何も考えられない
-1	もう眠い笑
-1	@vzy_k さきさーん😳🙌❤️ありがとうございます！！飛行機災難でしたね、、（ ;  ; ）間に合えば何よりですが、急ぎすぎても危ないのでほんとに事故とかには気をつけて来てくださいね、、😭ごめんなさいなんてとんでもないです、待ってますね！❤️❤️
1	RT @sakunano: 何度も目が覚めた。(笑) 始めての試みの前日ってのはいいものだ！ 今日も楽しい、素敵な1日になりそうです。
0	@O__UEEU おいたんさーん！！💕💕 おはようございます！そしてありがとうございます！ 私もお会いできるの楽しみにしてますね！☺️☺️
1	冷静に考えて。  今日中原くんに会える？？？え？？？まじかぁぁぁぁぁぁ
0	@vzy_k 🙋
1	朝ごはんめちゃめちゃ美味しかった https://t.co/7DGQoduft9
0	RT @sakunano: 中原くん、緑、ちゃるけん。 お前ら起きているだろうな…   #中原くんと井上緑と共演しよう
0	５時から起きてるしのみ勢 https://t.co/1XlFimlxiM
-1	ギリギリを狙っていって遅れるなんてことがないように、、ジャストを目指します💪💪💪💪 https://t.co/Mbx5RSoTUD
0	@O__UEEU 今から勝負の時です！！迷わず着けるようがんばります！！ありがとうございます待ってますね！！😽😽❤️
0	@koba_maegami あうあうあう、、今から出ますw
0	RT @sakunano: 中原くん、リハーサル！  #中原くんと井上緑と共演しよう https://t.co/rm7RxXfkM2
0	この人ら半端なくかっこいい、、 https://t.co/IZjZw2B6Lc
0	@madamada_ 変身してる！！
0	RT @Nkhrkn_official: いざ、開場！  #中原くんと井上緑と共演しよう https://t.co/yihCvFzUWE
0	RT @Ryoku_Inoue: いざ、開場！  #中原くんと井上緑と共演しよう https://t.co/Bna22TRIGK
1	#中原くんと井上緑と共演しよう  ありがとうございました本当に幸せな１日でした！！！ステージも楽屋もライブ後皆さんと喋れたのも、全ての時間が楽しかった😹🎏🍦過去最高のGW！！！ https://t.co/JX1uXrh5XQ
1	差し入れも嬉しかったですほんとにありがとうございます... https://t.co/96m3zelV6A
1	RT @boc_may1: 特に楽しみにしてたシノミさん!!綺麗でかっこよくて惚れた…♡ 生の方が断然良かった～～いつか生でメルティーキッスを聞きたい。笑  ＃中原くんと井上緑と共演しよう
1	@boc_may1 うさみさん😢😢嬉しいお言葉ありがとうございます、、！そう言ってくださって救われます😭💞いつか生メルティー聞いてください！！
1	@M913Yui ゆいさん😢😢❤️めっちゃ嬉しいです、ありがとうございます！！！
1	@sakuten277 ほんとにいちばんよかった！！！いっぱい話してくれてありがとう、おつかれさまでした！！
0	@tmfrstadst さーさん！！！ありがとうございます！！
1	RT @Nkhrkn_official: 無事に終了いたしました！ ご来場、ありがとうございました！  #中原くんと井上緑と共演しよう #中原くん https://t.co/dxeh3zXMrb
0	RT @Ryoku_Inoue: 更新が遅くなってしまいましたが、無事に終了いたしました！たくさんのご来場、誠にありがとうございました！  #中原くんと井上緑と共演しよう #井上緑 https://t.co/vpR5No9DqY
1	@boc_may1 綺麗とかかっこいいとか素敵とかもう全然ですけど嬉しすぎてスクショ😢❤️レアなお言葉全部心の中に入れて持って帰ります...はい！次の機会楽しみにしてますね☺️☺️✨
1	今日幸せだったこと順番に話してもいいですか？？？？ですか？？？
0	@soradesu_nano \ではいくよ！/
1	そのいち。まず朝電車降りたらカランカラン...って空き缶の落ちる音が背後でして、振り返ったら見覚えのあるジャージ姿のかっこいいひとが空き缶拾ってて、それが中原くんというドラマみたいな出来事😳
0	そのに。中原くんと四谷天窓まで歩いててて最後の角を曲がろうとした瞬間振り返ったら井上緑さまが歩いてらっしゃった！！！！
1	しあわせ番外編  可愛いので買った https://t.co/V9tPblf6IK
1	そのさん。中原くんとりょっくんに挟まれて歩くという最早現実世界で起きている出来事とは思えない幸せに意識が朦朧としながら道を何メートルか歩く。するとパパさんの車がシャーッといらしてご挨拶できるミラクルナノプロタイム
0	@soradesu_nano やばくないですか！？
0	そのよん。その流れで中原くんとりょっくんと同じエレベーターに乗る。酸素が尊い(気持ち悪い)
0	そのいちの続きで、わたし親と居たんだけど話の流れで中原くんが「お預かりします」って(天窓まで一緒に行ってくれるだけやけど)！！！！お預かりします！？！？！お預かりしてくださいお願いしますもう道中やばいしか言えなかったやばいはあの時のためにある言葉
0	@Youmechan_ ゆーみんありがとう！！😢❤️ミラクル起きすぎて一生分の運使い果たしたと思う、、
0	@soradesu_nano そう！！箱！！！ボックス！！！
0	@soradesu_nano 運が尽きたこれは、、
1	そのご。からはもうとりあえずリハとか楽屋とか同じ舞台に立てたとか、ほんと語りつくせばキリがないようなことなのでやめるけど...今日はもう全体的に幸せすぎたけど！！その４までは本当に本当に本当にやばいとおもう、、ご静聴ありがとうございました。
0	@Youmechan_ 私もゆーみんのライブ見たい！！一緒にライブにもカラオケにも行きたい！！😢💖東京でライブできることとかほんともう二度とないぐらいのことやと思うけど、もしあったらよろしくお願いします😭💞
0	密室の箱w
1	@sakuten277 ぎゃーこちらこそ！！！！😆💞✨楽屋もめっちゃ楽しかったおかげさま、、！まだ死ねない聞いてる時うわー乱入したいとか思ってたので今度ご一緒することあったらちょこっと混ぜてください(土下座)
0	というかそのろくもいい？？？
1	ライブ終わった後に私なんかにわざわざ声かけてくれる方とか駄サインもらってくれる方とか褒めてくれる方とか差し入れくれた方まで...もうね、東京はあったかい！！
0	@ozk_crn めちゃかわですよね！！！
0	@ozk_crn 近くで見ても美形すぎてやばいです女装したら可愛いしメイクのけてもイケメンやし半端なかったです😂
1	小林くんまじ可愛いとかイケメンとかはもちろんやけどそんなん超えてまじ美形
1	@butyukmsn 宿見つかりましたか？？今日はお話できて嬉しかったです！ありがとうございました！
1	RT @ryokkun_ryokkun: 長い一日でした！！！ 本当にありがとうございます。 楽しかったです！！
1	@suimintyudoku たにかわさんお声かけてくれて嬉しかったです写真撮りたかった...！ありがとうございました😢😢💕
1	RT @Nakahara_Kun: 言葉はあってないかもしれない。 でも  また、戦おう。 俺も負けねーぞ。  音楽をしながら生活する人間として、今日という日が特別な日になりました。ハッピーゴールデンウイーク #中原くんと井上緑と共演しよう https://t.co/yeW1n…
0	RT @myonmyon65: 今回のこれは合成じゃないです https://t.co/hQSl7NP27V
0	RT @myonmyon65: サイン！ #中原くんと井上緑と共演しよう https://t.co/NAwwUbdST3
1	RT @sakunano: 今日は1日、新しい試みでした。 みなさんの笑顔が物語っている楽しい1日でした。 昼に出演してくれたみなさん、そしてお客さんありがとうございました。 またカバー企画と座って歌う日、やろうかね〜！(笑) https://t.co/08AYjXMbM7
1	RT @anko_sing: @shi_no_ta_ お疲れ様でした！弾く人歌う人によってはあんなにオシャレな曲になるんだなーと新鮮でした！歌うっまいし声かっこいいし、これからも応援してます！
1	@anko_sing あんこさん！！！ありがとうございますほんとに😭😭うわ〜めっちゃ嬉しいです、、またお会いできますように😢💕
1	@chipp999 きゃあ！恥ずかしい😳😳めちゃ近かったですね！（笑）嬉しいです、ありがとうございます😻✨体調大丈夫ですか？ゆっくり休んでくださいね！！
1	@kikka_rabbit さあやさん！！💕😭めちゃくちゃ楽しかったです、ありがとうございます😻💖
0	@butyukmsn シノダさーん！！ありがとうございます😆🙌💞ひや〜ちゃるけんさん中原くんと同じ曲でほんとどうしようってなってたんですけど、そう言って頂けると救われます、、楽しんでくれてありがとうございました😭💞
1	@ev9_o ありがとうございます！！いつかお会いしたいです、生で聴いていただけた時に少しでも良いなと思ってもらえるように精進します😂😂🙌✨
0	RT @myonmyon65: しのみさんのサインわし専用のがあるからちょっとレアよ
0	@myonmyon65 「し」のみ！！ありがとうございました！
1	@chipp999 あの位置見えました？（笑）わー、褒めてもらえて嬉しいです😂秋深しほんとに大好きなので余計嬉しい！！ありがとうございます（ ;  ; ）💕
0	@myonmyon65 いや、おかげでみょんさん専用サインできました！！、笑 ありがとうございます😹😹
1	RT @rnanoha_project: 昼・夜と共に本当にありがとうございました。そして長丁場お疲れ様でした。皆さんのおかげで今日も最高な一日になりました。また楽しいことしましょう。おやすみなさい。  #中原くんと井上緑と共演しよう  #井上緑が座って歌う日 https://…
1	@chipp999 もーけいさん優しい！！！😭😭ありがとうございます！！
0	そしてやっとサイン入りの中原清文といばしょ買えた😹🍦iPhoneにも中原くんのサインもらえた！！ので壊れてもうどうしようもなくなってもこのiPhoneは下取りにも出さないし捨てません。♡ https://t.co/bE8OfDl218
0	中原くんの君のことが彼女より〜ってやつハマってずっと口ずさんでるんだけどどっか聴けるとこないの...？タイトル何や...録画キャスとかで見れるとこない...？音源化まだ...？最低なの最高
0	@ozk_crn ありがとうございますお家帰ったら聞きます...ほんとありがとうございます😭😭君カノってタイトルですか？？🙂💕
0	@ozk_crn めちゃ長いんでもう君カノってタイトルかと思いました（笑）ありがとうございます！！！ほんとめちゃ好きですこの曲、、Twitterの保存できないシステムうらめしや😞😞
0	@soradesu_nano あ！私の中原くん！！
0	@soradesu_nano 私の中原くんじゃない、私の写真の中原くんwww
0	@soradesu_nano いやいや！！乱用（笑）してください！！
1	@YFL_411 よしえさーん！！携帯治ってよかった、昨日お会いできて嬉しかったです美しかったです😢😢❤️
1	RT @YFL_411: @shi_no_ta_ しのみちゃん！！！！ 携帯全取り換えしましたよ…もう……泣きそう しのみちゃん写真とか載せてないし昨日初めて認識しましたけどめちゃめちゃ可愛かったし歌とっても上手でした！しあわせ！！！♡
1	@YFL_411 よしえさーーん😭せっかく便器に手突っ込んだのに...笑 えええ、とんでもないですもったいないお言葉😢😢よしえさんめちゃめちゃ美しいし、やのに気取ってないし会ってからもう更にめっちゃ好きになりました！！！ありがとうございます😭😭❤️
0	@haru08_20 @suimintyudoku みんな撮りたかった（；＿；）
1	@YFL_411 迷いなく突っ込むそんなよしえさんがすきです🤤💖可愛い要素ゼロですよ、、そんなん言ってくれるの本当よしえさんだけ...こちらこそめちゃめちゃ嬉しいありがとうございます😭💖
1	RT @YFL_411: @shi_no_ta_ 便器に真顔で両手突っ込みましたからね（＾Ｏ＾）笑 歌聴いて想像してたかっこよさとお会いした可愛さのギャップがもう…じゅるり… とっても嬉しい💓ありがとです💓✨✨💓
0	@nanase_c 七彩さんお誕生日おめでとうございます！！😻🍦🙌
0	@koba_maegami 適当すぎわろた笑
0	りょっくんについての記事。 わかります。  https://t.co/0rzW9Qhelt https://t.co/aoxRUjw2gs
1	@haru08_20 @suimintyudoku そうですたにかわさんお美しいから大丈夫です！！！！
1	RT @rxl_jp: 5/3 「中原くん井上緑と共演しよう」 素敵な企画に呼んでいただきました。 出演者の方々がみんないい人でほんまに楽しかったです！お客さんが暖かかったなぁ…☺️ 思い出がいっぱいで、、 本当にありがとうございました！！  クロニカル！！  #中原くんと井上…
0	@haru08_20 @suimintyudoku しのみん滅相もございません、、 えっいつかしたいですー！！！世界のたにかわさま...😻
0	はつみつ...ベイベ？ https://t.co/AprOWNp8Im
-1	#中原くんと井上緑と共演しようの日、最後の集合のときに このままじゃまだ死ねない(@madamada_)さんがお着替えか何かでちょっと来るの遅くて、そのときのなのはさんが「クロニカルチームは？」って、それに応じて誰かが「遅ニカル〜！」って叫んでたの思い出してひとりでにやっとした
0	中原清文ほんと名盤すぎませんか、リピートしすぎてCDすりきれそう🙂🙂🙂🙌❤️
1	「オソニカル ハヤニカル〜！」 （訳：クロニカル早くして）だと思うんだけど多分クロニカルくんじゃなくて小林くんのお着替えだよねって思ってほんとにおかしかった
1	@okka0323 @madamada_ 懐かしい、色々生まれましたね笑 育さんフォローありがとうございます(Ｔ＿Ｔ)！！！
-1	RT @koba_maegami: 僕ニカルだったので遅林とかにしてください
0	最終集合 なのはさん「クロニカルチームは？」 ？？？「多分メイクか着替え？だと...」 サムワン「オソニカル〜！！」 サムワン「オソニカル、ハヤニカル〜！！！！！」 サムワン「ボタニカルー！！！！！」 一同「ｗｗｗｗｗ」  なお現場に本人たち居ない、みたいな
1	ライブ中に「クロニカル〜！」って呼ばれたとき小林くんが「こいつなんもできないんでやめてあげてください」みたいなの言ってたのも面白かった、すっかりファンだわクロニカルチーム
0	RT @koba_maegami: た だ の 陰 口 https://t.co/VRIllZVvtX
1	@koba_maegami ごめん！！！！このままじゃまだ死ねない大好きだから！！！許してください！！！！😢😢😢😢😢😢❤️❤️❤️❤️❤️❤️❤️
0	@koba_maegami もーーーほんとだよぉ😂😂😂あ、り、が、とっ💕💕😌🌶
0	@vzy_k おかえりなさーい！💖
-1	@vzy_k しのびざん（笑）いつぐらいに着きました？？最初から見れなかったのは残念ですけど間に合って良かったです😢😢❤️えええ探してくれたのにすいません！！めちゃくちゃお話したかったです、、ほんとですか〜😭？勿体無いお言葉、、ありがとうございます😭😭💕💕
0	@vzy_k 忍びさん...🚵🏻🌶✨お！！よかった、りょっくんも中原くんも見れましたか！😻🙌お疲れ様でした、、それは笑いますね（笑）皆さんとちょこちょこお話ししながら中原くん列とりょっくん列並んでそのあとは大体お座敷らへんの椅子座ってましたww惜しい、、、
1	@chipp999 @vzy_k あ！！あのご親切に教えて頂いた、、！あの節はありがとうございました😹😹
1	そらちゃん前から思ってたけどかわゆい https://t.co/G3ARZrwdyt
0	@chipp999 @vzy_k 迷ってる時に助けてくれた人はめっちゃ印象に残ります笑 ふええ、お話ししたかったです！！！
1	@soradesu_nano めっちゃかわいい、、
0	しのみさんなすび！ｗｗｗｗ
1	@chipp999 @vzy_k お願いします！！！もうなすびやとおもって話しかけてください！！！😫✨でもわからずとはいえお話？できてよかったです〜！
1	@soradesu_nano まってかわいいい 今のアイコンも可愛いしこれまでの印象も相まってかわいい♡
0	#いいねされた数だけフォロワーさんが知らなさそうな情報を明かす
0	@soradesu_nano 非常に お可愛い、、うるさいって言われてるのは知ってる！！！アイコンほんとそっくりですねこれ笑笑
0	ちょ、わたしあれよこんなタグしたけどそんな隠し玉みたいなのあんまない...
-1	精度の低い絶対音感ある   #いいねされた数だけフォロワーさんが知らなさそうな情報を明かす
1	⑵相対音感は確実にある   #いいねされた数だけフォロワーさんが知らなさそうな情報を明かす
0	⑶たいぴんぐ 日本一になったことあります   #いいねされた数だけフォロワーさんが知らなさそうな情報を明かす
-1	⑷女子力が限りなく低い。料理とか家事全般なにもできない🤤💖   #いいねされた数だけフォロワーさんが知らなさそうな情報を明かす
0	⑸ピアノはずっとクラシックやってたのでポップスアレンジはへたくそですぅ、、   #いいねされた数だけフォロワーさんが知らなさそうな情報を明かす
-1	⑹冷たいとか感情が読めないとかよく言われます   #いいねされた数だけフォロワーさんが知らなさそうな情報を明かす
0	@trdtrhk むりにきまってる💖
0	@soradesu_nano できたの？笑
0	⑺お肉が好きじゃないです🍖軽いベジタリアンです、、魚は食べます(え？)  #いいねされた数だけフォロワーさんが知らなさそうな情報を明かす
1	@soradesu_nano え、すごいそらちゃん...
0	⑻BMIは15とか、のはず   #いいねされた数だけフォロワーさんが知らなさそうな情報を明かす
0	⑼握力は12程度   #いいねされた数だけフォロワーさんが知らなさそうな情報を明かす
0	⑽基本すっぴん   #いいねされた数だけフォロワーさんが知らなさそうな情報を明かす
-1	(11)1ヶ月に20冊くらい本読みます   #いいねされた数だけフォロワーさんが知らなさそうな情報を明かす
0	(12)小学校の時は独身処女が将来の夢だった  #いいねされた数だけフォロワーさんが知らなさそうな情報を明かす
0	(13)花より団子。ほんとに。  #いいねされた数だけフォロワーさんが知らなさそうな情報を明かす
0	(14)語感フェチ？ 声フェチ  #いいねされた数だけフォロワーさんが知らなさそうな情報を考える
0	@trdtrhk 作るんじゃない、作ってくれる人を見つけるの。(ブルゾン)
0	あっ、、 https://t.co/soFHtXv5w5
0	@YFL_411 綺麗、、、
0	いのみでぇす
1	@trdtrhk そして既に見つけました、完全勝利(35億の感じて)
0	@trdtrhk で
0	(15)炭酸飲んだことなくて、一回間違えて飲んだ時にあの舌が痺れる感覚を知らず死を覚悟しました   #いいねされた数だけフォロワーさんが知らなさそうな情報を明かす
0	RT @soradesu_nano: .@shi_no_ta_  1番尊敬してます！ピアノ弾けて歌も上手いなんて！！ ほんとに尊敬です！
1	@soradesu_nano えーそれは嬉しい、、そらちゃんいい子ですね、、🤤🤤
1	@YFL_411 綺麗やし美人やしもうごめんなさいよしえさんのお顔大好きすぎて、、
0	@trdtrhk 仏壇には...仏壇にはキュウリを...
0	@kikka_rabbit 私が弱すぎますよね...でも普通に握力以外の時やと握力強いとおもうんです(いみふ) えっ全く関係ないですけどさあやさんみかん県なんですか！！！
0	@haru08_20 えへえへ٩( 'ω' )و♡
0	@haru08_20 ほんまに炭酸知らない人が炭酸飲んだら精神的に死にますね（笑）
1	はぁかっこいい〜自分がうまくぼやけてくれんけどかっこいい〜すぐ消すけどこのりょっくんのかっこよさ誰かわかってほしい〜 https://t.co/xzy0qh72D8
1	@kmrura_587 ええ、、せーちゃん優しい😢りょっくんやばくない、この目と口と手の感じ？？なんて言えばいい？（笑）
0	(16)足のサイズ26.5cm〜27cmです   #いいねされた数だけフォロワーさんが知らなさそうな情報を明かす
0	(17)免許取得中(どうでもいい)   #いいねされた数だけフォロワーさんが知らなさそうな情報を明かす
0	(18)白米より玄米派(くそどうでもいい)   #いいねされた数だけフォロワーさんが知らなさそうな情報を明かす
1	(19)好きなタイプは、幸せな気分で１日を終えさせてくれる人です。   #いいねされた数だけフォロワーさんが知らなさそうな情報を明かす
0	@tmfrstadst ええええええええ(言葉に！言葉にしてください！！お願いします！！！)
1	@kmrura_587 わかるよねわかるよね？？？(ただの繰り返し) えー嬉しい！！ぜひ保存して！！😹💖(え)
0	(20)手の親指より足の親指が長い (ほんとにどうでもいい)   #いいねされた数だけフォロワーさんが知らなさそうな情報を明かす https://t.co/6DPd9JZw9e
1	@miya_walt ほんとそこらへんの男の人よりおっきくてですね...靴がないんですよね〜www
0	@soradesu_nano そーなの！！！24cmが理想...
0	@kmrura_587 わたしもすきー！！！！！して！！！りょくさまを眺めて！！！
0	@soradesu_nano ええ！！そらちゃん！！！かわろう！！
1	これは愛する中原さまに近づくのが恐れ多くて離れてしまって後悔している写真です清文さまのこの笑顔をお納めください。 https://t.co/vfwmeDs1ZV
1	@soradesu_nano なるほど！！！バスケかあ、私スポーツ何もしてないのに足だけおっきくなって、もうなんともいえない、、
1	@tmfrstadst しのみさんですよー！！！😂💖もう隣に並ぶの恐れ多かったですけどこのチャンスを逃すまいと写真撮ってもらいました（笑）
-1	RT @kmrura_587: てゆか、しのみんの指細いし長いし超絶綺麗じゃね？？？
0	@kmrura_587 指は長いってよくいわれる（笑）綺麗とかうれち♡ https://t.co/gdmCceZstL
0	@soradesu_nano そーなんです！！ヒールとか履けない、、
0	@kmrura_587 保存用やで！！ https://t.co/AYG0MPLWNp
0	@tmfrstadst しのみさんこんな奴です、、（ ;  ; ）💔感動してくれて感動、、！ほんと３日会いたかったですー！！！
-1	約半年くらい付き合って初めて彼氏とデートしました、普通に考えて笑う
0	@umeboshi_3115 んんん！？私スペック高くないですよ！？
-1	RT @umeboshi_3115: しのみさんのスペック高すぎて あぁ、やっぱり世の中不公平なんだって実感させられた
1	否定しながらも嬉しいのでRTしていくスタイルしのみん
0	(21)明日これを売る   #いいねされた数だけフォロワーさんが知らなさそうな情報を明かす https://t.co/qXn8ds4CwF
0	@7akusaskua7 嗚呼、アコナンってなにかなと思った自分にうけました。笑 コナン全巻売っちゃいます、、、
0	@7akusaskua7 @suimintyudoku しのみちゃん現代小説多めですけど最近読んだのだとこんな感じですね、、！ https://t.co/t5oV1XQRzz
0	@7akusaskua7 小学校の時に終わりを予想して集め始めてたんですけど終わらなさすぎてもう...いや終わってほしくないけど...うーん、みたいな（笑）お仲間でしたか！！🤤💕みつかりますように、、
0	@7akusaskua7 都会のトムソーヤ！！！
0	@tmfrstadst えーもうお上手///笑 ぜひ！！！こちらこそお願い致します！！！撮りたい！！😭❤️
1	@umeboshi_3115 ピアノはもう習ったもん勝ちみたいなとこありますよね...綺麗じゃないですよ！！？？だがしかし嬉しいです！！！😢
0	【お知らせ】うめ☆さんの好感度が500000上がった！  #RPG https://t.co/UxmSDk7RWD
1	@7akusaskua7 @suimintyudoku ボトルネック皆さん読んでらっしゃる！！読むの結構早いので分厚いの買っちゃいます、、心理系けっこう多めですね！DaiGoさんがまた多い笑 https://t.co/MYLW7e6Vhk
0	@7akusaskua7 ですよね！！！小さい頃ハマって読んでた本って今どうなってるか気になって最新刊を本屋に行った時にチェックするんですけどまだ終わってない時とか おい！！ってなっちゃいます！！
0	@umeboshi_3115 いや私結構ひねくれててあまり人への好感度高めな人じゃないんで（笑）努力とかでどうにかできない顔面を褒めてくれる方の好感度は激高です(単純)
1	@umeboshi_3115 私も中学でやめちゃったんですけどね、どれぐらいのレベルになってやめるかって後々重要な問題になってきますね、、
0	@7akusaskua7 それです！！子供の頃に読んでた本はせめて未成年のうちに完結していただきたいというか...なんか続きすぎると挿絵の印象とか変わったり、その本への執着薄れたりするんで同じ時代に終わらせてほしい...うっ...
1	乾くるみさんはイニシエーションラブ面白いですけどスリープとリピートとセカンドラブらへんおすすめですね！私的にはスリープとセカンドラブ超すき
0	そういえばMC？じゃないけどステージ上がったら 私で取り置きしてくれた方にお礼言おうと思ってたのにブッ飛んでた
0	@umeboshi_3115 えへへー、私もやったね！です🙂🙌
0	@Edamameyu_sha ごめんなさいコナンくん、、
-1	@umeboshi_3115 ですよね〜適当になんでも弾けるようにしておけばまた始められたりもしますけど、でも何年か経ってみないと自分がどれくらいのレベルを求めてたのかもわからないし難しい、、
0	@haru08_20 よし！！！ ほんとにありがとうございましたハルピョンさん！！😂
0	@umeboshi_3115 ですね...あぁ沁みる...
0	#曲名の一部をもやしにすると弱い  Stand by もやし 東京もやし横丁 タミフルもやしダスト もやし少女 売れないもやしのうた もやしコトバ
0	@kikka_rabbit いいなあ〜😢体育の先生に何お前みたいな目で見られるので嫌なんですこれ（笑）あの！あの！私カツオ県です！！！！🐟
1	@YFL_411 いや可愛いです可愛いと綺麗を兼ね備えててほんと美人です！！
0	@tmfrstadst しのみファンとかもう〜さーさんだいすき！！！！😢💖私も楽しみにしてます！！
0	@miya_walt ふえーん😭😭
-1	ひとに言われてどうこう、ってほとんど意味が無いと思うし多分貫けないと思う、ちゃんと自分の意識が根本から変わってからじゃないと。やっと変わったし、自分の意思でそうしたいなあって思えるようになりました
0	自分もできてないことを相手に求めるのは違うよね、ってちゃんと割り切れる人間になろう
0	反則金納めたら刑事処分にならない、ってほんとこの世の中お金で回ってるなーと車校の講習を受けながら思いました
0	@ju_ri_1227 珠李さんおめでとうございます！！！
0	結局私も同じことしてたからだめなんだ 相殺だー！！
1	@YFL_411 私好きやと思った人とか物とかお顔には好きって言わないと気が済まないので許してください😹幸せならよかったです♡♡♡笑 歴代彼氏うらやましい...付き合いたい...
0	(22)歴代彼氏と10ヶ月持ったことありません🙂🙂🙂💞（笑）   #いいねされた数だけフォロワーさんが知らなさそうな情報を明かす
0	平本悠山さん(@yuzanhiramoto)がライブ来て下さって、CD「みんなのうた」頂いたのでお家帰ってから聞いてていやぁ...ってなってる(語彙力) 「思い出よ、愛に続け」は切ない歌詞を明るめのメロディーに乗せてるとこ、「渚」は全体的に、「君の手」のサビとか特に好き！！
0	.@yuzanhiramoto ありがとうございました😹😹✨🙌
0	RT @Nkhrkn_official: #中原くん 本日21:00にドドドっと解禁情報がございますので！見逃さぬよう！ツイッターに張り付いていてください〜〜〜っ☺️!(マネージャーなのは
0	@rxl_jp 🤤チラッ
1	@rnanoha_project ガッキーより可愛いし優しいししっかりしてるし好感度やばいしだいすきですなのは様！！！！
0	RT @sakunano: 出演者さんにプレゼントする動画編集を徹夜でしていたようです！ 出演者、なのはに感謝👏👏👏 https://t.co/xNw8UpJANz
0	@rnanoha_project 育さんより先にゲットだぜー！！😂
0	これこの段階ではめっちゃ内輪ネタやけどここで使ってくるのねあらをさん！！とか思ったけどみんな笑ってたし東京は優しかったしクロニカル半端なかった🤤🍦もう今やこのネタ知らない人いないし普及率やばいな... https://t.co/kgoCaRucgV
1	@YFL_411 いや全然、、これまでの人生で一番性格褒められたことは無に等しいです笑 ほんとに男やったらよしえさんに一目惚れしてお話してまた好きになって付き合ってもらえるまで告白したいけど友達の距離感がいいかなとか悩んでる自分が想像できました！付き合います！！！😭😭😭😭💕💕💕💕
0	@rxl_jp 私も９ヶ月と２日が最高です！！！(詳細) 難しいですよねえ、、（笑）
0	わたし長澤まさみになりたい https://t.co/zff7PXdseP
0	@myonmyon65 そこは しまのみ でお願いします！！！
0	@myonmyon65 ストライプ希望です！
1	可愛い彼女できました😌😌❤️❤️ https://t.co/F8JO0o5dfU
0	@myonmyon65 長澤まさみはどこへいったんだー！！！
-1	@myonmyon65 くるしゅうない！
1	@rxl_jp 最高記録と最低記録は覚えておきたいタイプです（笑）なんでこんな続かない、ってなります！！んんっ...😌😌😌上手そうなのに...😊
0	幽明遥けく隔つとも、僕の心は１日も民子の上を去らぬ
0	@koba_maegami 似てると思ってた！！！！！
-1	RT @Nakahara_Kun: 僕は悪い大人なので16日にお披露目する新曲の雰囲気が他の演者さん(ノブさんとかノブさんとか)と被んないように先手を打つ。  新曲「♠︎」の1番です。フルは16日までお待ち下さい。来週は天窓で会いましょう。 https://t.co/ZRbkQ…
0	@koba_maegami あと小池徹平とか！？(ウエンツに殺される)
0	最近誰かに似てるってあまり言われないのでみなさん何かしら考えてください
0	@rxl_jp なんでしょうね...やっぱ９ヶ月がだめですかね？？😫（笑）お会いした感じ個人的にはモテそうやなこの人〜！！って思ってました！！
1	@koba_maegami いや！！こばさまは愛くるしさ全開のイケメンですよ！！
1	@kikka_rabbit えっ飛躍がすごい！！ めちゃ近ですよね！！！😹💕💕運命感じる///
0	@kikka_rabbit 私も小学校の時9でした！ぽてんしゃるは、、ありますね、、？笑 やばい！会える距離ですね！！😻😻
0	蝸牛 / 中原くん (@Nakahara_Kun)  共演企画でこのままじゃまだ死ねない(@madamada_)さんが歌ってて再度ハマった🤤🍦✨ふぉろーみー！！！ https://t.co/VvL51qwulI
0	@soradesu_nano いや違うごめん私のあげた動画の話笑
0	@soradesu_nano  https://t.co/pcr4XEW2iz
0	@soradesu_nano ごめんね...😭😭😭
1	よく見たらあまり誤字をしないことで有名な私が そらちゃん ちゃん になってたからそらちゃんはヤバい
1	RT @Nkhrkn_official: 📢＜6/18(日)「井上緑VS中原くん〜勝つのは僕ですbyちゃるけん〜３」にご来場予定の皆さまへ‼️  ポスター配布&amp;数量限定Tシャツ発売決定！ (Design by カモハラタツヤ@kmhr710 )  ◎チケット購入・詳細 http…
0	@trdtrhk どう？ https://t.co/oKBkAIwvLR
0	さあ私の200人目のフォロワーはだれだー！😊😊🍦
0	マツイクゥ！
0	@renkrn04 はじめましてー！！🙋
0	夢の四谷天窓と中原くん 共演企画での出会い かれぴ👼❤️   #おまえらのGWを三行で振り返れ
0	@renkrn04 知ってくれてたんですか！！🤤💖こちらこそお願いします！！！
1	@rxl_jp ９ヶ月乗り越えれた時はお互い報告ですね？笑 え、うれしい！🙋お話できてよかったです！！あらをさんのライブめちゃ楽しかった、、😢あの〜仲良くなれそうついでにお願いがあるんですが、、(チラッ)
1	@renkrn04 うれしいー😹もちろんですこちらこそ！！！
1	@rxl_jp いや、わからないですよ〜？（笑）めちゃめちゃ楽しかった、、😫💞なのはさんが送ってくれる動画、あらをさんのやつ欲しいです...送って...欲しいです...(チラッ)
0	@eaaoaio ありがとう、ふぉーゆー💞🙋
0	@kikka_rabbit よし自分に期待だぁ(°▽°)🙌え、ほんとにいつか会いたいですね！！🤤💖
0	はい38.1℃〜〜😶😶😶😶😶
0	関節痛目眩火照りはこれか、、
0	あー回る回るめまぐるしくー
1	@trdtrhk 髪型完璧だねこれ
0	@suimintyudoku めちゃわかります
1	@ju_ri_1227 珠李さん何回聞いてもめちゃ良いです（ ;  ; ）♡
0	@hiroki_bn かみさーーん😢ありがとうございます、、ちょっとやばい笑
0	@trdtrhk 多分一票よ、、
0	@trdtrhk アンケート取ろうか笑
-1	@hiroki_bn ありがとう〜来て〜案外遠いけど遠くないのだ！🙋✨
0	@hiroki_bn こーちだよ（＾ω＾）
0	@trdtrhk 画像付きでアンケートとれなかった、、
0	私も5/3の動画載せようかなー！さっそく載せようかなー！なのはさんありがとうございました😭😭😭❤️
1	@hiroki_bn やろ？(๑･̑◡･̑๑)まあまあ近い！！
1	2017.5/3 #中原くんと井上緑と共演しよう #1 秋深し / 中原くん https://t.co/q6dgRnQxwl
1	RT @8Happo: しのみさんの秋深しくるなぁ
1	@8Happo うれしいなぁ...😢
1	@8Happo 嬉しいです😢😢💕 いつか生で聞いてくださいね、、！
1	@8Happo いつか私にも柿崎さんの秋深し聞かせてくださいね！！
1	2017.5/3 #中原くんと井上緑と共演しよう #2 禁断少女 そのいち  みなさんの優しさを感じた５分間でした... https://t.co/OYkj5doauy
1	#中原くんと井上緑と共演しよう  #2 禁断少女 そのに  ほんとにテクマクマヤコンありがとうございました！！楽しかった！！ https://t.co/EbzlaHZjY9
1	@hiroki_bn ほんとありがとうー！！ずっと寝てたらだいぶましになってきた！早く治すね😹😹🙌
1	@itonoa0511 えええうれしい乃亜ちゃんありがとう😹😹
1	@hiroki_bn ありがとう！！！優しいねもう！！😫😫✨✨
0	@15_peace いやこちらこそすみません！！フォロバありがとうございます、よろしくお願いします🙋✨
0	@morimoritakuta 童夢ー！！！！💁🏻💁🏻‍♂️❤️❤️
0	@hiroki_bn もー顔も知らんのにそんなことゆってー！めっ！😌😌🍦
0	@hiroki_bn それはめちゃわかるよ笑
0	@hiroki_bn 控えるんかーい！！🤣🤣
0	@hiroki_bn 引かんよ笑
0	@hiroki_bn おー、よろよろ😌😌🍦✨ 喜ばせて！笑笑
1	@__ri__23__music こちらこそフォロバありがとうございます！！ え、めっちゃ嬉しいです😭😭❤️❤️ よろしくお願いします〜！
0	@hiroki_bn まかした🤤
1	RT @Nakahara_Kun: 秋深し、結構いろんな方に気に入ってもらえてるけど禁断少女とかできる前のカブトムシの幼虫にも満たないような頃の自分が作った曲なので恥ずかしかったり嬉しかったりでドキドキする
1	@Nakahara_Kun めちゃめちゃめちゃめちゃいい曲(語彙力)です大好きです（ ;  ; ）中原くんの前でカバーさせてもらえて幸せでした本当にありがとうございました！！
1	@__ri__23__music こちらこそです〜！！😢❤️ りおなさんのTwitterの雰囲気かわいい好み、、
1	RT @Nakahara_Kun: 時系列はこんな感じです  -7年前- 秋深し -6年前- 禁断少女、没落、がっこう大好き -5年前- 日記 -4年前- いまじねーしょん -3年前- 近所迷惑シリーズ全般 -2年前- カラきゃん全般、蝸牛、東京 -去年今年- それ以外  5年…
0	#怒りませんので第一印象と今の印象を引用RTで言ってみてください
1	第一印象 かわいい妹ポジ 今の印象 鈴木奈々的な...？そらちゃんがいたらTLが明るくなるよね！！！ https://t.co/zO4xFQr8dR
1	第一印象 絡みやすい！ 今の印象 妹😊かわいい💞 https://t.co/GF14n8Qw6E
1	@soradesu_nano メルティーキッスなつかしい！！初期！！ありがとうそらちゃん🤣💕
0	@yuusha_0826 雌豚でした🐖！❤️❤️ ありがとうございます😭😭
0	@itonoa0511 トプ画めっちゃ言ってくれるねありがとう！！！😭💕
1	第一印象 れもん...？どんな人だ...？🍋 今の印象 お会いできた！かわいい！話しやすい！感じ良い！れもん！！！ https://t.co/i4N1neVXAR
1	第一印象 中原くんの列教えてくれた親切な人！！！ 今の印象 そんな人に後からTwitterで巡り会える奇跡 https://t.co/JQqN45IOU1
1	@sasakure1983 嬉しかったです！！！えー、ありがとうございます😢😢優しい😢❤️
1	@chipp999 いやちゃんと教えてくれましたよwww bknbお好きですか！？！？🤤🤤💞
0	えっ、さきさんけいさんお付き合いされてるの今初めて知ったんだけど......しのみは進化した
1	RT @kmrura_587: 第一印象→可愛い優しいしのみさん 今の印象→歌うま！！！綺麗！！！しのみん！！！ https://t.co/RSyAcDwaZx
1	@kmrura_587 せーちゃんいい子すぎてやばい❤️❤️しのみん調子乗る(๑･̑◡･̑๑)
0	@7akusaskua7 わーいありがとうございます🤣💕まちトム！！！！
0	RT @7akusaskua7: 第一印象→ピアノ！お歌がお上手。 今の印象→本読まれる方！尊敬。まちトム！！！ https://t.co/zSlEIWoaw7
0	@chipp999 中原くんの列ですよね？って言ってくれた！気がします！！！なるほど、誤字女王にしのびさーんって呼ばれましたこないだ😻💕またばくなんアップしますね！！！
1	@chipp999 @vzy_k 早く教えてくださいよう、、
0	私この人に似てますか！？！？ 友達と10票入ると1票も入らない、 で賭けてます🤐🤐 https://t.co/wDK5nrB5fD
0	@chipp999 真っ正面で聞いてくれたんですもんね！！😌❤️
0	@yuusha_0826 えっ！！！ありがとうございます😭😭😭😢
0	どうか... ちなみに私は似てない派です
1	RT @vzy_k: 第1印象 しのみざざざざああん！！！ もうむりだめかっこいいいいいい ぴあの！！ああああ！！！すきです！！！！ああああああ  今 なすび https://t.co/DVZlNUrNlQ
1	@vzy_k 逆がよかった、、とても逆がよかった、、かなちみ、、
0	まってまってまって 国民的美少女コンテストだぜぇ...よく見て！見て！！！！！ https://t.co/cqwoGHRjBa
0	@trdtrhk これ元帥がアカウント増やして10票入れたとかないですよね？？
0	@ch1kq0821 です！！です！！
1	@chipp999 秋深し好きな人に褒めてもらえるの嬉しいです、、
0	@vzy_k あいしてます
0	@kmrura_587 ほんと？？もう乗ってくる🤤🤤🤤らぶ
0	@trdtrhk 89%も、、
1	@ch1kq0821 ですよね！！コンテストグランプリだし大河ドラマとかも出てるし時かけのドラマでも見ました！！えええほんまですか恐れ多い、、😢
1	RT @myonmyon65: ピアノですごいな声かっこいいな  国民的美少女 https://t.co/mdokUuuZZr
0	@myonmyon65 わぁい🤤🤤❤️❤️
0	@trdtrhk この写真めっちゃ言うよね！！
0	@koba_maegami 多方面のセンスある  福山雅治+小池徹平÷2
0	@koba_maegami あなた文句なしに綺麗よ...
0	RT @Nakahara_Kun: 今年インターネットで流行ったコンテンツで 「2016年ヒットソングメドレー」 https://t.co/oFc9c7AEfS
0	RT @kmrura_587: へいへいしのみんのらぶで死にましたへいへい
0	しのみんのらぶとあいしてるは皆さんを撃ち抜きます バババババきゅん
1	RT @ebi_rnk_guiter: 最初  男の方だと思っていました🙇 いま  ピアノと歌声素敵です！！また聴きたいです☺️ https://t.co/v7jvGSCuFd
0	@ebi_rnk_guiter わかります、とてもわかりますよ！！！笑笑 ありがとうございます😢また聞いてください😭😭❤️❤️
1	@ch1kq0821 スタイルも抜群というエンジェル、、これは似てないですわ(確信)
1	@koba_maegami イケメンにかっこいい言われたら嬉しいわ😌❤️テンション高いかしら！
0	冷めてるなと言われ続けて早20年、イケメンに会うとテンションが上がっていたようです、しのみです。 https://t.co/xYMq37ABnE
-1	@trdtrhk 少数派を軽んじてはいけないのよ！
0	@koba_maegami ずっとしゃべってましたもんね笑
0	@trdtrhk いやなんかこいつ違うみたいなやつ出されてネットで叩かれて金一封もらえないまま帰る羽目になるからだめだよ
0	@trdtrhk もちろんだよ...私そういう奴よ...なんかめっちゃ褒めてくれるねどうしたの...🤔🤔まあなんやかんや私すごいのでいけるかもしれない。中身、こういうとこでなくリアルで褒められたことはないんやけど悲しいよう
1	@ch1kq0821 ちかさん...いい人...
0	@trdtrhk お金がすべてよ...！だいぶ上がってるけどまたかなり上がった❤️❤️私より元帥の方が私を高く評価してくれてるからね何故かね！！！次会った時とか遠すぎか、、みんな私のどこが好き？って聞いても中身褒めてくれない、、
0	キャスしたいね、、
0	@rxl_jp キタァ🤤🤤🤤💕
1	第一印象 有村架純 今の印象 マイガールフレンド🙋❤️美！美！美！美！ https://t.co/B8w1qMARMn
1	@8Happo うまい、、
0	@soradesu_nano 決裂？
0	@soradesu_nano かわええ、、
1	RT @tmfrstadst: しのみさんの動画嬉しい！😊😊😊😊
1	@tmfrstadst って言ってくれて嬉しい！！！！
1	@tmfrstadst いつもさーさん嬉しいことばっか言ってくれる〜😭😭✨ありがとうございます！！！トークだけ省いてだいたい全部載せちゃいました！！😻
1	@tmfrstadst 嬉しいって言ってくれて嬉しいですほんとに、、聞いてやってください、、😌😌💕
0	この２日スマホしか見てないし目が死ぬ
1	しのみーん！とかよっ！とかひゅーとかふぉーとかぱちぱちとか嬉しかったな、、 https://t.co/HfBJ3ciBIW
0	わかる、、 https://t.co/4srf7ZhBfe
1	@ju_ri_1227 じゅりちゃんのときすごかったもんなぁ、、楽屋からうわー盛り上がってるー！と思って聞いてました🤣💖
0	@ju_ri_1227 いや関係ないはず！笑 でも普通に心からお願いしますですよね分かります、、
0	@ju_ri_1227 よろしくが抜けちゃったんですね（笑）私もこれ話そうかなーと思ってたの飛びました😫😫
1	@ju_ri_1227 よろしく大事ですね、、😌 飛びますね！（笑）天窓の次のライブも頑張ってください、、♡
0	@ju_ri_1227 パワーアップした珠李さん見たいです〜、、応援してますねっ😢💕
0	@ju_ri_1227 え、たのしみにしてます！！！
1	RT @saita_kasumu: コレサワカバーコンテストで知ってフォローした方。 素敵な弾き語りをされる男性だなーと。 でも可愛らしいぬいぐるみを置いてるんだなーと。  そしたら最近なんかこう、べっぴんさんがいるんですがこれは一体、、、 https://t.co/QIUcT…
-1	@saita_kasumu これはひとりでめっちゃ笑いました（笑） 声ほんまひっくいんですよね〜🤢べっぴんだなんてもう照れちゃう♡ とかいう文章と声のギャップですよね〜（笑）
1	@saita_kasumu うわー嬉しいお言葉ありがとうございます😢❤️うれしいです！！ぬいぐるみのくだりとかほんま笑いました（笑）いやいやとんでもないです、、、
1	@trdtrhk ほんとにそんなお褒め頂いて...😌そんなに能力も才能もないですよ、最近自分はほんとにあほだとおもう...音楽に誠実なのだろうかこれは、、なんでも適当にある程度しかやれてない気がするようーー元帥と話してたら色々と勘違いしそうだよ〜、、お手紙待ってるねー？
0	君カノ耳コピできたよ！！適当やけど弾けるよ！！歌えるよ！！テンションがぁぁぁぁ！
0	おざきさまが送ってくれたおかげでしてもう心からの感謝... https://t.co/piyQNT3FJf
1	君のことが彼女よりも可愛く見えることがあるんだーー🐔🐔大声で歌ってるので多分近所中に響き渡っている
1	RT @sakuten277: 声がカッコヨス  国民的美少女 https://t.co/YaNXPBA7pG
0	@sakuten277 見たぞ！？私は見たぞ！？笑 喋った時と違う？高い？🐔✨ 美少女だなんて照れるぅ/// https://t.co/ftSmFQTYoS
1	君カノ / 中原くん(@Nakahara_Kun)  ライブで聴いてひとみみぼれしてから、最近一番すきな曲、超名曲！！ 耳コピなので間違ってるかもやけど...  君のことが彼女よりも可愛く見えることがあるんだ！！👩🏻✨👱🏻‍♀️ https://t.co/lTgInZhZQp
1	@sakuten277 嬉しいー🤧✨大崎くんも普段と歌う時のギャップすごいしあれめっちゃかっこいいわ、そっくりそのまま返すよ...😻
0	結構票入っててわろた https://t.co/ebd9gS9w5W
1	RT @stitchsuzuka48: 第一印象＝今の印象です！  めっちゃ美人さん(๑Ő д Ő๑) 天窓めっちゃかっこよかったです！ 君カノ(pi)かっこよかったです！ そしていまさら一緒に写真撮らなかったことを後悔してます(´•̥ ω •̥` ) https://t.co…
1	@stitchsuzuka48 すずさーん🤤❤️❤️声かけてくれて嬉しかったですめっちゃ覚えてます！！天窓も君カノも褒めてくれてめちゃ嬉しいです😳美人は盛りましたね/// あう、、写真撮りたかったです〜😭😭😭
-1	プロフィール欄寂しかったから何か書こうと思った末に書いた言葉が妙にフォロワー減りそうだったから消したけど晒しておく https://t.co/OdhIKcKzQs
0	(訳)おりぼんをつけた丸い子です。
0	ゆーてリアルでおりぼんつけたこともないしあんま丸くもないしこんな愛嬌もないんですけどね、、ネットだから許されるアイコン詐欺だよ😘😘😘
0	@smile22112 しのみんまるこもなかなかじわじわきますねwwww
1	RT @Nakahara_Kun: これはうまい具合に歌詞隠せてる https://t.co/jOBFYNBQ2C
1	中原くんRTしてくれたりコメントしてくれたり本当いい人、、
0	@smile22112 しのみんまるこなかなか語感良いですね、１週間後くらいにそれにします笑
1	@sksk5543 やっぱりさきさん！！！！💕💕 お顔初めて拝見しましたかわいい....
1	@trdtrhk なるほど...深いよ元帥、元帥の所以はここにあるよ... ありがとう！！いや完敗です。
1	他の女の子を彼女よりも可愛いと思ってしまうことを「今から俺最低なこと言うぞー！」って歌う中原さんは聖人君子だと思うのは私だけなのでしょうか、最低やと思わん私が最低？え？💁🏻 https://t.co/D3VjIVH8Yw
0	@chipp999 しのみさんが時代に追いついた＜8マスすすむ＞
1	@stitchsuzuka48 撮りましょうー！！今度こそ！🤣❤️ え、私の歌なんかリピートしてくれてありがとうございます、、好きな曲の耳コピは楽しかったしすずさんのお役に立てたならもう余計してよかったです💕💕めちゃいい曲ですよね！！
1	@YFL_411 誰よりもかわいいですマイハニー❤️❤️
0	@chipp999 え、してないですよ、、？とりあえずらぶらぶなんだなぁいいなぁ〜♡♡ってなりました！
1	第一印象 あらをさんってあるえるさんよね？なに？え？ん？あらうぉさん？あらおさん？とりあえず上手いな...  今の印象 爽やかイケメンぱっぱらぱらっぱーたのしかった！！！！ https://t.co/lmKS0LBYxX
0	みんな国民的美少女とか言って間接的にディスってるんでしょ！！しのみちゃん傷ついちゃうよ！めっ！！
1	RT @rxl_jp: 天窓で初めてお会いした！ 声がかっこよすぎる国民的美少女です。 https://t.co/6pTyR6mFaD
0	@rxl_jp こんばんは国民的美少女でーす💁🏻❤️❤️ ありがとうございます！！！😭
1	あれか私も小林くんキャラになればいいのか
0	どうも国民的美少女ですこんばんは
0	@rxl_jp あらくん...😉💕
1	@chipp999 うらやましいなあーー！！！２人のお写真また楽しみにしてますからね！！
0	@rxl_jp あららん...(？) あらくんはしのみんと同じ穴のむじなちゃんだよ！！(９ヶ月)
0	@kikka_rabbit えっさあやちゃんお誕生日おめでとうございます！！！！😳😳💖💖
0	RT @gongonazusa: しのみさんだいすき
1	@gongonazusa えっ♡♡♡私も大好きです
0	@gongonazusa ずっとTLとぅいんとぅいんしてました
1	@gongonazusa わーい両思い😻いっぱいRTといいね嬉しいです♡(ありがとうございます♡)
1	@gongonazusa いやー騒ぎまくってください♡♡ 嬉しいですぅ、、
0	@gongonazusa なんて言うか忘れましたあのスパッ！てやつ、えーと、、スクロールか、、とぅいんとぅいん笑笑
0	@gongonazusa まってますフェスティバル🐔🐔 前から思ってたんですけどアズーサさんのアイコンめちゃかわですよね...
1	@gongonazusa 期待期待！！！ 私にもなんか書いて欲しい...かわいい...らいおんってひらがなで書いたらこれまたかわいい...
1	@gongonazusa えっめっちゃかわいくないですか？どタイプなんですけど...ザ・らいおんちゃんです！！！
0	あっ祭りが開催されはじめた
0	@anotherworld_8_ え、ありがとうございます！！😭❤️ こちらこそフォロバありがとうございました、よろしくお願いします！！
0	RT @madamada_: 5/3に行われたライブ映像です 僕らのアウェイっぷりを見てやってください  1.「二度寝/中原くん」(１番サビ)  ▼フル https://t.co/cFZ4qjlFDb https://t.co/Hyf1yFpFij
0	RT @madamada_: 同日 ２.「蝸牛/中原くん」 (好評だったらしいサビ前ハモリ部分から)  ▼フル https://t.co/cFZ4qjlFDb  #中原くんと井上緑と共演しよう  #このままじゃまだ死ねない https://t.co/ojp87L6reA
0	イケメン小林くん「ミラ増金」 国民的美少女しのみ（？？） イケメン小林くん「見れますかね...」  #さきさん化
0	@okka0323 四谷天窓！
1	@okka0323 えっすごい...(伝わりすぎた)
1	クールな嫉妬魔あたってる https://t.co/E9yjM1JEgw
0	@vzy_k @chipp999 小林くんが言ったんですよ！！(責任転嫁)
1	@sksk5543 いやいや！もうけいさんにご挨拶(?)できたので間接的にさきさんと喋ったのと同義！🤤❤️(ではない) え、めちゃくちゃかわいいですよオチてください///
1	あなたのことはそれほど良いね、、 こわいけどかなりおもしろい
0	@tmfrstadst 私も四捨五入したらしーさん！
0	#さきさん化  こゆこと https://t.co/iuxNFpSga0
1	RT @fumimi_s: 第一印象 あ、この人の声タイプかもしれない。  今の印象 歌のうまさへの尊敬と中原くんとあの距離で接っされており羨ましいです。 https://t.co/tJGwdzVoUt
1	@fumimi_s 声タイプはめっちゃ嬉しいです！！！😿😿ありがとうございます（ ;  ; ）私もあの日の自分が羨ましいです（笑）
1	@vzy_k 沖を確かにw
-1	@sksk5543 間接キスwwそうですねそれの軽いverみたいな...？ めっちゃ遠いですけど生きてるうちには絶対またお会いしましょう、って両方が思っとけば絶対会えますよさきさんさん😢😢❤️❤️
-1	ねむいよう
0	ねむたいねむたいねむたいねむたい
0	気になる木！！！！！リスインありがとうーー
-1	ツイ消ししたいけど遡るのはめんどくさい
0	2003年2004年頃の小渕さまと結婚したいと言い続けて早６年が経ちます。
1	#好きなアーティスト10個あげると人柄がバレる、ってタグやりたいけど、ちょっと聞いていいなーと思った、とかじゃなくて全曲歌詞を見ずに歌える勢いで好きなアーティストじゃないとあんまり好きって言いたくないからなーとか考えてたら10個も挙げられなかった
-1	全曲歌詞を見ずにとかなかなか難しいこと言ったけれども
1	ちなみにそれでも好きと言えるのはコブクロ、back number、中原くん、りょっくん サザン です。
1	もんのすごい喋りたい
0	って言ったら母に「じゃあ早口言葉いえば」って言われたけどそうじゃない。何か喋りたいよお〜〜🐖🐖🐖
-1	@bknb_ykmh 早口言葉しらべてました笑 お綾や親にお謝りがめっちゃ難しいです、、
0	@bknb_ykmh 東京特許許可局局長も局長らへんで挫折します笑笑
0	あ〜〜〜しゃべりた〜い
0	@bknb_ykmh 無理ですよね、、笑 早口言葉は奥が深い...
1	中原くん！！！！！おめでたい！！！！！
0	非公式が公式に！
1	@Nakahara_Kun 中原くんおめでとうございます！！！！遂に公式！！！きゃー！！！🎉😻
0	@sasakure1983 えへ♡♡
1	#ツイッターが楽しいのはこの人たちのおかげ きっとこの人たちのおかげでツイッターが楽しい。 あなたの”いいね”データを解析、結果を推測します。  こちらもどうぞ！ 【５月１日は「恋が始まる日」 フォロワーさんと恋が始まる… https://t.co/rsaDVRH7k3
0	この人って誰やねんだから https://t.co/zmdbdr8bez
0	#ツイッターが楽しいのはこの人たちのおかげ 小林 あらを(あるえる) 中原くん5/21-22新潟遠征 みょん そーーーーら モッツァレラちーの さー せー たにかわ 珠李 https://t.co/rsaDVRH7k3
0	@vzy_k 😢だいすきなのに...
0	@8Happo わーいわーい🤤🤤❤️
0	中原くんって本当いろんな意味でアーティストだよなあ
0	@kmrura_587 ほんまそれおもった笑 私も しー になろうかなあ
1	@kmrura_587 わーい♡♡しーです！しーってなんか可愛いな、、？さーしーせー！❤️❤️
0	@kmrura_587 リアルでぶりっ子できんぶん、ここでしとこうとおもって笑笑
-1	@soradesu_nano 空羅？？空良？？素羅？？
0	RT @anko_sing: マイソックスイズフィンガーファイブ何回聞いてもわらう
1	@itonoa0511 左好き！！
0	@soradesu_nano ですよねごめん当てたくなった😢😢
1	@soradesu_nano えっ！！じゃあさきさんがそらちゃんって読まれたり？それはないか笑 漢字難しいのに名前可愛いの好き！！
0	RT @ryokkun_ryokkun: 中原さん(@Nakahara_Kun) の新曲のPVのショートバージョンをTwitter独占公開！！！意見の価値あり！！！！ https://t.co/MvBHPoS3Xy
0	amazonのお問い合わせチャットで出来るとか最高やな
0	@itonoa0511 のあちゃん！！！誕生日おめでとう！！！
0	RT @soradesu_nano: .@shi_no_ta_  しのみさんサインもってるでしょ！ しのみさんの髪型みたいな、、感じで、、 https://t.co/zgl0LSX3gO
1	@soradesu_nano えっすごい！！！そらちゃんすき ここで髪型でくるとは！すごい！！
0	キャスしたーいキャスしたぁい でもなんかピアノ音割れてご迷惑になりそう...
1	@soradesu_nano いやほんとにすごい...才能...？ ありがとうね！！
-1	RT @7akusaskua7: .@shi_no_ta_ 夜分に失礼いたします…！ https://t.co/TzzWRhLfjs
1	@7akusaskua7 ちーのさーん😿💕ありがとうございます！！！美人は素直に嬉しいです！てへ！🤤❤️動画また上げると思いますので是非聞いてやってください、、！
1	キリンジさんのエイリアンズまたCMの影響で売れてるぽいけど秦基博さんのエイリアンズもこれまためっちゃいいから聞いてほしい
0	いまだけは 君の時間は僕のもの
1	@mayuguchidayo 個人的ベストファイブは丸腰秋深し花火タミフルスターダスト君カノです、、 ビールとか駄声とかさらばとか雨が止んだらとかもめっちゃいいと思いますいっぱい絞りきれなくてすいません、、
0	@mayuguchidayo えへへ〜🤤❤️ありがとございます！！ぜひぜひ！！
1	@mayuguchidayo えーうれしい！！しのみもまるこも喜んでます！！！！(この子の名前)😳笑
1	@mayuguchidayo あっまるこちゃん出張中！！かわいい... (自分で言った) ありがとうございますなんか元気出ました😭❤️❤️
1	RT @mayuguchidayo: @shi_no_ta_ まるこって言うんですか！！！かわいいです😂ちなみにこんな感じです👇🏻笑 https://t.co/Boen6Wrg6y
1	めっちゃ機嫌悪くて家帰ってきてからひとことも発してないレベルなんだけどまるこちゃん見たら顔がほころんだのでうちの子すごい。かわいい。まるこー❤️ https://t.co/84sIjh1ZBr
0	メルティーキッスとかポルテとかのCMも中原くんが制作から携わってもいけると思う🐖YouTube風かはたまたサウクル風か...BGMはお馴染みのアレ... https://t.co/uGNBysNY4q
-1	RT @Nakahara_Kun: 勝手に伊東マリンタウンのCMソング作ってみた  作詞・作曲/中原くん  HP http://t.co/RNoJgm0VbX http://t.co/awP8Z3jpFg
1	@mayuguchidayo まるまるしてるのでまるこ...笑 え！そんなこと言ってもらえて嬉しいです😭😭お話しましょう〜❤️❤️😭褒めてくれて幸せ、、、
0	@gucchan106 いつか私もお会いしたいです！ その時を楽しみにしてますね😢❤️
0	#身長年齢握力血液型を晒してイメージ違ったらリプイメージ通りならリプみんなリプ  身長 165.5 年齢 19 握力 14と12 血液型 A
1	@soradesu_nano それぐらいの身長がよかった... 高いんですよ😢😢 そらちゃんなんせんちですか！
0	@7akusaskua7 ですよね私もそう思ってました...ウッ...
0	@gucchan106 今年20です！！！
0	@gucchan106 え！97年lineの！今年２０歳ですか！！！？わー、！！！
0	@ozk_crn @koba_maegami @Nakahara_Kun えっこれ小林くんだったのかあのコード表密かに保存して歌ってましたふええええ
0	@gucchan106 タメに...タメ口にしましょう...！笑
1	@soradesu_nano やはり身長までかわゆい😢😢💗
0	@soradesu_nano 血液型何型の可能性があるんですか！
0	@gucchan106 よっしゃー💁🏻❤️えっ高い！！！あとプロフィール欄からリア垢？飛んだけどめっちゃ美人だね.....
0	RT @kmrura_587: @shi_no_ta_ 握力小学三年生 https://t.co/qsZzKEURyx
0	@kmrura_587 吹いたwwwwwww
0	@7akusaskua7 え、ちーのさん18！？！？！？ びっくりしました...
0	@soradesu_nano えっ、、未知数そらちゃん、、
0	@ch1kq0821 何歳ぐらいのイメージでしたか？？笑 小さくなりたいです、、結構大きめです🤤💔
0	@kmrura_587 背高いのに握力こんなんやからみんな「？？？？？」やからね笑
0	@7akusaskua7 ちーのさん名前が名前だけに年齢不詳感あったので年齢があったことに驚いてるというかなんだろう、何歳って聞いても驚いた気がするけど年下イメージがなかったからびっくりしてるのか思いの外 長文に... え！何歳イメージありました？💁🏻❤️
1	@gucchan106 同じくらいの背の人あんまりいないから嬉しい！！！😢❤️❤️ 元が良くないと盛れないから〜！！！かわいい、、
1	@ch1kq0821 21いいですね...(なにが) ちかさん何センチですかー？❤️❤️
1	@soradesu_nano 確かにどれでも納得できる感はある、、
-1	@kmrura_587 しかも私タイピングも結構本格的にするんよ...手使うことばっかするのに弱いんよ...
1	@ch1kq0821 えっかわいい...でも確かに電車きつそうですね（；＿；）（；＿；）
-1	みんな私が勝手に作ったタグ乗っかってくれるから愛してる
0	@ch1kq0821 ちかさんJKイメージありました、、！
0	@henyan_kbkr 小渕サイズたまらんですね、、
0	@ozk_crn おざきさん16！？！？！？
0	@itonoa0511 のあちゃん全部イメージ通り感ある💗
0	@kmrura_587 存在がバグかな？？？？？？
1	@gucchan106 ね、いないよね... 可愛くて背高いとか反則か！！ 可愛い人みたら言わずにいられない病気なのでごめんね...同い年よろしくね...😢❤️
-1	@ch1kq0821 またまた！！🤧💕 私でも東京行ったら平均かそれ以下ぐらいになるので152せんちは満員きつそう... 気をつけてくださいね、、(なにを)😢
0	@ozk_crn え、タメ口使ってましたっけ？？笑 ていうか是非是非今後もタメ口でどうぞ...16やと思っててくれてありがとうございます...！
0	@kmrura_587 きもいきもいww
1	@ch1kq0821 じゃがりこおいしーですよね❤️笑 あ、最高な展開！！！二度とラッシュのっちゃだめですよ！🤧🤧
0	@ozk_crn あ、ほんまですね笑 いや待ってこの話はフィクションですかノンフィクションですか...？(信じてない) いやどうぞ私15歳なんで！！！！🍻🙆‍♂️🙆‍♂️🙆‍♂️❤️
-1	@7akusaskua7 ふむふむふむ！！数字にされるとやっぱ違いますよね！ 複雑すぎるでしょwwwそんなとこもすきです😋💕
0	ちなみにわたしペットボトルの蓋自分で開けれたことありません。夏東京に行ってどうしても自販機で買ったいろはすを飲みたくなった時、駅員さん通りすがりの人、様々な人に頼み開けてもらいました。「？？」って目で見られました。
-1	あとは体重の問題か存在の問題か知らないけど私にだけ自動ドアが反応してくれなくて外に出られずにずっとドアの前に立ち尽くしていたことがありました。反対側の人に不審な目で見られました。かなしかったです。
-1	しのみさん虚しい子です
-1	@7akusaskua7 そんな悲しいことをね！言っちゃダメですよ！！！私相手が私のことを好きでいてくれるなら誰とでも仲良くできる子なので！！！仲良くしてくださいねっ！！現代らしくネット上でも🐔💖！笑
0	@kikka_rabbit ふむ！！！さあやちゃんの身長イメージ通りだ…♡！！
0	@bknb_ykmh つっこみどころしかないですねｗｗがんばります…
0	@saita_kasumu その可能性がありましたか！！！一体夏に私は何度で立ってたんだろう…
1	@7akusaskua7 あっ私もそれうれしかったです！！！まちトムかみ合ったのは年齢近かったからなんでしょうかね！本の話もまたしたいです！
0	@applegg0 鮎さんー♡♡頑張ります、気合で…！私いっつも何で押さえてるんだろう。ふふ
0	@itonoa0511 まじで！！！！血液型までどんぴしゃ！！！
0	@vzy_k 19なうで今年２０です！！！！
-1	@kikka_rabbit ７センチくらい分けたいです！！！|дﾟ)
1	@bknb_ykmh えっどんなのからどんなイメージに…( *´艸｀)いい意味ですかね笑　ユキさん優しいから……ありがとうございますT_T
0	@vzy_k えっほんと！？！？！？！？！？！！！！！
0	@vzy_k ため口解禁・・・！？！？！？！
0	@kikka_rabbit お！！！！何センチになりたいとかありますか！というか15歳だったことにびっくり、、、
0	私も四捨五入したらガッキーじゃない？？？
1	@vzy_k 19か20かなっておもってたけどこないだダーリンさんとのプリ見て可愛かったので17とか18かなって！！思ってた！！はーーーーかわいいって罪！！！
1	@bknb_ykmh あんなの…どんなのだろう！！そんなの方はまだわかりますけど…きになるぅぅ！！！ユキさんお話した感じも完璧に良い方！！！
0	@saita_kasumu 枯葉に負けたしのみ…
0	@saita_kasumu そうですね！！ふみふみして埋めてきます！！！
1	@bknb_ykmh お優しい、、、😢❤️ 私服装とか場所聞く前にこの人ユキさんかなって雰囲気だけでなんとなくわかりましたもん！！！
0	なごり雪で始まりまほうのことばで終わるキャス、なごり雪で井上緑さんを知った人がやってきたらどうするんだろう、すきだけど。
0	@kikka_rabbit 出てます出てます///💗 165ー！結構四国やと高い方になれますね！！
0	今日は蜂に追い回された１日でした
1	好きって言ってくれた人に、どこが？って聞いてしまうような奴なんですが、これまで一度も「性格」って言われたことがないってすごくないですか？ねえ？クズ？
0	おねむいからおふとんのなかでおゆびがぽちぽちうごきます
0	@suimintyudoku いやいやいや、たにかわさん美人すぎてそんなの言うまでもないんですよ...
1	@7akusaskua7 みんな「中身は...うーん、まあ」 ちーのさん優しいから〜もう〜すき！///
1	@kikka_rabbit それはドリームだね😂😂😂❤️❤️❤️ えっ、、(๑╹ω╹๑ )もうかわいい路線で生きてこ？？？
1	@suimintyudoku そんなことないと思いつつもたにかわさんに言われたら素直に認めて喜んでしまいたい自分がいる...ブシャー！！😭😭😭❤️
0	@52trump96 いつの小渕さんがいちばんすきですか...！
0	@52trump96 とてもわかります…私MUSIC MAN SHIPらへん半端なく好きです…
1	@kikka_rabbit もう今のままで充分かわいいですよ！！！！かつお県行くたびにでましょうぜひ！！
0	@bknb_ykmh にじみ出てました！！(⋈◍＞◡＜◍)。✧♡私も猫さんかぶってました…( ´∀｀ )化けの皮がはがれつつある今…
0	@52trump96 ですよね…NAMELESS　WORLDらへんもやばいです…DVDの服装と髪型でその年を判断してしまう節があってちょっといけない…
0	そんでしのみんが最近いちばん頑張っているのはレイコフのレトリックと人生を借りてきて本丸々一冊全て模写...じゃないな、ワードに自分で打ち込んでいること...
0	@52trump96 全部持ってますからね...コブ(小渕)ファミですわ...🙆‍♂️誇っときます💗
0	この分厚さである。 https://t.co/bv0Qk3nQhr
-1	なぜかというと、授業でmetaphor live by（全文英語）をやってめっちゃバンバン当てられるので間違えるのが怖くなって日本語訳を手に入れれば怖いものなしなんじゃないかという結論に行き着いた末、買うのはもったいない、図書館で借り続けられない、そうだワードにコピーしよ（ｒｙ
1	@7akusaskua7 ですね？？もう中身も外見もいいとか罪な女(⋈◍＞◡＜◍)。✧♡
0	@kikka_rabbit さあやさん部活何やられてるんですか！♪
-1	@bknb_ykmh 授業中にハチ入ってきて、こわいなーと思ってたんですけど終わった後も追いまわされて、そのはちから逃げられたと思ったらまた別のハチに大学の外と駅で…。はちの日です。T_T　くだらんツイートしかしてませんけどそう言っていただけると、、、
-1	@trdtrhk なんか200ページくらいになるとスマートフォンでページを撮るのも嫌になってきてね…打つのもだるいけれども…今おかげさまで学校の無料プリンターの存在を思い出せたありがとう！！印刷は、印刷だけは学校の経費を使ってやります。
1	@bknb_ykmh え！刺されませんか！！！！？？え！？！？！ユキさんとずっと一緒にいたい……結構本気で……
-1	@trdtrhk だよね…年間1000枚くらいまでいけた気がする、絶対絶対絶対印刷は学校でしてやるほんとにありがとうわすれてた
1	@bknb_ykmh 私虫怖くて殺したいのに殺せないから平気な人ほんっとにうらやましいというかそばにいてほしいというか助けてほしいというか憧れるしもうそんなの通り超えて好きになる…( ;∀;)年下なのに気さくに話してくださってユキ… https://t.co/0doLKtMYYo
1	#たぶんこうやってフラれる ４位「また小林？」 ３位「このクロニカル中毒！」 ２位「どうせ中原の方が大事なんでしょ！」 そして… １位「国民的美少女国民的美少女いい加減して！」 https://t.co/vBEIBeROyp  やばい
1	@koba_maegami 歌い方ちょっと福山雅治っぽい？？顔のせいかしら？？ そこで手元じゃなくて顔面移すらへんがすきだよ笑 最後になったけど うまい！！！
0	@koba_maegami 過ぎてもあなたって の「あ」らへんがめっちゃすき さらっと嘘つきますねwwww いぇーーー！！
-1	君はいらないだろうな / back number  失恋したときに聞いちゃだめです多分 心なしかアルパカちゃんも寂しそう  「君といられて僕は幸せで     今更そんな言葉は     旅立つ邪魔になるだけだ」 https://t.co/1TUkvoKAjh
-1	今日は何もないとこでつまずくことが三回あってこれは偶然じゃない、老化だ〜と思って悲しくなったので 悲しい曲をチョイスしました
0	乗り込んできてくれわかるw https://t.co/KQXlAAaBMi
-1	@sakiarashi0110 ですよね！！！なんかもう勝手に来てくれたら先生も全生徒もみんな虜になること間違いなしなんで乗り込んで来てほしいですね、、😭😭😭❤️
1	@sakiarashi0110 聞いてみてOKもらえたらラッキーだしダメ元で聞いてみるのアリですよね！！☺️☺️💖私もまた生で聴きたいです、、
-1	あなたは [【腹黒度90％以上】高レベルの腹黒さ過ぎて誰も気づかず] でした | 腹黒度診断！ あなたの隠れた本性が丸わかり?!  #診断 #マイナビ学生の窓口 https://t.co/jKmfR7VXHS
0	RT @sakunano: YouTubeにあげるみたいだよ！ https://t.co/hoJCu3dwjC
0	@7akusaskua7  https://t.co/Wj6U07NhXk
0	@7akusaskua7 どうですか♡(どうということもない)
0	@7akusaskua7 ちーのさんも協調性高い！！
1	RT @Nakahara_Kun: わーいわーいLIVE映像もろたでーーーー！！！ 最近やたら評判の賛否両論曲「君カノ」です(*^O^*) 沢山の人がカヴァーしてくれて嬉しいです。  #中原くん https://t.co/noECY1TFuq
0	@7akusaskua7 私もなかなか辛辣なこと書かれてましたよ！こーゆーのは両側面から攻めていくのだぁぁぁぁ！ちーのさんお話してて楽しいのでコミュ強です❤️❤️
0	@7akusaskua7 えっいくらでも荒ぶっちゃってください...
0	RT @shirotaaaaa523: はーしーりーだーしたらっとーまらないっ(ﾊﾟﾊﾟﾝｯ) こーのきもちっ(ﾊﾟﾊﾟﾝｯ)
1	君カノ口ずさんでたら「めっっっちゃいい曲やなと思って聞いてたけど歌詞どしたん、酷いね...」て言われたんだけど私の周りどんだけ純粋子ちゃんなんだ
-1	RT @Nakahara_Kun: 1曲目にタミフルすると体力有り余ってわけわからんくらい足上げがち https://t.co/pKZY3xfbOT
-1	中原くんの足上げる動画テンション低い時に見るように保存したい
0	ずっと１限からだったので昼までゴロゴロするのがここ１週間の夢で、やっと叶えることができました今起きました🙆‍♂️💗
1	君の代わり / back number  君に会えたことも会えなくなったことも きっと意味のあることなんだろう〜  カップリング曲は本当におすすめ多い https://t.co/5ii6j22qbG
0	母「今日の朝床掃除したから綺麗やろー？」 私「そんなに床見て生きてないんで」 母「」
1	朝から地元スーパーのチラシ見てテンションが上がった、私の好きな和菓子様がやってくる🤗💗💗明日💗💗早く食べたい💗💗
1	ねえねえ赤福ってめっちゃおいしくないですか？？？？和栗と砂糖のみの栗きんとん...あーーーーたべたい
0	わたがし / back number (cover)  想いが溢れたらどうやって どんなきっかけタイミングで 手を繋いだらいいんだろう〜 https://t.co/qCuSwySGd5
1	ねえ中原くんのTシャツ着て遊びに行ってもいいとおもう？（笑）
0	@fumimi_s えっやばい何も言われませんでした？？（笑）
0	よく見なきゃ分からないでしょう...？ てことで今からイオンにこのTシャツを着て出かけますね https://t.co/otZG8v8pBL
1	@fumimi_s よく見なければ大丈夫、ですよね？（笑）
0	RT @Nakahara_Kun: 岡崎体育さんの「感情のピクセル」を泥のようにエモく歌いました  #岡崎体育 #感情のピクセル https://t.co/c1TYsDgszD
0	けんじくんぽんぽんする感じで私もされたい、されたい！！！！
0	春の歌 / スピッツ (cover) https://t.co/OzkxLf8thL
0	ヤバみ（笑） https://t.co/WP0TQoHG9Y
0	まってみずあび聞けてない
0	ただいま帰りました今からお風呂に入ってみずあびしてからみずあび聞きます
0	全然寝てないけど栗きんとんと赤福が私を待ってると思えば飛び起きられました✌️✌️✌️買ってきます♡
0	母の日にはレーベンブロイとマルセイバターサンドをプレゼントしました🙆‍♂️💕
1	可愛いもう https://t.co/y2OOHBCGz8
0	@mommy_N820 わ〜〜めちゃめちゃすてきです（；＿；）♡
0	@suimintyudoku カーネーション！！
-1	stay with me / back number (cover)  曇りひとつ無い思いに祈りを 全ての報われない想いに光を  #少しでもいいなと思ったらRT #ってタグつけたことないけど #これつけたらRT伸びますか？♡… https://t.co/AnKcOjX3ww
0	エコーをきかせて浴室で歌ってる感出しました  みずあび / 中原くん #nanamusic https://t.co/P69RPySowj https://t.co/F4dvKYJ6aN
1	@ryoku_hinata えっめっちゃ字も絵も可愛いです！！！！
0	おわらび♡もち https://t.co/JEsUkiyz6c
1	ここ２日で、ワードで3万字入力しています。タイピングが速くて？よかった、ありがとう自分
0	RT @suimintyudoku: @shi_no_ta_ カーネーションありがとう（´-`）.｡oO https://t.co/rL3EJK2tnu
1	@suimintyudoku たにかわさん絵もお上手いとかなんですか...？かわいい悶えそう🙈🙈🙈ありがとうございます♡！！
1	@nekobou_ ねこ坊さんめっちゃ歌上手いですね...声も可愛い...すきです！！🙊❤️
1	@nekobou_ りょっくんのスーパームーンの動画も聞いたんですけど上手いし声可愛いし「！？！？」って感じでずっと言いたくて、でも前の投稿すぎて言うタイミング逃してました...いやほんと好きですまた聞きたいです！！
0	とてもわかるの https://t.co/CE9qfVmtBh
1	@nekobou_ アイコンもめちゃかわで、お声のイメージと一致しました😢😢💞かわいい...(しか言ってないごめんなさい)うぎゃー、ありがとうございます😭😭❤️❤️
0	ついに明日 https://t.co/jnjkWlHebn
0	RT @acooot: 夜中に勉強したくなさすぎて変なテンションで撮りました。井上緑さんの名曲「バカップル死ね」に歌詞少し付け足して弾き語りました。僕は割とバカップルののろけツイート見るの好きです。笑  #井上緑 #バカップル死ね #弾き語り #いいなと思ったらRT https…
1	風 / コブクロ (cover)  春の朝に聴きたい曲で、好きな曲ベストテンを上げろと言われたら絶対ランクインする曲で、何度もこの歌と歌詞に救われた、私にとってすごく大事な曲🍃  小渕さんの「あなたを忘れてしまうほどの恋が胸を焦が… https://t.co/APNnu8kpBD
1	@ju_ri_1227 ファボもいい 見た目もいい でもやっぱ欲しいのはRT  のとこめちゃ好きです！！！😢💕
1	#新おーいお茶飲んでみました  ありがとうございましたー！ 前のより好きかも〜、届けてくれた箱も豪華でペットボトルも少し大きめで(525mlなだけ)ご満悦🍵 https://t.co/drxfsXutam
0	髪切りたいけど切ったら切ったで後悔しそうー。
-1	#私のこと好きな人いいね  って来なかったら超虚しいタグ見つけた
0	@soradesu_nano だいすき！！
1	みんな優しい
0	#私のどこが好きですか  こんなのも見つけたよっ❤︎ねっ❤︎
0	@vzy_k 私もさきさんビッグラブラブラブラブラヴです💗💗💗
1	@soradesu_nano そらちゃんかわいい大好き😢❤️
0	#いいねきた数だけフォロワーさんが知らないような自慢できることを言う
0	#タグ魔王
0	@gucchan106 爆笑しました
0	RT @soradesu_nano: @shi_no_ta_ 雰囲気！！
1	@soradesu_nano うれちい！！アイコンまるまるしててよかった...！
1	RT @kikka_rabbit: @shi_no_ta_ 声が好きすぎて… 毎日聞いてるんですけどアラームにしてもいいですか🙈💕
1	@kikka_rabbit めちゃくちゃ嬉しい、、🤤🤤💞こんなんで良ければ私の声で是非毎朝目覚めてください❤︎
1	RT @kmrura_587: @shi_no_ta_ パーフェクトフューマンなとこって最初に浮かんでからそれしか出てこなくなったやばい🤦‍♀️💫
1	@kmrura_587 パーフェクトヒューマン感ゼロやけど嬉しい😆😆SHI・NO・MI！あいむあぱーふぇくとひゅーまん！
1	@gucchan106 ほんとにおもしろい笑
1	@kikka_rabbit ええ、そんな言ってくれて嬉しい〜、、😢😢❤️❤️保存してくれてるの、、？さあやちゃん好きです😢❤️
1	1.タイピング全国1位 2.高校の時の模試ずっと学年1位 3.絶対音感？相対音感？ 4.ご飯だけで食べれる(なんか違う) 5.ピアノ弾ける(みんな知ってる) 6.背わりと高め(それがどうした) 7.体型は細め(うんうん) 8.かわいい(万策尽きた)
1	@gucchan106 これはずっと自慢していいと思う！！笑
0	@soradesu_nano しのみさんと中原くん
1	9.県の優秀児童生徒表彰みたいなやつ 10.まるい絵が描ける(は？？？)
0	@jirfjirfjirf すごい要素あんま無くないですか笑笑笑 なんかすいません笑
0	(っ^ω^c)♡  この顔文字使っていこう
0	RT @7akusaskua7: しのみさんやばい方や…
0	@7akusaskua7 ふえっ？？
1	11.人の誕生日電話番号をすぐ覚えられる 12.めっちゃ喋るの早い 13.元彼本気で数えたらそろそろ両手超え、そう(もはや自慢ではない、最悪)
1	@kikka_rabbit その14曲きになる！わーい☺️❤️ほんとにそんなことしてもらっていいのだろうか光栄です、、わ〜嬉しい！もう愛！！！💖💖💖
1	14.足の指がとても動く 15.手の親指めっちゃ反る 16.見た目めちゃ運動できそうって言われるのに実はものすごい運動音痴  もはや自慢じゃない、自虐
0	@kikka_rabbit しのみ起こしまーす💗💗😆大役🙆‍♂️✋️✨起きれる曲歌ってたっけな、、
0	@bknb_ykmh どれですか？？笑 だいたいやばいですよね、、、
0	RT @soradesu_nano: @shi_no_ta_ 今の中原くんはかけないですわ https://t.co/y5ML5YLyFG
1	@soradesu_nano えっすごいそらちゃんほんまにすごい...待ち受けにした！！！！ありがとう！！！
0	@chipp999 うふふ
0	@kikka_rabbit また起きたら教えてくださいね❤︎(え)
0	@7akusaskua7 いやいやもうそれだけなんで、、それだけを誇って生きていきます...笑
0	17.話す相手と場所によってノリがコロコロ(それはどうなんだ)
0	@kmrura_587 せーちゃんいっつも褒めてくれる〜愛しか芽生えん🤤🤤💖💖
0	@bknb_ykmh 14からはもうヤケになりました笑笑
1	@7akusaskua7 ちーのさんほんまに優しい😳💞滅相もございませんもうだいすきです！！
0	@kikka_rabbit あさげ...！明日テストなんですね、がんばって...😭✨💕報告待ってますね♫♫
0	@kmrura_587 あうぅ！ムチムチしてね、、、(?)
1	18.潔癖症(これもどうなの) 19.県の新聞の感想文コンクール三年連続最優秀とか優秀もらった
1	@bknb_ykmh 静かな人とは静かに話できるし、キャーキャー！みたいな人とはギャーギャー！できる...的な感じですかね❤️❤️笑
0	@gucchan106 めちゃかわ、、
1	@gucchan106 白目でも溢れ出る可愛さ、、
1	20.LINE返す速度に定評あり 21.行動迅速。歩くのとか帰るの超早い言われる  しのみさんそんな自慢できることなかった...
1	@bknb_ykmh えーユキさん初対面でめちゃめちゃ気さくに喋ってくれました！！❤︎
0	しのみちゃんの、リア垢でもみなさまと繋がりたい期到来！🙆‍♂️💞㊗️🍃
0	リア垢とインスタふぉろーしてください❤️❤️❤️期と、あっいやもう日常がバレちゃいそうでどうしよう///期がある、なんだこれ
0	@ryoku_hinata LINEしましょ❤︎❤︎
0	DMくれたら教えます👦🏻💖👱🏻‍♀️うふ https://t.co/VCGKseXku5
0	@ryoku_hinata もちもちもちろんです！！！ 通話の方じゃなくてごめんなさい！！😢❤️
-1	RT @Nakahara_Kun: 365日中285日くらいのTwitterTLの内容 https://t.co/dUavSOJ19j
0	震度5の地震きてもおっぱい揺れない
0	北海道が絡むとみんな#さきさん化 ？？ https://t.co/nNCvocMZdp
1	@ozk_crn かわいい❤︎
0	RT @shi_no_ta_: なごり雪 / イルカ (cover)  雪肌精ですよ！井上緑さんですよ！井上緑さんが5/16から雪肌精のCMソングしますよ！ https://t.co/J5uLMKQHYr
-1	RT @Youmechan_: #弾き語り #なごり雪 #かぐや姫 #イルカ #井上緑 #カバー #CM #雪肌精 #ゆーみ歌  5/16たのしみすぎる〜〜〜〜😫💞 りょくさんの歌声が全国のテレビで流れる〜〜〜〜😂✨ https://t.co/Jv5zjPbBj2
0	@koba_maegami 名曲、、、
1	@koba_maegami 貴方の目線の片隅にいたくてらへん好き！！いや全体的に好き あなたは気づかない〜 まで入っとるよん🙆‍♂️🙆‍♂️❣️
0	@koba_maegami フルも楽しみにしてますね！！🐰
0	@koba_maegami 出でよクロニカル..！わくわく
1	CM見れなさすぎて、もはや私がガッキーみたいなとこあるし自分が雪肌精使いながらりょっくんのなごり雪流そうかみたいなとこある。(ない) 早く見たいなー、おめでとうございます！！！😭💕
0	なんで大学にはテレビがないんだよ
0	自撮りです(ほざけ) https://t.co/2STyxs9dj5
0	@susu_0703 ついに、ついにね！？雪肌精マジック☃️
0	@kikka_rabbit やっぱり？？🤤💖
0	生まれ変わりました
1	@Zizi_in_Kantou ありがとうございます！！ 今日から毎日ハッピーです♡
0	みんな誰？
0	@ozk_crn こんにちは！新垣です！
0	@ozk_crn アラガキです😆ガッキーって呼ばれてます😆♡
0	@ozk_crn え、おがきさんー！、奇遇ですねー！！😳❤️❤️
0	新垣本日の授業終わりました👦🏻 お疲れさまでした👦🏻🍃
0	１分前にしようと思ったことをホーム画面に戻った瞬間わすれました。あるつはいまー🐰
0	そろそろガッキーに怒られますかね
0	@msmn__oO めっちゃ字タイプです！！
0	全問正解！ しのみさんの漢字力は【1級】大学生・一般レベル[超難度]  みんなも挑戦してねー   https://t.co/VMqdVZ7ui0 #漢字力検定  わーい
1	@msmn__oO これは上手いですわ！！見てて飽きない...🤤❤️ 確かにお初です！はじめまして！！ きゃーほんとですか、ありがとうございます、、！
0	@sksk5543 フォローしにいきましょうか！♡
0	@vzy_k すきwww
0	@sksk5543 今フォローしたやつがそうですp(^_^)q♡
0	@sksk5543 ？？？？？笑笑笑 ありがとうございます♡♡♡！
1	@chipp999 すごい
0	@chipp999 さすが...！彼氏様...
1	アイコンどっちがいいですか
1	@chipp999 段弾....#さきさん化 このタグめっちゃ活用してます私www はやく読めるようになりますよーに！♡
1	@chipp999 あさきとうさしいます！！！！ いややってみてわかる、逆にすごいさきさん
1	@chipp999 可愛いですよね♡
0	@chipp999 (癒される)
0	#いいねされた数だけ好きな曲紹介する  したい！！
1	ガッキー好きな皆さんごめんなさい まるこちゃんに戻しますね... https://t.co/p0a74mwSHS
0	#新しいプロフィール画像 https://t.co/SjVtRMkWqz
1	@bknb_ykmh よかった...笑
1	同じ空の下 / 高橋優 加藤千恵さんの「いつか終わる曲」って小説の中に出てきて、iTunesで視聴しながら読んだ〜。もう頑張れないって思った時に聞くとあと一歩頑張れるって曲。イントロのギターも素敵で、メロディーひとみみぼれした。ぜ… https://t.co/5qWRvCLKsR
1	繋いだ手から / back number  切なめの歌詞を明るいメロディーに乗せてる曲が好みで、それの どストライク！もう戻れないあの頃も、持ってきてしまった後悔も、こんな曲に乗せて飛んでいけばいいなあと思う。でも、心の隅の方に残… https://t.co/ashvMfIWXo
0	@7akusaskua7 出てきます！！！！ 曲を題材に小説が何個かオムニバス形式で入ってて、曲を知るきっかけにもなりますし文章も綺麗ですしおすすめです✨
1	@7akusaskua7 そーなんですよ！！！表紙も可愛いし、１つのお話を何人かの視点で描いててそれもまた素敵です、、
-1	CQCQ / 神様、僕は気づいてしまった  「あなたのことは、それほど」の主題歌で聞いてハマった、ほんと一度聞けばわかる🐰(雑) 主題歌からハマること意外とないので珍しい！Aメロでどんなサビ来るんだろう？と思わせてサビの盛り上がり… https://t.co/SHnU9tjkYV
-1	悪い癖 / My Hair is Bad  何万回君が目を瞑って僕に言わないでくれた言葉って... 会話調で進んでいく歌詞と、「何万回〜」らへんが頭から離れなくなる https://t.co/BArn0uRtJR
1	愛ゆえに / My Hair is Bad  「あ、いや、もう、ごめん、あの、その、いや、って は？は？は？」らへんにハマって抜け出せなくなった〜歌詞がどうこうとかでなく普通に あ、これ好きってなってしまった。言葉の運びって言うん… https://t.co/g5uYHLbEaK
0	風 / コブクロ  薄手のシャツじゃまだ少し寒い春、っていう表現が好みすぎて。あなたを忘れてしまうほどの恋が胸を焦がす日までこの道は誰とも歩けない、とか 好きという言葉を使わずにここまで誰かへの思いを表現できるものなんだなあと中2… https://t.co/f2crblM8Kz
1	Ring / コブクロ  いやほんとこれはライブver聞いて欲しくてたまらないんだけども アコースティックライブの時がたまらない ハーモニカにピアノにギターにカホン、後奏が至高、その時の小渕さんのかっこよさ、これはもう。(語彙力) https://t.co/BArn0uRtJR
0	blue blue / コブクロ  「いろんな時君を思い出すよ、それは何の繋がりもない日常のワンシーンで」ってワンフレーズにやられました。そうなの！！彼女と街を歩いてるんだけどどうも上手く振る舞えない、そんな日を描いた曲！聴いたら… https://t.co/YdgqxEC1P5
0	コブクロで埋まりそう、幅が...
1	アゼリアと放課後 / 秦基博  真夏の交差点 真夜中のレール 真昼の月 真冬公園のベンチ  まぶしい放射線 出発のベル 都会の雪 翳る鉄塔の向こう  ただ情景の単語を連ねただけなのに、何か込み上げて来るものがあってすごく悲しくなる… https://t.co/4jop9trkMc
1	ねえこんなんほんとに紹介しきれないよ〜〜でも楽しい〜
0	勝手にしやがれ / 沢田研二  もうこれはどうとかじゃない。 ただ単に好き。 せめて少しはカッコつけさせてくれ〜！ https://t.co/BArn0uRtJR
0	みんな知ってる曲を言ってもありかしら 少し簡易に 攻めていきましょう
1	11.売れないミュージシャンのうた りょっくんにハマったきっかけの曲 ようつべで何十回も聴きまくりました  12.Stand by me 「僕のそばにいて」ってシンプルな願いも、この歌に乗せてあの声が届けてくれたならまた違って聞こ… https://t.co/eBwtxcqf8H
-1	13.いまだけは これ聴きながら寝てます  14.酒飲み讃歌 ツアーファイナルのライブ映像で初めて聴いて、なんだこれは？ってなった！ 弱音とかため息の代わりとか、 お酒って悪くないじゃん と ん、そーゆーことなのかな ほんとに讃歌… https://t.co/xNRuUrvqvu
1	15.君カノ 最低上等！！この曲のなかに良くないフレーズが見当たらない、どこを切り取っても名曲なんだけどあり？？ひとみみぼれとはこのことだった  16.秋深し 中原くんの曲の中でいちばんすきかなー。からふるぽっぷきゃんでぃdisc… https://t.co/iIRvWvaPtW
1	中原くんの曲挙げようとしてたら好きじゃないものが本当に本当に１つもないのでこれやってたら終わりませんと言うことに気づいた。メルティーキッスとかマリンタウンとかの、何秒かのものも全部うわーって持ってかれるどストライクさ〜、あの声で歌… https://t.co/QNMauvYULb
0	She's very / [Champagne]  これ君のことだねって言われて聞いてから、和訳調べて 音楽聴いて そっからどうもハマって口ずさんでる  https://t.co/YrpaTJl2ic 和訳。 https://t.co/BArn0uRtJR
1	@hiroki_bn ハッピーエンドだあー！うまい😳✨
1	@hiroki_bn いい曲よなあ〜〜 ある！！いえいえ！！🤓💜
0	@hiroki_bn back number会議開きたい（笑）
0	@hiroki_bn りょ💜(実現しないやつ)
0	今日「いまだけは〜僕の時間は〜僕のもの」って歌ってしまって当たり前かよｗｗｗって１人でウケてた
0	どれですか
0	@Cal_ci_fer ふむふむふむ！！ありがとうございます！！
1	RT @Nakahara_Kun: 今日は特別に僕の特技を披露します。 全世界の誰よりも情熱的に朝の挨拶が出来ます。 https://t.co/USY69ANVDH
1	RT @Nakahara_Kun: 朝のおつとめ。寝起きで声ガサガサだけどうまい具合にエモくなったので。 天才バンドの「君が誰かの彼女になりくさっても」という曲を弾き語りしました。よければ聴いてやってください #30秒弾き語り  #中原くん  #天才バンド https://t.…
-1	RT @Nakahara_Kun: 2月末というのに朝の公園は相変わらず寒いね。 SHISHAMOの「僕に彼女ができたんだ」を弾き語りしました。よければ聴いてやって下さい。  #30秒弾き語り #中原くん #SHISHAMO https://t.co/OGvCSXEucl
0	RT @Nakahara_Kun: 左側が画面割れて白飛びしてますが コレサワさんの「タバコ」という曲に半端なく感動したので弾き語りで歌ってみました。宜しければ聴いてやってください。  歌:中原くん #30秒弾き語り #中原くん #コレサワ https://t.co/ucyXP…
1	RT @Nakahara_Kun: 【祝50周年】 キャッチーなポッキーの歌 歌:中原くん  ポッキー君に一本あげる そこから始まるコミュニケーション そんなこんな言ってたら50年 これからもお付き合いよろしくね もっと 濃く(コク)深く  #弾き語り #ポッキーの日 http…
0	RT @Nakahara_Kun: 井上緑君のアルバム「弱さ」から、stand by me を歌いました！  お願いダーリン僕のそばに居て 喧嘩した夜も笑った朝もずっとずっと お願いダーリン僕のそばに居て 不甲斐ないけど話も一つも面白くないけど そばに居てよ ねえ https:…
1	RT @tuyudakumeshibe: 事務所の会長からしこたま怒られた僕のオリジナルソングです！ 聴いてね(っ^ω^c)♡  かわいいあの子のおまんこ 作詞作曲:オリモーノ*ヴァッギーナ http://t.co/g0bXCPV8ve
0	RT @tuyudakumeshibe: きょうちゃん神回ダンシングサムライ http://t.co/JHDIkZGpTp 神回ですわーwww
0	@USUSHIOki わーいフォローありがとうございます！
1	@USUSHIOki まじですか〜嬉し恥ずかし🙊 ありがとうございます♡
0	みんな褒めて(情緒不安定)
1	@7akusaskua7 ！！！大好きです
0	RT @Nakahara_Kun: 前半となりのトトロを歌ってみました♪ 後半その動画での挙動を解説しました。 https://t.co/4lppvSWUGb
1	RT @soradesu_nano: @shi_no_ta_ しのみさんはピアノみ弾けて、歌も上手で素敵です！すきです！自身をもって！
1	@soradesu_nano そらちゃん嬉しいありがとうすき！、誤字ってるところもすき！！
0	@koba_maegami そういうこと！！！！！！！！(？)
0	@myonmyon65 しのみんできました
0	３月９日の「流れる季節」とか「溢れ出す〜」のメロディーに聞こえるイケメンなごり雪 https://t.co/4W9ZqHuUTw
1	こととろとか こぱんだ とか 語感フェチといいますかなんていいますか の私にはたまらない感じですね。 こ○○ で可愛いことば募集しております宛先はこちら！どしどし応募してね
1	@myonmyon65 ほんとさすがしのみん☺️☺️☺️❤️かわいい https://t.co/fOGhSL4aCH
1	RT @rpqs4: 「でも幸せならOKです」の彼、動画で見るとより一層いい奴に感じる。 https://t.co/f18teydGTu
0	@koba_maegami @7akusaskua7 まさかの笑
0	@koba_maegami .......あれ？
0	@myonmyon65 ※実物と多少異なる場合があります
0	@7akusaskua7 .....ん？🌾
1	@koba_maegami ごめん美少女小林よりイケメン小林が好きなんだ...
0	@rnanoha_project 私も今日長澤まさみでした...
1	@utautai0213st 語感よりコイハルさんがかわいい！！
0	@utautai0213st こちらこそリプありがとうございます♡♡
1	新垣結衣よりも長澤まさみよりも君が可愛いよって言ってくれる人と付き合いたいです。無理ゲーーーーー
1	@utautai0213st ふえーー嬉しい😢😢❤️❤️ありがとうございます、、！仲良くしてくださいこちらこそ！！❤️🤤
1	確かに。新垣結衣よりも長澤まさみよりも可愛いよとか言われたら何言ってんだこいつ嘘くせえとしかならないことに気づいた https://t.co/KbWtWkFfOt
0	@ch1kq0821 (Answer)２日寝ない
0	@ch1kq0821 おめめをとじてひつじさんをワンツースリーフォー... ちかさんが寝れますように😢😢
0	@rxl_jp 🙅だめーーー🙅‍♂️
0	@ch1kq0821 しのみさんのアイコン数えてください🤤寝れます🤤❣️
1	@ch1kq0821 まぁるいのwwwwwちかさんすき...
0	(意訳)君のいちばんになりたいんだよ😉😉 https://t.co/4b7lARqT2D
0	@rxl_jp ダーリン...
0	@haru08_20 キャ、キャー///
0	@kmrura_587 自分が男の子になった時になりたいってやつめちゃめちゃわかる！！！
1	@kmrura_587 そう！！付き合いたいのと自分がなりたいのは違うけど、好みという面で言えば自分がなりたい方が理想に近い気がする！
-1	RT @Nakahara_Kun: 勝手にミスタードーナツのCMソング作ってみた  作詞・作曲/中原くん http://t.co/UfXg43OG9V
1	RT @Nakahara_Kun: 【夢も風情もないクリスマスソング】 SNSに居らっしゃる方の大半は今年のクリスマスをひとりで過ごすのだと、政府の独自の調査によって浮き彫りになってしまったそうです。そんなみなさんにエールを送るべく、曲を作ってみました。みんな頑張ってね！  作…
0	最近中原くんの過去動画をあさって布教活動に勤しんでいます、しのみです。こんばんは。
0	RT @Nakahara_Kun: Meltykissの歌を作って歌ってみました。  幾千の言葉を並べて 愛を語るなんて要らないの 甘く優しい口づけで とろけさせてよ Meltykiss  作詞作曲:中原くん #30秒動画 #弾き語り #タイアップ募集中 https://t.c…
1	@Nakahara_Kun あっ/// これからも中原くんの素晴らしさを世界に伝えていきます♡
0	RT @Nakahara_Kun: 最the高 https://t.co/RWfbsyockb
1	RT @Nakahara_Kun: 「今年もベストアーティストに呼ばれなかったうた」 本気で狙ってたんだけどなぁ…来年は出たいなぁ…  作詞 作曲 中原くん #ベストアーティスト https://t.co/rb1Fj0PoCu
1	RT @Nakahara_Kun: まだ花は咲かないけど、蕾は確かに付き始めました。 ここはスタートライン、いつか花咲いてその末に枯れ果てるまで僕は『さよなら』なんて言わない。 absorbさんの「桜ノ雨」を歌いました。  #30秒弾き語り #中原くん #卒業式 https:/…
0	RT @Nakahara_Kun: ブルゾンちえみさんの素晴らしい語録に僭越ながらメロディをあてて心を込めて歌いました。聴いてください  二次創作曲「ブルゾンちえみ」です。 #ブルゾンちえみ https://t.co/TxYWE6fyxK
1	RT @Nakahara_Kun: 来週には高校生が卒業式だそうですね。 Kiroroの「Best Friend」を弾き語りで歌いました。良ければ聴いてやって下さい。  #30秒弾き語り #中原くん #Kiroro https://t.co/rBDlTCLJA1
1	RT @Nakahara_Kun: SilentSirenが大好きです。特にゆかるんが大好きです。「ぐるぐるワンダーランド」を弾き語りで歌いました。よければ聴いて下さい。  #30秒弾き語り #中原くん #SilentSiren https://t.co/mKXrKyrSoV
0	RT @Nakahara_Kun: ましゅう君(@gibjr_music)と遊んでたので一緒に30秒オリジナル曲を作って歌ってみました！  タイトルは「田植え」です。 5月になったね、田植えの季節だね。  #30秒弾き語り #ましゅう30秒 #中原くん #ましゅう https:…
0	@kmrura_587 わかりゅ
0	私に内カメで撮らせるとブレる説が出たのでそんなわけないわと思ってカメラロール見返したらそんな訳しかなかった https://t.co/enKRAfcJlj
0	@kmrura_587 なりてえええぇぇぇぇぇぇ！！！！！ https://t.co/hOAqe1PepK
0	@kmrura_587 んん...？？？？イケメンと...？？？ん...？？？
0	私は...グランプリ...国民的美少...女... https://t.co/7I5zRhvlWw
0	@kmrura_587 えへ、言わせた♡♡笑
0	りょくさん グー しのみさん チョキ 本物美少女 パー  このチームワークよ
0	@myonmyon65 ハッ そういうからくりが
1	@7akusaskua7 えっちーのさんいい人
0	@kmrura_587 なにをなにを♡しのみん許された♡せーちゃんに許された♡るんるん
1	@uuaaneru ！？ 愛してる
0	@myonmyon65 その私に勝つりょっくんは宇宙的イケメン？
1	@uuaaneru 嬉しくて涙が出てきた❤️(Ｔ＿Ｔ)
1	@myonmyon65 あーーー無限ルーーーープ！
0	RT @soradesu_nano: うわぁぁぁ！美人！ https://t.co/h8m3j1NE5o
0	この写真ならこれかしら！(？) https://t.co/Jp4Smh40ST
0	@kmrura_587 えっ...いやんごめん...はーとポイしたから...
0	@myonmyon65 そうですねみんなガッキーですね
0	@soradesu_nano うけたww
-1	@vzy_k @7akusaskua7 誤字女王変なとこばかり見つけるでない！！！！
0	@vzy_k @7akusaskua7 全国的wwwwx
0	@vzy_k 市民はやばい
0	@vzy_k いやさきさんの言葉の振れ幅？がやばいwww 私は町民的美少女です、、、
0	@vzy_k ふれ、、ばば？？？👵
0	さきさんの手にかかると私は おばばにもなすびにもなります
0	@vzy_k けいさんにもなりますよ！！！
0	@vzy_k @7akusaskua7 えっちーのさんに直接やってもらいたいです(意味深)
1	@vzy_k けいだよ〜さき可愛いね〜😍(皆さんごめんなさい)
1	@vzy_k こないだも可愛いゆーてましたよね♡うらやましいなあもう！！！♡
0	えっちーのさん発祥私で申し訳ないのですが、略すと正しくはモッチーノさんですみんな間違えないようにね！！！
1	@vzy_k 可愛い彼女見てるからですね
0	@vzy_k ごめんなさい！！！！美少女黙りまーすっ😳❣️
0	@vzy_k 美を舐めすぎて美の世界の神にヤラれる
0	@vzy_k なんの話なんだろう
0	@vzy_k 殺られる！！の！！
-1	私も滑舌悪いの直したいコンプレーックス
1	喋るの速すぎて自分でも何言ってるかわからなくなる時は、たまにある。口が頭に追いついてくれない感、、
1	@ryoku_hinata まってまってめっちゃ字かわいい好き！！！！！😭❤️❤️❤️ ありがとうございます、、！
-1	３月くらいから注文してるコブクロさまのCD、５月末とか遠い遠い思ってたけどあっという間だったなー。
0	シングルはもちろんやけど特典のアコースティックライブDVDが楽しみで楽しみでもう😌😌
0	あるを有る ないを無い いるを居るって必要ないところで書く人、ん？ってなってしまう。
0	ついったーばくばぐぅ
1	ReLIFE見たかった〜中川大志〜かっこいい〜😿😿😿😿
0	iTunesカード600円という微妙な額が手に入ったのでりょっくんの全ては現在にあるの曲買ってるんですけどね、２曲は決めたの、あと一曲なににしよう
0	うえーん
0	ずっと試聴なう
-1	@soradesu_nano それ弱さ！！！！あうあうあう！もってるー！！
0	@soradesu_nano そうです！！
1	鳥が鳴いてる 空が明るい ちゅんちゅん おやすみ
0	ラレミファ♯ミレレ〜 ラレミファ♯ミレレミファ♯〜 ラレミファミレレ〜 ラレミファミレミファファ〜  みたいな曲のタイトル分かる人いませんかぁぁ
0	@Mnnn_ocd そうでした！！！ありがとうございます！！😭😭😭❤️❤️
1	@Mnnn_ocd ほんと知りたかったけどなんて伝えていいか分からず、、あんな説明(?)で分かってくれて感謝です😿😿
1	@Mnnn_ocd タイトルも知らずに聞いてたんですけどsummerめっちゃいいですね😢おすすめなんかあれば教えて欲しいです😢❤️！
1	@Mnnn_ocd 聞いてきた！！めっちゃいいですね😿😿勉強のBGMにしよう、、
0	ごめんよ僕が馬鹿だった / サザンオールスターズ  サザンはどの曲も良いけどその中でベストスリーに入れるならこれ！！イントロも歌詞の運び方もサビもやばい てかキラーストリート(アルバム)どれもやばい。 https://t.co/BArn0uRtJR
0	@Youmechan_ あれはやばいよね！！ロックンロールスーパーマンとか雨上がりにもう一度キスをしてとかもめちゃめちゃすき！！
0	RT @Nakahara_Kun: もしもLOTTEのTOPPOが他のチョコスティック菓子に嫉妬するタイプのメンヘラ系女子だったら https://t.co/0U1qVKNSvM
1	@Youmechan_ わかる！！！彩よい、、夢の中へ僕を連れてって〜♬
1	@hiroki_bn とてもとてもわかる。うぅーいつも本気-Honkyって〜 とことかもヤバい😯🔥❤️(伝わった)
1	@Youmechan_ エロいのも切ないのも可愛いのもかっこいいのもいけるあの外れなし感どころか当たりしかない感やばいな、😢❤️
0	@hiroki_bn ほんまな！！趣味合いすぎ🐶❤️ とか言ってたらサザン歌いたくなって録ってた笑
-1	ごめんよ僕が馬鹿だった / サザンオールスターズ (cover)  桑田佳祐さまは神👼 https://t.co/WQOUgTJcDU
0	@hiroki_bn 趣味合うところ探したらもっといっぱいありそう(⌒▽⌒)！ RTありがとうー🤤🔥
0	@hiroki_bn うんうんうん！！ そんなん言ってくれるのはかみくんだけよ、、💏
1	@hiroki_bn あるある、、👼かみくんいいひと❤︎
0	@7akusaskua7 おててきれい
0	８月６日 / 高橋優  佐藤健くんがA-studioで歌ってるの聞いてハマった曲。８月６日晴れ〜とか３月６日くもり〜とか、天気も混みで情景想像できて、歌詞が日記みたいになってるのも素敵。大体同じメロディーなのに切なくなったりほんわ… https://t.co/g64Y99dWT7
0	@ryokkun_ryokkun おうちにいました！！ https://t.co/u5uCS12MoC
0	@msmn__oO ちらちらっ
0	今日は二度寝ならぬ三度寝をしました。
0	RT @used_honnou: HONNOU プレゼント企画  こちらのover silk jacketを元払いにて、無料でプレゼントさせていただきます。  応募方法は『こちらのアカウントをフォロー、こちらのツイートをRT、お気に入り』の3つです。  締切は6/20 22:0…
0	ドライヤーで乾かす時、中がこんなになっていることを今日ってか今初めて知ったんですが、これはなにがどうなっているの？燃えてるの？ https://t.co/FLYqss0gNW
0	下北沢よ、全国に飛び散れ！ 下北沢よ、全国各地に飛んでいけ！ https://t.co/Yb4Rn2H09O
1	@Edamameyu_sha ふむふむふむ！！電気ですね！ ありがとうございます少し賢くなりました...
1	RT @tmfrstadst: しのみさんの動画、stay with me、すごくいいですー！すきです！
0	@tmfrstadst いまみつけました！！！笑 いっつもありがとうございますさーさんだいすきです、、😭❤️
1	@tmfrstadst 私もたぶん前さーさんが来てくれたときから2曲ぐらいしか歌ってないのでよかった！(なにが？)いっつもRTしてくれたり呟いたりしてくれてる〜後で見つけたりしてもうめちゃくちゃ嬉しいです〜😭❤️
0	@shirotaaaaa523 しろたさんお誕生日おめでとうございます！！！！！どんどんぱふぱふ！！！❤️💍😘🌟🍃❤️
1	@shirotaaaaa523 わーーーありがとうございますいっぱい嬉しい😭😭❤️❤️❤️こんなんでよければもう是非是非聞いてやってくださいすいませんありがとうございます、、これからもよろしくお願いします、素敵な一年になりますよう♡
0	@koba_maegami ( ✌︎'ω')✌︎
-1	@koba_maegami かなちい！！！！！
0	RT @aki_313_east: ニュースのインタビューに出ただけで時の人となった一般人四天王が出そろいました https://t.co/CYrcTI6UKv
0	@sakunano 四国に...四国に来てください...
0	@koba_maegami よくわかってる
0	@sakunano わー！楽しみにしてます😭❤️フォローもありがとうございます！！
1	前半爽快、後半切ないで、ストレス発散効果抜群だし大事な人を大事にしたいなあと思う映画だった最高〜久しぶりに試写会行ってよかったと思ったこれは是非是非、おすすめ。  #ありがとうローガン
0	髪をきーったのよー
1	RT @majolica_tweets: ＼あと27日！めざせストライク♪／  #マスカラ1年分 が当たるチャンス！  ①このアカウントをフォロー ②この投稿をRT ③その場で当たりが分かる   詳細は https://t.co/iyiYAwqclf  #マジョリカマジョルカ…
0	「雪の降らない街」絵本、買っちゃいましたーーぎゃーー😍
0	@sasakure1983 まけない！
-1	@sasakure1983 れいもんどさんそんな低いですか！？😍勝負しましょね😍😍
1	さきさんに本垢ファボ爆くらった可愛い♡♡♡♡♡
0	@vzy_k さきさんさきさんさきちゃん❤️❤️❤️
0	絶版本GET、、、泣いちゃいそう https://t.co/jVYzZ3vpiw
0	RT @rxl_jp: 5/3 四谷天窓の映像をすこしだけ... アイコトバ / 井上緑(cover) https://t.co/iNU0cmMjQl
