0	明日に備えモンハンリハビリ中。2Gやってるが、つくづくスキルありきな戦い方だなぁ…
1	RT @Jleaguebot: 俺、マジでサッカー好きなんすよ。マジでもっとサッカーやりたいっす。  ー松田直樹ー
0	一狩りいこうぜ！ ガンランス最高！！
0	モンハン4きたぁ！ さすが佐川早いほうだ。これが黒猫だったらギリギリか少し過ぎても午前に配達したことにするんだろうな
0	スペランカー  #モンハンより難しいゲームあげろ
0	祐昌2号からケンペス2号に繋いて先制！！#jefunited
0	やっと野良アイルースカウトできる  #MH4
-1	ここ最近のワルイパターン。前半と後半別のチームだよなこりゃ #jefunited
1	今日の試合はブーイングで十分だ！ 本当に二位以内入りたいか？？ #jefunited
0	台風近いなぁ。今までだったら台風怖く感じたがゲリラ豪雨も喰らったからそう感じなくなってきた…
0	ボロス装備できたぁ  #MH4
0	胡麻倒せたぁ  #MH4
1	看板娘かわいい♫  #MH4
0	“@famitsu: 【速報】『モンスターハンター フロンティアＧ』がPS Vitaで登場決定！【TGS2013】 http://t.co/1E0LMUFQlG”  ほほぉ、vitaでもか… 年末はゲームで忙しいや
0	ブーイングする気にもならなかった… 永輔さーん、坂本隊長ー、大輔さん… 復活してー #jefunited
0	昨日まで某鼠の国へ行ってきた。二日てすれ違いが600越えた #MH4
0	黒猫に本日の午前指定と希望の荷物が届くハズだが、何故同時に届けてくれんのだろう。こんな非効率なことしかできんのだろ 腐ってるわ…
0	ハマーン・カーン賞 そのような賞が実際にあるなんて‼️
0	RT @DQ_X: 「ドラゴンクエストX」Windows版発売記念！フォロー＆RTキャンペーン！ @DQ_X をフォローして、このツイートをRTしよう！ 抽選で50名に非売品のスライムバッグ（ターコイズ）をプレゼント！ 10/3まで！ http://t.co/JWXl5CK4w…
0	RT @DQ_PR: 「ドラゴンクエストX」Windows版発売記念！フォロー＆RTキャンペーン！ @DQ_PR をフォローして、このツイートをRTしよう！抽選で50名に非売品のスライムバッグ（ワインレッド）をプレゼント！10/3まで！ http://t.co/qWsi6DrU…
0	“@aruaru_soccer01: J1かJ2かで、マスコミの扱いはかなり変わる #サッカーあるある” もう少しJ2も日本のプロサッカー扱いして欲しいね。
0	あれ？ジェフってこんなつまらんサッカーだった？？ シュートまでいかなさすぎ…   #jefunited
1	さっ、来年も日曜休みを多く取ろう…  #jefunited
0	愛媛が勝った！ 一平くんの呟きが楽しみだ！
0	ＺＩＰ－ＦＭ２０周年おめでとうございます。開局の社長らしき人物の開局宣言から聞いてます。いまは夫婦ともどもＺＩＰ聞いてます！　#zipfm
0	いつものパターンならもう一点取られて負け。ヤル気あるなら意地見せろ！！  #jefunited
0	桜塚やっくんが逝ってふと思い出した… ねぎらーめんの二人共今年同時に！？ これもなんの因果だろう😭
0	今迄以上に秘書に悩んだ… どれも魅力もない、どーでもいい3人… あー、サカつく6、7辺りの秘書復活しないかなぁ…  #サカつく
0	俳優・声優の檀臣幸さんが５０歳で死去　「仮面ライダーＷ」など ― スポニチ Sponichi Annex 芸能 http://t.co/QfJDT5UY3T クロノクル・アシャー大尉に敬礼！
-1	“@estadi14: 柿谷の脆弱な部分は今に始まったわけではない。それを一部マスコミやファンは勝手に持ち上げ、一気に叩き落とそうとしている。これは危険。彼はサッカー選手として特筆すべき才能を持っているが、完成度は低くまだ成長段階。” 日本メディアの悪い癖ですね
0	朝起きてびっくり！天皇杯中継あるではないか！ ありがとうBS-NHK!
0	秋だねぇ。太鼓鳴らしながら家の前通過ー
1	RT @aruaru_soccer01: アウェイの遠征で味方チームのユニホーム着ている人を見るとなんか安心する #Jリーグあるある #サッカーあるある
0	“@gekisaka: 元日本代表前園容疑者を現行犯逮捕…タクシー運転手に暴行 http://t.co/hW8ugJqDu4 #gekisaka” 酒は飲んでも吞まれるな ですな。
0	前半の失点は事故事故。久々に見応えある試合してる。さぁ、逆転しにいこう！ #jefunited
0	森本！点欲しいの解るがこうひと工夫してくれ！！ #jefunited
1	ふかいいいいいいいいいいいい！！  #jefunited
-1	Jリーグラボ観た。2リーグ制、お金に関しては止むを得ないって感じですね。ですが個人的には曜日固定開催を早急に検討して欲しいかな。未来のJリーガーひもっとプロの試合を観せさせたいですね。個人的にはホーム遠征が辛いのですが …
1	オシム氏　代表に提言「ボランチ本田」「柿谷、欧州行け」 ― スポニチ Sponichi Annex サッカー http://t.co/0lADJk7PdN この方がいいかもね。
1	なんでこんなレッズ強いんだ？  #サカつく
-1	RT @sergio_echigo: ザッケローニそのままイタリア帰れば？こんなやる気の感じられない試合はひどい。 #onestadium http://t.co/MqPXBnWz7C
0	日本失点！ 今更驚くことないや。
1	さて、負けるはいいが何か得るもの見せて負けるか、ただの東欧旅行で終わるか…
0	それでも遠藤残すかぁ。遠藤の代役もしくは遠藤抜きの想定はしないのか…
0	“@ippei69: 出してくれないと、評価も結果も出せないよ(*｀へ´*)” 蛙でも解ることなぜ試そうとしない？？
1	“@sergio_echigo: 明日ザッケローニ監督に台風26号が直撃するよ。風当たりが強くなる。 #onestadium http://t.co/ywIzALZiKa”  久々吹いたw
0	台風は過ぎ晴れてきた。午後から外出しなきゃなんでそこまでJR平常運転してくれんかな
1	オシムの目に涙！　悲願達成したボスニア｜コラム｜サッカー｜スポーツナビ http://t.co/081UMLHPMz 「オシムの言葉」読んでからオシム氏の半生、東欧圏の状況等知ることができましいた。課題は山済みですがこれをきっかけに平和に近づきますように。
0	リ、リティがフクアリに！？ #jefunited
0	“@Thespa_News: [#THESPA 公式] 弊クラブ所属の後藤涼に関するご報告 http://t.co/88tEGahxc2 #thespakusatsu” こ、これはいけませんな。プロが警察のご厄介になっては…
0	ユースに永輔っぽい選手が入団。よっしゃと思ったら 隊長っぽい選手がリストに… どっちに2番つけよう… #サカつく
0	隊長お帰り～ http://t.co/QeQ4CJTd2M
0	永輔おかえり～ http://t.co/ZSzUlv7Xil
0	サカつくで常勝チームししたからリアルでも勝てよ！  #jefunited
-1	惜しい サイドネット突き破ってゴールにはならんかったかw  #jefunited
0	まただ  #jefunited
0	そろそろ、深井か森本が欲しい… #jefunited
0	ナイスゴール！ 佑昌2号！  #jefunited
1	さて、次は相性の良くない札幌となんか監督との相性の良くない長崎 これに勝てればPOに臨めるかな  #jefunited
1	Jリーグ、1ステージ制維持の可能性…15年からの新制度に問題点 http://t.co/YVEG7eVonu @SoccerKingJPさんから 本末転倒。ってか、ベストメンバー規定早く辞めてくれんかなぁ
0	ナビスコ杯始まりましたな。今日はサッカー、野球共に優勝が決まるかな
0	なんつーつまらん負け方 無得点だけじゃなく連携ミスでの失点 これでコンサがPO来たらまたやられるんじゃないんか！？ #jefunited
0	スカパー参戦の前に近くのリンガーハットで相手をがっつり喰ってやる！ #jefunited
-1	あーあ、結局は苦手は克服できないままか…。#jefunited
1	公平先生の話も聞けて公平先生の曲も聴けたし、何と言っても久々にリクエストも読まれたし♫ 充実すぎた時間でした！  #aniaca
0	攻撃陣は触っても守備陣はあまり触らないのね  #ゲキツイ
0	https://t.co/2HjOwxkaAj  #ゲキツイ
0	イントロつきの君が代も慣れてきた #ゲキツイ
0	そこは決めようよ蛍  #ゲキツイ
1	長友今の所いい動きだなぁ。インテルの時みたいにいいパス出してるのに… これが決めれないってことはやっぱ決定力が低いんだね  #ゲキツイ
-1	オランダ相手で0は難しいと思ってたがミスとはいえ痛いですね。 さぁ、点取りに行こう！ #ゲキツイ
0	ここ最近、シュートする2、3歩前まではわくわくするが、いざシュートとなると期待が薄れるなぁ #ゲキツイ
0	ゴラッソー！ さすがロッベン #ゲキツイ
0	それでも4バックは固定ですか？ #ゲキツイ
1	うん、いいパス。大迫もよく決めた #ゲキツイ
0	ってかDFの誰か変えようよ　＃ゲキツイ
1	んー、まだ遠藤は必要なんですね。 #ゲキツイ
0	あとはDF陣が頑張ってくれれば… #ゲキツイ
1	香川らしいー！ #ゲキツイ
1	かーきーたーにぃー… #ゲキツイ
0	ヤット様々ですねー #ゲキツイ
1	全体的に見て引き分で良しとするか、後半の勢いで逆転しなきゃと思うのか… まぁ、次に期待出来るかな #ゲキツイ
0	お、「ヨシカミ」だ♫
0	winbyall！！ winbyall！！ #jefunited
0	ナイスホットライン！ ヨネ→ケンペス（弟） #jefunited
0	このまま相手に呑まれるなよ  #jefunited
0	ここで点取れよ！  #jefunited
0	な、なんなんだこの点取れなさそう感は… #jefunited
0	フクアリ今シーズン平均10000越えたそうで…  #jefunited
0	ぁ森本サンターナじゃなくなってる #jefunited
0	もー、点取れ！ #jefunited
0	まだ、ジェフ側にボールこぼれてくれるのに… ものにしないなぁ #jefunited
0	今日も負けに等しい引き分け… こんな事してるから自動昇格すらできないんだよ…  #jefunited
0	ぁ、島田。今年は喋らせてくれたのね  #jefunited
0	ジェフィのカメラ目線はわざとか？w   #jefunited
0	下川が出てから正GKは櫛野で決まりだな！ と、思ってたが、タテさん、グッピーの台頭、レンタル先での怪我、ナビスコ連覇時はピッチには立てなかったが奇跡の残留時の気迫あるコーチング。17年ありがとう！ #jefunited
0	今日のドローがクッシーのセレモニーで帳消しになりそうだ #jefunited
0	安太郎 絶対呑んでるなw
1	RT @kazumyi1979: 甲府・札幌サポ「揚げ豚足？あと1日早く言えよ…」
1	RT @SEGA_OFFICIAL: 今日はセガサターンの誕生日！じゅいぃぃ〜〜ん、でおなじみの起動音がRemix曲となってリズムゲーム『maimai』で復活?!⇒http://t.co/SbZr0VJEGj　#maimai http://t.co/nIlsnlJwzP
0	勝ち点3を目指しWinbyall!!  #jefunited
-1	鳥取に負けるな！ 家本の理不尽に耐えろ！！  #jefunited
0	ケンペスー、きーめーてー  #jefunited
-1	今日は運も無いの？？  #jefunited
1	英二郎って正式にはマリノスからのレンタルだよな… でなきゃ今日は出ないはずだよ… #スカパー中継
0	去年のPOみたいな消極的な試合だ  #jefunited
0	んー、期待が持てない試合だ… 「行くぞ J1」が泣くぞ #jefunited
0	…？？？？はっ？？？？？ #jefunited
0	森本より深井が期待出来そう ！！  #jefunited
0	谷沢！！  #jefunited
0	森本！ いらいらはゴール決めて晴らせ！ #jefunited
0	あと1点！！！！！！！！ #jefunited
0	ケンペス！！ 森本！！ 深井！！頼む！！ #jefunited
0	あと6分！！ #jefunited
0	兵さぁーーーーーーーん！！ #jefunited
0	あと1点でホームPO！ #jefunited
0	RT @engel_ladder: 最後のリーグ戦4試合 負け→負け→分け→分け  この次は 勝ち→勝ち で続こう！！  #jefunited
-1	ネットゲー大変お世話になりました  #ドリームキャストの発売日だし思い出語れよ
0	スカパーでマリノス戦、二画面でレッズ戦、オンデマンドで広島戦  シーズンも終盤ですなぁ
0	最後の国立 行きたかったなぁ… #jefunited
0	サウザーの名言・名台詞(セリフ) http://t.co/CofOsl2wWu  今のジェフサポの心境ですかな？　　
0	【2013新語・流行語】年間大賞は史上最多4つ　「じぇじぇじぇ」「倍返し」など本命勢揃い   (滝川クリステル) ニュース-ORICON STYLE- http://t.co/EhccYc0ztD この4つを取り入れた千葉ロッテのファン感が代表してw
0	“@aratasuzuki: 長崎２９選手の総年俸は、約１億２０００万円。Ｊ１昇格を決めたＧ大阪、遠藤の年俸１億３０００万円（推定）にも届かない。 / “長崎　来季こそ昇格　攻め貫くも京都に０‐０
1	この3つは面白い。憂鬱は特に面白い！ http://t.co/j37AwhyVu4
1	RT @asahi_sports: 「サンフレッチェ２位でいい」　広島市長発言に苦情殺到 http://t.co/Gko88s9JUX
0	“@jefunited: 事実上の続投発表です「鈴木監督来季も続投へ　ジェフ千葉」（千葉日報） http://t.co/oaJDymwXOY #jefunited” 良いも悪いも早めにJ1自動昇格に向けて動いて欲しいですね
0	@NHK_soccer  ドイツvsアメリカ レーブvsクリンスマンの新旧ドイツ代表監督対決が見たい
-1	H組華無いなw
0	楽観的に見たら予選突破出来そうかな。ただコロンビア戦が第3戦目ってのがどうでるか…
0	“@jefunited_news: 【OfficialNews】 渡邊圭二選手　現役引退のお知らせ http://t.co/WNU1Ox8gSu #jefunited” 圭二も怪我との戦いでしたね。お疲れ様！
0	残り20分ちょっと… ここからドラマはあるかもしれない… それがJリーグ #ゲキツイ
0	絵に描いたような逆転優勝!! 広島連覇おめでとう!! #ゲキツイ
0	まさかまさかの展開でJ1は終わりました。が、あと天皇杯、J1昇格PO、J2・J3入れ替え戦が残ってます。明日も明日で楽しみだ！ #j_toku  #jleague  #ゲキツイ
0	鳥取に対して解説じゃなくぼやきになってるなぁ…
-1	無理言っちゃったw
0	RT @tatsukino: 入れ替え戦の解説に松木安太郎成分が足りない。つД`)　#jleague #j_toku
0	落ち着け桑原アナw
0	あ~、ジェフ戦みたいに戦えていれば… たられば言ってたら尽きないが、まずは讃岐昇格おめでとう！！！  鳥取また上がってこいよ！！#j_toku  #jleague
0	RT @hanamaru_udon: @kamatama_kouhou Ｊ2昇格おめでとうございます*\(^o^)/*
1	@ippei69  一平くんかっこいいぞ！！
0	分かっていたが木山を呼んだわけが去年の監督だからって… どこまでドSなんだ#スカパー
0	これが綺麗なカウンター
0	去年の失点みたいだ … ダーツーのゴールは… #j_toku  #jleague
0	徳島昇格おめでとう！ 四国初のJ1おめでとう！ サッカーでも徳島全体が盛り上りますように！！#j_toku  #jleague
-1	RT @tsunamotomasaya: 5位の俺が言うのもおこがましいけど、もうさ、来年は一緒に自動昇格しようよ、京都。ここまでくると、仲間意識が芽生えてきたよ。
1	ロボットバトル面白かった！！
0	メモメモ… 20:00 マッチデーハイライトアデッショナルタイム っと
1	RT @Osim_goroku: 「日本人はシステム論議が好きらしいが、システムは保証でしかないことを理解したほうがいい。システムの奴隷になってはいけないのだ。」
0	リアルスコープ見ているが… 一日2回配達…誤解招く言い方だなぁ…。
0	書き損じの交換も…言葉足らずだなぁ…。 額面部分汚したら使用済み扱いされることもあるぞ…
0	今スカパーでジェフのゴールハイライト見ているが… 妻と一緒に愚痴りっぱなし… あーそこで取られなきゃ… ここで勝ち点拾えれば… 見ていてストレス溜まりそう（苦笑）
0	安西先生… J1に帰りたいです😭
0	まさか二日続けて長良川のピクシーのプレイみるとは…😭
1	“@jefunited: 「２０１３Ｊリーグ　アンフェアなプレーに対する反則金」（Jリーグ公式）http://t.co/WxB9x3lkc2 #jefunited” 福岡多すぎ！？ 個人的には来年はフェアプレー賞取って昇格したいものだが… ケンペスがなぁ…
-1	あのぉ、いい加減八丁味噌ってのは普段の味噌汁には使わないってこと知って欲しいのですが… これが捏造？過剰演出？ #ntv
0	Jリーグラボ見ているが…野々さんも一緒闘ってるなぁ…って改めて思うよう。 うちの社長も見習ってほしいものだ…
0	モンハンの曲って…なんでこうワクワクするんだろう♫
-1	@jefunited_news  噂は聞いていたので覚悟はしてたが…いざ発表になると辛い… 2部暮らしが長いと主力も引きとめれないよな…
0	みなさん、いろいろと情報ありがとうございました 来年も宜しくお願いいたします
-1	ＢＳでＷ杯見ているが今の代表も悪くはないが日韓、ドイツの時と比べたら…なんつーか、見劣りじゃないが物足りない感がする  しかしまさか戸田がジェフに来てくれるとは…
0	2002のロシア戦は国立のパブリックビューイングで見てたなぁ。
0	YOSHIが今年コクられる回数は？ 【男性から】0 【女性から】7  #shindanmaker http://t.co/bHONSGGIRE
0	@tekitoYoshi  やったぁ♫
0	マイナスの穴埋め感しかしない加入発表だなぁ…。
0	“@Bundayuu: くりかえす、この・・・RT@ju_mangoku 3時間 ジェフ依存コラできたよーヽ(・∀・)ﾉ #薬物依存コラ http://t.co/Abq3SZsrZ9
0	ジェネ天でサンバルカンが！  歴代の戦隊では一番ですな！
1	RT @jefunited: 「深井正樹選手の契約について」（ジェフ公式） http://t.co/O6BVM6ROst #jefunited
1	RT @yamakena: ぼくのロッカーにて。 深井さんの意志はぼくが継ぎます。 早く怪我が治りますように。 http://t.co/YENybAI7KS
0	スカパーで07シーズンのグラ戦見ているが… まさかグラにいた選手、コーチが数年後ジェフに来るとは… まさかアマルが数年後激変するとは…
0	わん！ #RADIコミ
0	試合終了の笛が鳴るまで勝負は解らないものですね… 国立最後の試合がこんなに見応えある試合だなんて…  富山第一おめでとう！
0	固形塩素ぶつけんぞ！  #部活別ぶつけんぞ
0	RT @fsntweet: 【J2・ロアッソ熊本】元日本代表FW巻誠一郎選手、東京ヴェルディより完全移籍加入のお知らせ - http://t.co/WYbTOc3HEO   このたび、東京ヴェルディより、巻 誠一郎選手が完全移籍加入することが決定いたしましたので、お知らせいたし…
0	ことしのユニ1stはグラデーション、2ndが青とは…  今までとはまた違うデザイン 珍しいから2nd買おうかな
-1	おおおお！大岩が2番！！ これからのジェフをしょっていくのか！！ 也真人は9番じゃなかったか…ちょっと残念 #jefunited
1	官兵衛いいよなぁ、簡単に今井宗久と取引できて… おいらの時だなんて金と名声無くて門前払いだったのに… と、信Onを思い出してみるw
0	わん #RADIコミ
0	今年の開幕戦は栃木！
0	#RADIコミの思い出  ポップスネームズオブザイヤー何回か取ったことあります 中身は手描きの認定書とステッカーも入ってたことも
0	RT @SNOOPYbot: チャーリー・ブラウン「もしぼくらの役割が入れ替わったらどうかな…もし君が主人でぼくが犬だったら？」スヌーピー「ぼくが主人だとばかり思ってたけど…」
0	@hertz_sara 親に手伝って貰いました （笑）
0	@hertz_sara ありがとうございます！
0	#RADIコミの思い出  毎年1月末に発表されたアニソンベスト10
-1	RT @tominobot: つまらない作品であるのならば、さっさと忘れて、他に楽しいことを見つけるなりやるなりするでしょう。それが普通の感覚ですよ。 そういうこと出来ない連中が、ネットでいつまでも憂さ晴らししている。 非常に非建設的な話で、言うならば『時間と人生の無駄』ですよ。
0	アタック25にジュビロサポが！
0	@tekitoYoshi ジュビロ逆転優勝！
0	RT @kamiyaakira29: たった今、永井一郎さんの訃報に接しました。謹んで、ご冥福をお祈りするとともに、今までのご厚情に感謝申し上げます。
0	な、永井一郎さんも逝ってしまいました。デギン公&amp;ナレーター、波平、八宝菜、錯乱坊、マスターシャーフー、あー挙げたらキリがない… 謹んでご冥福をお祈りします。 ありがとう永井一郎さん。
0	RT @namimi_sanjyo: 永井一郎さん ご冥福をお祈りいたします。　富山敬さん 納谷悟朗さんと 酒盛りしてるかな。・・・合掌。 http://t.co/T6mLSSRKpU
0	RT @norin_anime: 旧スクって女の子だな【アニメ「のうりん」放送開始記念キャンペー ン】＃norin_quo #norin_anime
0	久々にサザエさんでも…
0	RT @nankagun: 直売所で買ったＡＫＢ（８０円）。 http://t.co/nXhMJUdXN1
0	vs嵐視聴中 森脇がサバンナ八木に見えてきたw
0	RADIコミの話ではないのですか… 去年福岡へ行った時「すれちがいMii」の中メッセージで「夢➕努力＝現実」と書いてた人がいて驚いた… #RADIコミ
0	五輪待機
0	はじまった
1	日本選手団無事入場完了
0	やっと聖火…
-1	あ、惜しい…メダル第一号にははれなかったか…
0	よ、腰痛がイタイ…！！ そんな負担かけるようなことしとらんのに…
0	スカパーでPSM観戦〜 J開幕まで一ヶ月ないんだよなぁ
-1	やっぱシュート精度が高い選手は少ないなぁ アビスパも勝てた試合だったなぁ だびぃはフルシーズンいけるかな？？？
0	わん！#RADIコミ
0	RT @kandou_arigatou: 永井一郎さんが 45年間演じられた波平さん。 日本国民のおじいちゃん役でした。 ありがとうございました。 http://t.co/qBKrwrUprn
0	家に残っていた  #RADIコミ http://t.co/qGU1f76FRO
0	@hertz_sara 違うもの探していたら出てきました♪
0	調子にのり其の2  #RADIコミ http://t.co/xIS0evvx4y
0	@tekitoYoshi 一番左はRADIコミではなかったですね(汗) 文化放送のでした_(._.)_
1	「のうりん」5話見た。 自分で作る赤味噌って美味しいんだよねぇ。「醗酵の美少女」には笑った。そういう言い方があったか♫
0	日本語どう覚えたかってどーでもええやん
0	やっぱり日本のメディアって同じような事しか聞かないなぁ… 本田の時と比べても面白味がない もっとウェットに飛んだ質問しないかな
1	“@domesoccer: ブログ更新: 【小ネタ】今年もFC岐阜サポ有志が笠松競馬で冠レース協賛 http://t.co/IuAvtkxwLU” 岐阜サポ凄いです…
0	セレッソサポじゃないけど…フォルランの桜ユニに鳥肌立った！
0	20年前、J開幕時はサッカーには疎く勢いでサポになり、当時はリティやジーコ、リネカー来日と言われても？？？？な状態でしたが今ある程度知った状態でフォルラン来日と言われたら凄さが解った。20年前にも同じように味わいたかったなぁ。
1	キムチ納豆もうまし！
0	ウチも納豆トーストやるなぁ。ただプラスマヨorチーズですけど
0	雪つもったなぁ。 それよりも明後日の世界3大カップは開催されるのだろうか点
1	初めて食べた。シンプルで安心する味付けだ。局地的ローカルカップル麺ですが最近は勢力ｶｸﾀﾞｲ中 http://t.co/F5OPt2QPcF
0	エルゴラ選手名鑑購入！ 来週のお笑い芸人が表紙のポケット版も買おうかなぁ〜
0	【FUJI XEROX SUPER CUP 2014】センターポジション争奪 Jリーグマスコット総選挙いよいよスタート！ジェフィにみんなも投票してね☆ http://t.co/RLeNP6bIjt #j_toku #jefunited
0	世界3大カップの一つ、もうすぐキックオフ！！
0	“@jefchibasong: 「PRIDE」 俺たちの誇り　ジェフユナイテッド 何も恐れずに　共に戦おう #ジェフユナイテッドチャント” #jefunited
1	“@jefchibasong: 「アメージング･グレイス」　※入場時＆タオルマフラー使用 共に歩もう　この時を 決して忘れぬ誇り 熱きプライド持ち戦え オオー　ジェフユナイテッド  #ジェフユナイテッドチャント” #jefunited
0	工藤やっぱり上手い。 ケンペスはまだ本調子じゃないか？？ #jefunited
0	あと町田…。いたの？後半目立つ動きしてくれよ！#jefunited
1	レイソルは個のレベル高いなぁ。 ジェフ組織はいいがミス多すぎ。自爆してどーすんの…  #jefunited
0	あとは流れから点を取ろう！ #jefunited
0	んー、去年の後半と変わりないなぁ…。#jefunited
1	高木にはいい経験だね #jefunited
0	んー経験の差かな。厄払いはしたのでリーグ戦に向けがんばれ！！#jefunited
0	波平さん若返った感が！ でも違和感はないや🎵
0	まだ残ってました   #RADIコミ http://t.co/GPlRI8h5Bn
1	@tekitoYoshi ども、主です わ〜ぉ、盛り上がってる♫ 多分Tシャツも残っていると思います。発掘次第報告致します
0	RT @Rin01812: 水戸さんがガルパンとコラボしたのあんこうユニが話題ですが  http://t.co/IUETsxHzoz  岐阜がのうりんコラボでレプユニ出すとすると・・・ 自動的にあの会社のロゴを入れたくなります（爆）  http://t.co/o1VNIdDiNj
0	おっ！スノボが銀以上確定か！！
0	ぁぁ転けた
0	おい、落ち着け、解説者
-1	甲府の積雪中止、冬季開催移行に危うさ http://t.co/e03xlDRA6I  今更問題提起ですか…
0	#RADIコミ #RADIコミグッズ http://t.co/gr8kg8MGL6
0	寝る前に投下  #RADIコミ #RADIコミグッズ http://t.co/l51jZDcVzj
0	あ、シャツも発掘  #RADIコミ #RADIコミグッズ http://t.co/aKKZW5IEel
0	【オシムの提言１】香川はマンＵに残るべき　問題があるのではない（スポニチアネックス） - Y!ニュース http://t.co/QtCRJGJqUU やっぱりオシム氏の言葉には納得しますわ。
0	【オシムの提言２】岡崎が新時代のＦＷ、麻也の経験は日本の財産（スポニチアネックス） - Y!ニュース http://t.co/Rnxz6HTwuC 今は我慢我慢ってことですかな
-1	RT @hinata_hideki: 本当にあった迷惑110番って本に「今日のレッズ対大宮どっちが勝ちました！？こちらならわかると思ったんですが！」ってあってワロタwww
0	Jリーグ開幕だぁ！ J中継開始だぁ！ #Jリーグ  #スカパー
0	@hertz_sara  本命は明日ですが…(苦笑)
0	@hertz_sara ですね！
0	家本か…
0	見応えあるなぁ～  セレッソvsサンフレッチェ
0	シュートは打たなきゃね。
0	DFが上がったままかぁ
1	徳島  猛烈な洗礼ですねぇ
0	RT @ichiroozawa: 広島勝利の裏でどうしても「フォルラン、柿谷不発」の文字が踊るのかもしれないけど、J1最強とも呼べる２トップをシャットアウトした広島守備陣への賛辞も忘れてもらいたくないですね。特に、試合終盤の左サイドからのクロスの応酬に対する水本のポジショニング…
0	ガンバvsレッズこれも見応えがあるなぁ あ、ヨネ…
0	阿部と米倉って入れ替わりなんだなぁ…
0	久保の声は古川さんで！！！  #スカパー
0	RT @0316_s: 今日の新聞やべえwwwwwwwwwwww http://t.co/o4Gtu54D9k
0	Jリーグラボのリピート見ているが…名波さんの言ってる「！←いるか？」ってのジェフっぽいなぁ…  #スカパー
0	J2開幕だあ！！ スカパー中継開始だぁ！  そろそろJ1帰りたいのお  #Jリーグ  #スカパー
1	さすが山雅アウェー埋めましたなぁ…  ってか長良川満員！？ ジェフ戦早めに買っておこうかな  #Jリーグ
0	ぁ、益、奏ベンチ外… 太田はベンチか
0	あ、アンドレアってリザーブスにいたんだ！？
0	北野誠って聞くとどうしても地元の好かんタレントが出てくる…
0	@domesoccer アルウィン来るサポほぼ来てる感じですな
0	磐田vs札幌見てるが去年のジェフ戦見てる感覚が…
0	お、ジェフ戦実況野村さんだ！ #jefunited
0	フクアリ  入ってないなぁ…   #jefunited
0	佑昌に出せよ〜〜  #jefunited
0	あーーーーーーーーーーーーーーーー
-1	不用意なバックパスからの失点かよ…   #jefunited
0	町田の肩は手術して治る怪我じゃないのか？？    #jefunited
0	んんー、決定力ないなぁ…  #jefunited
0	いやいや…そろそろ上がれないことに危機感を…だなぁ…  #jefunited
0	鈴木淳は交代遅いからなぁ…  去年ももう少し早く投入すれば…と思う試合がいくつか  #jefunited
0	今年もこう呟くのか   点取れるきがしねぇー…   #jefunited
0	健太郎がシュミレーション？？ 性格上やる選手じゃないと思うけどねぇ   #jefunited
0	頼むよー兵働！！  #jefunited
0	そろそーろ点とれよー  #jefunited
0	あーーーーーーーーーーーーーーーーーーーー
0	……な、なんなんだぉぃ…   #jefunited
0	開幕の勝率は良くないとはいえ、内容が酷すぎ。 何が逆境を楽しむだ…本当にJ1上がる気あるんか？？   #jefunited
0	千葉、開幕戦黒星…サポーター抗議の“軟禁”でバス出発遅れる ― スポニチ Sponichi Annex サッカーhttp://t.co/5zXJCR1ttA J2に5年も居て毎年昇格候補に名をつられながらも去年と同じ様な試合見せられちゃ…
0	RT @tsunamotomasaya: 来週の岡山との開幕戦が楽しみ。
0	うーーーーー    ワン！#RADIコミ
1	R-1見てるが…  RGか…1番ナイのが上がったのか…  スギちゃんもよかったか？？
0	Bグループ。本命不在やったなぁ
0	やっぱり顔が似てるだけでつまらんかった…
0	自分笑の感覚ズレてんのかなあ
1	2本目の方が面白かったやんー ずれてなくってよかったぁ
0	一平△
0	短い時間だったが一平くん堪能できた♫
0	“@sergio_echigo: ［STAFF］ゲキサカ連載コラム更新。「ニュージーランド戦は国立競技場の店じまいセールのようだね」http://t.co/1OvEpVZSNu”  後半新戦力出して欲しいけど出さんだろうな… チャンネル替えよ
0	はっ？ 失点？？ DF陣やる気あんのか？
1	RT @Rin01812: 帰宅して代表戦観る。 ザックにラモスが憑依して 『せっかく4点も取って、4点差までつけてナンでもっといいサッカーが出来なかった。こんなにたくさんのサポーターが来て、マスコミが来ているのに、なぜできなかった。納得いかないヨ。今でも腹が立ってるヨ。アホか…
-1	RT @sergio_echigo: 本田は日本のメディアのために得点しないとダメだよ。 http://t.co/MDsQOsjN8h #onestadium
0	えええええええうえうえええええええええええええええええええええええええええおええええええええええええええええええうえええええええええええええええええええええええええええええええええええ
0	RT @sergio_echigo: この試合でブーイングが出ない。これが日本のスポーツ文化だ。サポーターは香川に本田を見れて満足してるのかな？ http://t.co/MDsQOsjN8h #onestadium
0	スカパーさーんー、どうしてこういう時にプロホガソンやってくれないのー？？
-1	いあー、オールホワイツ惜しい！！
0	“@sergio_echigo: もうこの試合内容にはがっかりだ。 http://t.co/Tpxg0ErAkk #onestadium” 激しく同意！
0	戒め…　#jefunited http://t.co/AEyPJjzx0L
0	エジル災難ドイツ代表戦でも大ブーイング（日刊スポーツ） - Y!ニュース http://t.co/hyKrzy075l 日本代表サポもこれくらいやらなとねぇ
-1	徳島… 12月に行ったが遠い過去のようだ…
0	RT @23Crimson: ミクの日だかザクの日だかわからないので、どっちも描きました。 http://t.co/wafTq8pimT
0	RT @SNOOPYbot: バカのいうことをホイホイと聞いてるわけにいかないんだよ！　スヌーピー
0	サッカーのサイトでスタメン発表されたが、J2だけでなくJ3も速報で発表されてる。こっちも開幕ですな〜
0	今年もデスゴールは効果あるのか？？？
1	ケンペスコンディション不良って…あの体型じゃ…  #jefunited
0	今日こそゴールダ！ヤマト！！  #jefunited
0	相も変わらない攻撃やなぁ…  #jefunited
0	眠たい前半だったよ…  #jefunited
0	モキモキとヤマトがもっと感じてくれれば…   #jefunited
1	山中いいキックだねぇ  #jefunited
-1	ワンテンポ遅い！  #jefunited
1	流れはいい！  もうちょっとだ！！ #jefunited
0	？  彬？ #jefunited
0	勝ったぁぁ！！  #jefunited
0	今年も沢山勝利のでんぐり返しが見られますように！！！    #jefunited
0	RT @domesoccer: 俺達ジェフが俺妹ジェフに見えた。疲れているようだ…
1	今週わ元気よく        わん！！！！！！！       #RADIコミ
0	RT @TokyoVerdySTAFF: RT @19860320masuda アウェイ群馬戦前に撮った写真です。東京ヴェルディと共に歩んで頂けるバートナーを募集しています！拡散希望。 #緑パートナー募集 http://t.co/6irVgQcYJt
0	“@jefunited_news: 【OfficialNews】 試合後のタオルマフラーについて http://t.co/URBvqJumWZ #jefunited” ジェフサポってこんなに質下がったのか…
0	RT @gekisaka: 厳罰の浦和…当該サポの処分内容を発表、差別的発言にも言及 http://t.co/xOYsQBBa6Z #gekisaka
0	@fsntweet ウチのとこの社長もこんな質疑応答しそうだなぁ…w
-1	スカパー観戦中   ジェフ枠内シュート少な過ぎ…  #jefunited
0	ぉ、青ユニだ  #jefunited
0	佑昌〜〜   #jefunited
0	今の流れで点欲しいな   #jefunited
0	あっぶねーーーーーーーーー  #jefunited
0	っおい！  #jefunited
0	煮え切らない試合でしたねぇ。双方のチーム事情がでたけっかですね   #jefunited
0	平野がJリーグラボ出たいと！  じゃぁ、望月と大岩と3人セットで呼んで …（略）  #スカパー
0	わん   #RADIコミ
0	ぁ、セントレアだ   #のうりん
0	富野由悠季監督：“ガンダムの父”が8年ぶり新作　舞台は“宇宙世紀の次” - MANTANWEB（まんたんウェブ） http://t.co/4zKtjJr4YS @mantanwebさんから
0	日本一ソウトウエアのキャラクターがFC岐阜の応援マスコットに！？   そうか、第2の一平くんを目指すのか（違
1	RT @hertz_sara: @30radi_usamama @shuuichimizoguc  「ゆうきさら」←これも懐かしいレベル（笑） 懐かしい方はRT ←嘘
0	1-2で後半か…  0-2だったら出掛けようかと思ったところだ…  #jefunited
0	なーんだろう…この虚無感  このまま数年J2にとどまりそうなチームだなこりゃ…   #jefunited
0	藤枝ブルックス… 久々に見た文字だ
1	浦和vs清水見ているが…  日本での無観客試合選手の声が聞けるのて。それはそれで貴重ですねぇ。  ですが二度と無観客試合が行われなう様横断幕作る人ゲーフラ作る人、チームスタッフよ気をつけて欲しいですね
0	#abe02 久々に阿部礼二  ええ!?二人目! おめでとう
0	#abe02 し-ま課長の言う通り
0	#abe02 いや、そういうもんだよ
0	FIRE微糖   近くのK行ったら岡田のしか残ってねぇ…
0	“@domesoccer: ブログ更新: 「radiko」が有料のエリアフリー版を4月から提供へ　クラブ応援番組をエリア外からでも聴ける！ http://t.co/6xYXux08s0” 20年前にやってたら間違いなく有料版にするのになぁ
0	ケンミンショー見てる…  釧路のピカタ見てると…鉄板ナポリタン食いたくなる愛知県民がここにww
1	愛知県民でも正しく落花生剥けまっせ♪  あと、茹で落花生も好きっす！
0	千葉ロケの番組見ているとどーしてもジェフ絡みの何かが映らんかなぁ〜〜と、思って見てしまう
0	Jリーグラボ見終わって油断してたら…こんどは女子ラボやってた！ 我が家の番組表に載ってなかっただけに…残念  番長、姉御、いづみちゃんのトークは鉄板で面白いww
0	久々に別の用事で岐阜に来たなぁ…
0	「のうりん」の作家さんとお話できるとは！岐阜まで来た甲斐あったぁ♪
0	深井が解説者でフクアリに帰ってきた♪  ケンペスよーやくゴールか  #jefunited
0	さぁ、追加点取りにいこう  #jefunited
1	ジェフラボで櫛野出演中  緊張してるのか？表情堅いぞ！  #jefunited
0	巻が来る！！  今日は完封でって一発レッド！？  事故だろ事故！  #jefunited
0	3点目きた！  あとはゼロ封で！  巻には次の試合で点を取って頂きましょう #jefunited
0	入場者数5000人って…  #jefunited
0	勝った！！  しかし審判に試合壊された感も   #jefunited
1	さぁ、次勝つことが重要だ！   ほいじゃまた！   #jefunited
0	グッピー髭面ですかい…  #jefunited
0	勢いの差かなぁ…。ってか湘南に勝てなきゃJ1で戦えんぞ…  #jefunited
0	6年指揮してるチームと2年しか見てないチームの差かなぁ。 #jefunited
1	天野大丈夫そうだな。よかった  #jefunited
0	あれ？？ジェフってこんなにボロかったっけ？？  J2に5年も浸かってメンタルもダメダメになったか…  #jefunited
0	RT @tama2014: 湘南はイビチャ・オシム時代のジェフのようなサッカーだな。 #jefunited
0	前半で負けを認めたくはないが、次に繋がる いや、後半に繋がる展開をしてほしいな  #jefunited
0	“@jefchibasong: 「PRIDE」 俺たちの誇り　ジェフユナイテッド 何も恐れずに　共に戦おう #ジェフユナイテッドチャント”     #jefunited
1	他のチームと比較したくはないが、福岡も今日長崎に前半で5失点、しかし後半で2点返しました。ジェフもこれ位の意地を見せて欲しいものです 本気でJ1帰りたいなら  #jefunited
0	はい、5点目  残りの後半何を楽しみに見れば？？？   #jefunited
0	2001年グラ戦以来の5失点…  おいら見に行った試合かもww   #jefunited
1	うん、今日はサポのメンタルを強くするためのゲームなんだ  うん…  #jefunited
0	RT @tsunamotomasaya: 湘南の暴れん坊と房総の甘えん坊が試合した結果がこれ。
0	RT @cinematoday: [映画]実物大イングラム登場に吉祥寺騒然！あまりの人気に警察からデッキアップ中止要請 http://t.co/US2pUpg0Xb http://t.co/B5ZCmOYrW5
0	すげー前田浩二の勝利がヤホーのニュースにww
0	“@Osim_goroku: 「考えなくてはいけないことは、相手に足りないところをプレーで見せること。走ること。考えること。かしこくプレーすること。それを見せて欲しい！」”  今日のジェフに言いたい！
0	NHKでFC岐阜の特集やってる！
0	メディアももっとサッカーをFC岐阜取り上げて応援してあげてください 他サポですが応援してます   #nhk_navi
-1	なーんだろ…  過酷な環境でもこんなに変われるのに…監督変わってこんなにのに…   施設恵まれ監督変わっても変われないチームって
0	RT @30radi_usamama: 【拡散】小森まなみリスナーの集い　ビスコはお弁当！の巻き http://t.co/me2KRK7icW
0	@30radi_usamama @akr_pocho @saremia @zakuromusic1994 @hertz_sara  バナフリだ！日高さんと関さんと、もう一人誰でしたっけ？？
0	@zakuromusic1994 @30radi_usamama @akr_pocho @saremia @hertz_sara ありがとうございます！！ 嫁と二人モヤモヤが晴れました♪
-1	富山行けない距離じゃないが行けないのが残念…  #jefunited
0	パスの成功率高くても…パス回しゲームじゃないからねぇ…   #jefunited
0	あーぶなーぁーい！！ #jefunited
-1	見ていてつまらないぞ…  相手にもプレッシャー与えられてないぞ…  #jefunited
-1	兵さん惜しい   #jefunited
0	あーーーー、前半唯一の決定機が…   #jefunited
-1	眠い試合だねぇ…。前節の教訓活かせないの？？ #jefunited
0	中村ぁ！！！  #jefunited
0	おいー！ 零封できんのかい…   #jefunited
1	なーんで安心して試合見させてくれんのかなぁ…  #jefunited
0	やざわー   あ、オフサイド…  #jefunited
0	谷澤から山中？？   #jefunited
0	今日の引き分けは負けに等しい引き分けだぞ…  #jefunited
1	いやー今日行かなくて良かったよ…   現地組の皆さんお気をつけてお帰りを   #jefunited
1	次の讃岐戦ですが  これで勝てないようならば監督変えた方がいいな…   江尻さん以外で   #jefunited
0	最大お米一俵が当たる！キャンペーン｜おにぎり屋｜ローソン http://t.co/z19OCcZGBx @akiko_lawsonから
0	本日ゲット。少しでも東北へ http://t.co/WhkGYSGyZN
0	願うは完勝  しかし辛勝にしても次の試合に繋がる勝ちでありたい  #jefunited
0	あっぶねーなぉぃ…   #jefunited
-1	悪くはないざ得点の匂いがしないのはなんでだろう…  #jefunited
0	ヤザーないすボレー！！！  #jefunited
0	グッピー様様  #jefunited
0	ここで追加点欲しいなぁ。  #jefunited
-1	おーい、ここまで元ジェフに弱いのか…  #jefunited
0	さぁ、監督解任しろ！ #jefunited
0	高橋→アンドレアってなんでこーも元ジェフにヤられるんだろう…  #jefunited
-1	シュート18本 コーナーキック18本で1点    決定力の無さ露呈しましたな…   #jefunited
0	RT @NHK_soccer: 今夜のサッカープラネット。４月２７日（日）ＢＳ１　午後9:00-午後9:45 　W杯予選を無敗で勝ち抜き、強さを見せつけたドイツ代表。しかし今、中心選手がケガで離脱するなど不安も抱えている。いったいどんな戦略でW杯を戦うのか、徹底分析する。
0	ヤマハへ出陣！   #jefunited
0	ヤマハ行きのバスの中です。バスの中アナウンス藤田だぁ… #jefunited
-1	RT @scr_kansen_love: TL見てたら、今回もひどかった模様・・・こうなったらさ、マジでモイーズにダメ元オファーしてみたら？「モイーズ、ユナイテッドからユナイテッドへ」みたいにネタにもなるし(錯乱) #jefunited
0	さぁて、ふぉるらんを観に行きますか♪
0	フクアリに魂飛ばして
0	久々のトヨスタ。本当はジェフ戦で再び来たかったモノだ… http://t.co/sNvg8cBWBP
0	頼むから勝って！！ #jefunited
-1	草津を侮ってはいないが調子の悪いチームにこのような試合するとは… あと、元在籍選手に点取れな杉… #jefunited
0	5年ぶりのトヨスタ http://t.co/PetKqDqEDA
1	@scr_kansen_love 返信ありがとうございます。実際に試合ほ見ていないので多くは語りませんが、まずは勝ち点3ゲットを素直に喜びます！
0	ワールドカップ得点王が目の前に！！
0	トヨスタにザックが来てるらしい…
0	後半沢山点が入りますように http://t.co/9H1PznpEB3
1	観てる近くでフォルランゴール！！ いいもの見せて頂きました♪
1	トヨスタより帰還。スタジアム近いって良いですねぇ… 早くJ1に戻ろうぜ…
0	今日は親戚の結婚式。今年のGWは自分的に珍しく予定が埋ってる
0	何年目ぶりかの庄内緑地公園   んー、知った顔がいない… #RADIコミ
0	昔の名前(ペンネーム)久々に名乗っちゃった  #RADIコミ
0	ただいままったり中  #RADIコミ http://t.co/FSoeEd2c9I
1	今日は大事な岐阜戦なのに…GWの遊び疲れで体がダル重～
0	さて、岐阜へ向かいますか。
0	長良川到着！ さぁ、スタグル楽しむか♪
1	地元に近いはずなのだが…岐阜のスタジアムグルメが旨そうに見える♪ ってことで鶏ちゃん唐揚げで一杯 http://t.co/vIMvzMEbYB
0	ここから観戦 http://t.co/kS49R7tvZY
0	勝ち点1拾えたぁ(;o;)
0	さすが、ヨン様フロンターレ相手に逆転！  ジェフの監督になってくれないかなぁ
1	昨日のBSでやっていた「オシム73歳の闘い」を見た。改めて偉大さを知った。改めて人格者であることに気づかされた。 ジェフに戻ってきて欲しいと常々思うが…今はボスニアの為に尽力して欲しいです！  っにしても…アマル太ったなぁ…
-1	台湾には無い台湾ラーメン、ナポリには無いナポリタン、天津には無い天津飯
0	【 @tekitoYoshi ジャパンの23人が決定! 】 http://t.co/Vmxkzcf2ay 5月12日発表の日本代表のW杯メンバーを『俺JAPANジェネレーター』で予想しよう! #俺JAPAN #soccerkingjp http://t.co/Z135yDHHIQ
-1	RT @zeek21: みんな「弱い」チームを応援する覚悟を固めよう。実際ジェフ弱いじゃん。他サポに聞いてみなよ、弱いって言うから。  弱いのに「J2では強い」つもりでいるから負けてイライラする。  その気持ちを、チームが強くなるために自分が何を出来るか？ってことに向けようよ。…
0	大久保嘉人これでヨシト…  by早野  久々に早野爆弾キター
1	ツイッター情報でBOSS是枝が出るとの事で「深イイ話」録り見た。久々に是枝さん見たなぁ〜〜、お元気そうで何よりです #RADIコミ
0	ガンダムユニコーン見るぞぉ！
-1	ガンダムユニコーン見終わりました。只今頭の中整理中… 大変濃い内容でした！
0	93分まではアトレティコ…それ以降はレアルの試合でしたねぇ
1	RT @sergio_echigo: 前半を振り返るとどうしても心配になる展開だったね。ミスが多いし体が重そうでコンディションが良くないように見えるね。サポーターの皆さんが一番そう思っているんじゃないかな？ http://t.co/9dEgD1HQSx   #onestadiu…
0	RT @sergio_echigo: 今日の試合を見てたら、目立つ選手も無く収穫もゼロだね。これじゃブラジルで3連敗確実だね。 http://t.co/9dEgD1HQSx  #onestadium #キリン生セルジオ
-1	今日の試合とても眠かった。で、チャントもワンパターンだから余計に眠い…  今日は早く眠れそうだ
1	内田のインタビューは良かった。
1	RT @fsntweet: 内田　支えてくれたトレーナーらに贈る復活感謝弾！ - http://t.co/B0BkaPz7Yl   　日本代表ＤＦ内田が派手に完全復活を決めた。先発の右サイドバックで約３カ月ぶりに立った実戦のピッチ。０―０の前半４３分、ゴール前の混戦から放ったシ…
0	"@jefunited_news: 【OfficialNews】 深井正樹選手のV・ファーレン長崎への加入について http://t.co/JyVCwDdNEL #jefunited" えええ！？ ショックだわ…
0	フクアリへ！
0	フクアリ！ http://t.co/y8Kh6QZnyu
0	からのオーレくん http://t.co/AhJW5QwBAi
0	そして一平くん http://t.co/y9cNsbbBW5
0	一般入場でも、こんなに前… http://t.co/BCtjYOd0uJ
1	久々のホーム遠征  内容はともかく勝ったのが嬉しい♪
1	昨日の戦利品  12JEFで色紙貰えたぁ。愛媛FCブースでマンガと尻尾もゲット。マンガには能田せんせーのサインも♪  ジェフも勝ったし、オーレくん一平くんにも会えたしいい１日でした♪ http://t.co/cwCZy8X3Vg
-1	おっ、西川スタメン！？   朝から川平&amp;ゴンはクドすぎ…
-1	まだ不安だけが残る前半だったなぁ
0	い、いかん青山→大久保のゴール決まった瞬間松木と同じような笑い方してたww
0	英二郎メンバーにいないなぁ…と思ったら出場停止だったんかい…  #jefunited
0	ケンペス落ち着けー  #jefunited
0	家本じゃないんだから黄紙乱舞はやらないでねー…  #jefunited
0	RT @fsntweet: J3相模原、MF乾達朗の退団を発表 - http://t.co/vYKioZvpgS   SC相模原は7日、MF乾達朗が契約満了により退団すると発表した。今季より相模原に在籍していた乾だが、今季ここまで出場はなかった。リーグからは6日に登録抹消となっ…
0	自陣のボールロストはいけませんなぁ…   #jefunited
0	ケンペスvs古賀  ここでケンペスが勝たんと…  #jefunited
1	調子の良くないチームに勝てないジェフ…  ことしも夏バテして順位も上がらずPOすら行けないシーズンに陥りそうな予感  #jefunited
0	あ、指原連覇ならずか…
0	久屋のブラジルフェスタ   バンドメンバーみな岐阜ユニ http://t.co/DV9s2LrAqp
1	ポルトガル語で喋るラモス   なんか新鮮ww http://t.co/o7eZLtDekQ
0	島田～！これ見てるかぁ～！  オシム氏　千葉を心配「お金かけているのに…どうなっているのか」 ― スポニチ Sponichi Annex サッカー http://t.co/i2n4OC7vTy
1	RT @fsntweet: オシム氏　千葉を心配「お金かけているのに...どうなっているのか」 - http://t.co/Pfln79CFDP   眼光も鋭く試合の映像を見ながら、ズバリと言う。そして、日本代表同様に心配していたのが古巣・千葉。「２部（Ｊ２）にずっといるチーム…
0	ケンミンショー見てるが   ウチナータイム…光画部時間以上だなww
0	O・Gさんが今大会の初ゴールだはんて…
0	ネイマールの個の力で同点か
0	ブラジル…やっぱつえー！
0	あー、プロホガソン途中までしか…
1	日テレの好きなサッカー選手ベスト100やってるが…さんまが出てるから音消して見よう  あ、NHKのハイライトやってるから2画面で見よう
-1	眠くて早野のキャグが拾えない…
0	@FIFAWorldCup @domesoccer 久々に1番ユニがスタメンかぁ
0	一平くんも試合会場に！？  #プロホガソン
0	さぁ、一平くんを探せー 映せー
0	4年前といい1点差でHT  ワールドカップの分点差ゲームはドキドキ感ハンパないですな
-1	小澤さん 粕谷さん セルジオさん 激烈に辛いお言葉期待してます！   #プロホガソン
0	ドログバ半端ないってー！  までは行かなかったけど入って流れ変えられるのは凄いです  #プロホガソン
0	紛争を乗り越え初出場、イビィチャ・オシムが守ったチーム  がんばれボスニアヘルツェゴビナ！  #プロホガソン
0	よーやくドイツ代表の登場だ！ ヨギのファッションも注目だ！  #プロホガソン
0	クローゼ スタメンじゃないか。南米だからスタミナ考えてのスタミナかな #プロホガソン
-1	負けに等しい引き分け…  余計にプレッシャーのかかるコロンビア戦になりますね  #プロホガソン
0	支配はしているが点が取れない…  ジェフの試合見てるようだ…
0	RT @sergio_echigo: スペインと日本のパスサッカーは終わった。ただ、パスだけ回しても得点にはならない。あれだけ長い時間数的優位な時間があったのに打開出来ない。これが日本の現実だ。  #ONESTADIUM http://t.co/xMpzVkQIlK
-1	ウルグアイvsイングランドの後だろうか、こんなに日本って下手くそ？って感じた。 プレイも遅く感じた   #プロホガソン
0	クラゲが今日の引き分け予想してたよー  #プロホガソン
0	ブルージェリーという種類みたいです 場所は山形にある水族館ですー  #プロホガソン
1	初めてプロホガソンで読まれたぁ  嬉しい♪  #プロホガソン
0	"@famitsu: 『戦国無双4』×愛知県岡崎市の“観光おもてなし武将隊”、次元を超えたコラボが実現！ http://t.co/Od2LEfsZkZ" 岡崎市よ、やっとヤル気になったか？
-1	クローゼの交代後間も無いゴールに鳥肌が立った！  日本代表にも、クローゼのようなFWが欲しい！！  #プロホガソン
0	芝と言えば、昔のカシマスタジアムは芝が長かった…らしい  #プロホガソン
0	グランドにペンキネタ出てたなぁ〜  #プロホガソン
1	NHKの「オシム国のW杯」を観た。このような偉大な人がジェフを指揮していたなんて…  ボスニアに勝って欲しいものです！
-1	"@jefunited_news: 【OfficialNews】 鈴木淳監督の契約解除について http://t.co/CIf61SfJFB #jefunited" 遅い！遅杉！！ 2位狙いだろうな…  次は誰だろう… 江尻は止めてよね… まだ荷が重いし采配も危うい…
0	今日の試合はモンドラゴンさんの最年長出場記録更新の為の試合でしたか…  #プロホガソン
1	RT @zeek21: 試合見ながら こんなもの描いてた。  ジェフの良くある失点シーン by仔犬 #jefunited http://t.co/crAlFiaIK9
0	パスだけ回して点が取れないサッカーを継承しても…ねぇ…  #jefunited
0	久々に渋谷に来た。ここも何時振りだろう。そういえばナウシカかまみ姉のライブもここでやったような…見覚えある公園の横通ったからふと…
0	@bokurano_newsen 返信ありがとうございます。渋谷のこの地に来るまですっかり忘れてました。ぼんやりですが思い出しました。ナウシカは横浜でしたね
0	がんばれ@DFB_Team代表チーム! #ワールドカップ あなたはどのチームを応援しますか? https://t.co/9vHchfFOUw
1	８月３１日は野菜の日！「のうりん」コラボイベント開催のお知らせ｜新着情報｜FC岐阜オフィシャルサイト http://t.co/nN7xVVHCBT　岐阜さんっぱねーっす！
-1	ブラジルが勝ち上がりましたか… ドイツにとっては日韓決勝のリベンジになりますね！ でも今のドイツはブラジルよりコロンビアが勝ち上がったら嫌だったかも…  #プロホガソン
1	日曜の朝から素晴らしい試合見せて頂いてます  ありがとうオランダ コスタリカ  #プロホガソン
-1	RT @BenMabley: なるほど。オランダ人記者@StefanCoertsによると、オランダのNo. 1キーパー、Cillessenがキャリアで一度もPKを止めたことが無い。だから、土壇場でキーパーを変える。
1	コスタリカ短期間で日本戦の時よりいいチームになりましたね まるで精神と時の部屋に入ったかのような…  #プロホガソン
0	そういえば…金鳥の蚊取線香の効果はどうだったんだろう？ 倉敷さん忘れてないかなぁ？？  #プロホガソン
0	後半の終わりの時間帯はホームのはずのブラジルがアウェーで戦ってるような感じですね…  #プロホガソン
1	敵とはいえ良いプレイには拍手もするブラジルサポーターは素晴らしい #プロホガソン
0	えええええええええええええええええ！？ ブラジル7失敗！！！！！！！！！！！！！！ #プロホガソン
0	準決勝といい、なんでテロップがブラジル寄りな書き方なんがろう…
0	ブラジル相手にでもGK交代  ブラシルは更なる屈辱を受けてのW杯終了 明日のブラジルの新聞の見出しが 楽しみだ  #プロホガソン
-1	プロホガソンも今日で最後！ 寂しいです  試合終わってプレビュー終わったらプロホガソンの「がんばったで大賞」や「NG大賞」あるのかな？ #プロホガソン
0	ドイツVSアルゼンチン キックオフ！！
0	この点が入るようで入っていない状態…  あー見ていてハラハラするわー
0	ゲッツェ ゲット！！！！
0	4年遅れだけど天国のエンケに優勝を報告出来ますね！！  #プロホガソン
0	RT @asukayusa3594: やはり精神力と気力の戦いではゲルマン魂がモノを言ったようだな！ アルゼンチンには申し訳ないが、闘争心はドイツの絶対なる長所なのだよ！
-1	MVPメッシ！？ 会う変わらず見切り発車的な選出やなぁ…  試合見終わってからでも遅くはないだろうに…
0	RT @GoalJP_Official: 喜びを語るノイアー #GER http://t.co/16PdaQvqz0
1	25日間ありがとう！！ なんか、プロホガソン無しの生活が考えられないねす！ 日本のサッカー界の為につきいちでもいいからレギュラー化して下さい！！  #プロホガソン
1	RT @asahi_soccer1: 最優秀ＧＫはノイアー。内田との心温まるエピソードを再掲します。おめでとう世界一のＧＫ（Ｊ） #ワールドカップ ノイアー、心も頼もしいＧＫ　内田の背中、そっと後押し：朝日新聞デジタル http://t.co/HaPzl6d7Ub http:/…
0	RT @CesarePolenghi: ４つ目の星が来た！ http://t.co/oXQyftuYxN
0	RT @CesarePolenghi: http://t.co/zeb7EAW6br
0	オクトーバーフェスト  まっ昼間から呑んでるぜ！ http://t.co/4OsUXWtkTA
1	真っ昼間から飲むビールはいいねぇ♪  ドイツワールドカップ祝杯も兼ねてるから余計に旨い♪
0	RT @klvsnv: 【W杯をプレイバック】  西村主審、疑惑の判定 スペインGL敗退 ザックジャパン完敗 コスタリカ躍進 ペペの頭突き スアレスの噛みつき ハメス覚醒 ネイマール骨折 ドイツ、ブラジルに7得点 クローゼ得点記録更新 ドイツ優勝 http://t.co/wpX…
1	今の監督のサッカー、前の監督のよりは面白いな   #jefunited
1	RT @aoi_nishimata: 倉敷女児監禁事件について森永卓郎さんがテレビで素晴らしいコメントをしていた！！『犯人の部屋に美少女ポスターが貼ってあったからって、美少女アニメが好きな人が犯罪者みたいな事を思うのはおかしい。彼が特別な考えの持ち主なだけですから。』って！！森…
0	#abe02kariya 久々にラジオのイベントに参加してみた http://t.co/jUpWDaJf3e
0	#abe02 昨日の鶴舞公園行きました　　刈谷さんに抱き付いて来てやったぜー!(男)
1	確かに男女平等にハグはしてましたね　#abe02
0	また、岐阜へ。今回はのうりん目当てで♪
0	スタジアムで田村ゆかりの曲が聞けるとは…
0	所々で農の絵が🎵
1	RT @SoccerKingJP: 【プレゼントキャンペーン】『2014-2015シーズン選手名鑑』を毎日5名様にプレゼント！　 応募はサッカーキングの公式Twitterアカウントをフォロー＆この投稿をリツイート！　http://t.co/Wp2WuTamDJ http://t…
1	RT @akiko_lawson: 【ローソン】ピュアシリーズキャンペーン！@akiko_lawson をフォローし、この投稿をリツイートすると、抽選で「あなたの”ピュア”をバックアップ！商品券10万円分」をプレゼント♪ http://t.co/TEgMWIdezF http:…
0	天皇杯抽選始まる…  ドキドキ
-1	セレッソVS千葉 滅多に当たらない対戦だ！！ フォルランと対戦も楽しみだ！！
0	あ、天皇杯 ケンペス古巣対戦だ！
1	スカパーのザッピング中継楽しかったぁ♪ 数年前は最終節のみやってたが、J1に贔屓がない自分には丁度いいや♪ #スカパー
0	初めて日本代表の練習をみに来た
0	戸田さん！ジェフのプレイオフの解説来てください！！ #Jリーグラボ
0	怒り新党 下田アナと玉乃きたー
1	絶妙か？？ww
0	J1昇格の瞬間を見に名古屋から出発！！ うちらだけかと思ったらなんと同志 もいた！！#jefunited
0	恵那でもう雪景色ですかい…
0	RT @fsntweet: 元日本代表監督イビチャ・オシム氏からモンテディオ山形へのメッセージ - http://t.co/jJQ38UYz8R   　まず、天皇杯決勝進出に心からおめでとうと言いたい。  　日曜におこなわれるJ1昇格プレーオフ決勝は、私はジェフ千葉よりもモンテ…
0	RT @SoccerKingJP: 【みんなの勝敗予想】J1昇格プレーオフ 12月7日15:30KO　千葉×山形 http://t.co/2pIv0nUbrF 千葉が昇格すると思う人は『リツイート』 山形が昇格すると思う人は『お気に入り』 http://t.co/KMZdqqx…
0	RT @teriusu_jp: さーー！Ｊ１へ行くぞ！ http://t.co/Lf1Zh5rG5u
-1	久々に泣いた。悔しくて泣いた。しかしもう来年に向けての心の準備はできた。どんな戦力になろうとも… 自動昇格をめざして win by all!!
0	RT @com_yu: 丸亀スタジアムすぐ横のローソンにて。サッカー愛溢れる一枚 #コミュサカ http://t.co/jVG9Xnz7Q2
1	無事帰宅の…  今日は疲れで安らかに眠れそうだ…
0	まずは…録画したPOを消去っと…
0	RT @fsntweet: 千葉、中盤強化で川崎ＭＦパウリーニョを獲得 - http://t.co/1DyeGfFEkp   千葉が川崎ＭＦパウリーニョを獲得することが分かった。また、チーム最多１３得点を挙げたＦＷケンペスは契約満了で退団することも判明した。今季は佐藤健や佐藤勇…
0	RT @fsntweet: 千葉３年連続ＰＯで敗退...鹿島ＤＦ山村獲りへ - http://t.co/LFMXHiD9qU   千葉は来季補強を着々と進める。指揮官の下でロンドン五輪を戦った鹿島ＤＦ山村和也の獲得に乗り出したことが、関係者の話で判明。川崎ＭＦパウリーニョも松本…
-1	智契約満了かよ  PO終わったときあんなに辛い顔してたから嫌な予感したんだよな…
1	RT @zeek21: 個人的には、智さんはキープしておかなければならない選手だと思う。とくに戦術的にはものすごく大きい。  でも、彼に守備全般だけじゃなく、ビルドアップも、セットプレーも、ピッチ内外でのリーダーシップまで頼り切っているのは、正直チームとして情けない。 レギュラ…
-1	RT @wvvYoshivvw: もうすぐ最高裁判所裁判官の国民審査があります。これは正直地味で○か×をつける判断材料の一つ　１票の格差の違憲又は違憲状態を認めているものの選挙自体を無効に出来ない　何時までたっても不公平な状態で選挙が行われる　こんな国民の声の届きにくい選挙でい…
-1	@teriusu_jp  昨日お誕生日だそうで。１日遅くなりましたがおめでとうございます！ 同じ日ですが昨日結婚記念日でした
1	RT @jefunited: 「来季も指揮を執る関塚隆監督と来季新加入の仲村京雅選手　千葉テレビ「WIN BY ALL!」公開収録にゲスト出演のお知らせ」（ジェフ公式） http://t.co/0Wlxd2nZ1i #jefunited
0	っちょっっっっ…  山口慶引退…  キャプテンシー2人も居なくなるの！
0	RT @SoccerTimes: 日刊スポーツ - 千葉ＭＦ山口慶が現役引退を発表 http://t.co/cbnTF68BfV #サッカータイムズ
1	竹内彬が5年ぶり名古屋に復帰!!「強い覚悟を持って戦います」 | ゲキサカ[講談社] http://t.co/oTfa68IBe4 #gekisaka ありがとう！ 彬！！
1	“@jleaguenews: 【千葉】甲府から元日本代表ＭＦ水野を獲得「やっと家に帰ってこれた」 http://t.co/sOnMrKbv9F” 戦術云々あると思いますが8年前の宣言通り帰って来てくれて嬉しい♪ フロントもようやく気が効くようになったかw
0	ジェフサプライズ発表は無しか…。物足りない感あるけど。 今年の1stユニ好きなデザインだなぁ。久々に新品で買おうかな♪
0	8年ぶりの千葉復帰、MF水野「どうにかしてJ1に上げたい」 | ゲキサカ[講談社] http://t.co/4ozAfdqn8K #gekisaka 黄色と緑が似合う！
1	RT @Osim_goroku: 「本当のファンというのは、いいときばかりではなく、負けたりしても足を運んでくれて、応援をしてくれる人を指す。そういう意味ではファンもチームが何をできるかしっかり見極めてほしい。決して負けたり引き分けたりしたいわけではないのだ。なぜそのような結果…
-1	“@foot_ch: JFAがアギーレ監督の契約解除を発表 http://t.co/CNihir9acW #daihyo http://t.co/rFV9YPADCJ” やっとか… グレーな監督いつまでも据ておきたくはないからねぇ。あと、博美と邦彌はいつ辞めるかな
-1	解任のタイムングはベストでしょう。グレーな監督は据え続けるのも如何なもんでしょう  #おやじ会
0	香川いらない子…   #おやじ会
1	"@jefunited: 「鈴木隆行選手の加入について」（ ジェフ公式） http://t.co/mXQiyy7ghX #jefunited"17年前は残留に貢献してくれた隆行さん、今回は昇格に貢献してくれ！！
0	オレオ風？わらび餅風？巷で話題の"スタバカスタマイズ術" - LINE NEWS  http://t.co/drcsuAmbP8 @news_line_meから
0	きたー！これで戦闘準備はOK！だがいつ観に行こう… http://t.co/TpF6dIVl4Q
1	名古屋VS松本ＴＶ観戦 彬さんはやっぱり彬さんでしたね… 山雅は勝ち点2落とした試合でしたね。これを3にできれば残留はできますよ
0	RT @zeek21: 松本昇格の初戦を攻守にわたり盛り上げた 竹内アキラ（元ジェフ）劇場。
0	RT @SoccerTimes: デイリースポーツ - 大久保のデスゴール今年は横浜Ｍ？ http://t.co/OIL87ugSzS #サッカータイムズ
0	RT @domesoccer: 2013年の昇格チームの開幕戦 △甲府●湘南●大分 2014年の昇格チームの開幕戦 ●G大阪△神戸●徳島 2015年の昇格チームの開幕戦 ●湘南△松本●山形  昇格組は3年連続で開幕戦の勝ち星なし。ちなみに2012年はJ1復帰のFC東京が勝ってま…
0	さぁ、2015シーズン開幕だ！  #jefunited
-1	開幕で苦手意識のあるチームに勝って序盤乗り切ろう! #jefunited
0	はるやー！ #jefunited
0	とりあえず、前半で失点しないように…  #jefunited
0	ペチュニク見えてるなぁー #jefunited
0	RT @tkq12: ペチュニクの特徴 ・ボールは持てる ・スピードはあんまない、運動量はけっこうある ・視野は広いし、そこにパスを出す技術もある ・でかいけどヘッドは得意ではなさそう ・守備は下手。一か八かのやけっぱちスライディングを多用する。
0	後半も攻撃意識持って行こう！  #jefunited
0	あと、つまらん失点しないように… #jefunited
0	RT @nozuki221: ノノ社長、サポ列で一人一人に声を掛けて握手。 http://t.co/bdzmP83Ez0
1	ペチュニク打ってもよかったじゃん… #jefunited
0	中盤拾われてるぞ… はっきりしようぜ #jefunited
0	あーぶーねーぇー  #jefunited
0	つまん黄紙もらうなよ…ー #jefunited
1	そろそろ「ロマンチック2015」 の意味知りたい… #jefunited
0	佑昌おかえり！  #jefunited
0	谷澤ぁ…今年もか…  #jefunited
0	深井登場か… 店取らない程度に活躍を…（苦笑） #jefunited
0	あどちゃんゴール狙えー  #jefunited
0	ペチュニクお疲れー！ #jefunited
0	白星発進！ #jefunited
0	代表戦でアッコちゃんのチャントを聞くとは…
-1	"@gekisaka: フォルラン退団か…12日に緊急会見へ「キャリアに関する重要な発表」 http://t.co/7Kr9av4jdo #gekisaka http://t.co/2TGlmzjkLM" 現役引退か？？ それはそれで寂しい…
-1	今日のスカパー解説は…あの変顔王子の東美さんですか！  #jefunited
0	隆行ベンチに入れて欲しかったなぁ… #jefunited
0	どうみても報復にしか見えなかったよ金井くん… #jefunited
0	ネイツナイスゴール！ #jefunited
-1	面倒くさいからゴールにしとこw #jefunited
1	ジェフ…パウリーニョ取ってほんとに良かったよ… #jefunited
0	あどちゃんモヒカンかよww #jefunited
0	"@jefchibasong: 「ジェフユナイテッド　オレオレオレ」 ※勝利後 ジェフユナーイテッド　ジェフユナーイテッド オーレ オーレ オーレー  #ジェフユナイテッドチャント" #jefunited
0	スカパーさん なぜ、ジェフの時は勝利後のゴール裏見せてくれないのかなぁ〜。オブラディオブラダや、俺たちジェフとかサポと勝利を分かち合ってるところ見せて欲しいなぁ〜
-1	眠い前半だったよ… 後半は目の覚めるようなゴールを期待します #JEFUNITED
0	ＰＫ！ #JEFUNITED
0	森本吠えた！ #JEFUNITED
0	グリーンスタジアムのジンクスは破れなかったか…  #JEFUNITED
0	井林くんフィギアゲットおめでとー！
-1	“@zeek21: 「ジェフでダメならサッカーを辞める覚悟」 その気持ち受け取って応援するぜ！  RT @CHIBAPLA: 「ジェフのためにすべてを懸ける」（金井貢史）  http://t.co/jWbn5W1YsS http://t.co/EcGyxUCHFy”
-1	RT @zeek21: 「ジェフでダメならサッカーを辞める覚悟」 その気持ち受け取って応援するぜ！  RT @CHIBAPLA: 「ジェフのためにすべてを懸ける」（金井貢史）  http://t.co/jGTpGS8tBQ http://t.co/PS2SSgYV96
0	谷澤 目の敵にされてる？？ #jefunited
0	松尾、ジェフに怨みあるんか？？ #jefunited
1	北爪ようがんばった！ 金井と良い争いして右SBの質を上げてくれ！ #jefunited
0	あ、島田来てたんだ… #jefunited
1	今日の京都戦行きたかったが…ここ最近のaway京都戦勝ち試合見れず雨に祟られていたので止めたが…今日は行けば良かったかな…
0	@teriusu_jp 雨の中の後押しお疲れ様でした！ おそらく落ちてからは初の西京極勝利でしょう。雨の西京極避けたかったので参戦しませんでしたが…かなり後悔（笑）
0	キム自信がついてきた？？ #jefunited
-1	嫌な当たり方したなぁ… #jefunited
1	森本よ、影武者はもういい 早くヒーローになれ！ #jefunited
0	さぁ〜もう1点行こうハルヤ！ #jefunited
0	大宮に勝てないイメージあったが…昔は勝てていたのね… #jefunited
-1	後は森本の得点量産できれば… FWがPKの得点だけじゃ寂しいな… #jefunited
0	RT @domesoccer: 投票率が低いと自・公推薦の現職有利だといわれています。
0	木山さんに恩返しだ！ #jefunited
0	ジェフには負け無しはあっても連勝のイメージがしない…（しているだろうが） #jefunited
0	さすが木山さん…細か杉！ だがこれを打ち破らんとね  #jefunited
0	前半は0-0でも仕方ない 後半にどう点を取るかそこが監督の腕の見せ所だし選手の実力だと思う  #jefunited
0	今日のジェフにはツキがない？ #jefunited
0	また瀬沼にやられた… #jefunited
0	追いついて逆転する事 こういう癖もつける事だね #jefunited
-1	こういう時に隆之が欲しかったかなぁ… アドちゃんに期待するのは酷かも #jefunited
-1	ここで焦るのか… まだまだ甘いってとこだね #jefunited
-1	やっぱ今日はツキも無いか  #jefunited
1	まだ良い時に負けた感もする。次の磐田戦連敗しないプレッシャーも付け加えて全力で勝って欲しいなぁ！  #jefunited
1	やはり木山さんはいい監督だなぁ。関さんに出会わなければ個人的には続投させて欲しかった監督ですね  #jefunited #ehimefc
0	この2試合で弱点晒されたなぁー…  これでパウリーニョも居なくなったら… さて、個云々もあるが夏の補強の事も考えないと…   #jefunited
0	RT @SoccerKingJP: 【みんなでクイズ】かつて「マジック・マジャール」と呼ばれ、世界最強と評価された代表チームは？  ハンガリー代表だと思う人は、リツイート オランダ代表だと思う人は、お気に入り登録  正解は↓ http://t.co/k3z04g5W7E htt…
-1	松本VS新潟観てるが…個人含めチャントが妙にジェフっぽい…
0	大亮くん FKで直接決めるイメージないなぁ〜って、話してたら直接決めてくれた！ 大亮くん御免なさい…  #jefunited
0	経験だぞ 落ち着いていけよアドちゃん #jefunited
0	闘争心見せるのもいいが、頭の中は冷静にしたいものだね。かなり後味悪い試合になって残念です #jefunited
1	LAWSONのドーナツ旨かった！某老舗？チェーンより好きになるかも♩
1	連戦と言うのも解る 怪我人多いというのも解る だけど上位に居るのだから勝ち点3は欲しいかった。この落とした勝ち点2が優勝できなかった若くは自動昇格できなかった と、いう事にならなければいいのだが… #jefunited
0	RT @seikakuhousoku: 左下を見てください。 http://t.co/VQVJrv0EjR
0	愛媛戦の二の舞だけは勘弁な…   #jefunited
-1	ね、眠いよぉ… 目も覚めるようなゴール決めてくれ！  #jefunited
0	目 覚めたぁ！ #jefunited
0	関さんの怪我も心配… #jefunited
1	連戦終えて2位 いい位置に居るのではないでしょうか。次の金沢戦もしっかり勝って磐田にプレッシャーかけましょう  #jefunited
1	RT @saka_not_ita625: わかりづらいですが、試合後讃岐サポに御礼の挨拶に行く森本貴幸選手 Jリーグの素晴らしいさ！ #jefunited  #kamatamare  #jleague http://t.co/0zQOJUYqxQ
1	FC岐阜が5・31アニ×サカ!!第3戦「のうりんコラボマッチ」のグッズ詳細を発表 : ドメサカブログ http://t.co/C8mw2lxIzF  わ、若旦那のTシャツ欲しい！ また、今年もコラボマッチ観に行こうかな…
-1	RT @x__ok: ヨーロッパの消費税は、格差を無くすためにあるものです。日本の消費税は、値上げした分を法人税値下げに使う事からも明らかなように、格差を拡大するためにあるのです。だから年貢なのです。金持ちであればあるほど有利になり貧乏であればあるほど不利になるのが今の日本です。
0	豊田が豊田でTOYOTA母体のチームに恩返し弾
0	RT @shukyuantenna: ◆Ｊ速報◆Ｇ大阪×川崎　岩下敬輔（Ｇ大阪）さん　またも(´・ω・`) http://t.co/nXy0lb9Qm9 http://t.co/6tjv71UWAn
1	RT @jefunited: 今日は岡本昌弘選手の32歳の誕生日です。おめでとうございます。（プロフィール：ジェフ公式）http://t.co/lhSHFpIUiM #jefunited
0	RT @lunamt7: 審判への感謝も忘れずに。 みんなで作るJリーグ。 #jefunited #jleague  #TFU_soccer http://t.co/pAMn2XbDJe
0	J2 100勝目指し＆グッピー誕生日祝い金沢に勝とう！  #jefunited
0	ラインを割ってたのかも知れないけど…  セルフジャッジ的にプレイ止めたのと75〜90分の間で攻撃の形作れず点を取れなかった事を反省しようね  #jefunited
0	明日仕事だが思わず「のうりん」見てしまった…(苦笑い) だけどいつも見るたび考えさせられる作品だよなぁ…
0	はい、厄落とし厄落とし…  #jefunited
-1	RT @tsunsan: 0-3になってゴールキーパーが二度倒れた。この場面ストレスが爆発しそになり、サポーターは荒れる、汚い言葉が飛ぶ。 そこをコントロールするのがコールリーダー。♪俺たちの誇り♪唄を挟んでヤジをかき消す http://t.co/47NAFpSDFv
1	RT @zeek21: パウリーニョにしてもネイツにしても 「優秀な選手」以上の影響を チームに与えてない。  森本はベストコンディションじゃないと 守備がはまらないし、フリーを外しすぎ。  つまり、一番不在が響いてるのは、 試合のメンタルコントロールしてた 勇人ってことか。 …
0	RT @SoccerTimes: スポーツニッポン - マインツ移籍発表の武藤「葛藤や迷いもありました　決断したからには」 http://t.co/hAbPqHk5C8 #サッカータイムズ
0	＜ＦＩＦＡ＞アジアは４．５枠維持　１８、２２年Ｗ杯（毎日新聞） - Yahoo!ニュース http://t.co/uwOv9d82um     4.5枠貰えるからブラッター指示かなぁ〜 って邪推したくなるねw
1	RT @4JPN: 岡田武史氏「オリンピック（の開会式）は国ごとではなくて、競技ごとに入場してくれば良いと思っている」 これ、面白い視点ですね。 #Jリーグラボ
1	Ｊリーグラボ見てるが…監督の時代の岡田は好きになれなかったが、オーナーの岡田は好きになれそう… #Jリーグラボ
1	RT @zeek21: スロベニア友「ネイツはこれまで代表では活躍してきたけど、クラブチームではずっと出場機会に恵まれなかった。ズベズダは有名だが待遇が悪かった。だからジェフが彼に機会を与えてくれて彼の持てる力をサポに証明できる機会を得たことを誇りに思う。今の彼に完璧なクラブだ…
0	RT @ZenChida: 「スポーツ大陸　オシムの改革　ジェフ千葉初優勝への軌跡」 再放送決定！！ http://t.co/89CnJNAg17 #jugem_blog
0	セレナ  #abe02
0	フクアリへ帰って来ました🎵 http://t.co/VndXWFgpBe
1	ユナパの隣にローソンが！  ローソン派の自分には嬉しいかぎり♪ まだオープン前ですが… http://t.co/Td7iVbB1y4
1	RT @SEGA_OFFICIAL: 【応募用ツイート1】フォロー＆このツイートをリツイートするだけ！抽選で「セガグループゲームソフト1年分」（セガゲームス／アトラス）が当たる♪6/7（日）まで☆ 詳細⇒http://t.co/gAGMKHdM4M #セガ創立55周年 http…
0	フクアリに帰ってきたぁ！ http://t.co/E4AwDiyOGo
0	今日はここから観戦 http://t.co/BE541zHSdk
0	今日の札幌戦 ベンチに鈴木隆行 札幌のスタメンに稲本 是非ピッチ上で競演してほしいですね❗   #jefunited #consadole
0	すげぇ、コンサのチアも来てるなんて…  ノノさんの営業力か…
0	お互い審判に壊された試合ですね。  #jefunited
1	稲本が早く下がったおかげもあるかなぁ やっぱ稲本上手いよ
0	RT @zeek21: 蘇我駅の皆さんこそ、サポの鑑。 勝って驕らず、負けて落ち込まず。 RT @ote_jp: 蘇我駅の皆様も、お疲れ座でした。 http://t.co/h7Ty9wbbN4
1	RT @michel_miyazawa: JEFは良く追い付きました󾬄内容に 前半のビルドアップの所のミスの多さ サイドに人数のかけすぎ(一人多いね)ペナ中に人が居なくゴールが生まれそうな気がしなかったが 後半は 良く前線に圧力を厚くかけられて 何とか勝ち点がとれた FWが欲し…
0	千葉遠征から帰還  モーニングを食べに近くのアンティークへ。 BGMがディズニーリゾート…  地元戻っても千葉に居る気分だ♪
0	RT @CesarePolenghi: ガゼッタとコッリエーレもユーヴェを褒める。 http://t.co/h6Eb04wtPY
0	J2アビスパ福岡・酒井宣福に高山主審が差別発言？ネット上でも物議を醸す｜コネタ by auニュース http://t.co/Wh1OF3Ghkk さすが高山…そっちのジャッジもまともにできんか…
1	今シーズン最悪の試合ですな…  前半15分も経たずに2-0 3月、4月のジェフなら期待持てたが正直嫌な予感しかしなかった。このままじゃぁ今年もJ2残留ってオチになりそうだな ってか3月、4月でいい想いし過ぎたかな  #jefunited
1	“@domesoccer: ブログ更新: ジェフ千葉サポーターで知られる女優の桐谷美玲さんが14日のホーム福岡戦をスタジアム観戦 http://t.co/OD7Ju8SNAL” 好きな女優は？と聞かれたら桐谷美玲、本田翼、小島瑠璃子と言おう♩
0	RT @syukatsu__2017: 〈コレが解けたらIQ120！？〉  1 + 2 = 3  3 + 4 = 21  5 + 6 = 55  4 + 5 = 36  8 + 7 = ??  #解けたらRT
0	RT @AP_koutuu: ６月１日から、自転車運転者講習制度がスタートしましたが、皆さんご存じでしょうか？自転車の運転により信号無視や、一時不停止、遮断踏切への立ち入り等の違反行為を３年以内に２回行った場合に、自転車の運転に関する講習を受講してもらうものです。講習時間は３時…
-1	いろんな意味で なんも言えねぇー…な試合ですな。いい加減アジアの格下相手に戦い方学べよな〜
1	RT @bvblife15: さよならフォルラン、ありがとうフォルラン！ 確かに年俸に見合った活躍はできなかったけど、1年半でアレだけ愛されるスター性は流石だった！ 昨日最後の終わってからのフォルランコールよかったです！ http://t.co/6PcWkxhurP
1	RT @AmazonJP: 【予約受付中】レトロゲーム互換機「レトロフリーク」 http://t.co/lWjnEHmpTk  11機種9000タイトル以上のゲームが動作可能！ ※Amazon限定カラーあり http://t.co/nNnnijFfk0
0	RT @06Crz: ディエゴありがとう。 また会おう！！ http://t.co/d9pl9y8k4j
1	RT @foot_ch: 【速報】 かつて中田英寿氏らがプレーしたパルマが破産したことを公式に発表。財政難に陥るも、最後までクラブの買い手が見つからず。これにより、アマチュアリーグである4部相当のセリエDへの降格が決定。 http://t.co/YM3m1pJhLo
0	呑んだ翌日の早起きはつらひ… でも頑張れなでしこ！
1	GKは山根じゃないのか… 大丈夫か？
0	@tekitoYoshi 怪我の具合
1	RT @jef_united: 明治安田生命J2リーグ第20節、徳島ヴォルティス戦のスターティングメンバーが発表になりました！アウェイの2連戦ですが、2連勝して帰りましょう！試合の詳細はhttp://t.co/Ec9H8vaova #jefunited #ジェフ千葉 http:…
0	RT @shimizuai12: 負けていつまでも文句ばっかいってる奴はサポーターじゃねーよ まずは12番が前向こうぜ http://t.co/NexFUzQ6Lu
0	セレナ  #abe02
-1	徳島の実況アナ…つまらない… かえって眠い…
-1	徳島のマスコット…まった古いネタやってんなぁ〜
0	84分間何やってたんだ… 何でこんなに勝負弱くなった？？  下位に取りこぼすからJ1ストレート昇格出来ないって事に気付かんのかなぁー
1	RT @zeek21: 高木で負けたのならまだ納得いくけど、 グッピーのあれはねぇわ。  やっぱりさ、今のCB2人は高木パウリーニョとセットなんだよ。グッピーで行くなら山口智が必要なわけで。 #JEFUNITED
0	RT @zeek21: クルマに付けてた ジェフのリボンマグネット 家族に剥がされたわ。  「恥ずかしいから」って。  ふざけんなよ。 それで夫婦喧嘩だよ。 #JEFUNITED
0	急いで帰って来てスカパーつけたら… 一気に仕事の疲れが出てきたよ… #jefunited
0	キ・ム・ヒョヌン！ #jefunited
0	RT @naaagatoooo1017: 相変わらず   #jefunited http://t.co/x8egwQppv0
0	ネイツ・ペチュニク Hey Hey Hey! #jefunited
0	アドちゃん落ち着いて行けよ！ #jefunited
1	大亮大丈夫か？？ #jefunited
1	大亮もそうだが岐阜の2選手大丈夫かな？ 怪我人続出の試合になってしまいましたが…   #jefunited
0	なでしこ応援中   ですが去年のドイツ代表にフルボッコされたブラジル国民な気分…
0	よっしゃ！ これで15分で1点づつ取れば逆転できるぞ！
0	菅澤！ 菅澤！ 菅澤！
1	やっぱり連覇を成し遂げると言う事は並大抵なことではないのですね…  負けても笑顔のなでしこジャパンが素敵に見えます お疲れ様！
1	女子アメリカ代表おめでとう！  どのチームでもトロフィー掲げる姿はやっぱりいいね
0	よこはまの寛平ちゃんがジェフにきたー！ https://t.co/fxgrO2kUgi
0	今日のスタメン、安&amp;かんぺーさんがスタメンですか。新戦力が楽しみですが… CBは大岩&amp;栗山が思ったより伸びてないって事にもなるのかな。って事は…智を切った代償がここに出てきた？？  #jefunited
-1	未だに信じられない… かんぺーさんが黄色いユニ着てる事が… #jefunited
0	でも、なーんも変わんない？？  #jefunited
0	岐阜戦のような逆転劇を期待したいです…  #jefunited
0	上３つが勝ち点とったぞ…  絶対逆転だ！  #jefunited
0	パウリーニョ→健太郎   んー読めない… #jefunited
0	さぁ、安orかんぺーさん ヒーローになりましょう！ #jefunited
1	安 シュート撃つ姿勢は良いようだ #jefunited
0	江坂の件といいなぜ中盤でのプレッシャーをかけない？（怒） #jefunited
1	かんぺーさんは流石… だが負けては良い評価は出来ないや…  #jefunited
0	あとは相手GK 富居を褒めよう #jefunited
0	RT @inuunited: 蘇我駅『私だけかね…？ まだ昇格できると思ってるのは…』 #jefunited #ジェフ千葉 #蘇我駅愛してる http://t.co/jMMUDecRCk
0	RT @fsntweet: J1リーグ最多敗戦ランキング - http://t.co/zHRdzRapJy   J1最多敗戦ランキング   1位：広島299敗  2位：清水297敗  3位：脚阪297敗  4位：名古295敗  （5位：千葉281敗）
-1	確かにヤマハスタジアムでの相性悪いのは判るけど… ここ一番で勝てないというのは如何なモノかと…。このままじゃぁ今年はＰＯ自体も危ないのか…
-1	ヤマハ行けない事も無かったが雨に祟られる印象しか無かったのでスカパー参戦しときました。
0	RT @naaagatoooo1017: ああああああああああああああああほんとに  だな  #jefunited http://t.co/Sns7Kx16xu
1	RT @unitedcrazyfan: 俺は今日も明日も明後日も  ジェフサポーター。  ジェフとかざこじゃん… ジェフ？なにそれ？ ださっ。  誰がなんと言おうとやめません。 ジェフのお陰でサッカー好きになれたんだから、その感動を与えてくれたクラブが苦しんでる時こそ支えたい。
0	ぉぉ、グランパスの年間の勝敗がナゴヤ(7勝5分8敗)だ、
0	RT @sinrinet: 糖質制限でＯＫな食事、ＮＧな食事一覧。 魔法のように体重が減ります。まだの方は、いつかぜひ。 http://t.co/z9rdK0EnzV http://t.co/zdjz2WzZTI
0	RT @lovemedo_uranai: 明日は満月よ!!　みんな、イライラしたりや、人間関係で揉めていない事を祈るわ!!
0	痛恨の失点？ いやいやいや、80分以上も追加点の取れないつけが回ってきたんだよ…
0	RT @ultrassong_bot: 明日へのマーチ（ジェフ市原）[チャント]http://t.co/ZI8PWq6EKw[原曲]http://t.co/VX2JMh6tUk
1	懐かしいなぁ〜  ってか、原曲あったのですね…
1	ジェフvsセレッソのスカパー中継始まった。なんかスタジアムにいる気分でこれはこれでいい♩
0	RT @fsntweet: 本人も驚いた左SB起用、米倉がデビュー戦でアシスト - http://t.co/TET1hFeeQz   前日8日の練習前にハリルホジッチ監督から突然聞かれた。「左サイドバックをやったことはあるか?」「ないです」。そうしたやり
0	RT @fsntweet: アジア杯ベスト8に続き、東アジア杯最下位...セルジオ越後氏「もうアジアの王者ではない」 - http://t.co/tgWIXqyT9H   「そもそも、この大会をどういう位置づけ、意義で戦おうとしたのかが分からなかったね。
0	RT @BASARA_CAPCOM: 【『戦国BASARA4 皇』発売記念RTキャンペーン】フォロー＆RTで、モンスターハンターシリーズコラボ衣装の「ほぼ等身大！武将バスタオル」が抽選で当たる！？ http://t.co/pzDYnqO4hl #バサラ4皇発売 http://t…
0	おっ、ジェフも記念ユニフォーム作るか！
1	長崎の創成館の応援がサッカーのチャントみたいだということで珍しく高校野球を見てる 。なんか新鮮でいい♪
-1	あ、人少ないからがれっとぽっぷこーん並んでみよう♪
1	ポップコーンゲット。空いているとは言うものの20分かかるかぁ…  まぁ某鼠国みたいに外で待たされる訳でもなく試食も出来て良かったかな♪
1	RT @jef_united: フクアリ10周年記念特設サイトをオフィシャルサイト内にオープン！ぜひご覧ください！＆拡散をお願いします（^^） http://t.co/r8AnQhoWT8 #jefunited #フクアリ10周年 http://t.co/JMCBW5fHLY
0	RT @jef_united: フクダ電子アリーナ　10周年記念特設サイトがオープンしました！ http://t.co/r8AnQhoWT8 #jefunited #フクアリ10周年
1	RT @FantasistaUme: すばらしいこのアイディアすげーー！かっこいい笑笑 http://t.co/LYjx67rfnZ
0	グランパスさん！松田力くれてありがとぉぉ！
0	誤解の無いように… もちろん松田力はレンタルってことは承知してますので…  それだけ嬉しいゴールだったってことですよ♪
1	@ujiie20123 川又、永井に隠れてしまいがちですが、松田もいいもの持っていますね。走れて守備もできこれからも期待出来ますね！
0	今日のWBSはレッズ関係を2回も見るとは…
0	家族でお出かけセレナ #abe02
0	「キャッチ」の特集でジェフユニをみるとは…
0	流せよ…  まだ青い審判だなぁ…   #jefunited
0	今日のドローは…自力で２点目取れないのもあるが、今日の審判は余りにも経験不足による得点無効も大きいなぁ…    #jefunited
0	何なんだこの大人の対応は… https://t.co/h8TdBA1gnx
0	あとはキムの凡ミス…  智の御前であのミスはいただけないなぁ…
1	あなたにぴったりなのはiPhone / あなたにぴったりのスマホは？ - LINE NEWS  http://t.co/NwP8uAO4mv #linenews #さくっと診断 @news_line_meから
0	井手遥也に代わりオーロイ…とは言えないw https://t.co/jYCKAiXXGZ
0	RT @RT5000over: 60名が3日間体育館に寝泊りで復旧作業 http://t.co/orV4wf1QMI 【拡散】米軍が鬼怒川決壊の被災地でボランティア活動⇒マスゴミ報道せず 米軍「悲しいけど知らない人が多い」http://t.co/qFlrZ4Iw5K http:…
0	すいませーん、プログラム入ってませーん  ここで書くことじゃないがw #abe02
0	やっと木山さんに恩返し出来た さて、ＰＯ圏内に戻れた もう目標はＰＯ圏内死守だ！#jefunited
0	そっかまだあれから48時間経ってないんだ… #abe02
0	サンプラザ中野くんの生歌…カンドーしました #abe02
1	RT @tatsukino: 【拡散希望】「マネーフットボール」１巻の初動がよくないので5巻で終わりそうとのこと。まだ間に合いますので1巻を書店でお取り寄せまたはネットショップでご購入頂ければ幸いです。　http://t.co/8HWtEh6i1U　試し読み→ http://t…
0	さぁ、ここから3点取ってPOに向け勢いつけようか #jefunited
0	相変わらずの村上クォリティ… #jefunited
1	先制されて負けないだけまだ上出来。 まだツキはあると見た。このままPO圏内目指していこう  #jefunited
1	RT @jsgoal: 10月下旬、Ｊリーグ公認ファンサイト「J'sGOAL」がリニューアルオープンします。 Ｊリーグ.jpと連動しながら、Jリーグのある幸せ、スタジアムでの楽しさを感じられるようなコンテンツを中心に展開予定です。URL⇒ http://t.co/v4723DL…
0	【SELECTカード投票イベント開催中】投票した選手がSELECTカードに！？お気に入りの選手に投票しよう！#footballday_jp #FD投票_La017
0	【SELECTカード投票イベント開催中】投票した選手がSELECTカードに！？お気に入りの選手に投票しよう！#footballday_jp #FD投票_La005
0	一足先に岐阜到着～ 遊んでからいざ長良川！ https://t.co/NbEmHn2icC
0	長良川到着！ 今日は中津川の日 栗きんとん珍しいよ！勧められたが… スミマセン中身は愛知県人なんで
0	家族みんなのセレナ  #abe02
-1	長良川 寒さ…っぱない！ 助けて…
0	負けた… そして岐阜駅行きのバスがFC岐阜ラッピングバスとは…
1	RT @0119_yuko: ジェフサポさんの横断幕に、岐阜の社長さんが挨拶(？)に行ってた。 素敵な光景でした(^^) https://t.co/jL546fVh78
-1	@fukkie25 寒い中お疲れ様でした。悔しさだけが残る試合でしたが気持ち切り替えて応援していきましょう。
-1	@teriusu_jp 寒い中お疲れ様でした。残りも頑張って応援していきましょう！
0	【SELECTカード投票イベント開催中】投票した選手がSELECTカードに！？お気に入りの選手に投票しよう！#footballday_jp #FD投票_La001
0	【SELECTカード投票イベント開催中】投票した選手がSELECTカードに！？お気に入りの選手に投票しよう！#footballday_jp #FD投票_La010
0	【SELECTカード投票イベント開催中】投票した選手がSELECTカードに！？お気に入りの選手に投票しよう！#footballday_jp #FD投票_La009
0	【SELECTカード投票イベント開催中】投票した選手がSELECTカードに！？お気に入りの選手に投票しよう！#footballday_jp #FD投票_La006
1	一平くんいい受け身だったよ… https://t.co/9IKeebeOQX
0	大宮 J2優勝＆J1復帰おめでとうございます
0	奇跡のPO進出 ！ なんて使われて欲しくなかったなぁ…  あくまで仮ですが…
0	さぁ！J1最終節 NHK BS-1 スカパーオンデマンドでザッピングだぁ
0	なんと！ FC東京VS鳥栖が下田＆玉乃だと！ 仕方ないパソコンで見よう…
0	スカパー中継開始！ WIN BY ALL！ #jefunited
0	力 ここんところ点取ってないから頼むぞ！  #jefunited
0	お、岡本…ここでそれやる…の？ #jefunited
-1	おいおいおい…ジェフってこんなにメンタル弱いチームだったか？？ #jefunited
0	守備陣が目立つんじゃなく攻撃陣が目立つ試合しようよ… #jefunited
1	かんぺーさんがシュートで終わってくれるのはいいが…讃岐がガチガチ過ぎだなぁ  #jefunited
0	こうガチで守られては… 太亮と晃樹の足に頼りたい… #jefunited
0	前半で同点に追いつこうよ…  #jefunited
1	PO出場ごときで「奇跡」って言葉は使いたくはなかったが… やっぱ奇跡でもいいまずはPOに連れって！ #jefunited
0	レノファ山口が最後の最後で同点に追いついて優勝… ジェフも最後の最後のまでPO出場かけて戦ってくれ！ #jefunited
0	オー 千葉！ #jefunited
-1	サポの応援も今日は音量が少ないような… こういう時にこそ大音量頼みます！  #jefunited
0	太亮… 自分で撃ってもいんだぜ  #jefunited
0	力…今のは決めてぇ！ #jefunited
0	リーグ戦最後で知った「ロマンテック2015」の意味… #jefunited
0	勝て！ #jefunited
0	アド！ 点を取ることだけ考えろ！ #jefunited
0	勿論讃岐というチームが成長したというのも分かります  が、今まで負けてないチームかつフクアリでは負けてないのにこの低たらく… 今シーズンの後半戦の結果ですね #jefunited
0	RT @hotaka_tubouchi: 根本からやり直せ！ 今シーズンしっかり反省しろ  別にもう監督云々補強云々じゃない #jefunited
1	開幕当初が良すぎた為に… この落胆は大きい… #jefunited
1	来年も関さんで行く！ と捉えていいのかな？ 自分的には賛成だが #jefunited
1	RT @CesarePolenghi: Jサッカーを愛してる人へ...  まだサッカーが好きじゃない友達がいれば、彼らに昨日の広島、そして今日の山口＋磐田の試合を見せて下さい！  そして、来年必ず友達スタジアムに誘って！  Ｊリーグ＝最高！  RTちょうだい！ https://…
1	RT @tonakaidoll: 一年間お疲れ様でした。毎回気持ちが暖かくなりました。感謝してます。 #jefunited https://t.co/tRzgR1cvMX
0	RT @inuunited: こういう結果に終わっても来年のシーズンシート更新の列ができてますよ。みなさんがクラブの財産感ある #jefunited
-1	RT @kumagai_chiba: 何が一番悔しいかというと、以前ほど悔しがっていない自分が居ることに気づくことです。根拠無く「ジェフはJ1に居るべきチーム」と期待をするのではなく、今の実力を謙虚に受け止め、しかし諦めずに日本一を目指すという高い理想の下で、一歩ずつチーム・サ…
0	へ？ https://t.co/ADTzdxIz2g
0	じわじわと今シーズン終了の精神的ダメージが…
1	あなたのT会員番号で豪華賞品が当たる！T-SITEナンバーくじ開催中！ https://t.co/9yzWHwtfoI #TSITEナンバーくじ #50000ポイントがほしい #Tポイント賞
0	RT @qwertyuiiopasd: 関塚監督続投への思い - ゆっくりいこう (id:aratasuzuki / @aratasuzuki) https://t.co/lOoSVXxR2b
0	RT @zeek21: 引き抜かれて困るのは、太亮よりキム。
0	RT @akiko_lawson: 【ローソン】モンスターハンタークロスリツイートキャンペーン！@akiko_lawson をフォロー、この投稿をリツイート♪抽選でモンハンクロス5アイテムセットをプレゼント！ #MHX https://t.co/eEgyoZPvnx https…
-1	レッズサポでは無い可能性もありますが… あの無観客試合はなんだったのだろう… https://t.co/L4UMJipXMT
0	RT @abestaff: 「家族のセレナダービー」１枠。あなたがセレナに一緒に乗って欲しいのは、けなげな新人キャラ【鞠谷アンジュ】！という方は、こちらをリツイート！ #abe02 https://t.co/NwS9SXrJzH
1	選手着用ユニ来た！♪ 記念ユニ即完売だったからゲットできて嬉しい♪ https://t.co/G1fZfWIZCF
0	選手見に行きたい…というのはあるが、監督を見に鳥栖へ行きたい！ https://t.co/2YJSCetZTL
0	たまには妄想でも呟こう… 太亮が出ていく… 左SBが空く… 山岸が広島退団…川崎時代の関さんの時に左SBやってた…(活躍出来高どうかは忘れたが…) ここ最近元ジェフを取る傾向あるみたいだし… あ、でもGM変わったから一概に言えないか…
1	会社を辞めるとき、絶対必要な保障は何か？ (PRESIDENT) - LINEアカウントメディア https://t.co/Qa1yoZ2hbu #LINEアカウントメディア
1	まさかまさかの長澤獲得。レンタルだけどジェフに来てくれて嬉しい！J2で暴れてくれ！ 来年もユナパ＆フクアリ行く気力が沸いた♪ https://t.co/QLOu89Y8dy
0	Jリーグアウォーズ見ているが…ケン・マスイ太ったなぁ…
0	ルミ子姉さん登場！
0	転職成功！(←2016年の夢や目標をツイート) https://t.co/ZJDQYdYe3h #香川真司選手の年賀状欲しい #ゲキツイ
0	ケンミンショーにて…県魅力度ランクで千葉よりも下だと知った大宮サポ様 ジェフの名前出してくれてありがとう
1	RT @abestaff: 「家族のセレナダービー」２枠。あなたが過ごしたい日曜の夜は【姫川皐月】の「楽しい妄想と早めの就寝」！という方は、こちらをリツイート！ #abe02 https://t.co/kgAfT42Yea
0	日曜の黄昏時…今年初の休みを阿部礼二聴きながら呑んでます  さいこー  #abe02
0	2016シーズントップチーム選手背番号及びユニフォーム表記名のお知らせ　#ジェフ千葉 https://t.co/qF8wvp5QGg 2番背負える選手出てこいや！
1	ラピュタトースト旨そう
1	試合の中継よりオシムのCMの方を真剣に見てしまう！ 恐れる事を恐れるな！
0	TVタックルで女子狩猟の事やってる 「のうりん」読んで害獣駆除頑張ってみたいと思ってるが…猟銃免許及び管理維持のハードルが高いんだよな あ、と身辺調査かぁ…
0	恐れることを恐れるな  今の自分に言い聞かせてます…
0	ホーム開幕は16時キックオフ！ 時間判ったので行きのバス確保！ まってろフクアリ！
-1	ようやくマネーフットボール(略して金蹴w)ゲット  あれ？黄色いエヴァがいる(笑) https://t.co/YvglVcJwFy
0	いやー久々に代表すげー！と、思ったよ！U-23代表おめでとう！
0	ドMボタン「家族のセレナBINGO」  https://t.co/ukzgQwNsRm #abe02
0	ラジオでビンゴ!?「家族のセレナBINGO」 https://t.co/c98zL3CoSl https://t.co/ukzgQwNsRm #abe02
1	スカパーにてジェフ戦観戦中。練習試合感覚で見ているので、まぁ今のとこは勝っても負けても一喜一憂しないが… 遥也の先制は嬉しい #ジェフィJマスコット総選挙
1	予想通り繋がりません… 早くもリーチなのに… #abe02
0	"長い間" リクエスト「家族のセレナBINGO」  https://t.co/ukzgQwNsRm #abe02
0	"真夏の果実" リクエスト「家族のセレナBINGO」  https://t.co/ukzgQwNsRm #abe02
0	"Automatic" リクエスト「家族のセレナBINGO」  https://t.co/ukzgQwNsRm #abe02
0	"つつみ込むように" リクエスト「家族のセレナBINGO」  https://t.co/ukzgQwNsRm #abe02
0	俺もダブルリーチ！ #abe02
1	ファンクラブの届いた～ ゴールド会員って…な、なんだか…(笑)  #ジェフィJマスコット総選挙 https://t.co/m8yhf9YJ3z
1	天気も良い休日 今日は絶好のスカパー日和w 朝からJリーグキャンプ祭り見てます♪
1	戦術云々もあると思うが練習着、ビブスも番号を固定にしたほうがいいかなぁ〜。どれがどの選手かが分かんないよね。特にサッカー初心者には… その辺りから敷居を低くすればいい気もするが…
0	レッズ…VS嵐で勝ってるからそこでツキ使ってリーグタイトル逃しているのでは…
0	ジェフ先制！ 得点者…顔だけじゃ解らん… もう暫くこの状態が続くんだろうな…（泣） #jefunited
1	何だろう…この守備の安定感 佐藤めっちゃいいやん♪長澤と吉田もいいねぇ #jefunited
0	野中さん2冠って言っちゃったよw #jefunited
0	？  #プレボスからフレッシュラテ出ます https://t.co/oweRQhWX05 https://t.co/HnevwOfWXY
0	いざフクアリへ出発！
0	足柄SAからの富士山 https://t.co/hcwQviJgFK
0	フクアリ❗  ジェフィとユニティ♪ https://t.co/8QsspXwWOR
0	フクアリ劇場！  生で観れて感動！ありがとう福元！(笑)  #jefunited
0	スカパーのCMで… 堺雅人「あなたは解ってない！ 地元のクラブを愛する喜びを解ってない！」  はい、20年以上解っていませんww
0	投票した選手がSELECTカードに!?お気に入りの選手に投票しよう! #footballday_jp  #FD_JP1603008
0	投票した選手がSELECTカードに!?お気に入りの選手に投票しよう! #footballday_jp  #FD_JP1603006
0	さぁ！松本へ乗り込むぜ！ https://t.co/tMJGIkYfvQ
0	RT @Sawarabi99: 松本駅付近にてJEFバス発見。 #jefunited https://t.co/hI5UTsQn0j
0	松本着いた
0	さぁ！アルウィンへ！  久々に補助席座った(笑)
0	アルウィン着いた https://t.co/KwGPT1okja
1	ホーム開幕ってなんか雰囲気いいね #jefunited  #yamaga
0	勝ち点3  とったぞー！
0	RT @nankagun: 明日は遂に今年初のアニ×サカ!! 岐阜はお金がないので他のクラブみたいに声優さんは呼べませんが、選手・クラブ・サポーターや岐阜のみんなが一体となって皆さんをお迎えします！ https://t.co/FqG6BAU6FF https://t.co/rU…
0	久々に日曜の名駅…  ヤマダ電機の前なんのイベントだ？？
0	朝からガンダムUC最高！ 副音声 の初心者置いてきぼり感最高！ #ガンダムUC
0	RT @fsntweet: 元Ｕ20代表「ノリカル」鈴木規郎が千葉の練習参加 - https://t.co/vHQA7xsv9M   「ノリカル」の愛称で知られる元Ｕ－２０代表ＤＦ鈴木規郎がＪ２千葉の練習に参加している。契約に至るかは未定だが、先月下旬から
-1	アウェーで勝てない病も酷いが上位陣に勝てない病はもっと非道い… これじゃぁ昇格しても直ぐ落ちるな…
1	RT @gundamUC_RE0096: #ガンダムUC RE:0096 ただ今、副音声放送中です📺⚡  #小形画伯 『ガンダム』…です。確かに…  #g_uc #メ～テレ https://t.co/tscmNvdcZX
0	今日も副音声で楽しみました。まさか規制まで入るとは…   なので本編しっかり見れてませんっw #ガンダムUC
0	負けなかっただけよし！ しかし船山さん…もっとがんばろーよ…  #jefunited
0	#おかわり希望
0	RT @PanjV6hKLPi7fyS: 熊本市からのお願いで 物資の送りはここにお願いします だそうです！ できるだけ多くのひとに知ってほしいです。 RTお願いします。 https://t.co/KcsSerlB1q
0	@dandanzamora23  初めまして 支援物資先を探していましたらこのツイートを見つけました。微力ながらお助けいたします！
0	い、一平さん Qさまに…
1	RT @quyuribi: 【被災してわかったこと】 ○必要なもの 生活用水、暖かい食事、物資がどこにあるか、娯楽、何か簡単な作業  ○要らないもの 自粛ムード、不謹慎連呼、被害の悲惨さばかり流すテレビ  ○長期的に必要なもの 県外から遊びに来るお客さん  みんなもう少し落ち着…
0	さて、ここから3点取って逆転しようか  #jefunited
0	さぁさぁ、リバプールみたいに大逆転でもしよーか
0	あれ、どっちが昇格チームだっけ？
0	あー、副音声ロスのユニコーンが始まった…@gundamUC_RE0096 @おかわり希望
0	自宅で出来る僅かな支援 https://t.co/VIbqyLPjTJ
0	JRの遅延に巻き込まれた… ったく…
1	大高駅でJRが止まった… 名鉄の振替輸送があるとのこたとだが有松まで歩けと… JRの爽やかじゃないウォーキング開催かよw
1	RT @paaaaaarn8: マスコミが報道しない被災地のリアル。 被災者は家を無くしても今日も農作業をしています。 皆さんはこの事実に「何故こんな時に」と驚かれるかもしれない。 今は大事な田植えの準備時期であり、新茶の摘み取り時期。トマトやナスの収穫のピークでもあり、サツマ…
-1	RT @cyuta69nge: Ｊリーグがなければ訪れることはなかったかもしれない街や、出会うことのなかった人がいる。 一人一人できることは少ないかもしれないけど、僕らはともにたたかうよ。  また一緒に、最高の週末を。  #Jリーグマスコットの輪 https://t.co/MI…
0	RT @efc_iyokanta: オクジワンの中盤からの飛び出しに要注意だぜ！ https://t.co/VlaV9JSDXa
1	名古屋から無事帰宅  強風の影響でまたJRが止まった…  が、乗った電車がちょうど降りる駅で止まったからラッキー ジェフ戦にまたして間に合ってよかったぁ…
0	えっ？ こうもあっさりやられるの…  #jefunited
0	試合つまらんかったから途中で妖怪ウォッチ診てた…
0	次の京都戦観に行きますが…また勝てるか心配だし…更に天気も心配… ってか何でアウェー京都は雨ばっかなんだよ
0	車当て逃げ 犯人は鹿 #田舎という言葉を使わないで田舎を表現
0	へー、名古屋って3大ブスだったんだ… 初めて聞きました…
0	名駅(めいえき)  #名古屋という言葉を使わないで名古屋を表現
0	@fukkie25 「ケンミンショー」見てなる程…と 雑誌か何かで悪評が広まっただけとか…
0	とうきび柏餅  愛知県民やってますが西三河の人間までは知りません  とのこと
0	ガンダム発祥の地  #名古屋という言葉を使わないで名古屋を表現
0	本日はIvica Osim御大の誕生日です。今のジェフ、御大にはどう映っているんでしょうか…  また、ジェフに喝！を入れて頂きたいです。
0	んじゃ、ちょっくら京都にいってきまー
0	@fukkie25  その後のこだま号に乗って京都向かっています(笑)
0	京都着！ まずは久々に寺社仏閣巡り以外で市内をぶらっと
0	西京極着  ぉぉぉ、雨降ってない！ https://t.co/RYC4RhShkp
1	現地組です。勝ち点拾えてよかったです  #jefunited
0	RT @mainichijpnews: ＦＣ岐阜元社長:会社設立へ…ＡＬＳ発症、経験生かし支援 https://t.co/vLQhaIvNJp
-1	RT @jef_j1haruya8: もう返してもらいましょう。 ネイツを使いこなせるのは ジェフだけなので…  ここまで言われると悲しくなるわ。 https://t.co/BgMmqZKwYk
1	RT @domesoccer: 市長はあえて観衆の前に身をさらして大ブーイング集めることで、サッカーファンがガラ悪いとアピールするのに利用したりして。平和公園近くの跡地にこんな連中ふさわしくない、みたいな。 孔明の10万本の矢の作戦だわこれ（妄想） https://t.co/k…
-1	なんか心臓に悪い見出しw 3選手引き抜きを思い出したよww https://t.co/QsECeA5lup
0	RT @MHX_CAPCOM: モンスターハンターの体験型ブライダルイベントが6月5日に開催です～♪アイルーキッチン特製フレンチ「試食クエスト」や大剣エピタフプレートでのケーキカット「体験クエスト」に挑戦しましょう～！https://t.co/Izf4O93RSw https:…
0	RT @cyuta69nge: またここからはじめよう。  #チカラをひとつに https://t.co/it3b7QOS4d
0	RT @koutetusanbo: 時代は「リアル」! !  たとえ中小企業のロボであろうと(^^;) #懐かしいロボットの画像を載せてRTされた数がそのロボットの認知度 https://t.co/t45R26Xhxz
0	RT @masahdc: ｴｺ  #懐かしいロボットの画像を載せてRTされた数がそのロボットの認知度 https://t.co/sDEUOf8hWK
0	RT @J_League: 5月15日はＪリーグの23回目のお誕生日です🎉 多くのファン・サポーターの方々による応援のおかげです！これからも皆さんと共に歩んでいきます💪 ぜひ #Ｊリーグの日 を付けてお祝いツイートをしてくださいね！ #Ｊリーグ生誕祭 https://t.co/…
1	RT @EG_spy: 今日・熊本戦。“巻の18番”を継ぐ千葉のがむしゃらアタッカーの思い｜サッカー新聞エル・ゴラッソ https://t.co/xlwZopGIyl #EGFN #エル・ゴラッソ #jefunited https://t.co/kzSQwM5oZP
0	白岳さんの焼酎を呑みながら、スカパー観戦。#jefunited
0	RT @Blancdieu758: #jefunited #roasso  巻のスパイクが赤と黄色だ
0	カウンター一発で負けー  って展開は止めてねー #jefunited
0	RT @foot_ch: ロアッソ、1ヶ月ぶりの試合再開「ただいまJリーグ」。千葉ファンからは熊本コールも https://t.co/2EnMGWi7aB #roasso #jleague https://t.co/C5rnPmymif
0	さぁ、追加点を狙いに行こう！ #jefunited
0	MAKITOvsMAKI  #jefunited
0	海外サッカーでたまに見るパターンですな なにはともあれ追加点♪  #jefunited
0	がーひーさんジェフデビュー  #jefunited
1	勝ったことは嬉しい。それ以上に熊本がまたリーグ戦に戻ってきたきた事も嬉しい #jefunited #roass
1	RT @inuunited: ちょっと泣いたぜ！！サッカーっていいな！！Jリーグっていいな！！おい！！ #roasso #jleague #jefunited https://t.co/xN4zjQT2kO
0	RT @thank_gmjp: 熊本からメッセージ https://t.co/3ND4zadGly
0	RT @gorou_chang: 巻のメッセージが読み上げられる中、まさに万雷の熊本コール。 https://t.co/nAR6GYCQuW
1	RT @SNOOPYbot: ぼくが思うに、苦しみを経験しない人間は、本当の意味でおとなになることはできないよ…苦しむというのは実はとても大事なことなんだ　シュローダー
0	RT @J_League: 千葉vs熊本 試合後にスタジアムで流れた巻 誠一郎選手のメッセージ。 復帰戦の相手となった古巣に巻が感謝のメッセージを送りました。 https://t.co/Ley9pzLzoA #Ｊリーグ https://t.co/hSJO6yNQAK
1	RT @smilechiko: 夜中だから…静かに言わせて… 今日のフクアリは試合中はそれぞれに応援し、試合前後はチーム関係なく拍手、声援を送り、本当に素晴らしい雰囲気でした。 でもさ、勝利して2点決めたヤマトさんのインタ、試合後少し位流してくれてもいいんじゃない？BSさん…。…
-1	RT @scr_kansen_love: NHKにしては偏った伝え方してる感は否めないけど、これも捉え方の違い故か・・・ でも、インタビューの時に巻の現所属を間違えてたらしいけど、そういうのは論外だわ。 #jefunited  #roasso  https://t.co/ZzU…
0	RT @fsntweet: ＦＣソウル崔龍洙監督"弟分"熊本ＦＷ巻にエール - https://t.co/gxbCHCqflr   ＦＣソウルの崔龍洙監督が熊本ＦＷ巻にエールを送った。市原（現千葉）所属当時の後輩にあたる巻について「昨日、宿舎のテレビで見ま
0	えっ…？  https://t.co/Q1KyQyGEmN
0	オタク全盛期にはよく耳にした声優さんの一人でした。まる子姉とミニー以外声は聞いていなかったので… サラやマリーや美星やアセンブラ… そしてあかほりさとるとのやりとり…  挙げたらキリがありませんが 水谷優子さんの御冥福をお祈りします
0	珍しく城がジェフ側ででるのか！  ってかリティ見たい！ https://t.co/qOrCkWnibw
0	初沖縄！
0	勝つには勝ったが… すっきりしない勝ちだなぁ
0	コンサが5連勝した年は昇格、J25節の時点で首位にいたチーム（熊本）は昇格する確率が高いデータが… もうジェフだめじゃんww
0	勇人の奧さん…  おぉぉ綺麗な方や❤️   貴女のお陰でオシム氏の命が救われたのですよ！ ありがとう！
1	サッカーはやっぱり攻めて勝ちに行くのがいいのかな
-1	アウェーだろうが、中立だろうが1点取られたら負ける試合で引き分け狙いはあかんな。死に物狂いで勝ちに行く姿勢…これが今の日本に、無いものかなぁ
0	就職内定通知ｗｗ　 https://t.co/oxPnMbbGJX #今欲しいものさらす #旅行券やクオカード当たる #キャンペーン
0	オタクグッズ　昔の作品だからなぁ…売っても値がつかんだろうし… https://t.co/oxPnMbbGJX #今処分したいものさらす #旅行券やクオカード当たる #キャンペーン
0	RT @EG_spy: 千葉MFアランダが全体練習に合流。深夜のトゥーロン国際も見ずに治療に専念｜サッカー新聞エルゴラッソ https://t.co/A1vsixeWp3 #EGFN #エルゴラッソ #jefunited https://t.co/N2z0HITBWQ
0	THZ41 近くのマツヤ電気にもらいに行ったなぁ～　ここが全ての始まりだったとわ… auケータイ図鑑1998｜おもいでタイムライン あなたの「おもいで」と共に「ケータイ」の歴史を振り返りませんか？  https://t.co/Lmc2fMXSGM #ケータイ図鑑
1	DQヒーローズⅡいいね  #DQ30th
-1	RT @zeek21: こんな眠い試合になったのは 全部大韓航空のせいだ。
0	今日の引き分けは大韓航空と審判のせいにしておこう…  #jefunited
0	今更ですが…  岸田兄弟似すぎw
1	関塚体制になってから負け無しは良いのだが… 勝ちたかったなぁ…  やっぱり大韓航空と審判が… #JEFUNITED
0	この審判の位置で… 見えていないって言い訳は通じんぜ… https://t.co/Rk1IoDOBkO
1	よし、アヤックス応援すっぞ！ https://t.co/wdf785DTYo
-1	眠い…  ＣＬ見に起きました…
1	RT @lovemedo_uranai: 今日は、ゴール前や混戦に蠍座が強い日！A･マドリードの、蠍座のサウール ニゲスがゴール前で結果を出したり、チャンスメイクやゴールに期待も!?魚座のトーレスとも相性が良い日！この魚座と蠍座ラインに期待が!?
1	一方的な試合でないのでなんか面白い
-1	アトレチコには運が無いと見た…
0	さぁ、これでトーレスが決めたら…（妄想中w）
0	こんなにボロボロなレアル見るの…
0	あ～、延長で決めれんかぁ
-1	この情報知ったらPKがつまらなく感じた… https://t.co/eTAHoIsR3U
0	CL決勝の日にハイネケン飲みながらスカパー観戦 サッカーのある日常に感謝 https://t.co/UuVzXx4FqC
0	RT @roassoofficial: 【メディア情報】 「アスリートの魂 ロアッソ熊本・巻誠一郎」が放送されます。 6/4（土）00:00～00:45【NHKBS1】 6/6（月）00:10～00:55【NHK総合】 6/12（日）17:00～17:45【NHKBS1】 ht…
1	RT @BBS_STAFF: 【BLOG】中野がブログを更新しました。これまで応援してくれた全ての方へ、BOOM BOOM SATELLITESより大切なご報告です。 https://t.co/BVKyyhxbjJ
0	最近地元のサッカーチームが魅力的に見えます  #お前らしくないツイートをしろ
0	ブルガリア席に黄色か紫色か赤色のユニ着た人いないか探してみる  それよか某ブルガリアンマフィアは観に来てるのかなぁ〜
0	松木の「ハッピークロス」が話題にw
0	今のチーム状態でも…コンサに勝てなきゃ今年も昇格はないだろうな…  #jefunited
-1	あ、そうか、5月は負けが無かったんだ でも勝ちも拾えてないが…
0	吉田…コートチェンジでそんなに驚くかw
0	まずは先制 そして前半でもう1点行こう #jefunited
0	札幌先制されてもまだ1敗しかしてないのか… あ、翔平ナイスミドル！ #jefunited
-1	2点リード 前半でこのスコアは怖い 頼むから「待っていたのは最悪の週末だ！」は辞めてね #jefunited
0	また内村にやられたぁ
1	内村下がってくれたのは良いが交代選手に決められんように…  #jefunited
0	うっわぁ 最悪の事故や…
1	アド！我武者羅に行け！ #jefunited
0	待っていたのはビミョーな週末だ…  #jefunited
1	2点取った時点で勝った気はしていないが… 勝とうよ…  コンサが調子良いのは分かるけど
0	まぁ、鬼門の札幌ドームで負けなかった。所々ジンクスは破ってくれている。今はその辺りの運に縋ろう…
1	RT @fukkie25: このチームは自動昇格をするために編成されたはず。それならば、相当の結果を求めたい。 札幌ドームで勝ち点を獲られた事が歴史的であっても、それで自動昇格が確定するわけではない。 そう考えると勝ち点2を落とした事を重要視したい。
0	RT @ysk_consa: しかしオシムイズムのオの字もないただの走らない金満J2チームになったね
1	ネイツ戻ってきたら安定する…   なんて妄想してみる
0	その柄のテーブルクロス欲しい  #おやじ会
0	いつものようにイオン大高へ…  すんげー人いる！ あ、ボイメンのイベントがあるんだ 昼過ぎからイベントなのに朝から頑張りますなぁ。 って一昔の自分も似たようなことしてたか
1	#ツイッター住民票 生　息：2013年9月10日～ 種　族：名言族 現住所：サッカー村 職　業：選手及びジェフ関係全般 性　格：必要な嬉しい性格 一　言：「初沖縄！」 　顔　：(^^;) # https://t.co/cgLu6nwsYh  だ、そうですw
0	選手より審判の活躍(？w)に期待してしまう… #おやじ会
0	ボスニア18番 ジュリッチ  覚えておこう（少しボスニア応援）
0	吹田ではホーム扱いチームが勝てない…  何か憑いてるんじゃないかと思える…
-1	RT @haegiwayabatan: 結局全部松木が悪い。
0	テーブルクロスの片面どこいったぁ？ もしかしてプレゼント！？ #おやじ会
0	俺も初八塚さんはサカつくだった  もっとカルシウム取らんとなぁ〜  あ、これは解説者のセリフだったw  #おやじ会
0	地上波で一人おやじ会みたいな解説してる松木さん… すげー  #おやじ会
0	プニコンサッカーのCMのスタジアム いいスタジアムですね〜（白々しいw）
1	先制したのは良し！ 札幌戦のニノ鉄は踏まないように…  #jefunited
0	レジェンドマッチのヴェルディサイドまだ人数少ないなぁ… 足りなかったら玉乃淳でもよくねぇ？w
0	ジェフ戦も気になるが、熊本の5得点ももっと気になる…
0	今日のJ2の得点者、竹田、大介、中後…  巻も途中出場して点とって欲しいものですな
0	田代と栗山は取らないでね（笑）
0	ジェフ千葉のユニ  がヤフーのトレンドに…w
0	さぁ、3点目取りに…
0	やまとー！
0	金沢の安が得点…
0	ぉぉ、乾初出場！
0	あとは無失点目指して…
0	あーよ久々の大脱走
0	熊本も勝ったぁ！
1	アランダ&amp;真希のボランチ 長澤前が見ていて安心するわ。 やっぱアランダ様々です
0	レジェンドマッチ行くぜ！
0	こわいこわいやねで、わらわらあべは＝えらいえらい いわんとちゃっちゃといこまい か？w
0	西部さん、何か時事ネタやってくれるのかな？  #おやじ会
0	後藤さんも同人作家やってたなんて…  #おやじ会
1	アルゼンチンやウルグアイのような強い！と言われないメヒコ。だけどめっちゃ強い！と思わせるメヒコの魅力ってなんでしょう??  #おやじ会
0	御朱印女子、御朱印ガールは流行るのに、御朱印男子は流行らんなぁ…
0	@fukkie25 あ、世間的に…って言うかテレビや雑誌での特集で聞かないなぁ～ってだけです
1	@fukkie25 札所巡りはやっぱりおじさん多いですけどね(^^ゞ
0	ちょっくらフクアリ行ってきまー
0	今日のレジェンドマッチ、ジェフ側がわくわくするのは当然だがやっぱりヴェルディ側もわくわくする！ まさか北澤もくるとは
0	ユナパ着いた  12ジェフの開店待ちなう
0	ガッカリ https://t.co/YMlM0uRKVS
0	まずはミッションｺﾝﾌﾟﾘｰﾄ https://t.co/2LoCYcNllY
0	夫婦でジェフサポしてます。 夫婦生活は25年ではありませんが(私はサポ歴25年です) 今日は初期ユニ着て応援します！ #JEF https://t.co/uoxAIP2v3O
0	レジェンドマッチ開始！  あーーーーーー リティ&amp;城&amp;永輔さんをまた観れるなんて(涙)
1	レジェンドマッチは見事勝利！ 今ジェフも続こう！
0	リティ列に並ぶ！
0	新幹線  今日の収穫は…リティのサイン！ それだけで満足です。
0	@fukkie25 その涙した一人です(笑) カラオケ最近行ってませんがoverは歌に集中より画に集中してしまいます
0	@fukkie25 今日のレジェンドマッチの冒頭目が潤んでました； ；
1	昨日試合観れてよかった事 リトバルスキーや城やキャプテン永輔！ ジェフの2ゴール 遠くではあるがヴェルディの全力さん
1	これをだけでなく大旗もピッチ上にいたことが凄い。まるでドイツサッカーを見ているみたいだった https://t.co/SfdFHbL1IQ
0	昨日のレジェンドマッチTシャツ しかもリティのサイン入り もうメルカリに売られてる…
1	都並さん、昨日のレジェンドマッチお疲れ様でした！「狂気のサイドバック」は未だに健在でしたね。都並さんのようなプレイをするセレソン見たかったですね #おやじ会
1	ルミ子姉さん登場でおやじ会が華やかに！ ルミ子姉さん素敵です！ #おやじ会
0	今日の福田さん高田純次みたいだ…   #おやじ会
1	あなたのT会員番号で豪華賞品が当たる！T-SITEナンバーくじ開催中！ https://t.co/Hv46DGijRW #TSITEナンバーくじ #50000ポイントがほしい #Tポイント賞
1	改めてですが看板娘は香利ちゃんが一番かわいいです！  #おやじ会
-1	今日のおやじ会…  混ぜるな危険！状態？？  #おやじ会
1	オクトーバーフェストでよく見る光景… 10本近く1リッター瓶を持つお姉さんはもっと凄い！  #おやじ会
0	ドイツの大使館もうユーロ勝った気でいますよ（笑）  でも自分もドイツの優勝を信じていますよ  #おやじ会
-1	日本サッカーを弱くしているのは実はマスコミ？ と、オシムさんが来た時に思った  #おやじ会
-1	リーグのサポやってると代表のチャントは眠く感じる だから代表戦は生で観たいと思わない  #おやじ会
-1	いやー、たった１日無いだけで #おやじ会 ロスを感じましたw
1	羽中田さん最初から自然に居て違和感がなかったw #おやじ会
1	バティ… かっこよかったなぁ プレイ的にも #おやじ会
0	2試合連続で審判にやられるとわ…  #jefunited
1	清水戦…7年ぶりとのこと… 7年前IAI行ったなぁ～ しかも組合でもらったチケットでしかもシーチケでメインのSS で見たなぁ まさか7年後転職しているとは思わなかったなぁ…
0	オッツェ  #サポーターやってるチームを見始めたころのFW
1	RT @GUNDAMWARS: 【リツイートでGET★】この投稿が2000RT達成したら”もれなく”アイテムとダイヤ10個をプレゼント！更にレアなプレゼントが抽選で当たる！詳しくは⇒https://t.co/x6wPURVlxS　#ガンダムウォーズ https://t.co/A…
-1	あれ？翔平ってこんなに上手かったっけ？  ってかむさい！
-1	キム… 対応遅いよ…
0	鹿島優勝おめー   かな
0	鹿島は2-0で安全なスコア…  ちょい西に行けば2-0はとても危険なスコア
1	ウーーー、ウェーーイ！  いいシュートだったなぁ
1	さぁ、大宮さんここでネイツを。今日は涼しいハズだから動けますよ！
0	大塚翔平のあの髭面…誰かに似ている気が…
0	今更ですが… 大宮でのネイツ… 活かされてないなぁ…
1	やっぱり鹿島は強い
0	なんかもう自分の中で負けた感が出始めてる(泣) しかしこれで勝てば後半戦連勝街道にのれるかも  #jefunited
1	アラちゃん Doさん大したことなければ良いのだが…  #jefunited
0	はい、もう2点  #jefunited
0	ヒト（ジェフ）は同じ過ちを繰り返す… 全く…
1	9戦負け無しとはいえ勝ててないモヤモヤが今日の負けで一気に…  勝ち点3って精神衛生上大切なんですね…
0	戸田さん、啓太さん、松原さん…  今日はおやじ入門会ってところがですね。 あ、松原さんJリーグの解説お疲れ様でしたー  #おやじ会
1	戸田さんと松原さん…しゃべりのコンビネーションってこんなによかったんですか？(笑)#おやじ会
0	ついに長谷部もアモーレと結婚か(笑) しかし、本人の意に反して発表を早まらせたとは…  土足で踏み尻ることしかできんのかマスゴミは… https://t.co/TWDJwPgwyq
0	ちょっ…  驚いた…   愛知県民に衝撃走ったんじゃない？ https://t.co/2CFBx98qXr
1	いやーーーーめっちゃ面白いＰＫ戦だったぁ！ #EURO2016
0	試合前からPK戦望んでいたのは内緒w #EURO2016
0	でも、ユニコーン始まる前に終わってほっとした♪  さぁ、副音声を楽しみましょう #g_uc
0	RT @pennyr0yal_tea: なんとドイツは40年間PK戦無敗の模様
0	文豪  リディ=こいつ呼ばわりw
0	宇宙世紀のガンダムの真の主人公はハロってことが判った副音声でした♪  #g_uc
0	ブライトさんがドイツ&amp;イタリアの牙城を崩した！？w https://t.co/Hj8wNJiQt4
0	RT @yamakena: #偶然 #ばったり #会うことが出来ました #ジェフ千葉 #28番 #憧れ #藤田俊哉 https://t.co/RVRKQ0aXiH
0	待っていたのは…最低の週明けだぁ！ 何週最悪の週明け迎えさせてんじゃぁ！
-1	RT @zeek21: だから今年のザマを「今までと同じ」と捉えるのは非常に危険ということ。  それでも個の能力は比較的高いと思うけど、今のなんとなく個人技サッカーで安定して勝とうと思ったらセレッソくらいの戦力が無いと無理。  それくらい「勝ちパターン」のない今年は危うい。 #…
0	今日の試合を見て改めて思った事  今のジェフは去年のエスパルスのような心境なんだろうなぁ。テセの言葉で「誰がサボってる訳でなくみんなバラバラ 」試合を消化する毎にそれが表れてるようだ
0	ポルトガルきたー！
0	まぁ、いろいろとモヤモヤしたことがありますが…    そんな時は呑む！   Prost! https://t.co/JBb9X1BILv
0	そしていじられる！(笑) https://t.co/nwpPqimE5O
0	#mercari_3rd 何気に利用してます 掘り出し物めっけます
1	「サポルト」買って読みました。ツイッター上で知っただけで中身も設定もサポ目線ってだけで買いました。 面白い！！！ナンドモ読み返してます！ 今、ジェフがあーだから心が荒んでますが… 風夏のコトバに励まされました(泣) https://t.co/pMMJBdqkwJ
0	@takadakatsura 初めまして、「スポルト」買って読みました。今の自分の心が癒されました！ 2巻が楽しみです！
0	今日のスカパー中継は… 降格の危機を救って頂いた隆行氏と戸田氏！これを機に上昇してくれ！ #jefuited
0	日程の半分経ってもスタイルが固まってないチームって…  解ってたけどなにしてんねん
0	町田が町田相手に決めた！  はい、これが言いたかっただけです  #jefuited
0	あーあ、単純なトリックプレーでやられてやんの…
0	アラちゃーんたのんます！
0	町田が町田相手に試合決めたぁ！  と、スタンばっていましたが…   アド！ありがと！最高の週末を過ごせるぜ！ 明日仕事だけど（泣）  #jefunited
0	さぁ、也真人よ両隣の方たちのようにジェフを救ってくれよ！ #jefuited https://t.co/w3ToFuWg5f
1	隆行さんの北爪いじり…  微笑ましいw
0	@zeek21  いい、3ショットですね
1	RT @SoccerTimes: サッカーキング - 清水や岐阜に在籍した太田圭輔、現役引退を発表「16年間本当に楽しかった」 https://t.co/MKELqAOG61 #サッカータイムズ
0	RT @J_League: FC東京、城福 浩監督の解任を発表。 後任については決定次第発表されます。  https://t.co/I1KoSaRyIN #Ｊリーグ https://t.co/8M9h3evrV6
-1	今日は運が無かった…  4バックに戻してからの戦いが出来る事を信じよう
0	あと個人的にはジュヨンに得点が欲しい…  ヒョヌンでも年間4得点したからなぁ…
0	こういうやさぐれた時こそ… 「サポルト！」の76ページと77ページを見て自分を励まそう！
0	そうだ…松田力を呼ぼう…
0	監督交代のお知らせ　#ジェフ千葉 https://t.co/D07mxcPrAy 仕方ないと言えば仕方ないです。でも…個人的には今シーズンは全うしてほしかったなぁ。
0	RT @targma: 「犬の生活」西部謙司WEBマガジン POWERED BY EL GOLAZO :: 【ユナパな話】VOL.22「監督交代」(取材・構成:西部謙司) https://t.co/9nKQhx3pBu https://t.co/1Txwr6vA9X
1	早いですよ…。 御冥福をお祈りします。 https://t.co/uqkyHJeoHt
1	相性の良さでも勝てなかった試合…  さて、そろそろ事の重大さに気付いたかぁ〜ジェフのフロントさん
0	横浜FCのロク・シュトラウス  ロッド・シュチュワートないしロックオン・ストラトスを連想してしまう
0	あー、最高の週明けが迎えられない… 暫くは「サポルト！」の佐橋風夏さんの御言葉で週明けを迎えよう…
0	監督解任ブーストと言う言葉を今やく耳にするけど…「マネーフットボール」読むと効果はあまり期待しないこと…と自分の中で理解してしまう
1	今日はついてない日だなぁ…と、実感した日だなあ  蜂に刺されるわ、ピカチュウ採り逃すわ、ジェフ負けるわで。8月は誕生月なんで良いことありますように…  寝よ
0	あー海鮮丼たべてー！  #孤独のグルメ
0	仙台行きたいなぁー  #孤独のグルメ
1	RT @yfm_smile: 今日は松田直樹の命日。 〝俺、マジサッカー好きなんすよ〟 この言葉は一生忘れない。 直樹のためにも優勝を。  13:06に黙祷をよろしくお願いします。  #forever #３ #松田直樹を忘れない https://t.co/ay3wtyyXZD
0	RT @chidajunsei3163: 永遠のサッカー小僧、松田直樹　 #松田直樹を忘れない　#fmbhgallery　#fmarinos https://t.co/AYzuvZzpqO
0	あー、終わっちゃうのか…   https://t.co/CXPkjPsDZw
0	嫁が出会ったマスコットの嫁(笑) https://t.co/zD1zHiAI1o
0	あれ？ガンバが北アイルランドっぽいことしてる！？
0	RT @arapanman: 声優キャラ図鑑：本日8月6日が命日、亡くなられて10年、鈴置洋孝さん。@retoro_mode https://t.co/KrE9OvWQ85
-1	マネーフットボール5巻来ました。 あと1巻か…  残念 https://t.co/R3HKBNCCj5
0	今日の目標  瀬沼にやられない事！  #jefunited
0	んー、DOさん&amp;若狭の方が安定しているような。個人的にはジュヨン不要説が沸沸と涌いてきた。  #jefuited
1	あとはアラちゃんがコンスタントに出ればなぁ  #jefuited
-1	ナイジェリアvsスウェーデン見てるが恐らくスウェーデン側だろうが叫び声がうるさい…  それを聞いた嫁がかったぁ！「富士急のアトラクションか…」と呟いた…
-1	なんつースローな君が代だ…
1	いいサッカー、攻め続けてるサッカーだけじゃ上へは行けないよ。点を取るサッカーやろう！
0	ってか、絶叫マシーンに乗ってるような叫び声の人 まだいましたね(笑)
0	平泳ぎの優勝タイムが57秒台…  伸びてきたなぁー  #オリンピック
0	ワンチャンスをモノにできるか出来ないか… 日本は暫く後者なんだろうなぁ…
0	ファール、ハンドは見てないのに、こういうのはしっかり見るんだなぁこの審判…
0	さぁ、韓国戦の再来といこうか残り22分で！！
0	RT @mitsukasun: これはオーバーエイジいらない論がまた活性化するわ
1	いいシュートだ！
0	亀川か！ 某田村さん喜んでいるだろうな♪
0	喜んでいた！ https://t.co/h2kTyFsviy
1	逆行に強い方なんだなぁこのチームは…  これなら第3戦は期待大ですな
0	ジェフからのお誕生日プレゼント♪ https://t.co/f4GorXQxTz
-1	子供ながら昭和末期の自粛モード体験したけど…あれは本当に暗かったなぁ…。 それを思うと納得です。 https://t.co/Nb4Bgc7NYV
0	坂井よく追い上げたなぁ！ フィリップス漢だなぁ
0	地上波の中継…やっぱうざい
0	ぉぁー、フリーリレーでメダル取った！
0	はい！今日のノミネートゴール！
0	アフターで行ったから赤紙か…  ってかアラちゃん抜きはイタイ…
0	も、本山だぁ(((・・;)(((・・;)
1	ジェフ試合するの10人で良くない？
0	勝てたぁ！ 勝利の花火はジェフにあり〜！ で、ノミネートゴールの一つは也真人に決定！
0	おれ的ヒットｗｗ https://t.co/rQW3Z5TI7a
1	こういう重箱の隅をつくようなコス好きです https://t.co/ARcXPmswHp
1	RT @lovemedo_uranai: 2016年は、8月6日～9月8日の約1ヶ月間が重要な年です。この期間に運命を変える出来事が起こったり、注目を浴びたり、注目を集めたり、急展開があったり、あり得ない事、常識じゃ考えられなかった事が起こったり、大きな出来事が起こったりが!?…
0	最終日  #BSフジ見れば見るほど
0	真希と眞紀人はおるが巻がいない！
0	毎日がサウナ？ほんなら東海3県に来てみたら～(笑)
0	あれ？今日は2軍でやってる？
0	也真人ぉ！あそこは打て！
1	決めるとこで決めないとこういう結果になるんですよ… もっと点を決める事に関してはエゴを出していいような気もしますが…  ジェフにも都倉やテセが欲しい
0	今日の試合を、コダックで再現してみました。 https://t.co/p8g8tOogA8
0	RT @araizumirui: 【RT希望】ワシの【偽サイン色紙】をオークションにかけてる人がいます…入札されたりしないようお願いします|´Д｀;)っ【https://t.co/GBEnnEFKT6】  トレスされた元画像はこっちー|ω･´)っ【https://t.co/KN…
0	RT @fukkie25: 9月11日長良川での岐阜戦前日の9月10日、東海ジェフサポーターと他地区ジェフサポーター交流会を計画いたします。 夜7時頃から名古屋駅辺りで開催したいと考えています。東海ジェフサポーターはもちろん、他地区から長良川にいらっしゃるジェフサポーターのご参…
1	おはやう…  サッカー楽しみに見るか、ガンダムUC見るか…
1	あ、ラブプラスじゃなくラプラスのキーワードでたら2画面で見ればいいか♪
0	PKか… ガンバレドイツ！
-1	PKは時の運…  オシム御大も見たくないのもわかります… に、しても悔しい…
0	テレビで「英雄の証」が流れると… 龍撃砲をぶっぱなしたくなる…
0	あ、人が観ていない時に点が入ってる…（泣）
1	アランダいるいないでこんなに違うとは… 改めてアランダの存在感が大きいのと… いない時のギャップを埋めて欲しいモノです  #jefunited
0	よし！ 也真人とエウトンのミス帳消しだ！  （今更ですがw）
-1	次のリーグ戦は岐阜戦…  9月の岐阜はまだまだ蒸し暑いですので遠征される方コンディションを整えてお越し下さい！ #jefunited
0	オリンピックの閉会式を見ているが…阿倍マリオってこんな感じで土管にいたのかなぁ〜って想像w https://t.co/2YnVpLIrOg
0	諏訪大社へ行きました。参拝記念に頂いた栞を「サポルト！」のあのページに…。これで負けてもいつでも風夏さんの御言葉が… って、負け前提かよ…(苦笑) https://t.co/kM8Ik2J2GQ
1	わっ、天皇杯今日だったか…  まぁ勝てると思っていたので良かった良かった♪5-0というスコアは勝手に自分への誕生日プレゼントだと思って(笑) https://t.co/b1hFZmOCyT
0	RT @ga_mani3: 戦国BASARA真田幸村伝:@ga_mani3 をフォロー＆#真田幸村伝 #ゲーマニ を入れ9/2までにツイートまたはRTした方から抽選で2名様にPS4ソフト『戦国BASARA真田幸村伝』が当たる！当選者はツイッターDMに連絡します https://…
0	あ、今日パレードあるんだ…
0	子供に土下座するゴーカイシルバーw
1	わかっちゃいるがうらやましい…  あ、幕張SCとコラボでいいか♪  でも黄色ユニ着たムー子とあゆみを見たい(笑) https://t.co/qSBtVGCho5
1	RT @satoyuto_7: オシムさんの新書  その中で『佐藤勇人は本物の汗かき役だ。必要とあれば彼は死ぬ覚悟すらしていた』と言ってくれていました。 この文の続きも読み、改めてこの人に出会えた事が自分の人生の財産であり今後も力となり続けるだろうと思いました！ https:/…
1	いい飲み会であった♪ 明日は勝つぞ！
0	終わってもーた(泣) しかしお笑いを取るような「前回までのあらすじ」 はなんだったんだろ(笑) #g_uc
0	あ、ナビィJリーグ観てて置き去りか(笑)
0	いざ、長良川！ https://t.co/OsXFubOUhU
0	名駅の富士電機様の看板にご挨拶もしたし いざ岐阜！
0	長良川着！ まずは…  地元でも食べない飛騨牛でも♪ https://t.co/MY5COzrvI3
0	大垣共立がジェフユニ着たウチらにやたら声かけてくるが…  千葉に支店できた？ それともウチらから地元臭したんかなぁ(笑)
0	がづだぞおー(中の人の今の声(笑))
0	長良川来たかいがあったぁ！♪
0	RT @teriusu_jp: #拡散希望 ジェフ快勝のゴール裏、右コーナー前から6列目あたりの座席上に置きっぱなしになっていました。 周辺サポーターで持ち主がいなかった為、忘れ物で届けました。お心当たりの方はＦＣ岐阜さんへご連絡下さい。 #jefunited https://…
0	現地組なんですが…今日の試合がアランダ無しの戦い方のヒントになりますように…  #jefunited
1	RT @mahkun101: シャトルバスに乗ってた岐阜キッズは応援してるチームが弱いことを受け入れた上で、自分たちのチームの良いところ駄目なところ、他会場の結果や対戦相手の選手やユニ（ジェフのピンクがカッコいいそうだ）を誉める。  凄く出来た子たちばかりでビックリです。
1	無事帰宅！ ユニ脱いだらシャツが塩ふいてた(笑)
1	@fukkie25 お疲れ様でした。2日間有り難うございました。
1	@kayco_jef16rize お疲れ様でした。チームが勝てたから心地よい暑さです♪
0	@zeek21 こんばんわ、お疲れ様でした。「俺達ジェフ！」スカパーに映っていたみたいです
0	@kayco_jef16rize  ですね♪今日はぐっすり眠れます～
0	@kozu0627 お疲れ様でした！
0	@fukkie25 @zeek21 ドメサカブログで絵がありました！
1	おはようございます～  清々しい朝ですねぇ🎵
0	ヤバい…この人くるとヴェルディの不敗伝説が…  いやいや今年のジェフはやってくれる！ https://t.co/QWP2qYBjUn
0	今日は休みなので岐阜戦のリピート観戦中  隣の人が2ndユニで嫁がハット被っていたので自分の位置が判りやすい(笑) にしても前半だけだも何度か映ってるなぁ🎵
1	眺めは良いです！  #おいでよフクアリ https://t.co/7nSk1MB04W
0	よし！京都と勝ち点が１縮んだ！   っと思っておこう。
1	珍しく愛知横断した台風でしたが皆様大丈夫でしたか？
-1	@kayco_jef16rize  急に降りだしたり風も止んだと思ったらまた来たりと… 大変でしたね
1	【『PSO2』国内450万ID突破】『PSO2』登録ID数が2016年9月3日時点で国内累計450万ID突破！これを記念して多数のキャンペーン開催中！デスクトップPCなど豪華賞品も抽選で当たる！https://t.co/YmAlmHLMNT #PSO2_450万ID突破おめでとう
0	今日はヴェルディの守護神は…あんぽむさんって人かー…  不敗伝説は継続か…
0	RT @zeek21: ヴェルディ戦雑感  ・最後の10分のプレーを最初からやれよ ・フィニッシュで迷うのはザJ2 ・也真人J2卒業検定は不合格 ・セットプレー入んないね〜 ・申し訳ないが船山のせいで落とした勝ち点を数え始めたシーズン終盤… ・長谷部さんで頭からやりたかったよ…
0	がんばれ岐阜！ あっこちゃん唄って応援するぞ！
1	「君の名は」 面白かったぁ！ 最後はほっとした♪ しかし…新幹線…あれは違うわ(笑)
0	ティアマト彗星トレンド入り… もっかい映画見たくなったなぁ
0	香川外しても本田は使うんだ…
0	なんだろ…本田にボール渡っても期待感が持てない…
0	あ、本田下がった。浅野、小林なら少しはワクワク感が出そう
1	さて… 4番さんと10番さんの運命はタコに…もといいかに…  でも4番さんはでるんだろうな
0	ジェフ今季終了のお知らせ… か ジェフ怒涛のPO進出のプロローグ！ か  どっちを信じようか…
-1	チャンネル変えたら東美さんの「しびれる～」だった(笑) 不甲斐なさにしびれましたよ(苦笑)
0	さて…「サポルト！」を読み返して心落ちつけよう
1	RT @yatsuta_kaoru: 団体が暴徒化したなか、唯一良かったのは非中心サポーターから千葉コールが沸き起こってみんなそれに参加したこと。 サポーターがチームを見捨てたわけじゃない。 一部の団体メンバーがサポーターじゃなくなっただけ。 残り全力で勝ちを掴もう。 #jef…
-1	悔しい気持ちはサポーターにもある。選手現場スタッフにもある。しかしフロントには見えない気がするのだが… せっかくunitedと名乗っているならそこも共有していかないと  #jefunited
0	2016 J2リーグ 第35節 京都サンガF.C.戦における観戦ルール違反者への処分について　#ジェフ千葉 https://t.co/DrNXnsB7L5
1	オランダで元Jリーガーの指揮官対決が実現…両監督とも過去にハーフナーと深い関わり | ゲキサカ[講談社] https://t.co/7AqKpVp6QI #gekisaka
0	藤嶋様！ 来年もジェフでプレイしてくたさい！ https://t.co/UxNvn0vxWA
-1	んー、お値打ち感が無いなぁ(苦笑) https://t.co/a5ga3ZBKs3
-1	深夜勤明けで眠いのとジェフの得点の匂いのしない試合を見ていらいら気味なのに…川淵の顔なんか見たくねーわ！  余計イラつくわ！   #jefunited
-1	運も無い…  うーん…
0	あーーーーーーーーーーーどぉーーーーーーーーーーーーーー…
0	勇人、グッピー、ハルヤ、岡野、乾 ようがんばったわ  #jefunited
0	さて、来年は地元で2回見れるよう応援でもするか… https://t.co/n1GrRonv48
0	STAP細胞が証明された ！ドイツ研究チームがSTAP再現に成功！ https://t.co/ATGMjwHWJ2
1	ジェフのもやもや感払拭のために…初めて「うまい棒 なっとう味」にチャレンジ   旨かった♪ 粘りに再現具合に驚いた（笑）
-1	そじ坊で「からみ大根そば」食べてみたが…「大根おろしにそばつゆかけてください。」と、言われたが… 試しにおろしとそばだけで食べたが…うまないし…ってかおろしのところ水分無い。損した気分
0	さぁ岐阜よがんばって残留してくれ！
0	アドちゃんにはこーゆーゴールを今後もにも期待したい
0	RT @fctMi: 【ノヴァコビッチの呪い】  2013シーズン末に大宮退団 2014年→大宮J2降格  2014シーズン末に清水退団 2015年→清水J2降格  2015シーズン末に名古屋退団 2016年→名古屋J2降格  3年連続だと。。。
0	ようやく残留決定だなんて… 本来なら昇格決定を祝うハズだったような…  #jefunited
0	安藤美姫…本当に愛知県民か…知らなさ杉…
0	HONDAF.C.の監督どっかで聞いたことが…と、思ったら元ジェフの井幡さんでしたか。よっしゃがんばれーHONDA！
0	高橋ぃ～採ってぇ～ https://t.co/lrBYw8wSW6
0	小山田だけ年齢を感じないのはなぜだろう…
0	最終戦前に個人的総括  今年の観戦は3勝２分けと…負け試合を観ていない年であった。 こーゆー時に限って観戦になかなか行けなかった…
0	さてと… 去年はATでドラマがあった鳥銀からピラカにチャンネル変えて…心の片隅で岐阜を応援しながらジェフを応援しよう
1	いーぬーいー…
0	来年、船山のチャントは「see off」にしたら何かを思い出してくれるかもw
0	あー…
0	ぉぉ、大分優勝！
0	山岸がキャプテンか…
0	点取れそうな気がしない
0	アドちゃん！決めてくれよ！
0	よっしゃ！あと1点
0	なんとか半分より上の順位でおわりましたか。こんなシーズンはもうゴメンです
0	何はともあれ来年は2試合近場でジェフ戦観戦できる！
-1	RT @jefunited7: 【悲報】札幌つまらないサッカーで優勝を決める。  結論：逆転されたジェフが悪い  #jefunited
0	ええぇ…  ユナパじゃく、トレセンで寿人に会いにいくのかぁ… https://t.co/Ch8rGOVRsl
-1	え、スナイデル？ 切るとこ間違えると別人になりますな    寒っ https://t.co/2WHAAz7a1W
1	ベガルタのドキュメント映画みた。視点はやっぱりヨーロッパだよなぁ。見やすくて引き込まれた。当時はジェフグッズ満載で支援物資をベガサポ有志に送ったなぁ。ユアスタ行きたいが…ジェフはいつになったら昇格できることやら…
1	ドリキャでオンラインゲームの楽しさにはまったなぁ… PSOやぐるぐる温泉サクラオンライン お世話になりました #ドリームキャスト生誕祭
-1	苦手の山形に苦手の木山さん… 苦手意識ある愛媛にあの間瀬さん… 早くも来年昇格に黄信号の予感…
0	RT @akiko_lawson: ローソン限定「週刊文春エンタ！」発売記念リツイートキャンペーン @akiko_lawson をフォローしリツイート！抽選で『週刊文春1年分』をプレゼント♪ #ローソン #週刊文春エンタ https://t.co/Gx4pMtQ1RH http…
0	無性に1001のバイオリンが聴きたくなった…
0	RT @akidas51: フジテレビは山形とディエゴに謝罪しろ！ ちょっと調べりゃわかることをなんでやるかね？ちゃんと取材してるのか？ #めざましテレビ https://t.co/mvOKf2KCyQ
0	RT @jef_united: 昨日のシャペコエンセ選手らが搭乗していた飛行機の墜落事故に関して、佐藤勇人選手が日テレevery.に18時頃、町田也真人選手がNHKニュースウォッチ9では21時頃にそれぞれ本日放送予定です。 ※放送予定は変更となる場合がございます。 #jefun…
1	NHKでの也真人のインタビューにうるっと…  充喜の明るいコメントに少し救われました。ありがとう！KEMPES! https://t.co/bE2ShPGIr1
0	RT @4GamerNews: 「SDガンダム ジージェネレーション ジェネシス」合計17万5000本，「戦国無双 〜真田丸〜」合計5万本の「ゲームソフト週間販売ランキング＋」 https://t.co/DMElnUA3Bm https://t.co/awcOjy5lGw
0	RT @yamakena: この時計は一生の宝物です。  天国でもジェフの応援してね。  ケンペス、、、ありがとう。  #ケンペス #シャペコエンセ https://t.co/YRFOtUEozd
0	司会者は斎藤ゆう子さんのイメージが一番 少し高松さん  こぶ平の時は見なかったなぁー  只今全問正解中♪ #天才クイズ
0	2代目天才博士  はめ込み式のイメージがあったがちゃんと手足胴体あったんだね…  ってか初代がロボットってのが驚いた#天才クイズ
0	RT @satoyuto_7: ケンペス、皆んな会いたいって話してるよ！ https://t.co/RjPCgKIcEz
1	よっしゃ！ でもコンスタントに試合出てねアラちゃん！  契約更新選手のお知らせ　#ジェフ千葉 https://t.co/MzJyTOSZyu
0	清武きた！   功暉オレッ！
1	RT @fsntweet: 【RT100超え】チームを大切にする人だった元Ｊ２千葉・ケンペス、墜落事故数日前に日本での地震心配し通訳に電話 - https://t.co/MRtRLhH5aP 　　シャペコエンセの飛行機墜落事故で亡くなった元千葉のケンペス選手（享年３４）。取
0	じゃぁ、ヨネ返してぇ～ https://t.co/iqhcmQnK1Z
0	RT @akiko_lawson: 黄金チキンリツイートキャンペーン @akiko_lawson をフォローしリツイート！抽選で1名様に『黄金チキン あったかセット』をプレゼント♪ #ローソン #黄金チキン https://t.co/fgi2cuV9tI https://t.c…
0	福岡さーん。じゃぁキムを… https://t.co/BzpnukVBoO
0	ゆくゆくは監督として戻って来るための布石か♪  長谷部茂利監督代行の契約更新のお知らせ　#ジェフ千葉 https://t.co/piwSXQX6QO
-1	Jリーグのスカパー中継が無くなるかぁ… オフシーズンの放送予告みたらそんな気もしていたが… 残念と感謝の気持ちが入り交じりますな
1	RT @nankagun: 今朝の中スポ、古橋選手のFC岐阜加入の記事があったのですが…気になるのはその隣。相模原の望月会長のコラム。 ダゾーン資金によってJ1と強化費に差がつき、下のカテゴリは戦力を安定させるのに苦しんでいて「現時点では、選手の循環が一方通行になっている」と……
0	エジル直剛復帰か！
0	ってか、22番はアランダ？羽生？？
-1	AT-Xでなぜポケ戦？と思ったら遠い未来の今頃のお話だからかな？と、思ったりも。  実は1-3話は見たことはないからちょうどいいや♪
0	昨日の夜は「Endless Waltz」見ながら「ガンダムウォーズ」やってた。今は「ポケットの中の戦争」観ながら「Gジェネ ジェネシス」やってる  お、ガンダムで充たされる♪
0	この選手と背景…偶然？ねらったら？ https://t.co/W7sAwY0plx
0	今年最後の「安部礼司」！ カラオケ定番曲を聴きながら年忘れBINGO大会！ 「NEW NISSAN NOTE ビンゴ忘年会」に参加中！  https://t.co/KBG672xPxr https://t.co/DdsBZLWrZ6 #abe02 #新型ノート
1	宗茂、忠勝 BASARAの重量系が続くから島津義弘来たら面白いなぁ…と、思ったらホントに来たw
0	いかん、BASARAやりたくなった
0	井出遥也選手の移籍について　#ジェフ千葉 https://t.co/GBRQyPCEON  ヨネといい何故年末に…
1	RT @GUNDAMWARS: 【フォロー＆RTでダイヤゲット】 #ガンダムウォーズ の“#カワイイけど本気”なCM第２弾は”軟弱者篇”！100万円相当ダイヤ＆RT数に応じてゲーム内ダイヤ増量！ 詳細はこちら⇒https://t.co/GG1EZPbM1w CM⇒https:/…
0	ジェフサポーターとしてはもちろん、2008年の最終節vsFC東京戦の奇跡の残留！これが一番の思い出です！ #マッチデーハイライト
0	アニマックスで「めぐり逢い宇宙」観ながらGジェネ 年末もガンダムで満たされる！
0	RADWIMPS終わった！これで今年の紅白終わり！
-1	桜井翔のドラマ始まった！ ここから話が重たくなるのはわかるから今は何十倍も盛られた昔のジェフを、楽しもう！
0	さて、このドラマに日立は絡んでいるかな～
1	ジェフ贔屓抜きにしても「君に捧げるエンブレム」面白い。見入るわ！
0	あ、CMでジェフィが(違
0	ドラマの中の役所の人 どうも某札幌の社長に見えて仕方ない …
0	ぉ、蛍雪次朗 金田センセー久しぶりです！
1	「サポルト」2巻 やっとじっくりと読めました。幕張SCのスタジアム綺麗ですねぇ。嫁曰く「誰が書いてもあのスタジアムは素敵だ！」との事(笑) 綺麗に描いて頂きサポとしては嬉しいです。今年は何回行けるかな～ https://t.co/onVEZRIe5a
1	続けて「マネーフットボール」も読めました。7巻買ったかいいが6巻買い忘れてに気付き即注文。まだ帯ついていて良かった♪もう何巻か出て深く掘り下げて欲しかったけど…カジと結衣に幸あれ！ https://t.co/9Yg7sx6mNs
0	RT @jef_united: この度、熊谷アンドリュー選手が横浜F・マリノスより期限付き移籍にてジェフユナイテッド市原・千葉に加入することが決まりましたので、お知らせいたします。 https://t.co/ZgznJUcjcC #jefunited
0	バスツアーのお供にまだ読めてない「のうりん」を持って行き車内で読んだが…  所々吹いてしまい周りに怪しまれる所だったww
0	やっぱりシュートは撃たないと始まらない！ え、スナイデル監督今のジェフの選手にも叩き込んで下さい！ 高橋ナイスシュート！
0	選挙の基準は解らんが塩谷翼さんや榊原さんが顔出しして頂けるとは♪  #声優総選挙
0	The悪役！  柴田さん渋すぎです！  #声優総選挙
0	新世紀エヴァンゲリオン ペンペン役林原めぐみさん！  #声優総選挙
0	個人的に林原さんが一位だなぁ。今の声優の地位確立したのはメグさんだと思ってますから。#声優総選挙
0	大塚明夫さんに小林清志さんランクイン   デラーズフリートばんざーい！  とウラキ似の自分が言ってみる(笑) #声優総選挙
0	マスお疲れ様！ https://t.co/uKN4WNLP36
0	RT @gorou_chang: 軍曹節の高橋壱晟物語。ジェフサポ必読かと。 #jefunited https://t.co/3TqoaVJSk1
1	ジェフのホーム開幕は山形…いきなり木山さんとかぁ…  で、山雅のホーム開幕戦がジェフと！自分的2017初観戦はアルウィンで決まり！
1	何か練習だけでも間瀬さんに勝てない気がw  練習を見るだけでも面白いのはオシムさんと間瀬さん位かなぁ〜 https://t.co/tiS4VcZV8b
0	2017シーズン 新ユニフォームデザインについて　#ジェフ千葉 https://t.co/itx3wFj1IL    シーズン開幕が近づいてきましたな！
1	スカパーで長良川のジェフ戦やってる♪一番楽しかったなぁ…
0	人生初の北海道  自分的第一声は「ほんま冷凍庫や…」
0	ののなんとかがいるチームの練習場へ(笑) ホントは石屋製菓の工場に来たのですが🎵 https://t.co/2r67FrZ8w3
0	今シーズンの日程発表されたか…。グラホームのジェフ戦がグラのホーム最終戦。グラのセレモニー前で昇格に浮かれるジェフサポが目に浮かぶ   予定(笑)
0	我が家でもビアンカvsフローラが…  #題名のない音楽会
0	3大カップ視聴中。 あ、熊谷市長来てないか…。じゃぁジェフ今日は負けないな♪
0	ドゥさん愛されてるなぁ～
-1	「初心者の素朴な疑問に答えたサッカー観戦Q&amp;A」西部さん著と高田桂さん絵ってことで買いました。回答の答えの素朴さ西部さんの顔が思い浮かびます(笑)改めて読むと納得出来て読み応えあります♪ https://t.co/0lP0feB6jR
-1	也真人が深井のチャントを継承するらしい…  あの盛り上がり難いチャントよりいいいな♪
1	山雅戦チケット松本までの往復のバス確保！あとは休み決定を待つのみ！
0	キム… (泣)
0	RT @au_official: 【みんなで応援！】 日本代表ユニフォーム、タオルマフラー、キリン一番搾り生ビールなどが入った｢自宅で観戦キット｣を50組にプレゼント♪ @au_officialをフォロー＆この投稿をRTで応募完了。  #auはサッカー日本代表を応援 https…
0	久屋大通で宇佐の唐揚げ！うまっ！ まさか佐賀のブースでサッカーの話できるとは♪ https://t.co/0q8yg33Iww
0	初めてDAZNだ視聴ぞーん…   よく飛ぶなぁ…
0	也真人ゴール！  チャントも合うな！
0	リードしてのHT 是非とも高橋に点とってもらい、そして城以来の開幕戦からの連続ゴールをして頂きたい♪
0	千葉の知り合い様からジェフグッズ含め沢山の頂きモノが♪オランダ屋のお菓子食べながら後半スタート！
0	ジ、ジュヨン…
0	羽生！
0	勝ったぁ！
1	さて、次の山形、その次のグラ戦… 今日のようには行かないからしっかり修正願いますよ。で、山雅戦観に行くからよらしくー！
1	ＤＡＺＮさん早くPS4に対応してください！
0	ブレーメンのオッツェ氏、清武の獲得失敗明かす（日刊スポーツ） - Yahoo!ニュース https://t.co/QciM9ItSHe #Yahooニュース  あら〜オッツェ ご無沙汰〜
0	ヤフーのトレンドにバブンスキーが入っていたが思わず「アナ雪」のキャラかと思いましたw 名前だけ聞いたら違和感ないし(笑)
1	RT @fukkie25: 岐阜のサッカーは面白い、それだけに手強い。 苦手なチームではあるけども、どうしても勝たなきゃいけない相手。 俄然6月25日の長良川、アウェイ岐阜戦はたくさんのジェフサポに来てほしいし、全国から力を貸して欲しいです。
1	キュウレンジャーの出撃メンバーはくじ引きか…。 星座モチーフだから某仏監督の様に星占いで選んだら面白いのに…
1	今更ですが…  ソードアートオンラインにドはまり！  一期しか見てないが…劇場番見に行きました。 お、面白い♪早く2期見たい。 https://t.co/n0Xx9B0IHM
0	で、2期見てないが詩乃が…♪ https://t.co/VHl2tO7KAB
0	SAOを知らない嫁が詩乃を見て「紅蘭みたい…」と、言われた。んー、今も昔も見た目の好み変わってない訳か(笑)
1	あと里香もかわいいよな♪
-1	@mitsukasun  一期と映画しか見てないですが妹あまり酷いとは思わないですね。劇場番はあまり出番はないです。女性もちらほら見に来てる方いますから楽しめるのではないでしょうか。
0	んだよ…  問い合わせにメールしちゃったよ…  まぁ、のっとりかも…とか思ったから少しホッとした https://t.co/33jHVIQe0e
0	この前久屋大通での九州フェアで見たもの「熊本地震の日にち覚えてる？」
0	RT @makiseiichiro36: 3.11  今日は私達、日本に産まれ育ち関わっている全ての人たちにとって忘れられない、忘れてはいけない日です。  僕もその日は千葉で地震にあいました。  今でもその時の事は忘れられません。... https://t.co/PecszIy…
-1	なんですとー！  まぁでも今のメンバーじゃきついかなぁ… https://t.co/6WPItJ2sQP
1	女子サポ VS. スタジアムグルメ、キックオフ!! 【能田達規『ぺろり！スタグル旅』第1回：VS.岡山】 https://t.co/NHdmYeKXJS  うん面白い♪能田せんせーの絵も好きだし遠征時の参考になるなぁ♪ にしても岡山も美味しそう
1	人生初の4DX体験します。SAOで。何回観りゃいいんだ(笑)
1	RT @SHIMADASHINJI: 【拡散希望】試合終了後、ゴミをそのままに帰られる方がいて残念という声がSNS上でも散見されます。ジェッツは子供の観戦者の多いクラブです。どうか子供達に正しい観戦文化を育んでもらうためにも大人はゴミはゴミ箱かお持ち帰り下さい！私達もゴミ箱の拡…
0	上映前にスタッフからの説明  まるで遊園地のアトラクションに乗る感覚だな
1	4DXは…性に合わない…  やっぱ静かに見たいものですな
1	東芝、東証2部への降格確実に 債務超過の回避を断念  - LINE NEWS https://t.co/8OBqQQ1oJD #linenews @news_line_meから  この時期に2部降格って言葉聞くと違和感覚えるのなんでだろ(苦笑)
0	モンハンXX一休み
0	でわ、アルウィン行ってきまー
0	松本駅着いた  レッツアルウィン！
0	アルウィンに着いての全農長野からのスープカレーのウェルムドリンク(笑)  うまっ！ #jefuited #yamaga https://t.co/1A6dIDP774
0	待機列着いたー https://t.co/gyIUQor5DI
0	@tekitoYoshi  「ウェルムカムドリンク」ですね(苦笑)
1	松本山雅さんホーム開幕！  自分的今季初観戦！ってことでアウェイですがアルウィンをバックに！ #マイサポルトスタジアム https://t.co/sR8B5agNNl
0	@fukkie25 こんにちは！ ジークさんと子犬さんはお会いしましたがあとはお見かけしませんでした
0	右…米倉欲しい…
-1	ガチンコでやったから今日の負けは悔しくない…次の湘南 その次の京都で巻き返そう
0	@zeek21 お疲れ様でした。 個人的にな指宿に期待ですね。下まで来てるここから這い上がる気持ちを見せて欲しいですね！
1	通りすがりの山雅サポの方に「あのハイプレスサッカーしびれましたわ！ オシムさんやミラーさんを彷彿させるような！」 そう言わせただけでも勝った気分♪
0	お、今年もやるか！ ってかバイオとマネーが！で、胡蝶とベッキーわ？？ https://t.co/qIcPPWTYwJ
1	今年は珍しく見たい映画が多い…  今からモアナ見ますー
1	モアナいいですね〜 アナ雪より好き。
1	ホテルのカレー、 モデル違ってなきゃパンも美味ですね♪ https://t.co/0fwCBrCHA5
0	RT @sinrinet: 「聞いてない」が口癖の方へ。　https://t.co/3cTnrCCxna https://t.co/gO7oOoDRFz
0	5節でもう仏の顔も3度までの2つを使ったか…
1	先週のアルウィンは冷たいビールが美味しかったのに今日は熱燗な地酒が美味しい気温ですな。一週ずれてよかった…
1	今日のMVPは川島ですかな。得失点が重要な予選で0で終わらせた事は大きいでしょう。#スカサカ
0	w杯予選と言う舞台で新戦力、今まで使って来なかった選手を使うのはそんなに勇気が要るのでしょうか？ #スカサカ
0	Talkingfoot 小林久晃と大島秀夫…  元ジェフコンビやんかー！
0	ったく… 飲酒運転する輩の神経が解らん https://t.co/oTDsqa6ZNE
0	町内会長 やっと終わった…
-1	羽生（結弦）恐ろしい子…
0	オルフェンズ見終わった…  ここまで救われない終わりは… でもエピローグが癒されたわ。  昭弘…漢だよ！
1	確かに戸田恵子さんって「あ、この声の人！」ってイメージないなぁ。自分だったらマチルダさんかオソノさんって出てくるけど(笑)
0	でも真弓さん、顔変わらないなぁ… 歌謡ショウから結構経つけど若い！ さすが二十歳の若造！2mの大オンナ！(笑)
0	JRゲーセンタワー行ってTVに映りこんできました(笑)
0	岡崎市の家康行列に藤岡弘、来てたのか…  行きたかったなぁー
0	なでしこの中島が俊輔さんに見えてきた…
1	RT @SouthernCross45: 時代の流れに柔軟過ぎる神田祭 https://t.co/Q3OkaiPzx2
1	人見知りな巻選手 これだけ笑顔でがんばってきてる姿見て…ますます応援したくなります！うんいい笑顔♪
0	RT @fsntweet: 【RT100超え】【画像】後半開始時にボールボーイにフォローを入れる比嘉さん - https://t.co/OPwGrtDVA1 　　俺達の比嘉さん
0	キュアダイフク キュアヤツハシ キュアヨウカン  和菓子だとしっくりこんなぁ…(当たり前やw)
0	RT @tanukiyo87: 徳島以外のサポーターに言いたい。 誤解しないで欲しいのは、普段の馬渡は本当にファンやサポに優しく、サービスも丁寧。それだけに残念な行為ではある…。本当に今回の軽率な行動はしっかりと反省して、岡山戦でまたプレーで暴れまわって欲しい。
1	選手の気持も驚くが、壱晟のガタイの良さにも驚くw https://t.co/5DAkl92MDj
0	仕事おわたー。明日は金沢や！
0	久々の北陸自動車道  賤ヶ岳SA
-1	ハイウェイオアシスと聞いて寄ってみたが…  刈谷を想像しちゃダメですね(苦笑)
0	スタジアム到着～ https://t.co/muFZBphhbU
0	ここの屋台アルコール多い… 残念(泣)
0	金沢のサポーター対決にタゲられた… でも逃げた(笑)  ゴメンなさい…
1	素敵な暖簾でお出迎え。香袋つきで心落ち着きます。  #jefunited #zweigen https://t.co/00QKWshK0I
0	金沢戦…まぁいらいらもありましたが… 優也ががんばりましたとさ。 で、福井のおろし蕎麦とソースカツ丼うまー
0	南条SAでお土産物色中だが…「若狭の焼き鯖」になんかイラっと…(苦笑)
0	そして、再会(笑)
0	２日で日本海と太平洋を拝んでます
1	RT @sinjebom: ジェフのサポーターの皆さん！ 今、やってることが必ず実を結ぶときがきますから、引き続き熱い声援を！
-1	@kayco_da16rize 突然のRTで失礼しますー  山野のいる選挙区民ですが…もっと地元感ないです(苦笑) 区割りおかしいので…
0	菓子博きた。GW明けだから…と思っていたがやはり混んでる… https://t.co/Rp7BSMNLSg
-1	だか…昨日の残念感と混雑の煩しさが ふっとんだ！ https://t.co/vS3JCbRefY
0	戦利品！ https://t.co/6jg0FjynIj
1	菓子博でも牡蠣あり。3つで1000円…  まぁ種類ちがうだろうけど…昨日食べてよかっか♪
0	伊勢わんこは双剣使いだったか…(違) https://t.co/5C2pFOybXT
0	RT @comicearthstar: 【単行本第3巻6/12発売！】『サポルト！木更津女子サポ応援記』「第14節 団体ラプソディー③」公開！／初のコールリーダーを務めた試合の直後、風夏達を待ち受けていたのは…!? ぶつけ合わされる”サポーターの在り方”を前に、ムー子は…！ht…
0	早野ハットトリック達成
0	天野由梨…  久々に名前見たなぁ
0	えーーーーー！？#コイキング https://t.co/U3FVVEQKt0
0	時の人見つけた！ 代表でそこそこ活躍出来たら戻って来ないかなぁ〜 https://t.co/QwXO2iZfg4
0	明日フクアリいくぞー！
0	由比通過～  エビ食べてー  ってか鐘庵行きたい
0	富士山を眺めながらのアメグレ→Fight for win→明日へのマーチ  やるなipad(笑)
0	@kozu0627 こんにちは。こちらはバス移動なので…今京葉でフクアリ向かってますー
0	よし！あんどりゅー外した！(笑)
0	フクアリ帰ってｷﾀ━(ﾟ∀ﾟ)━!
0	一平くん独占！(笑) https://t.co/9AuxLdHx1Q
1	今日はここから。イベントや知り合いさんとの話と短時間ながら楽しみ 今は喜作とサマラナ食べたら飲み！ フクアリで過ごす良い時間  2時間後はもったいい時間でありますように！ https://t.co/KfWX8Feete
0	乾選手から俺ジェフいただきました♪
0	今年の初フクアリで今シーズン初勝利！ 今日は座っての観戦でしたが… 岐阜戦は全力でサポートしますぜ！
0	久々にディズニーシー♪
0	@kozu0627 お疲れ様です！帰るまでが遠征ですのでお気をつけて！私達は1泊します♪
0	千葉滞在２日目～ https://t.co/KkyJKap89e
0	さらば、フクアリ さらば、蘇我！ 次はいつ行こう(笑)
0	一度は行きたかったソラマチ  スカイツリーは…まぁいいや https://t.co/06seFZSGpw
1	ふらっと寄ったソラマチでご当地フェスティバルに遭遇。 なんか楽しい♪
0	で、愛知からは知立… で、売っているのが大あん巻きなんだが…  知立だけ閑古鳥鳴いてます… ここでも魅力のなさ発動ですか…(苦笑)
0	近くにみきゃん(愛媛県)のスペースがありもしや昨日来た方かとカマかけてみたら…やっぱりそうでした。
1	一平くん見せたら多いに反応しました。 さすが一平くん！
