0	RT @YahooNewsTopics: 【イエモン 初の紅白出場が内定】THE YELLOW MONKEYの「第67回NHK紅白歌合戦」出場が内定。今年5月に12年ぶりに再結成。 https://t.co/aEcp8X5d2O
0	RT @sosotakei: TOKIO全員と山奥でサバイバル対決したら勝てるのかどうか妄想している。。やはり山口さんがやっかいだ。。。
-1	@gemini___30 そうだよねー、ずっと寝てられないから辛い( ᵒ̴̶̷̥́ ^  ᵒ̴̶̷̣̥̀  )
0	@MmgDino おおー、一戸建て！建て替えかな？
-1	毎日めんどくさいことだらけ。
1	早く機種変更しーたーいー(๑•́ω•̀๑)
0	@MmgDino ほー、なるほどなぁ。土地も購入なんやな。
0	@MmgDino 長いこと支払っていかなあかんしなぁ。すぐには決められないよね( ´･ω･`)
0	当落Web確認になったのか！(申し込んでない)
0	@MmgDino そう言われると新築住みたくなるよなぁ(笑)
1	間のYOUに対するみんなのつぶやきが面白い(笑)
-1	はぁー、お腹痛い。
0	福ちゃん誕生日なのね！おめでとうございます！
0	おおー、SHOCK決まった。
0	来年こそSHOCK観てみたい。
0	@MmgDino 来年こそ！行こう！梅田もやるしね！
1	@sunnysmile5183 @kimi_no_namae それ素敵だ！(*≧▽≦)
0	とりあえずSHOCKと7月にKinKiが何かやると信じて、来月からお金貯めようと決めたわ。
0	@MmgDino 私も平日になると思うわ(*≧▽≦)
0	千秋楽が1500回なのか…
0	@sunnysmile5183 そうらしいよ！私もTwitterで見た。
0	@sunnysmile5183 これ！ https://t.co/IlvGeQbk83
0	@sunnysmile5183 今年は特に激戦だな…
0	@sunnysmile5183 千秋楽に合わせてきたか！
0	@sunnysmile5183 @kimi_no_namae ほー、なるほど！
0	@sunnysmile5183 それはあるかも！！
0	RT @solo_work: もうすぐ始まりますよ♪【女帝 春日局】 本日21:00～23:24 BS-TBSにて堂本剛さんが子役時代に出演した映画『女帝 春日局』(1990)が放送されます。https://t.co/FsQ0GgUi78 十朱幸代さん演じる春日局の実子･七之丞…
0	@gemini___30 理解のある職場だね！
1	友達からの思いがけないお誘いのおかげで、来月京都行ける！(*≧▽≦)
0	今日の夜はKinKiたくさん観れる！(*≧▽≦)
0	@kimi_no_namae 私も確認したわ(笑)
1	RT @besthitskayosai: 本番まで１０時間を切りましたよ！番組公式ＨＰにはＫｉｎＫｉ Ｋｉｄｓさんがメッセージをくださいました！！どうぞご覧くだ祭ませ！！！ https://t.co/bITUJXQEfF ＃ベストヒット歌謡祭
0	最近ドラッグストアばかり行ってる気がする
0	RT @Ami_nodonarashi: 私も参加しております 本日オンエアです！ https://t.co/EpO472wtbm
0	このために早めにお風呂入った(笑)  #ベストヒット歌謡祭  #KinKi
0	ｷﾀ━━＼(´ω｀●)／━━!!
1	おいしいとこ歌った！！
0	道は手ずから～、鳥肌たったわ。
0	RT @migiri: キンキちゃん（37）これから怒られるのかなあ。わくわく。
1	RT @jeanpablo_shibu: ミヤネ屋でKinKi Kidsのお二人がご着用のこちら。お客様からおたくのでしょ？ってご連絡が。もう少し生地ありますのでオーダー可能です https://t.co/T5Inj0tJ0c
0	@MmgDino どこでもドアwwwww
0	あと少し！SONGS！
0	@MmgDino 私、そういうの得意なのよ(笑) そりゃ、相方ですから甘やかしますがな(笑)
0	くるー╭( ･ㅂ･)و ̑̑
1	愛かたは、Mアルバージョンは泣きたくなるのでやっぱり通常バージョンが好き♡
0	@Kix3V_lOve おもちwwでもわかる！
0	RT @miyaka0426: 一緒にソングス見てた弟「KinKi Kidsそのものがドラマだよね。二人が並んで歌うだけでそこに物語が生まれる」  よくわかってる😭😭😭
0	@sunnysmile5183 やっぱりイントロからアガるのは通常バージョンだよねー！
1	うまく言えないけど、今日の愛かたは尊かった。
1	@sunnysmile5183 KinKiを好きになって良かった！って本当に思う。そうじゃなきゃうちらも出会ってないしね！
1	@tsuyo_524lover 凄くわかる！私も青春時代はKinKiと共に歩んできたから。
1	@sunnysmile5183 そうだよね！KinKiがいてくれて良かったって思えるね。
1	RT @nicchamen: 告白します！AAAが出ることをチラチラ見ながら、11時15分までKinKi Kidsが出てたNHKの『SONGS』を見てました！これもライブの作り方を見せてくれていたのですごくおもしろかった。KinKi Kidsってやっぱりすごい！
1	明日また尊いKinKi見て浄化しよ。
0	毎月18日は秀吉公の月命日だそうで、この日限定の御朱印をいただいてきました。  #愛知 #豊国神社 #御朱印 https://t.co/bs1H02gNvy
1	@sunnysmile5183 金の文字、素敵だよね！豊国神社って季節ごとの御朱印とかもあるよ。色付き半紙で毎月1日限定で30枚とかしかないの( ´･ω･`)
1	来月の京都に向けてスニーカー買わなきゃ…と思ってたんだけど、昔買ったつよしくんとadidasコラボのスニーカーを大事にしまい込んでたので、これを機に履く事にした！何気に高かったやつ(笑)息子と足のサイズ変わらなくなったし、目をつけられる前に履くぞ( ´･ω･`)
0	伊勢神宮の初詣バスツアー行きたい！(*≧▽≦)
1	校閲ガールの菅田将暉くん可愛いよね(*≧▽≦)
0	FNS決まったのね！二週連続♡
0	RT @lisakaiho: FNS歌謡祭 第一夜　12月7日 嵐、関ジャニ∞、Kis-My-Ft2、KinKi Kids、TOKIO、NEWS、V6 第2夜　12月14日 A.B.C-Z、ジャニーズWEST、Sexy Zone、堂本ブラザーズバンド（KinKi Kidsほか）…
1	@MmgDino おい大丈夫か？
1	@MmgDino SONGS尊かったと思うのは私だけ？(笑)
1	@MmgDino それわかる！(笑)今まで見られなかったところも昔の映像も良かったね！ 愛かたよかったなー。Мalbumバージョンからの通常萌えた！(笑)
0	RT @tite_official: お手紙の実物の写真もアップします。彼についてのどんな情報でも構いません。ご存知のことがあれば、この投稿フォームからメッセージを送ってください。 https://t.co/HGwtDOnoqa https://t.co/fUq3GlRGn3
-1	ホルモンバランスの乱れてる時期とは言え、最近感情の波が酷い。色々不安だよ。怒り通り越して泣きそうだ( ´･ω･`)
1	そんな中でいつも話を聞いてくれたり、居心地の良さと安心感を与えてくれる友達には本当に感謝。
1	@MmgDino 私も光一さんは努力型だなーって思う。才能も持ち合わせてるけどそれ以上にとてもストイック。 剛さんはもちろん努力もあるけど、持って生まれた才能と感性があるんだろうなー。
1	@MmgDino すごい巡り合わせだよね。似ているようで真逆の2人が最高のコンビとしてはやってるんだもんなぁ。 剛くんが言ってた、ソロはお互いが入れない世界、KinKiは2人以外が入れない世界って凄いなぁって思った。
1	@Ai79May いいねありがとうございます。先日私も福岡に遊びに行った際に、住吉神社行きましたよ。
-1	@MmgDino 不安定なのは乙女なうだからだと思うけど、毎月こんなじゃないから戸惑ってる( ´･ω･`) ひとりじゃない～、いつも～♪
0	ばくだんおにぎりくんww  松坂桃李、菅田将暉の姿に"あだ名" 「例えが秀逸」の声  - LINE NEWS https://t.co/5hP9uJPcpN #linenews @news_line_meさんから
1	@MmgDino あー、確かにそうだよなぁって思いながら観てたわ。光一さん剛さんのそれぞれのソロとKinKiの全く違うカラーがあるからいいんだよね！
0	@MmgDino でも出るもんほとんど出ないでメンタルやられてる感じ( ´･ω･`) ルカさんと記憶の中のはじめちゃんに癒された♪
1	@MmgDino 水川あさみさん、好きだわーww ともさかさんもなんやかんやで好きだったなー。
0	@MmgDino あのおにぎり、欲しいよねww
0	私も明日もう一回SONGS見よう
0	@Ai79May ゆったりとしてましたね。また福岡に行く際は、行きたい場所です。 https://t.co/X78c9RtJAi
0	@sunnysmile5183 スポーツ向け手袋ね！探してみる！
0	@sunnysmile5183 @kimi_no_namae 私、山登れるかな……(笑)
1	@kimi_no_namae @sunnysmile5183  大文字山に登るはず！そう、赤いやつ。ビタミンカラーだから元気出そうでいいよね！
0	夢の中でも御朱印集めてたww おはようございます。
1	地震あった(´Д｀)東海、近畿の皆さん大丈夫ですか？
0	@Kix3V_lOve 3らしいよー
0	こいちゃんイケメンやな(笑)  HYDE？山田孝之？ある芸人のイケメンすぎる写真が話題  - LINE NEWS https://t.co/2nidoGo1ki #linenews @news_line_meさんから
1	@MmgDino こっちは大丈夫！ありがとう！
-1	@sunnysmile5183 @kimi_no_namae 不安だよね(笑)
0	@sunnysmile5183 @kimi_no_namae そうだよね！楽しみー！
0	@Kix3V_lOve 名古屋は実際は2だったみたい。
1	@dia14hitomy うまそー！！
0	噂は噂で終わったってことね。なるほど。
1	今日暖かいね(*´-`*)
0	朝からバタバタ。新しい布団もらったので、古い布団捨てる準備とか子供部屋の大掃除してる( ´･ω･`) 少しずつ片付けないと、年末一気にできないしね。
0	この勢いで断捨離したいけど、そこまで手が回らないかもな( ´･ω･`)
0	@MmgDino そうだよねー、私は年内にスッキリさせたい！
0	@MmgDino 最近地震多いし怖いよね(´Д｀)
-1	乙女dayの話…、突然お腹と腰痛いの来た(´；ω；｀)
0	今回全然出るもの出てなかったけどさ、今日5日目なんですけど。、いきなり増えるしこの痛み…ツライ(´；ω；｀)
0	RT @TMR15: 本日の「T.M.R. LIVE REVOLUTION'16 -ROUTE 20-」は鳥取県、米子市公会堂！ここ鳥取は１ヶ月前に発生した鳥取県中部地震で一時は開催も危ぶまれましたが熊本同様この日を迎えることが出来ました。想いで全てを繋ぎたいと思います。  #…
0	@MmgDino 今RTしたとこだった(笑)
0	@MmgDino 歌唱力が試される米子公会堂！(笑)
-1	@MmgDino 私毎回痛み軽いほうだから、こんなの久しぶり(´；ω；｀) もう今日やりたかったこと終わったし、立ってても座っててもしんどいから横になる！ホルモンのバカ！ww
1	@MmgDino あれだけの人が規模の小さい会場とか、逆に嬉しいね。泊まるところ謎問題(笑)
0	@MmgDino そういうの切れると、進まないよねwwwww
0	こんな時にアイス食べたい！(´Д｀)
0	RT @conan_magic: 【YTV】11月26日（土）よる6：00～放送の名探偵コナンは、第841話「雨のバス停[ストップ]」です。 https://t.co/4rDuta48rW
0	RT @araharu: 死因：破片が胸に突き刺さった＞RT
0	RT @mike_ki3: 容疑者：硝子の少年2人組 ＞RT
0	@MmgDino 駅前のビジネスホテルとか←適当
0	@MmgDino 全日空ありえる！ルカさんさんの生活圏に兄貴うろついとるwwww
-1	@MmgDino ハーゲンダッツとかな！ 私は断捨離は次回やな。今日はもう無理(´Д｀)
1	米子駅前人多そうや…まだ行ったことないけど(笑)いつか行く！
0	@MmgDino 交通の便悪いのか。ファンの方も泊まりで来てる人も多そうね。
0	米倉さんは名古屋か！行きたかった！
0	@MmgDino 出るよね？今もう出てなかった？上になにか乗ったやつ(笑)
0	@MmgDino なるほどなぁー。米子どんな感じなんやろ、想像してみる！ww
0	@MmgDino そうなのかww
0	KING PROTEA、KinKiさんと米倉さんが歌ってるの見たいわ。
1	@MmgDino えらいな！お疲れ様！
0	RT @pu_pti: @ZOMBEARLD  ゾンちゃーん KinKi 推しでありがとうゾン♪  #はにゅはにゅ  #世界キャラクターさみっとin羽生  #ゾンベアー #KinKi Kids https://t.co/InqS7c9zt0
0	氣志團万博で桃色空歌ってたのか！観たかった！
1	RT @51pika24_625xxx: どんちゃんLIVEのMC、きんきの話も多かったし色々面白すぎたんだが、どんちゃんは少クラを毎週録画予約してるJrにも詳しいジャニヲタだということを取り急ぎお伝えしておきますね(*´ω`*)
0	病院だってすっかり忘れてた(´Д｀)慌てたわー。
0	奏、アレンジされるのか…
0	いつの間に雨降った！！最近毎日カーテン閉め切ってるから気づかなかった( ´･ω･`)
1	早く機種変更したい( ´･ω･`)
0	これはあれだな、無事な地域の方でも見続けると不安になるやつ…
0	@sunnysmile5183 わかる、痛いの強い時って泣けてくる(´；ω；｀)
1	RT @murotsuyoshi: どうか皆さん、ご無事で
1	関ジャニ∞のツアーグッズ詳細流れてきたけどパーカー4,500円か。高いと思わなかった( ´･ω･`)某アーティストは、ツアーグッズでスウェット上下とかジャージで一万とか、そんなの見てきたし…。ツアー途中でグッズ増やしてきたりするし…基本黒白黄色とかピンクだし。
1	好きだったけど、流石に1万出して買わなかったけど。
0	@sunnysmile5183 わかりました？www
1	RT @naruo2451: 【KinKi Kidsファンの血液型が知りたいアンケート】 KinKi Kidsのファンは何型が多いのか気になったので投票をして頂けると嬉しいです(´∀`)
1	RT @lt_hmv: T.M.Revolution「公式・HOT LIMITスーツ」 ついに全国のドンキで販売決定！ 詳細→ https://t.co/mPGDPwpLBz #TMR #TMRevolution https://t.co/AZ5svLqG28
-1	いつまでお腹痛いのよ…
0	明日休みかー、子供いるのかー。
0	@sunnysmile5183 私もたまに間違えるけど、二回連続は凹むね(´Д｀)
0	RT @musicday_ntv: 「ジャニーズ歴代ドラマソングメドレー」TOKIOのみなさんは「泣くな、はらちゃん」の「リリック」、Kis-My-Ft2のみなさんは「美咲ナンバーワン!!」の「FIRE BEAT」を歌ってくださいます！！明日はPON!にて発表します！#best
0	@ayaka_x_x おおっ、涼介ぇぇぇ
0	雪凄いんだね(´Д｀)寒さと足元にお気をつけてください。
0	雨上がったっぽいから洗濯してる
0	@ayaka_x_x 涼介もHYDEたんも雪の歌♡
0	♬ ユキムシ / KinKi Kids #nowplaying https://t.co/VzzYgukOKL
1	ユキムシめっちゃ好き
0	♬ 雪が降ってきた (ballad version) / SMAP #nowplaying https://t.co/VogiaA24SG
0	ユキムシ、生で聴きたかったなー
0	iPodシャッフルで聴いてるけど、ブラックチェリー→メトロポリスという選曲ww
0	RT @LyricSatomi: 今年、最初の雪の華を… from Tokyo
0	LINEの背景、雪降ってる(*´-`*)
1	@MmgDino このふたり素敵よね！
0	♬ 陽炎 ～ Kagiroi / KinKi Kids #nowplaying https://t.co/2Bp5AAvw6e
1	@MmgDino 私も早く伸びないかなwww
1	確かに欅坂に紛れてるwwwww
0	あら、福ちゃんフライデーか！
0	KinKi剛、欅坂46と服かぶる「体が欅坂と思い込んだ…」  - LINE NEWS https://t.co/XxOMC1UuWX #linenews @news_line_meさんから
0	RT @kd51spica: ゴゴスマ紅白会見のバック音楽SHOCKだ♪ https://t.co/v60cyo12wM
0	ハンバーグ師匠wwwww
1	剛くん、アリーナツアーの頃より髪伸びたなー。もうただのロン毛…。年内はあの髪型かな…？私的にはそろそろ切ってもいいと思うよ？
0	dojima_koheiさんの写真 https://t.co/7dJBx702zR  どんちゃんwwwww
1	由美ちゃんの髪型可愛かった！
0	@MmgDino ちょっとシュール過ぎてww
0	@MmgDino おめでとうなのに食べちゃったねww
0	@sunnysmile5183 宮澤エマさんとですって！
0	@sunnysmile5183 NHKのニュースで見た！ちょっと動画探してくる！
0	RT @chu2451: あさです 6時台 紅白会見  (=∀=*)つよしくんですよね？つ、つよしくんはどうですか？ (*⚫︎△⚫︎)つよしです。  ゆるふわぁぁああぁぁ࿐͙°⑅*✩*⋆¸¸.* https://t.co/GdqBZ3PIp4
0	RT @EndsainKT: とりあえず光一さんの「(笑)あれ？じゃないよ」を永延とリピートする朝。 https://t.co/1SGkypndYK
1	RT @kk_kdbot: 【バリはやッ！】福岡ローカル 紅白出場会見 2016.11.25(11.24) https://t.co/8uCBthUxTi
0	@sunnysmile5183 それだね！！去年のリカだよね？
0	@sunnysmile5183 何個かRTしたから、みておくれ。
1	一周回って嬉しくなってきた！
0	@sunnysmile5183 同じフライデーで、光ちゃん直撃取材うけてた。SMAPの事で！
0	@sunnysmile5183 わざわざ雑誌に載せることかな(笑)
1	@sunnysmile5183 ハーフで美人でお嬢様とか無敵！(笑)
1	最近、住んでる団地の外壁補修工事のせいで、洗濯物干したり取り込んだりする以外は常にカーテン閉め切ってて、ベランダからの景色があまり見えない( ¯•ω•¯ )近所のスーパー行くのも若干遠回りしないといけない。早く終われ。
0	アルバム！わーい！
0	歌い直してないのかな？今の声で聴きたいなー。
-1	Mアルバージョンかー、あれ泣きたくなるんだよな。 通常バージョンはイントロでテンション上がった後、切なくなる。
1	ひろくんもいる！！  光GENJI、元メンバー集合にファン涙 貴重ショットを公開  - LINE NEWS https://t.co/GO9EjQDiV3 #linenews @news_line_meさんから
0	おおー、モノマネではいたん♡
0	低音似てるなー(*´-`*)
0	TOKIO間に合った！(Mステ)
1	TOKIOかっこよかったなー
1	RT @yo4ee: 突然ですが・・・ フォロワー様15000人感謝プレゼント企画の発表です^o^ 今回はポーチです。お化粧品やちょっと大きめなペンケースにぴったり。 詳細は画像をご覧ください  ※年の為鍵は外してご応募ください https://t.co/6eX66EV2fQ
0	ビューティーこくぶさん、すげー(・◇・)鳥肌立ったわ
0	今シリーズは、柳楽優弥出てくると思ってた(笑)
0	ヒャダインかwwww
1	@sunnysmile5183 人生でたった2回のことだもんね、天気良くなって欲しかったね( ´･ω･`)
1	可愛い♡ https://t.co/Pry0Ba2FuF
1	電王好きだったなー！
-1	今週末なかなかハード(笑)歩けるかという不安もありつつ、楽しみにしてる！週末の京都は天気崩れなくて良かった！
0	RT @ki3kd51244: PON!②  青木アナほんとただのヲタで推せるww https://t.co/YfEzgsjtA8
1	剛くんも可愛いけど、青木アナも可愛いなww
1	ちょっと予定より早かったけど、iPhone7にした！
1	@MmgDino それ大丈夫？( ¯•ω•¯ )
-1	@MmgDino SNS上でそれはきついね( ´･ω･`)鍵してみるのもありだね。
1	@MmgDino 確かに雰囲気あるww
0	@MmgDino アバター系のアプリ最近やってないな。剛くんも作りたくなるねww
0	@MmgDino 前はLINEプレイとかやってたんだけどねー。 ちょっと剛くんも作ってみようかなww
0	@MmgDino あるある(*´-`*)ポケコロ登録しようかなー(笑)
0	@MmgDino 了解！(笑)
0	長野くん結婚したの！！
0	@MmgDino びっくりだね！(・◇・)
0	@sunnysmile5183 お母さん長野くんファン？それは心配だね(´Д｀)
0	@sunnysmile5183 連絡取れた？ショック受けてないかな？
0	RT @8_0825: ●７時頃／Kis-My-Ft2、 ●８時頃／ジャニーズ歴代ドラマソングメドレー、KinKi Kids、ジャニーズWEST、Sexy Zone、 ●９時頃／ジャニーズ歴代ドラマソングメドレー、NEWS、Hey!Say!JUMP ●10時頃／嵐、関ジャニ∞、…
0	8時台か、じゃあ早めに風呂るかな(*≧▽≦)
0	うわー、飲みたい！(笑)
1	やばい、可愛い！！
0	緊張してきたww
-1	このタイミングてお腹痛い(´Д｀)
0	@dia14hitomy たくさん飛ばしてもらわないと！！
0	おおー、V6
0	@dia14hitomy ありえるかもwwwww
0	リリック！！！
0	次のメドレーまで1時間空くのか。
0	@dia14hitomy 起きてて！！！ww
0	RT @Uro__is: コップに少し入ってた水が振動してて地震かと思ったら堂本剛のビブラートだった
0	@dia14hitomy やばいね、耐えてww
0	アリーナツアーの服！
1	あの衣装好き！女優帽！
0	そうめんときしめんww
0	RT @tenkasu_2525: きんきもウナギ掴まえたら２曲歌わせてもらえるかな(´･ω･｀)
0	RT @zbpt: 茂は恥だが役に立つ
0	RT @tg_editor: @boju_bojuさんのまとめhttps://t.co/8Rlw8bKGG5を本日のトゥギャトピに選ばせていただきました！剛さんのまとめも作って下さりありがとうございました！トゥギャトピはTogetterのTOPページで紹介しています。みてね！
0	はにーびー！
-1	@sunnysmile5183 そういう気持ちわかるよね。できるならもうあの複雑な気持ち味わいたくないな(苦笑)
1	@888ouo888 大丈夫か？(笑) ベストアーティストの話？録画してあるからなんとかできるよ？
0	RT @jeanpablo_shibu: NHK紅白記者会見の際の堂本光一様 タキシード。 黒無地に黒ベルベットの切り替え ボタンは黒地に白ドットそして四角くストーンをちりばめ https://t.co/tjpDGD6NQH
0	RT @mironuko: 【重大発表】 クロネコヤマトさんの40周年web CM『ねこふんじゃった | Black Cat Ballad』の編曲・演奏。出演までも担当させて頂きました(=ﾟωﾟ)ﾉ いつも応援してくれてるみんなのおかげです。心からありがとう😭 https://…
0	やっぱりミロさん！(*≧▽≦)  RT
0	RT @w_television: #ジャニーズ 「ジャニーズカウントダウン2016-2017」放送＆出演者決定！ - フジテレビ系では、12月31日(土)に大みそかの風物詩「ジャニーズカウントダウン2016-2017(仮)」(夜11:45-0:45)を独占... https:…
0	カウコン決まってる！
0	RT @panbpmirror: JFC向けのメール来たけど嵐とKinKi枠からの申し込みはできないようになってるん
0	多分KinKiは収録だよね。
0	@R_0v0_Y わかるー、私も人の感情に引っ張られる( ´･ω･`)
-1	上の息子が急に身長伸びて服の趣味も変わってきて、急に大人っぽくなってきた。 親の贔屓目抜いても、ジャニーズ系だしモテると思うんだけどなー。これから楽しみだ(笑)
0	@MmgDino わかるわー
0	@Ki503243 私もやってるー！検索するね！
0	いよいよ明日から京都向かう。忘れ物しないように準備しないとなー。
-1	@MmgDino 既に2回くらい送ってるんだけどなww
-1	@R_0v0_Y あれしんどいよね( ´･ω･`)
0	スタバのアップル…気になる。
0	@MmgDino もう中学生だから、早めに返事来てくれないとwwwww
0	明日KinKiのMV特集なのか！録画する！  https://t.co/VRggKgGTcy
0	双子の個人懇談！姉の方は終わって、弟の時間まで待ち！
0	もう少し髪伸びたら久しぶりに前髪作りたいなー
1	いろはすの梨美味しい😋
0	うちの息子さん、スラムダンクにハマったみたいで、めっちゃ動画観てる(笑)
1	@sunnysmile5183 うまいよー、試してみて！
0	@sunnysmile5183 えっ、どうした！？
-1	くそー、胃が痛いww
0	@sunnysmile5183 そんなにか……(´Д｀)
0	何にかわからないけど、緊張してきたww
0	カプセルホテルって暑いのね…(笑)  早起きしなきゃいけないのに、寝れません(笑)
0	@sunnysmile5183 だよねー、でも扉開けれない(笑)
-1	京都はヨシヒコやってないし、関西のブンブブーン遅い時間だから見れないし残念(´Д｀)
0	@sunnysmile5183 寝なきゃと思うと寝れないよね(´Д｀)
0	@MmgDino そうよー！昨日から京都来てる！
0	度を超えたハイキング in 京都！ 疲れたけど後悔はしてない(笑) https://t.co/Voe1olCisg
1	@kimi_no_namae @sunnysmile5183 いい天気だったから、景色見るのも楽しかったよ！
0	おはようございます。足の筋肉痛がやばいです(笑)
0	@53ofHT_is_AN 私昨日まで京都いたのにww
0	今日は実家の法事。お手伝いで呼ばれてるのでしっかり働く予定(笑)
-1	@sunnysmile5183 そんなに働くことなかった(笑)立ったり座ったりきついよー(笑)
0	法事終わったし美容院行く！雨降りそうだなー(´Д｀)
-1	緊急コンの愛のかたまり、やっぱりいい！！！
0	サイトの写真変わってる！ 剛くんの衣装、探偵みたいになってる(笑)
0	小5女子でもSnowハマるんだな。友達と写真送りあってる。
1	スペシャ見逃した(´Д｀)再放送あって良かった！
1	当たるといいなー(*≧▽≦)
1	銀魂のビジュアル解禁見た！ これ高杉のビジュアル解禁も期待してもいいやつかな？
0	突然の眠気と闘っております。洗濯物干そう( ´･ω･`)
0	RT @chiryuppi: 〜ちりゅっぴ〜 いま話題の恋ダンスを、前マネージャーの落合さんと一緒に踊ったっぴよ✧︎◝︎(*´꒳`*)◜︎✧︎˖ 近々、知立市役所の若手職員も踊るらしいから、そっちもチェックしてあげてだっぴね(●´人｀●) https://t.co/m1zSRF…
0	これはなぜですかね？ https://t.co/2LgxZKW6pq
0	KinKi Kids(キンキキッズ)のおすすめの人気カラオケ曲5選をご紹介！ https://t.co/laI1gJD9X8 #KinKiチケット譲 #KinKiチケット求 #Mコン
1	@chiryuppi ちりゅっぴ可愛い！！ Twitterやってないちりゅっぴファンの友達にも見せたよ！可愛いって言ってた！(*≧▽≦)
0	♬ me. ～ 地球のいろ / KinKi Kids #nowplaying https://t.co/8N5VFl4R0y
0	@hokkorikumanko 多分何らかのキーワードですよね(´Д｀)
0	雪白の月、生で聴きたい。いつか聴けるかな？
0	@5124_KinKi_ タグ！ https://t.co/7woXY3inS0
0	FNS見たいのに、娘が録画した逃げ恥見てる( ´･ω･`)
1	LFが可愛いー！やばい！(*≧▽≦)
0	@sunnysmile5183 聞きたいよね！歌ってくれないかなー？
0	@sunnysmile5183 酒入ってるのか！今寝たら寝過ごすね( ´･ω･`)
0	@sunnysmile5183 鍋ならそうなるね(笑)
0	@888ouo888 KinKiは22時以降！
0	@888ouo888 https://t.co/LUpSVKmOmT  へい！
0	@888ouo888 いえいえー！余裕だね！！
0	KinKiの後ろ姿！
0	@MmgDino @888ouo888 ルカさんちはそうだな…(´；ω；｀)
0	RT @robatokoara: TOKIOとキンキの圧www https://t.co/FX5EtBSF1n
1	味いちもんめ懐かしい
0	@sunnysmile5183 手越の向かいに座ってたよね(笑)
0	@888ouo888 @MmgDino 修行だわ……!!
0	@sunnysmile5183 そうそう！あのふたり！
0	Jフレ！！
1	@MmgDino @888ouo888 私も見たい番組ないとテレビつけないことも多い。
0	@MmgDino @888ouo888 昼ドラもうないよww
0	一人で情熱的になってみた https://t.co/U1cpzIrtP6
0	またキリショーの1人KinKi見てた！(笑)
0	@sunnysmile5183 わかるー！どっちも聞きたい！
1	RT @mironuko: いつの間にか50万再生超えてる！！！たくさん見てもらって本当に嬉しいです😻 ￼https://t.co/2aV54IZJTb
1	アルバム曲とかカップリング曲にもたくさんいい曲あるから、裏ベストアルバムみたいなの、できたらいいのに( ´･ω･`)
0	これ見たい！ https://t.co/3stc4kRP9z
-1	@MmgDino ウィッグかー、安いのは不自然やもんなー。
1	2nd МovementとCool Beautyの振付かっこいいよねー。朝から見てテンション上がった。
0	成宮くん引退ってまじか…
0	成宮寛貴が芸能界引退  - Y!ニュース #Yahooニュースアプリ https://t.co/XQCpJafu5m
0	光一さん、また帝劇出てたのね(￣▽￣)
0	@MmgDino @888ouo888 ないねー、今年の春ぐらいで終わったはず！
0	@MmgDino 医療用高いよなぁ。私も今、てっぺん禿げたらかっぱみたいよww
0	@MmgDino 毛先も切ったけど、縮毛矯正かけて前髪作ったのよー。
1	友達とご飯食べてきた！気の許せる友達なので、色々話せてまったり出来て良かった！ 春日大社のお土産も貰った♡
1	@MmgDino 毛先のすいてるとこを切ったけど肩につくボブ？セミロング？(笑)
0	@MmgDino なんや、ロブスターみたいな名前wwwww 多分そのくらい！
0	そういえば、昨日｢セトウツミ｣見た！ 全体的にゆる〜くて面白かった(笑)
0	子供達全員出かけちゃったから、ゆっくりしよう(*≧▽≦)
1	Miitomoのフレンドになりませんか？ https://t.co/E1bvPHWLGp ！必ずMiitomoを最新版にしてURLを開いてね！ ※有効期限：14日間
-1	RT @Dojima_Kohei: 気づいたついでに言うけど特にKinKiに関してはこれまでの自分の発言が完全なる強火担だと今さらながらに気づいた。そしてそれが全然つらくないのがつらい。
1	LINEのアイコンを変えたいのだけど、いい写真がない( ´･ω･`)
0	♬ いま あなたと 生きてる / 堂本剛 #nowplaying https://t.co/Swr5maRdcX
0	@sunnysmile5183 ついに買ったか！
0	東京駅グランスタ気になる…いつか行こう。見てるだけでお腹いっぱいになりそう(笑)
0	@244Eri0201 おおー、そうなんだ！牛タン食べたい！(*≧▽≦)
-1	限定に弱い私。ボディーショップのクリスマス限定のハンドクリームとリップバーム買っちゃった( ･ᴗ･ )
0	Bluetoothのヘッドホン欲しいんだけど、どれも気になるやつは3～4万する(´Д｀)
0	@ayaka_x_x 台場だと思われる！
0	ベイクドアップル。一回飲んだからもう満足(笑) https://t.co/LDjSOdL0Cj
0	しばらく有線で我慢するよ( ´･ω･`)
0	雪のクリスマス / DREAMS COME TRUE  #nowplaying
0	ハッピーエンド / back number  #nowplaying
0	@ayaka_x_x それ気になるぜ！www
0	Man ～あなたの宇宙に生きていたい～ / ENDLICHERI☆ENDLICHERI  #nowplaying
0	@ayaka_x_x 今のラルクのやつ？私さっき店頭で見てきたけど、手が出なかったww あれめっちゃ欲しい！！
0	@ayaka_x_x わたくし、iPhoneとiPod使いなの(笑)
1	@ayaka_x_x おおー、なるほど！マジで欲しくなってきた！wwwww
0	@ayaka_x_x ありがとう、了解wwwww
0	Hero / 安室奈美恵  #nowplaying
0	♬ CRISIS / Acid Black Cherry #nowplaying https://t.co/w4xwSC19Xe
0	眠い…。音楽聴くと充電減るの早いな(´Д｀)
0	iTunesの一部のアートワークがいつのまにか消えてる、何故だ(´・ω・`)
0	♬ ここにしか咲かない花 / コブクロ #nowplaying https://t.co/4HxLU0xlUt
0	♬ ヒロイン / back number #nowplaying https://t.co/bJPMLz6TMH
0	RT @ss_kn_xxx: FNS歌謡祭ジャニーズ出演タイムテーブル ■19:00 KinKi Kids A.B.C-Z ジャニーズWEST Sexy Zone JUMP ■21:00 JUMP ■22:00 A.B.C-Z KinKi Kids ジャニーズWEST 堂本ブラ…
0	19時台と22時台ね！(*≧▽≦)  RT
0	いきなりKinKi出てくると思わず、慌てた(笑)
1	言い訳Maybe、結構好き！
0	@sunnysmile5183 欲しいよね！でも高いの( ´･ω･`)
0	@sunnysmile5183 メーカーによっては1万で買えるんだけどね( ´･ω･`)待つか。
0	剛くんのこと書かれてる！  監督もべた褒め！原作キャラにどハマリしてる役者たち (NAVERまとめ) - LINEアカウントメディア https://t.co/i4H1L4XQmd #linenews @news_line_meさんから
0	@dia14hitomy 誰かと思ったwwwww
0	RT @myuminn: よーく見たらつよしの肩にバナナ🍌乗っかってるwww https://t.co/elW9AGQzX1
-1	@dia14hitomy 私無意識に変な人フォローしてたのかと思ったww お帰りお待ちしております♡
1	@dia14hitomy 逆に目立ってて素敵よwww 荒ぶりましょう！
0	剛くんの腕、ムキムキにもムチムチにも見える(*≧▽≦)
0	RT @33Kixstorm: まさかハマサキさんの頭から終わりまでって、そういうこと…？？？KinKiちゃんが、頭と終わりだよって、そういうこと……？  ……………:(；ﾞﾟ'ωﾟ'):
0	そろそろくる？次？
0	吉川晃司さんか(笑)
0	@dia14hitomy 風邪ひくぞ！
0	ｷﾀ━━ヽ(*･∀・*)ﾉ━━!!
1	これはやばい!!!素敵！！！
0	どんちゃん！！
0	おー、この曲か！
0	拓郎さんの名前出してくれてる！(*≧▽≦)
0	KinKi Kids堂本剛、菅田将暉と偶然の"おそろい"が話題  - LINE NEWS https://t.co/SaFKxywbrA #linenews @news_line_meさんから
0	楽しみにしてたお正月のバスツアー、中止になった(*꒦ິㅂ꒦ີ)
0	光一さん、またジャニアイ行ってたのね！
0	紅白はメドレーなの？
0	今日はカフェ三昧 https://t.co/yU9VNRKyPW
0	砂の塔始まる！ドキドキする！(*≧▽≦)
0	RT @warnerjp: ＼宇宙一バカな侍だ、コノヤロー！！／  実写映画『銀魂』の特報予告がついにお披露目です！"洞爺湖"(とうやこ)と刻印された木刀、暗闇での殺陣、天人と思われる大男をなぎ倒し、映し出された顔のその男こそ…坂田銀時！ #映画銀魂 https://t.co/…
0	吉本新喜劇の島木譲二さん亡くなったのか…。
0	鏡月のしそレモンうまー。
-1	@MmgDino 左のは下が甘くない！右のは甘かった(笑)
0	RT @hatorikano: 中居くんと光一くんと剛くん。中居くんに甘えっこでやんちゃし放題のふたりが可愛い。 https://t.co/0FPFh50tOB
1	人多いと思ったら、今日明日ガイシホールは湘南乃風なのね。
0	♬ Rainbow wing / ENDLICHERI☆ENDLICHERI #nowplaying https://t.co/CaXSuyqi2a
0	駅のホームでいちゃつくカップルがいるー。うけるー。
0	♬ これだけの日を跨いで来たのだから / ENDLICHERI☆ENDLICHERI #nowplaying https://t.co/266mLl8kfW
0	ジョージアプレミアム微糖24本 当たった！(⸝⸝⸝´ꇴ`⸝⸝⸝) https://t.co/Ckd01jWwzQ
-1	@MmgDino 左のはホイップクリームは甘かった(笑)
-1	@MmgDino 微糖！甘いけどちょっと苦味ある
0	RT @satoppev6172: 自分で集められた限りのカウコンスポット～♪ TOKIO V6 KinKi Kids 嵐 NEWS 関ジャニ∞ Kis-My-Ft2 https://t.co/rJV3As4JAN
0	@dia14hitomy わかる！！
1	平野ノラさん、ナチュラルメイクだと可愛いな(*≧▽≦)
0	♬ 永遠のBLOODS / KinKi Kids #nowplaying https://t.co/dZUgAHDUPj
0	@dia14hitomy あれは引きずるわwwwww
0	♬ Family ～ ひとつになること / KinKi Kids #nowplaying https://t.co/67dBYQyn1K
0	おはようございます。今日暖かいのか寒いのかわからない(笑)
0	♬ 恋涙 / KinKi Kids #nowplaying  3曲連続KinKi(笑) https://t.co/dqTIqR0ygv
-1	お腹痛い(*꒦ິㅂ꒦ີ)
0	♬ たいせつ / SMAP #nowplaying https://t.co/wyMxrZkPym
0	薬ポーチ忘れた…ロキソニンない(*꒦ິㅂ꒦ີ)
0	♬ この月は沈まない / KinKi Kids #nowplaying https://t.co/nHbdo9YIEY
0	カウコンの団扇気になるぜ!!
0	やっぱり硝子の少年かー。
0	次男やっぱり熱出たか( ´･ω･`)
0	スマスマ終わった…泣きそう(*꒦ິㅂ꒦ີ)
-1	お腹すいたし眠い( ´･ω･`)
0	RT @takeit__easy: キンキ兄さん、おはようございます！！ https://t.co/0i7L2JacGV
0	RT @excite_music: ラルク、2008年以来の東京ドーム公演決定 - エキサイトニュース https://t.co/m2RpvifeY3 @ExciteJapanさんから
0	RT @TOWER_Odaka: 【お知らせ】本日よりSMAPの衣装展示を行います。衣装は、2008年 SMAP 2008 super.modern.artistic.performance tour 草彅剛さん着用衣装 です。 展示は1月4日までを予定しております。ご来店をお…
0	タワレコに草彅くんの衣装展示されるのか！(*≧▽≦)
0	初めて高島屋のデパ地下でお買い物した！(*≧▽≦)
0	@MmgDino 初めて高いお弁当買って帰ってきた(笑)
0	@MmgDino 豆狸のおいなりさん食べたよ(*≧▽≦)
0	@MmgDino まめだって読むの。大阪のいなりずしの店だよー。
1	@MmgDino 季節限定？今月限定？のゆずレンコンのおいなり美味しかった！
-1	今年は久しぶりに東京も大阪も行かないから、なんか変な感じ。
0	@MmgDino @888ouo888 行こう！梅田みんなで行こう！！！
0	今日から東京ドームですね！ 行かれる方、楽しんできてね！(*≧▽≦)
0	私の魂も東京ドームに連れてって下さい(*≧▽≦)
0	カレンダーの写真、鼻血ものやなww
1	フォトセットの写真見つけた…美しい。
0	@R_0v0_Y おおー、行ってらっしゃい！！
0	私も魂飛ばしておく！！KinKiさんもみなさんも楽しんできてね！！
-1	backのnumberのハッピーエンド、切ない(*꒦ິㅂ꒦ີ)
0	レポ待機！
0	RT @eku_2386: #逃げるは恥だが役に立つみたいに言う   茂は歳だが役に立つ  #鉄腕DASH https://t.co/rlx9Ecf10w
1	RT @mutgel: ハイドは歳だが美しい #逃げるは恥だが役に立つみたいに言う
0	RT @sweet_potaco: 【KinKi 12/22】 光一さん、ファンのことを 「シンデレラ」と言いまくる
0	@dia14hitomy 明日は豪雪だなwwwww
0	@dia14hitomy キャーとか言うより、えっ？何て？えっ？ってなるよねwwwww
-1	としふみ？
0	@dia14hitomy 中島健人意識しまくりだなwwwwwww
-1	としふみ把握wwwww
0	@sunnysmile5183 意味がわかったww
0	@MmgDino @R_0v0_Y おい長瀬来てたのか！！
-1	@MmgDino としふみって誰や！ってなったwwwww
0	噂の山Pの曲、なんとなく思い出した気がする
0	シノラーも昨日行ってたのか！ https://t.co/LPMaPmMdwG
0	RT @tomoeshinohara: キンキキッズのドームコンサートへ☆テープをキャッチ！リボンコサージュ作りました☆*:.｡. 来年は祝☆20周年！おめでとうございます♪ #kinkikids https://t.co/Yw5KAzmutn
1	RT @TOWER_Odaka: 【#KinKiKids】デビュー20周年記念！1/6にバラードベストが発売になります！KinKiのバラード楽曲の素晴らしさったら。。愛のかたまりはもちろん雪白の月とかto Heartとか…いや名曲しかない。。とにかくこの素晴らしい1枚をぜひとも…
0	雪白の月…(´Д｀)  またいつか生で聴けるチャンスを願ってる。
0	みんな楽しんでるかなー？(⸝⸝⸝´ꇴ`⸝⸝⸝)
0	雪のクリスマス / DREAMS COME TRUE  #NowPlaying
0	はいどたん女子か！
0	髪短い可愛い
1	はいどたん美しかった(⸝⸝⸝´ꇴ`⸝⸝⸝)
0	@dia14hitomy それは乱れるわwwwwwwwwww
0	@dia14hitomy 同じくww
1	私は女優帽が似合う人が好きらしい
0	@dia14hitomy なぜ1日に集中するかねwwwww
0	東京ドーム2日目お疲れ様でした！！
1	ゴールデンボンバー、かっこよくなってた！
0	TOKIOの衣装、5人合わせてTOKIOって書いてあるのか(笑)
0	RT @hy_nachu: どこ見てんの 〜2015,2016〜 https://t.co/wCFYlo4QPx
0	@sunnysmile5183 家に帰るまでがコンサート！！気をつけて帰るのだぞ。
1	RT @fukuda_u1: 今も自宅に大事に保管してます。来年の完成披露とか初日とかにファンの皆様に一本一本配ろうと思っています👍🏻(あくまで予定ですが😅) https://t.co/Vzzf7vfMaI
1	オリラジの今の歌ネタの面白さがわからない( ´･ω･`)
1	イオンすごく混んでた…疲れた( ´･ω･`)
0	またiPhoneの電話帳が一部消えてた( ´･ω･`)
-1	RT @suga_kinki: クリスマスになると、幼い光一さんがお母様にコーラねだって、何かと思ったら枕元にコーラとサンタさんへのお手紙「いつもありがとうございますぼくのだいこうぶつのコーラですのんでください」みたいなの書いて置いていたエピ思い出してかわいすぎてでんぐり返りま…
0	紅白の曲順、KinKiは五木さんの後だね！何かやらかすことは…あるかな？(笑) https://t.co/1aJd41YFM7
0	@dmt_0721 ちょっと期待しちゃうね！(笑)
0	RT @resonate_t: メルカリが男からのクリスマスプレゼントの墓場化している。 https://t.co/XxrYlXOuNX
0	KinKi今日ロケしてるの？
-1	今日最終回か…。KinKiファンの私ですら気持ちが複雑(*꒦ິㅂ꒦ີ)
1	@sunnysmile5183 確かにそれある！私も本人の口から聞くまでは信じたくない！
1	@53ofHT_is_AN 大丈夫かー？
-1	あー、なんか複雑。もうすぐ始まっちゃう
-1	@53ofHT_is_AN インフルか(*꒦ິㅂ꒦ີ)無理しないでゆっくり休んでね！
0	SMAPのベスト欲しいなー、来月KinKiのアルバムも出るしなーって悩んでる私に、実家の母が楽天で注文したとLINEしてきた(笑)
0	５人旅はほんとに神回だったなー！
0	ソフトバンクのCM感動した(*꒦ິㅂ꒦ີ)
1	こんなことになるなら、Mr.S見に行っとけばよかった。
0	STAY…(*꒦ິㅂ꒦ີ)
1	RT @yk_muu: この時の中居くん ただでさえ忙しいのにパパの看病もしてて疲労が溜まって高熱出ちゃって点滴しながら27時間TVしててノンストップライブで途中吐いても自分のパートだけは頑張って歌ったんだよ  本当にかっこいい人  #スマスマ #SMAP
0	ここまで見ても解散するなんてまだ信じられなくて、 ｢解散なんて嘘だよ、大掛かりなドッキリだよ！｣ってSMAP5人揃って言ってほしいと思ってる(´Д｀)
0	RT @justinbieber: SMAP SMAP SMAP SMAP SMAP SMAP....SMAP
0	これ絶対泣くやつ…(*꒦ິㅂ꒦ີ)
0	RT @BONSHAcom: 今日はみなさんいろんな想いがあるでしょうけども…。個人的にはこれをあの方々へ。 https://t.co/UewuTJrcwa
0	RT @miyu405s: グッディ…八嶋さん😥 SMAPのペンライト胸に涙。 中居くんの手の動きも動き以上に伝わるものがあると。。  #みんなのSMAP #グッディ #八嶋さん https://t.co/pxtK6BZEYo
0	♬ STAY / SMAP #nowplaying https://t.co/XxZlNScTBf
0	RT @utapass: https://t.co/j9mqGjX03r【期間限定】鬼ちゃんこと菅田将暉さんが唄うauがサッカー日本代表を応援するCM楽曲「見たこともない景色」をauだけで楽曲プレゼントいたします。12月22日（木）14時〜1月22日（日）まで
0	@MmgDino あれ私も見たいのよねー。セトウツミは観た！
-1	下のポストにCD取りに行かなきゃ… めんどくさい(笑)
1	@MmgDino おう、見てみる！ 数年前の映画だけど、キサラギってのが面白かった！
1	RT @canananyan51: ランチに入った店でカウコンに行くって話をしてた人が『昔キンキのドラマロケがうちの学校であって、撮影で映らない移動中の廊下に落ちてたゴミを光一がさっと拾ってゴミ箱に入れてたの見たときから光一ファン！』って言ってて年末に素敵な話聞けてスッゲ嬉しい…
0	♬ 花束 / back number #nowplaying https://t.co/IVcM74UQVJ
0	♬ いつか忘れてしまっても / back number #nowplaying https://t.co/cCLMKIgvyK
0	夕飯作るのback numberきいてる
0	RT @TOWER_Odaka: 【#KinKiKids】ベストアルバム「Ballad Selection」いよいよ来週発売です！20周年を迎えるKinKiの珠玉のバラードセレクション！名曲しか入っていません、最高です！！特典はポストカードです◎ご予約お待ちしてます(^^)/…
1	iPod touchでインターネットやるとモッサリしとるな。入ってる曲多いからかな？
0	♬ 電車の窓から / back number #nowplaying https://t.co/gPeTeTgb8T
1	♬ ツブサニコイ / 関ジャニ∞ #nowplaying  これ好き https://t.co/rN1HkXgIuS
0	♬ metropolis / L'Arc~en~Ciel #nowplaying https://t.co/tG7S3VjIa7
1	Love U4 Good、改めて聞くと良い曲だな https://t.co/LqFyNbX3oo
-1	RT @e_ars512: KinKiファンが目にしたイエモンのMC① 吉井さん｢長らく活動してるからね、20年前は歓声も黄色かったけど今はだいぶ、、、茶色い声が混ざってきましてね｣ お客さん｢(それまでより高めの声で)キャーーー！！｣ 吉井さん｢いや黄色くないから(笑)｣ 私…
1	RT @e_ars512: KinKiファンが目にしたイエモンのMC② 吉井さん ｢あぁ、これから話長くなるからトイレ行ってもいいですよ？トイレも近い年齢でしょうし｣ ｢(だいぶ話してから)話長いなって思ってるでしょ？まだ半分くらいだから｣ 私｢この展開私知ってる、、、｣
0	RT @kirakirahika1: 堂本光一くん https://t.co/O9QlyGvdnK
0	♬ サマルェカダス ～another oasis～ / KinKi Kids #nowplaying  これは名曲。 https://t.co/9sEcyFuPLj
0	見たこともない景色 / 菅田将暉 #nowplaying #auMusicPlayer #LISMO
0	おさんぽジャパンに茂出とる(笑)
0	御冥福をお祈り致します
0	RT @Erika_8306: 篠原ともえさんがラジオで22日のKinKiコンに行かれたお話！ https://t.co/wy54pBejmO
0	@sunnysmile5183 綺麗やなー！
0	カウコンのうちわやばいな！(*´-`*)
0	実家のママンが買ったので、iTunesに入れる！ https://t.co/lN6dBtJUID
0	KinKi Kids、初紅白でどんな爪あとを残すか？ (ORICON STYLE) - LINEアカウントメディア https://t.co/GZwOnJHVxX #linenews @news_line_meさんから
0	今日から実家。毎年の事だけど母も妹も弟も仕事あるし、私ゆっくりできるか微妙(´Д｀)
0	RT @arisu_ki3: TOKIOカウコンうちわ比較してみました(*´艸｀*)💕 ほぼ変わらないwwwww  左が去年で右が今年✨  城島リーダーのアイドルみが増してる!?!?!? https://t.co/MIBDPjMsWm
0	鶴のスカジャン？(⸝⸝⸝´ꇴ`⸝⸝⸝)
0	RT @moooon_spk: hydeさんに雑なモザイクかけられる手越w w w w w 顔のパーツさえ映らなければ良いのかよ笑 https://t.co/tYPrzPsAEn
0	あれ手越だったのかwwwww  RT
1	SONGS良かった！スピンオフ楽しみ！(⸝⸝⸝´ꇴ`⸝⸝⸝)
0	おはようございます。 ついに来た、大晦日。
0	@dia14hitomy 名古屋で待ってる！！(笑)
0	@sunnysmile5183 わかるー！
-1	去年の年末年始が仕事→東京→仕事とハードだったから、今年はこのゆっくりした感じが変な感じ( ´･ω･`)
0	@888ouo888 フォロー内から失礼します！連絡ありがとう！よろしくお願いします！ KinKiさん素敵すぎて鼻血出る(笑)
0	@sunnysmile5183 えみは私以上に戸惑ってるだろうなとは思ってた(笑)
-1	@MmgDino 凶悪見たよー。結構エグかったよな。 藤原竜也と山田孝之のMONSTERSも面白いよ。
0	@888ouo888 イケメンすぎるよね…(⸝⸝⸝´ꇴ`⸝⸝⸝)
1	@MmgDino わかる、私も好きwwwww
1	@MmgDino 福岡のは美味しいよなー。この前行った時マジ感動した！
0	@888ouo888 目撃ツイートみた。平野紫耀いたんだね！うちの地元出身の子(笑)
0	平野紫耀くん？人気あるのよね？名前だけ覚えた(笑)
1	紅白は自宅で録画してきたから多分実家ではガキ使みると思うけど、 紅白公式アプリからお知らせ来たら、KinKiだけはちゃんと見るからな！！ 待ってて！(笑)
0	副音声wwwwwレボレボ暴走ww
0	@888ouo888 2人とも王子だからです(笑)
0	@888ouo888 隣町出身で、友達の子供の後輩らしい(笑)
0	@888ouo888 そうそう、近くて遠い(笑)
0	@888ouo888 ここだけの極秘情報です(笑)
1	林檎ちゃんかっこいいな！！
0	@888ouo888 そうかな？(笑)
0	@888ouo888 極秘でお願いします…！！(笑)
1	お風呂入る前に副音声席のKinKi見れてよかった(*´-`*)
0	RT @evergreen5124: 大事な人。  忘れちゃダメな人。  忘れたくなかった人。 https://t.co/HPs5CThfmM
0	ペコりゅうおめでとう！
0	@888ouo888 じゃあかっこつけて言う(๑⁼̴̀д⁼̴́๑)ﾄﾞﾔｯ‼
0	@888ouo888 はいっ…お願いします！(笑)
-1	RT @meiko666: 斎藤工ホント無理wwwwwwwww https://t.co/ZfSZ1mYzeY
0	何故か私が緊張するwwwww
0	あー、最高だった(⸝⸝⸝´ꇴ`⸝⸝⸝)
0	紅白出てもKinKiはいつものKinKiだな！
0	今日も剛くんの腕からうどんぶら下がってるって思ってしまった(笑)
0	っていうか、紅白アプリから通知来なかったんだけど！！
0	@888ouo888 紅白も天使のような王子でした！！！(⸝⸝⸝´ꇴ`⸝⸝⸝)
0	RT @D_251gato: 今夜の空き缶は目視で100° https://t.co/o0paXnFmN1
0	RT @zbpt: 堂本剛が腕に干しているのはかんぴょう
0	かんぴょうwwwww  RT
0	RT @meke25: 紅白のやつはGUCCIのこれなんかな？？ https://t.co/yiRl6Z4Og7
0	紅白のスーツはGUCCIなのか！
0	RT @hsm74k: 剛さんが蹴飛ばした空き缶がゴジラに当たってゴジラ倒せてるはず
0	RT @nhk_kouhaku: KinKi Kidsのお二人が王子様すぎる！！ #NHK紅白
0	@MmgDino すげーなー、最近よくブランド物着てるなー
1	RT @maple_v6: J-Friendsにゴジラの駆除を要請します  TOKIOが攻撃するための土台を作ります。 KinKi Kidsが素敵な音色を奏でます。 V6からティガと師範を召喚します。  駆除終了です。
0	RT @Prince_Dino_51: KinKi ちゃん、鶴の刺繍のお衣装綺麗でした。 鶴はね、1度連れ添ったら、どちらか片方が死ぬまでずっと一緒にいるんだって…
0	RT @ps365days: あの裏トークに出る一瞬だけにGUCCI着るきんきの上流階級っぷり。
0	TOKIO！！
0	山口くん、袖落としてきたww
0	いつもと違う感じでバンドっぽいね！
0	@MmgDino そうだよねー、いかにも作りました！って感じしたよね！
0	RT @takuma_fukumori: 夢叶ったなう。 来年も気合いいれて、横振り刺繍の道を突き進みます。 #紅白歌合戦 #横振り刺繍 https://t.co/FptTPjX6bc
0	聖子さんのひゅるりらーの歌！
0	RT @yukicyo244fun9: 親指20周年ロゴにみえる https://t.co/6Eeo9qNkPs
0	ほんまや！！   RT
0	あ、ルルリラーだった
0	RT @k0_7: ゴジラと工さんがTLに奇跡的に並んでて吹いた https://t.co/XPuzZc9oIP
0	まだゴジラいたの
0	RT @sbrnp: つよちゃんのお手振りに大喜びバナナマンからの硝子の少年熱唱(笑)( ・∀・) https://t.co/dK0ZlPfRyB
1	RT @D_251gato: 必要なのはKinKi Kidsの歌だ https://t.co/kpfhUtcoeT
0	紅でかwwwww
0	RT @anjurle524: 今スマ垢行ってみたらね、KinKiだけは見ようって紅白つけた人たくさんだった。スマヲタさんたちにも愛されKinKi！
0	RT @2017orion1207: https://t.co/yOoaDX5OYB
0	RT @TYMSproject: 本日の朝日新聞朝刊に『JAM』の歌詞が掲載されています。  今夜、一緒に歌ってください。 https://t.co/aLvk8zPXLo
0	中居くん…(*꒦ິㅂ꒦ີ)
1	RT @D_251gato: 中居「ちょっと声張りますね、しんごーーーーーーーつよしーーーーーーーごろーーーーーーーきむらーーーーーーーーーSMAPーーーーーーーーーーーじゃあなーーーーーーーーーーーばいばーーーーーーい！！！！！！！！！！！！！！」
1	うまく言葉にならない
-1	そんな終わり方、辛い
0	感情がついていけない
0	RT @tohoimamura: One Love！ 屋良くんの振付け！
0	RT @honey10931: EDのこいちはまたまたグッチのこれ。 https://t.co/XXHlnfoUgn
0	KinKi、GUCCIのCMでもやるの？
0	紅組勝ったの？
0	手越の目が青い！
0	手越はいどたんのまねっ子かな？
0	亮太発見！
0	ふぉ～ゆ〜！
0	オリジナルスマイル！！
0	@53ofHT_is_AN ありがとうございます！私も茂といえばチョコちゃん！ 今年こそ会いましょう！
0	光一さん、お誕生日おめでとうございます！
1	RT @tai0712: 年男いいね…KinKiヲタは一生言い続けるよ
0	フォロワーの皆様、今年もよろしくお願いします！(*≧▽≦)
0	RT @yukicyo244fun9: うちわで応援するKinKi Kids https://t.co/6uShjWi85q
0	RT @FURU_CUTE2310: カウコン2016-2017 最後の挨拶 岡本健一｢これ放送してないんだよね？センキューSMAP！！！｣  井ノ原｢センキューSMAP！！｣  翼｢ありがとうSMAP！！｣  長瀬｢そして皆さん最後にSMAPに大きな拍手を！！｣  グループ挨…
1	@sunnysmile5183 ひとり語りいいと思うよ！おやすみ！明日も楽しんで！また報告してね(笑)
1	茶そば美味しそう！
0	KinKiの年賀状来てた！
0	@sunnysmile5183 気をつけて！楽しんできてね！(*≧▽≦)
1	@dia14hitomy 楽しんできて！食あたり大丈夫か？(*꒦ິㅂ꒦ີ)
0	終わった？
1	@dia14hitomy 良質な歌声が一番の薬かww
-1	朝からケンタッキー食べた、胃がつらい( ´･ω･`)
1	RT @cocoko1tsuyo4: カウコンうちわの光一さん、たまたま目が奥まっているからか睫毛が二重に入り込んでビューラーをかけたみたいに上がってて超可愛いんです。皆見てください。 https://t.co/wzIcVVJY1c
1	@kimi_no_namae 美味しそう、ヨダレ出る( ´･ω･`)
0	お疲れ様です！
0	@kimi_no_namae うん、大阪行った時に行こう！
1	@dia14hitomy 神か天使か、すごい効果だなww
0	@888ouo888 見てみて！
0	RT @Shoko_Kidokoro: 明けましておめでとうございます https://t.co/j59vdqM8op
0	RT @yama_kaze_sugi: 10:22スイッチ！(東海テレビ) 紅白歌合戦歌手別視聴率ランキング1位KinKi Kids 47.5% https://t.co/R5dWkp4Mf7
0	@MmgDino 車のドア閉める時に頭挟む状況が想像できません( ´･ω･`)
0	昨日の夜、ballad selectionの発送お知らせメール来てた！
0	届いたよー。 https://t.co/FP40guApD1
1	ジュエリーボックス仕様、可愛いけど面白いね(笑)
0	@sunnysmile5183 今日フラゲ日だよ。今回ID登録1/8までみたいだから、間に合うように来て欲しいね！
-1	@sunnysmile5183 Amazon？いつも遅いよね(笑)
0	@sunnysmile5183 ありえないねー。最近Amazon使えない( ´･ω･`)
0	@sunnysmile5183 そうだねー、予約のものは特にね。
0	♬ 愛のかたまり / KinKi Kids #nowplaying https://t.co/53HhcsHkls
0	ヘッドホンで聞くとぞくぞくする(⸝⸝⸝´ꇴ`⸝⸝⸝)
1	@MmgDino 周りの音遮断されるからいいよー！(⸝⸝⸝´ꇴ`⸝⸝⸝)
0	@MmgDino 私、335位だよ(笑)
0	アレンジ違うと違う曲みたい！
0	明日、常滑イオンに舞祭組来るのかー。
1	RT @1997TBS2008: いいかV6は  ファンサの神様だかんな https://t.co/bxk9u7c9nd
1	@MmgDino おすすめできるほど詳しくないけど、audio technicaとSONYはいいって聞く！私は今マーシャルの写真のやつ使ってるけど、側圧が強くて長時間はきついから、いつかワイヤレスヘッドホン買おうと思ってるー。 https://t.co/RUGuI3hhrJ
0	@MmgDino iPhone7にしてイヤホンジャックなくなって、ワイヤレス欲しくなるー。L'Arc〜en〜CielとかJUJUとかがCMしてるやつ欲しいけど高いねん(笑)
0	岡本圭人君のソックリさん似てたww
1	@MmgDino やっぱりいい音だよ♡
1	RT @haatan26: 5人の衣装展示に、すごい人！！ 朝からイオンの中に大行列！！！😭 SMAP愛が溢れてる😭 #SMAP衣装展示 https://t.co/AI2hIwI4t4
0	RT @TOWER_Odaka: 【#SMAP】本日よりタワレコ大高店店舗前スペースにてSMAPの衣装展示行っております。SMAP5人の衣装が並ぶのは渋谷とここ大高の2箇所のみ！1/31までの展示です。皆様どうぞご覧くださいませ！ https://t.co/aiAHok5Egz
0	RT @kazutonarumi: KinKi Kidsさんのベストアルバム、「Ballad Selection」が今日1/6に発売になりました。前に詞曲で書かせてもらった"Love is...〜いつもそこに君がいたから〜"収録されています。是非聴いて下さーい。
0	イオン激混み予想なので、別の店でマック食べてきた！
0	♬ Fine, Peace! / SMAP #nowplaying https://t.co/oiTQmvbPZy
0	うちの娘がずーっとHey! Say! JUMPのGive me Love聴いてる。そろそろ覚えそう
0	めちゃイケに中居くん出てびっくりした！
0	@sunnysmile5183 だよね！！
0	RT @hiroxbump: イオン大高でペッパーくんがSMAP歌って踊ってた♡ https://t.co/TCQcJaP4yL
0	RT @hoshi9801: 場所がKinki Kidsなのか https://t.co/9jMOTt88lL
0	RT @happiness000007: 藍と紅。  いちど逆で描いてみたかった( ´͈ ᵕ `͈ ) どっちも似合うけど、やっぱ違和感？ https://t.co/8UJEiPeNGI
0	RT @TOWER_Odaka: 【#SMAP】SMAP5人(の衣装)が大高店にやってきた！！！ （やばい、すごい、オーラはんぱねーここは天国か…やばい∞…スマ担心の声）今回も5人の衣装に合わせてイラストを描いていただきました！絵師さんは大高店ではおなじみ、「たまこさん」！素晴…
-1	今日成人式なのか…遠い昔ww
0	今日は双子がお味噌汁作ってくれた！冬休みの課題です(*≧▽≦)
0	♬ 銀色暗号 / KinKi Kids #nowplaying https://t.co/3DRcQFgOtn
0	銀色暗号神やな！
0	RT @j11ssm: ヲタクの心情を表したい時に非常に役に立つ https://t.co/yaj7kHUWWs
1	ほんと耳から幸せ。  #KinKiKids  #BalladSelection
0	♬ Family / KinKi Kids #nowplaying https://t.co/idRSqPOVzi
0	@MmgDino 鉄剤飲みなさい( ´･ω･`)
1	ヒメアノール観た。壮絶だった(´Д｀)
0	パンちゃん、おめでとうございます！
1	RT @shiraiyo_: 「雨降るバス停でお前の肩抱いてたの誰www彼氏？www気づかないフリしてたけどバレてっからwwwつか指輪ショボいねwwwあんなんで結婚するのwww乙www」を綺麗な日本語にしたのが、キンキの硝子の少年の冒頭です。
1	RT @Droprop5124: 「三宅健のラヂオ」が放送後すぐに文字起こしされて公式HPに掲載されるのは、聴覚障害のファンの方への配慮も兼ねてだよね。情報保障への認識がもっと広まればいいのにな。 #健ラヂ #三宅健　#bayfm https://t.co/Uto2xZiRRO
-1	昨日「ピンクとグレー」観た。 色々スッキリしないなー。
0	@MmgDino ユーキャン気になるよなー。資格欲しい。
1	@MmgDino 金額とか気にしないならネイリストとか興味あるけどなー。二月から職探しするし、事務系で役に立ちそうなのいいね！
1	豚キムチ美味しかった！
0	半月板って、剛くん…
0	#汎用性の低いジャニーズテロップ画像 https://t.co/NkH2zgu3Wv
1	RT @nhk_songs: 【SONGS KinKi Kids】スピンオフ 大変お待たせしました！番組詳細ＨＰにアップ！ 紅白でのジャニーズの皆様とのレアショットは永久保存間違いなしです！ 詳しくはこちら→https://t.co/tc4llxzGaM #NHK #SONGS…
-1	眠い…( ´･ω･`)ほとんど寝れなかった。 おはようございます。
0	チャリ漕いできたから、病院の中暑い(笑)
0	今日こそSMAPの衣装見に行く！
0	@sunnysmile5183 全く同じ事考えてたwwwww
0	地元でダニエルウェリントンの時計売ってた…。あんなに血眼になって探してたのに(笑)
0	こんな平日でもSMAPの衣装前に人が並んでる。
1	@sunnysmile5183 純正品で定価だよー！
0	@sunnysmile5183 了解！！
0	@MmgDino はーい、写メ待ってて！
0	@sunnysmile5183 たしかに高い(笑)
0	@sunnysmile5183 LINEで送った！
0	@MmgDino LINEで送った！
1	ライブDVDと可愛い絵が飾ってあった！ https://t.co/xxc4VqeCq6
0	5枚送れないので、分けて載せます。まずはツートップさんの衣装。  #SMAP #衣装展示 https://t.co/aECVy6hv4Z
0	ごろーさんと、草彅くんと、慎吾くんの衣装。  #SMAP  #衣装展示 https://t.co/mRRVhNDdyc
0	ホワイトチョコレート＆ピーチクリームフラペチーノ  名前長いww https://t.co/ahW8HqqHd8
-1	@MmgDino くそ甘かったwwwww
0	@MmgDino OK(*≧▽≦)
0	多分、しばらくSONGSスピンオフ見れねー！！！(*꒦ິㅂ꒦ີ)
1	ハーゲンダッツ、大人気の「華もち」復活！新フレーバーも  - LINE NEWS https://t.co/La2vIYCKXx #linenews @news_line_meさんから  これ好き！
-1	寒いのぅ…( ´･ω･`) よし、行ってくる！
0	@MmgDino 今日から娘入院だから付き添い！
0	@MmgDino 熱とかそういうのなくて子供も元気なのよ。 一昨年私がspiralコンサートの前に耳手術したやん？娘も同じ病気。 2人で長めのお泊まりくらいのつもりで楽しむわ(笑)
0	@MmgDino ありがとうー。
0	Mステ出るのか！！(*≧▽≦)
0	来週のMステ、KinKiとback numberと菅田将暉が出る！！ でも病院にいるので録画出来ない…(*꒦ິㅂ꒦ີ)
0	@MmgDino 病院で見れるけど録画出来ないからえみにダビング頼んでるとこ(笑)
1	静かだなー、暇だなー( ´･ω･`)
-1	@MmgDino 完全看護ってわけでもないけど、小児科病棟だから付き添いOKな感じ。家から遠い大学病院だから娘がひとりは嫌みたい。
0	雪だねー。こっちはさっき吹雪だった( ´･ω･`)
1	佐江内氏面白い！ ムロツヨシさんと佐藤二朗さん好きだわー。あと賀来賢人くんとか中村倫也くんとかじわるww
1	LINEで福田監督作品と佐藤二朗さんの面白さについて語ってる(笑)
0	RT @tyamadamg: 「嵐にしやがれ」を観てたら綾野くんが嵐になってジャケット撮影してる！  山田さん！ 綾野氏に先越されてますよー！
0	RT @uribow_tw: どけどけぇぃ　ぶんぶぶーん　こんにゃろおめぇ https://t.co/fm46uHGzbr
1	iPhoneがめっちゃ熱くてビビった(笑)
1	RT @fuku4ma3: 雪の厳島神社。 こんな景色めったに見られませんよね。 美しいです。 #厳島神社 #宮島 #雪 #広島 #世界遺産 #鹿 #御朱印 https://t.co/Q1kkP3usgj
0	高杉のビジュアルは最後に公開かな？今から緊張する。
1	RT @FT5124kix3: 私の初KinKiコンのキラキラした思い出☺️一生の宝物✨ 1998年の夏のコンサート☀️ あの時の素敵なお姉さんたちにはずーっと感謝してます☺️💕  #KinKi Kids https://t.co/4YPdwO45x7
0	@ayaka_x_x ゆいとの返し笑ったww
0	そろそろお腹空いたけどまだ食べれない。
0	黒マスクの暴走族総長感、みんな同じこと思ってたんだね(*´-`*)
-1	@ayaka_x_x 冷たいwwうちの中1と同じような返しするねww
-1	昨日から腹痛い(´Д｀)乙女day。
0	@MmgDino 菅田くん意識して頑張れww
0	@MmgDino そうしましょ！今が踏ん張りどころ！
-1	肩とか鎖骨とか凝り固まってて辛い( ´･ω･`)
1	健ちゃん私より凄い…!!!
1	@FT5124kix3 こんばんは。フォローありがとうございます！こちらこそ仲良くして下さい！(*´-`*)
0	今日翼とロケなのか！
-1	@MmgDino 私も今度巻こう！苦手だけど(笑)
0	@888ouo888 @MmgDino 顎に出来るのはホルモンバランスの乱れらしいよー！
0	@MmgDino 細めかー、改めてコテ買おうかな( ´･ω･`)
0	@MmgDino @888ouo888 私も今あごに出来てる(´Д｀)
1	RT @8810_kishi: 正式に発表になった様なので！ ■2/19(日)ゲスト:トレンディエンジェル の回に、堂本剛軍団として参加させて頂いております！先日の映像でもおわかりかと思いますが、現場のゆる～い和やかさも伝わってるかと思います^^ど～もと～♪  #KinKiKi…
1	ココ最近、毎日どうやって時間潰すかで困ってる。結果、iPhone弄ってしまうのでiPhoneの充電の減りが早い。
0	@888ouo888 殿で送ったんだww
-1	辛いけどたまに食べたくなるやつ https://t.co/tmWX8dTCCZ
0	@888ouo888 次回はお願いしますww
0	@MmgDino おめでとう！！！
0	@888ouo888 楽しみにしてますwwww
1	@MmgDino 返事来るといいね！！(♥ŐωŐ♥)
0	@sunnysmile5183 ついに機種変したのか！もう移行終わったかな？
0	おはようございます。
0	黒マスク欲しい(笑)
0	@sunnysmile5183 何色にしたのー？
0	ひーまー( ´･ω･`)
0	@sunnysmile5183 一緒や！(*≧▽≦)
0	ゆうちょのATM、めっちゃ混んでた( ´･ω･`)
0	RT @HanaiToru: ちょっー！😳なにこれ？ 本当にネットニュースのネタに〜😳  ありがたい事です。 カメラマン冥利に尽きます。  堂本光一「王子スマイル」引き出す“噂のカメラマン”写真　ファン興奮「油断したらダメ」 [T-SITEニュース エンタメ] https://…
0	ASKAさんの本、何故1巻が後から発売なんだろう？( ´･ω･`)
0	小籠包食べたい(*´-`*)
0	今日Mステか！
1	@mintgirl_coco 大丈夫？ゆっくりしてね！
1	KinKi Kidsはなぜバラードと相性がいい？　“本質的な愛”を歌ってきた2人の繋がり（リアルサウンド） - Yahoo!ニュース https://t.co/MvUgzlQKVO #Yahooニュース
0	RT @takashi_mtmt: 薄荷キャンディー、歌うって。 https://t.co/aHW9CHTDbb
0	RT @crimson2moon: たとえこの世が滅びても… （鉛筆 未完成✍） #KinKiKids #Mステ #BalladSelection https://t.co/8md8mHjHfa
0	東京ラブストーリー、なんかイラッとした記憶(笑)
0	舞祭組聞いてるとき、私もザワザワしたよ…ww
0	ところで、ぱにたんの意味教えて下さい。
1	RT @sz_1004: 舞祭組の新曲、超どストレートに中居さん（ひいてはSMAP）の事を歌ってて歌詞に込められた気持ちに感動したし、その曲をフル尺で歌わせたMステは英断だと思った。生の師匠の歌声もなかなかだったぞ☆
0	ザワザワww
1	楽しそうだなー(*´-`*)
0	いきなりのKinKiちゃん！
0	RT @dailyuki: 画面上全員、剛さん見てるwwwwww https://t.co/ygVhUw3Wix
1	RT @Dojima_Kohei: 薄荷キャンディー！超いい！転調うまい！！
0	堂島くんww
1	稲葉さんやっぱりかっこいいなー
0	RT @Zippo17Fumi: 「もう君以外愛せない」 「薄荷キャンディー」 生歌やっばー。 KinKi KidsのBallade Selectionも、誕生日に自分へのプレゼントでばっちり買いました（笑）
0	RT @e_ars512: トリセツを聴く光ちゃんの心中想像図 https://t.co/Tf24tIBWEm
0	星野源か！
0	@MmgDino @888ouo888 私もそう思ってて、KinKiさん理解せずに歌ってたことにびっくりww
0	RT @feelsogood31: One Loveの振り付けは屋良朝幸です‼︎ みなさんありがとう‼︎
1	RT @sudaofficial: Mステ出演してきました。GReeeeNさんに敬意を表して歌わせて頂きました。胸がいっぱいです。こんな俳優達をこんな素敵な場に。今日関わった全ての人に感謝です。ほんとに、ありがとうございました。 https://t.co/99MpETSvSl
0	留加さんwwwwそれ使うとはwwww
0	保存できた！
0	RT @imymee_: https://t.co/LiJWSaFCoJ ちょっと剛インスタ降臨してんだけど
0	そのうち消されるんだろうか
0	やっぱり消えたか
0	あ、ジャミロクワイ把握！
0	RT @dragongarowLEE: メとメレブの神隠し https://t.co/OhcFw1Iezb
1	@MmgDino ジャミロクワイ知ってる！私も好きだった！！
1	@MmgDino 役に立ててよかったww
1	@MmgDino @888ouo888 「白い歯 舌見せて笑う」って意味不明な歌詞があるからやってみてって、光一さんが歌前に舞祭組にやらせてたww
0	@MmgDino あの剛くんと写真撮った人じゃない方の人が、ジャミロクワイの人ってことか！
0	@sunnysmile5183 昨日のMステで稲葉さんのバックにいた外国のギタリストのインスタに、剛くん写ってたの。すぐ消えた。
0	@MmgDino そうみたい！
0	@ky75581 こちらこそよろしくお願いします！(*´-`*)
0	RT @3_4ju: Mr.アンプ・フィドラーが剛さんとのインスタのコメントに使っていたmet up withという表現だけど、あまり見かけないなと思って調べてみたら…「何かを一緒にするために会って話す」という意味があって鳥肌が立った…(*ﾟ▽ﾟ*)
-1	@MmgDino @888ouo888 舞祭組だけに不細工ww 意味不明じゃなくて謎の歌詞って言ってたかな？とにかく実演したら不細工だったww
1	@MmgDino なつかしいよねー、ジャミロクワイ。
1	RT @2017orion1207: ピアノ伴奏の旭氏の手元に映る薬指の指輪さえ愛の演出のひとつに思えた昨夜の素晴らしい歌声、未練を歌う曲も多いがやはり愛し想い合う曲はいいな。Ballad Selectionお見知りおきを。だがKinKiはバラードだけではないアーティストなので…
0	KinKi Kids堂本剛くん出演映画「銀魂」情報が続々公開！剛くんの役どころに注目！ | ジャニーズ通信 https://t.co/90KH3D7XAY #TU #堂本剛 #KinKiチケット譲 #KinKiチケット求
0	今日も左江内氏見なきゃ！
0	ぐっさん家も見なきゃ！
1	娘の友達が来てくれて、久しぶりに娘の凄く楽しそうな顔見れた。 学校で毎日合ってるんだもん、1週間会わないと会いたくなる年頃だよね。
-1	@y2451tk 地味に誤字してた(笑)
0	@MmgDino 行かなかったのねww
1	@sunnysmile5183 剛くん可愛かったよ！
0	@ky75581 ありがとうございます！よろしくお願いします。
0	中村蒼君も結婚したのかー。
1	@sunnysmile5183 順調だよー！とても元気！(*´-`*)
0	左江内氏始まった！(*´-`*)
0	RT @hikarins: 町田さん出演中の伊賀の花嫁の振付を担当された夏まゆみさんの1/12のブログに紅白の時のKinKiつよちゃんとのエピソード書かれてた♪締めは町田くん、頑張ってると(^O^)  https://t.co/CRyMlIj27d
0	@sunnysmile5183 心配ありがとう！！
-1	読んだ。切ない。back numberのハッピーエンドの脳内再生が止まらなかった(*꒦ິㅂ꒦ີ) https://t.co/PovCmWN412
0	RT @sunnysmile5183: 拡散希望 母の代理でチケット交換希望です！  トニセン 戸惑いの惑星 【譲】東京 2月13日 2部 1枚 【求】東京 2月14日 1枚  【譲】大阪 2月26日 1部 1枚 【求】大阪 2月26日 2部 1枚  お心当たりのある方、ご連絡…
0	@R_110327_A 私もこれ見て笑ったww
-1	@R_110327_A うーん、みんな同い年くらいかと(笑)
1	RT @TOWER_Odaka: 【#グリーンボーイズ】 映画『 #キセキあの日のソビト 』の劇中で生まれたキセキのボーカルユニット お待たせしました『グリーンボーイズ』入荷しました！映画は1/28公開、観る前に聴いてほしい、前向きになれる、今日も頑張ろうって思える、あと率直に…
0	RT @yaka_asss: 堂本剛 『俺のキャッチフレーズ…。 "知らんがな"と思いますが、これで。』 うおーー(´°̥̥̥̥̥̥̥̥ω°̥̥̥̥̥̥̥̥｀) https://t.co/LWqSuVP3EE
0	RT @araihirofumi: 山田くんとGEORGIA。。。今回はボコられないはず。。。 https://t.co/2bMIqkQ47l
0	RT @sunnysmile5183: 拡散希望 チケット交換希望です！  トニセン 戸惑いの惑星 【譲】東京 2月13日 2部 1階J列 1枚 【求】東京 2月14日 1枚  【譲】大阪 2月26日 1部 20列 1枚 【求】大阪 2月26日 2部 1枚  お心当たりのある方…
0	どうか拡散協力よろしくお願いします。  →RT
-1	ロールケーキ1本貰ったから、半分食べた。甘かった。写メ撮るの忘れた。
0	たにゃかお手伝いありがとう！！！
0	RT @miraclenikkijp: #百鬼夜行 イベント1月20日に開始！ RTキャンペーンも開催！ RT数に応じてプレゼントがランクup 3000達成・コイン×10000 6000達成・『キズナの花』セットコーデ 10000達成・小野大輔さんと能登麻美子さんのサインをそれ…
0	ルカさんもありがとう！！
1	意外と美味しかったやつ https://t.co/5peBLEdi7g
0	絵心ない芸人のLINEスタンプ、ちょっと欲しいww
1	RT @CocaColaJapan: ＼コカ･コーラ ジンジャー 本日発売／ キレ味するどい大人のフレーバー、#ひと味違うコカコーラジンジャー！ 発売を記念して、なんと１ケースを50名様にプレゼント！ フォロー＆リツイートで応募してね♪ 2/5(日)締切！ 詳細：https:/…
0	先週末、佐川急便さんの不在票が自宅ポストに入ってる件でなんやかんや大騒ぎして、子供に実家から自宅に戻って受け取ってもらったんだけど、中身はからだ巡茶だったって。 調べたら、どうやら1/30発売の新製品の先行モニター当たったっぽい。 最近よく当たるなー、ありがとうございます。
0	多分これのモニター https://t.co/aPuXo2fIlO
0	RT @sunnysmile5183: トニセン 戸惑いの惑星  東京公演、交換成立しました！ 拡散して頂いた方ありがとうございます！ 引き続き大阪公演交換希望です！  【譲】大阪 2月26日 1部 20列 1枚 【求】大阪 2月26日 2部 1枚  お心当たりのある方、ご連絡…
1	@saemin_51244 私も恐る恐る買ったけど、想像以上に美味しかったです！
0	SHOCK見たい！
0	RT @tEKu39: KinKi担以外の人が「光一様」呼びなの笑ってしまうw崇められている…
0	ちょっと今日のジャニアイの千秋楽は見てみたかったわ
0	光一さまって呼ばれてる、ウケるww
0	RT @923623: ジャニアイ 1月24日千穐楽 千穐楽スペシャルショー。ゲスト藤ヶ谷/玉森。本日はもう1人ゲストがいますとのことで光一くんがSHOCKのノースリ白衣装で登場。光一くんバックに屋良文一福田松崎松倉松田寺西もいました。見学は越岡と辰巳
1	@Moririn_08 鹿児島のサクラカネヨ醤油好きです！ https://t.co/D9iPFRg6Vq
0	@MmgDino 一緒に観たいねー！
0	光一さん、後輩の舞台にお邪魔する時は腰低いね、そういうところ素敵だね。
0	@kimi_no_namae 今流行ってるのかな？お大事にねー！
1	RT @TOWER_Odaka: 【#SMAP】あと6日で衣装展も終わり。1日1日が貴重で、とても凄まじいです！！(笑)SMAPさん健康で長生きしてください(重い)みんなの願い(重い) #ムリをするなまた吐くぞ 1/31は末っ子慎吾くんのお誕生日！大高店もちろんなんかします！(…
1	RT @TOWER_Odaka: 【#SMAP】SMAP5人の衣装、大高店に集合中！展示は1/31まで！全国各地から毎日ものすごく大勢の方にご来店いただいてます！また沢山の暖かいお言葉やお便り、差し入れ、プレゼント…沢山の暖かいお気持ちを本当にありがとうございます。スマ担のエネ…
-1	@MmgDino 雪かきしんどそうだなー
0	@MmgDino @888ouo888 私も屋良様とふぉ～ゆ〜と内くんしかわかりませぬww
0	寝起きに子供の耳の綿球+テープが外れてて、見当たらないなーって思ってたけど、なんと私の背中についてた。 私、気づかずにコンビニとか普通に行ってた。恥ずかしいww
0	バスボム作ってきた！ https://t.co/3LboRCU0bm
0	RT @murotsuyoshi: 先日、誕生日を祝ってくれた、ムロ組です、 https://t.co/4j01MfIqJL 左から、 浩文、ひで、むね、努、旬、将生、菅田、戸塚、勝地、柳楽、賢人、 phot by 斗真、 亮平は先に帰宅、この後には、MJも参加す、 主役にピン…
0	@MmgDino 神経使うんだな、お疲れ様( ´･ω･`)
0	@MmgDino そうか、まだ雪残ってるの？
1	@MmgDino そんなにか！ルカさんちの周りはもう平気？
1	手帳に入ってる全国路線図を見て、行ったことある駅を見て楽しむ。 あと、どこに行くのにどう乗り換えていくかとか調べるの好き。  2週間閉じ篭りっきりのストレスかな、遠出したい！！
1	@kimi_no_namae 思ってたより簡単だったよー！
0	@kimi_no_namae 楽しみにしとく！
1	@MmgDino そうかー、良かった良かった
0	@MmgDino その話聞いたことある！時刻表見て乗り継いでどっか行く妄想とかもしたことあるww
0	@888ouo888 @MmgDino 昔みたいに飛び抜けた子がいないから覚えられないww
-1	今のJr.の子の顔と名前が一致しない…。名前はよく聞く子ですら、写真だけ見たらわからないww 興味有るか無いかの問題かな？ Jr.黄金期は若さからか、個性豊かな人達が沢山いたからか、すぐ覚えられた気がする。
0	@888ouo888 @MmgDino 岸優太くんか。名前は覚えたけど、多分写真だけ見たらわからないwwこの前スカッとジャパンで見たわ。 近くて遠い平野紫耀君も、写真だけだとわからないww
0	@MmgDino @888ouo888 ドSww 個性なく見えるの、わかるなー。
0	まじかー、マーシャルのヘッドホンのワイヤレス出るのか！欲しい！
1	ルカさんに教えてもらったスタンプ面白いww
0	最寄りのauショップが今月いっぱいで閉店してしまう、困った( ´･ω･`)
0	@MmgDino わかるーーー！！！！
0	USBメモリー気になる！！！
0	サーヤ、光一さんの名前挙げてくれてるのか( ･ᴗ･ )
1	めっちゃ美味しそう！  京都限定☆エッグスンシングスの「宇治抹茶」パンケーキ (Peachy) - LINEアカウントメディア https://t.co/EdeNSVP0g6 #linenews @news_line_meさんから
0	RT @miroku2424: 誰かが歩道の空き缶蹴飛ばしながらうちの前を通過して行った…KinKi Kids？
0	RT @Dojima_Kohei: 2月18日のライヴについてどんなものにしようかとあれこれ考える。できるならトロッコやりたい。
0	@sunnysmile5183 通報押しまくりたくなる！
1	RT @pr_popstyle: 2/1、堂本光一さんの大特集が夕刊に掲載される当日の午前5時、もう一つ重大なお知らせを発表させていただきます。みなさんに喜んでもらえるとうれしいです。是非このツイートをチェックして下さいね！ #堂本光一 #SHOCK #読売
1	重大なお知らせ？なに？  RT
0	♬ Fall Dance / KinKi Kids #nowplaying https://t.co/cU50jTKFt2
0	♬ パズル / KinKi Kids #nowplaying https://t.co/43kUld94K0
0	♬ キラメキニシス / KinKi Kids #nowplaying https://t.co/xeulV2at7P
0	神様仏様堂島様！！
0	♬ 愛の十字架～Promise 2U～ / 堂本光一 #nowplaying  これすき！ https://t.co/hufVmil6De
1	@sunnysmile5183 だよねー！いいよね！
1	@sunnysmile5183 世の中うまく回らないね
1	@sunnysmile5183 確かに(笑)
0	@MmgDino そろそろ沈むね、溺れたら助けてねww
1	@MmgDino 沈んでーゆきましょー 深い海の底へー♪
0	娘、今日退院できそうです！！ 心配してくれた方ありがとう！！(*≧▽≦)
0	@MmgDino ありがとう！！
0	@sunnysmile5183 ありがとう！！( ･ᴗ･ )
0	お迎えまだですかー 渋滞してたらしい
0	回るお寿司屋さん混んでる( ´･ω･`)
1	もやお可愛い♡
0	ドンキのカードにチャージの残金あるし♡とか思って部屋着とか買おうとしたら、レジ前でカード家に忘れてきたのに気づいた(´Д｀)
1	@R_0v0_Y おぉぉお、懐かしい！！！
1	RT @excite_music: 本日1月29日はhydeさんのお誕生日🎂hydeさん、お誕生日おめでとうございます！これからも素敵な景色をたくさん、たくさん見せ続けてください⊂(`･3･´)⊃ﾁｭｯﾁｭｯXXX ※寝落ちしてしまい、ムクリと起きて遅ればせながらお祝い🥂#hy…
0	hydeさんおたおめ！！
0	大徳さんで「SNOW!SNOW!SNOW!」流れた(*≧▽≦)
0	半月ぶりに帰宅。
1	@888ouo888 Tanazonさんからの荷物、無事に受け取れました！ 丁寧な梱包ありがとう。 評価は星5ですww
-1	2週間の疲労蓄積からか、腰痛い( ´･ω･`)
0	iPod touchでネットやると重いし画面小さいなー( ´･ω･`)
0	晩御飯何にしよう( ´･ω･`)
0	RT @ILOHAS: ＼#いろはすスパークリングぶどう／ Twitter限定！2/27新登場の、#いろはすスパークリングぶどう先行体験 5,000名様 大募集！ ▼今すぐ応募！&lt;2/8締切&gt; ①フォロー＆この投稿をリツイート ②応募フォームに入力⇒https://t.co/u…
-1	おはようございます。早起き眠い…。今日お弁当3つ作った。
1	RT @Fanta_Japan: ／ 本日スタート！ 菅田将暉の #毎日キレッキレ スピードくじ ＼ フォロー&amp;この投稿をリツイートで、1000名様に #ファンタレモンプラスC がその場で当たる！#毎日挑戦  詳細→https://t.co/QiWoQM5asf https:/…
1	やっとSONGSスピンオフ見れた！！ 美しかった…(♥ŐωŐ♥)
0	RT @parakin_youri: チロルチョコが、ジャニオタを標的にしてたwww https://t.co/j5LxvFqox6
0	@MmgDino いつか東京に行きましょう！！
1	RT @Fanta_Japan: ＼いらっしゃいませー／ フォロー&amp;RTで菅田店員からスピードくじを引こう！ 1000名様に #ファンタレモンプラスC がその場で当たる！ 詳細→https://t.co/QiWoQM5asf #毎日挑戦 #毎日キレッキレ #菅田将暉 https…
0	♬ エンディング / back number #nowplaying https://t.co/FK7YewN6n6
-1	@R_0v0_Y @MmgDino いつか必ず！！(勝手に返事してみたww)
1	学生さんいっぱいで良かったね(笑)
1	幸せ / back number #nowplaying https://t.co/VZsSxDjnFq
-1	ちっぽけな愛のうた / カノジョは嘘を愛しすぎてる  #nowplaying #auMusicPlayer #LISMO https://t.co/USqucLUSSQ https://t.co/iaXrDfEM6R
0	風 / コブクロ #NowPlaying https://t.co/QPrki1e8wA
1	コブクロいいなー。
0	@sunnysmile5183 初日当たったのか！
0	RT @TOWER_Odaka: 【#SMAP衣装展示】SMAP衣装展示でご来店いただきました皆様、本当に本当にありがとうございました！！！！！！！SMAP5人(の衣装)、大高店に来てくれてありがとうございました！！！！！！！ SMAPがだいすきです！！！！！！！！！！！！ (…
1	@sunnysmile5183 良かった！楽しんできて！(*≧▽≦)
0	久しぶりにカラオケ行きたい病が！！
1	カルテットの主題歌やばい、かっこいい！
0	♬ ミラーボールとシンデレラ / back number #nowplaying https://t.co/wK7SgV6Dgm
1	屋良っちが！Мisty！
0	@sunnysmile5183 21:16 本編終了、21:36 Wカテコ終了 って見た！
1	@sunnysmile5183 確か東京駅22時だもんね(笑)
0	https://t.co/mXTUuPwSXx
0	みぞみぞする
0	@sunnysmile5183 初日だしなおさらだよね。
0	10年近く今の家住んでるけど、キッチンの蛍光灯切れたの初めてだ。慌てて交換した！
0	今更だけど、椎名林檎ちゃんの曲聞き漁りたい。
0	堂本光一、後輩が涙したエピソード (ORICON NEWS) - LINEアカウントメディア https://t.co/yMnno8wqAu #linenews @news_line_meさんから
0	ストレス溜まってきた感。 パーッと遊びたい、どこか行きたい。
1	RT @SHARP_JP: 「スマホ時代の恵方巻き」  1.地図アプリで北を確認 2.ツイッター開く 3.TL↑を北へ身体を捻り 4.左手にスマホ握って固定 5.首だけ左に22.5度回し 6.右手の恵方巻きを口に 7.もくもくと食しつつ 8.恵方巻き尊いやばみ✋とツイート  つ…
0	@SHARP_JP ╰( ^o^)╮-｡･*･:≡
0	うちにあるのと同じ醤油だ！(*≧▽≦)
0	お腹すいたんだけど！子供待ち！
0	今年の恵方は北北西だよね？ 我が家では、洗濯機を眺めながらの恵方巻きでした。 なんかシュール。
1	なんなんだ、高杉様カッコイイ！
0	https://t.co/ITwNoELezr  動悸が止まらんww
0	@244nara73 やばいよね、カッコイイ！！眠気吹き飛んだ。
0	@dia14hitomy 私も見るまでは地毛だと思い込んでた。地毛じゃなかったね。
0	@244nara73 慣れるまで見るとか(笑)
0	@dia14hitomy こげ茶パーマね！ でも必ず観に行くからな！！待ってて！！つおし！！ww
0	三味線侍ベンベンってww
-1	朝から腰痛い( &gt;̶̥̥̥᷄д&lt;̶̥̥̥᷅ )
0	アイス食べたい
1	@sunnysmile5183 たまたま嵐見てて、アイス美味しそうだった( ´･ω･`)
1	iPhoneが熱い( ´･ω･`)
-1	久しぶりに頭痛の限界がきたので鎮痛剤飲む( &gt;̶̥̥̥᷄д&lt;̶̥̥̥᷅ )  気圧なんて嫌いだ！！(*꒦ິㅂ꒦ີ)
1	RT @gt1010101010: 2月4日に高杉のビジュアルを解禁したのはダーフクさんからの粋な計らいだと思っています！ だから2月4日は私の中ではあえてダーフクの日と呼びたい!! ダーフクさんありがとう大好き!! ((間に合わなかったけど)) https://t.co/YH…
1	ただひたすらコラージュとスクショを送るLINEが楽しいww
0	相変わらずガタガタな体温グラフが出来上がった( ´･ω･`)
0	おはようございます！ 今日も色々頑張る(*ﾟ▽ﾟ)ﾉ
0	福ちゃんのドラマ見てない！  …と思ったら録画してた(*´-`*)
0	@sunnysmile5183 どうしたー？何かあった？
0	@sunnysmile5183 一つ前のつぶやき今読んだ。相手はあの人かな？ でも相手が彼女だからとかじゃなくて、そういうのわかるよ。相手が全く知らない話するのも説明長くなるし、他に話題がないから共通の話題を探した結果、愚痴になるんだよね。でもそれじゃいけないって思うのもわかる。
0	@sunnysmile5183 愚痴とか話したいこともさ、私聞くからいつでも言ってよ。LINEでも会って話すのでもいいし。
1	ドラッグストアに行く度に新しいコスメ出てて、色々見てるの楽しかった！気づいたら1時間もいた(笑)
1	最近何が楽しいんだろう？って思ったら、やっぱり子供と冗談言い合ったり、価値観が似てて気の許せる友達と話してるのが一番楽しいと思った。 新しく知り合った人と価値観似てるなーと意気投合しても、3ヶ月くらい経つとズレが出て来ることもある( ´･ω･`)新しく人間関係築くって大変。
1	@sunnysmile5183 相手の方はえみとは違うタイプだもんね( ´･ω･`) 愚痴溜め込みすぎるのも良くないけど、吐き出しすぎてえみが自己嫌悪になるなら、相手に愚痴を言う量を減らすしかないねー。 Twitterでも別の相手でも、彼女以外に吐き出す場所を見つけるとか。
0	RT @nunuko11: 銀魂 実写×アニメ 比較してみた!!  #銀魂 #ビジュアル比較 https://t.co/0A0Hq7R37i
1	雪見だいふくのみたらし、美味しかった！(*≧▽≦)
-1	@MmgDino 周りのアイスはともかく、みたらしのたれは甘くないから、ルカさん食べれそうね！
0	最近THE BODY SHOP好きすぎて、しかも限定品に弱くて、去年末から化粧品やらハンドクリームやらリップバームやら買い貯めたけど、使いきれるのかなww 年中使えるからいいかww
1	最近なんやかんやで楽しいわ。 LINEフル活用ww
1	LINEの着せ替えを標準に戻したら、なんか新鮮ww
0	♬ ボーダーライン / KinKi Kids #nowplaying https://t.co/4P3iDrexfI
0	@MmgDino 関西Jrだねー！
0	友達の付き添いでアップルストア！
0	@MmgDino 道枝くん贔屓やねww
1	RT @modernboy_ruike: 昨晩のKinKi Kidsさんのラジオ「どんなもんヤ！」で剛くんが僕たちのこのツイートのことを話してくれてました！！びっくり〜！嬉しすぎる〜！ほんとに届くとは〜！！ いつか3ショットでMyojoの表紙飾れますように〜〜！！ https:…
0	菅田将暉＆KinKi Kids堂本剛、"似てる説"を解明 (Peachy) - LINEアカウントメディア https://t.co/XQ6lBwBQrf #linenews @news_line_meさんから
0	雪見だいふくを暖房の効いた部屋に放置してた。もちろん溶けてたww 何してるんだ私。
1	新しい香水に出会いたい病。 気になるの何個かある！ クソ高いのも含めてww
1	古謝くん可愛いなww https://t.co/NRjQWrWmlq
0	RT @haraechi0119: 暇だったのでなんとなく袖を止めるゲームをつくってた https://t.co/LBYZI8EqYT
1	RT @airin_24517: ジェシーと紫耀くんの愛についてがすっごく良かった……🙏 https://t.co/n6IfjPtPot
1	愛について、めっちゃ好き！！  RT
0	というか、平野紫耀くん！！
0	@MmgDino つよし強火担のジェシーくんねww 背が高いよねー！
0	@MmgDino 見た目じゃないのねww
-1	RT @actor_satojiro: 今年７月公開の映画｢銀魂｣の鬼兵隊のビジュアルが解禁になり見てみたら剛は恐ろしくキマってるし新井も妖しくキマってるし菜々緒ちゃんも超セクシーにキマってるのに俺だけなんというかアレだな要するになんというかアレだなつまり分かりやすく言うとなん…
1	@MmgDino まじで尊い！
1	ホントに尊い存在。 KinKi Kidsと同じ時代に生きてて幸せです。 ありがとう。
1	@MmgDino KinKiのおかげでルカさんと仲良くなれたし、友達増えた。 同じ時代に生きていられる、 それだけで幸せって思わなきゃ。 私も他のところは色々と運がないのは仕方ないww
1	@MmgDino そう、簡潔に言うとKinKi Kids様ありがとうwwwww
0	♬ ビターショコラ / KinKi Kids #nowplaying https://t.co/khdvWRAG7F
0	@sunnysmile5183 そうそう、お互いめっちゃ聴いてたね
1	朝から耳鼻科。雪降ってなくてよかった。
-1	@MmgDino 雪どう？朝の天気予報で鳥取が一番酷かったww
1	パラパラの雨のうちに帰宅。 この前真ん中の子が手術して退院したばかりなのに、上の子も耳の具合良くないと言われた( ´･ω･`) 外来で処置できますように。
-1	@MmgDino 一日かけて酷くなるのかな？大変だな( ´･ω･`)
1	@MmgDino 前の時すごかったもんね。今回はひどくないといいね！
0	トラヴィス昨日から日本にいるね。観劇したのかな？これから？
1	@53ofHT_is_AN 可愛かった！！！
0	RT @quartet_tbs: カルテットの４人が歌う主題歌「おとなの掟」が昨日、配信開始されました！それを記念して、１週間限定でエンディングMVを公開致しました！ ぜひご覧ください。  https://t.co/9lbav7rCCk  #カルテット #松たか子 #満島ひかり…
0	♬ おとなの掟 / Doughnuts Hole #nowplaying  即ダウンロードした！ https://t.co/akuDKjFibh
0	@ayaka_x_x アヤカちんもダウンロードしてる！ww
0	♬ これだけの日を跨いで来たのだから / ENDLICHERI☆ENDLICHERI #nowplaying https://t.co/jQvUVlvu6V
0	@ayaka_x_x 私もした！
0	@ayaka_x_x いつ聞いても鳥肌立つ！
0	@MmgDino キットカットのメーカーがやってる擬似バレンタインごっこ？(笑)
0	@MmgDino あれ、そうなのか！( ´･ω･`)
0	@MmgDino 怒るなww
0	@R_0v0_Y ミッシェル！どこ探しても見つからない(*꒦ິㅂ꒦ີ)
0	@MmgDino ロシア語から翻訳って出たんだけどww
0	@MmgDino 伝わるかなww 誰かロシアの人！！ww
1	@kimi_no_namae これ凄くいいよね！配信待ってた！(*´-`*)
1	@R_0v0_Y また探してみる！私も日本酒好き！(*´-`*)
-1	今日は1日お腹の調子が悪いー(*꒦ິㅂ꒦ີ)
0	ボーミッシェル飲みたいのに見つからない(*꒦ິㅂ꒦ີ) Amazonにあると思ったら、4900円って……
0	@R_0v0_Y Amazonで4900円ならある……( ´･ω･`)
1	LINEで、「うん」とか「んー」で止められたら何て返せばいいんでしょうか( ´･ω･`)
0	@MmgDino 「こ」ねww
0	@gemini___30 なんか会話にならないというか、会話が広がらない相手なの。 今も既読無視されてるし毎回そんな感じだから、無理して会話しなくてもいいよね？( ´･ω･`)
0	RT @hitomiko: ニトリで貰ってきたカタログが、キンキファンホイホイだった。 https://t.co/spsrDzK1YZ
1	RT @OstDtmsmn: 女子よりも可愛いおじさん大好きマンだから。 https://t.co/ZYO9xcv1Ct
1	@OstDtmsmn めちゃくちゃわかります！！私も剛くんとHYDEさん好きなので！
-1	@mon_tresor97 フォロー外から失礼します。 気になって私も調べてみたところ、89年春に神戸でもあったようなのですが、光一さんはそこに呼ばれたという事でしょうか？こちらのサイトは非公式wikiみたいなので自身持って言える… https://t.co/qST4WwVs7a
0	@mon_tresor97 このサイトによると88年夏も神戸でコンサートが行われています。疑問解決のお力になれたら幸いです。
0	RT @yuki5124: 名古屋の母からとんでもない電話が。。。 知り合いが昨日？KinKi Kidsと仕事したと！！（多分つおし） あるものを一緒に作ったと！！（絶対好きそうなやつ！！） 近日中にOA予定だと！！！！！！（日曜日のやつ！！！！！！！）  きゃーーーーーーーー…
0	昨日？名古屋？どこ？
1	@mon_tresor97 いえいえ、少しでもスッキリされたなら良かったです。 話は逸れるのですが、以前からTLに流れてくるruruさんのツイートが気になっておりまして、フォローさせてもらってもいいですか？
0	赤ちゃんポストと聞くと芦田愛菜さんを思い出す。
1	今日は勇気を出してポチッとした！決まるといいな。
0	@mon_tresor97 こちらこそよろしくお願いします。共感すると♡飛ばしまくる可能性もありますので、お許し下さいww
0	@gemini___30 知り合ったばかりの方なので仲良くなれたらいいなと思ってたんだけど、会話にならない感じとか上から目線だったりで合わない気もするので、無理するのはやめようって思えてきたよ( ´･ω･`)
0	@gemini___30 話聞いてくれてありがとう(*´-`*)程々に付き合うよ！
1	@gemini___30 そうだよね、今仲良くしてる友達、こんなに気を使わなかった(笑)
0	雪見だいふく黄金のみたらし、販売休止とな！(´Д｀)
0	RT @tokoroten_1234: KinKi Kids20周年year突入なんですね！ (1997年7月21日硝子の少年発売) おめでとうございます(^^)  #デザインカプチーノ #KinKiKids  #薔薇と太陽 https://t.co/hbuy7l9Sif
1	RT @tokoroten_1234: 愛されるよりも愛したい真剣(マジ)で  #デザインカプチーノ #KinKiKids https://t.co/kDvYwzETIC
0	RT @tokoroten_1234: #デザインカプチーノ #銀魂 #高杉晋助  #堂本剛 https://t.co/zwTE7s6U4Y
1	デザインカプチーノすごい！！  RT
0	@gemini___30 そうだねー、そうするよ！(*´-`*)
0	@ffgfggfggf こちらこそよろしくお願いします！
0	RT @jeanpablo_shibu: Endless SHOCK パンフレットでご着用いただいている ジャンパブロオリジナルシューズやゴードンの靴 https://t.co/BU5eGJeQxq
0	剛くんも動いてる！♡
0	Mixerbox、iPhoneでも動画の小窓再生に対応して欲しいな。 音だけならバックグラウンド再生できるけど。
0	バレンタインチョコ🍫ください！  😭🙏📮  #バレンタインポスト #仮想チョコ https://t.co/PVIR4rOhiL
0	みんなにバレンタインチョコ🍫を配ってるよ！ 📮で受け取ってね！  😊🍫📮 　😁👇  #バレンタインポスト #仮想チョコ https://t.co/rqKcMgjXxP
0	@MmgDino ルカさん車埋もれとるやん(笑)
0	@MmgDino @888ouo888 命懸けか！！(笑)
-1	お腹痛くて引きこもりたかったのに、子供が今日髪切らないといけなくて、美容院なうです(´Д｀)
0	Shakiraが頭から離れないww
1	おなかすいた はやくかえりたい
0	@MmgDino ワカワカ！えっえー！wwwww
-1	おうすけとさくらこww
0	キルフェボン！！名古屋ないのかよ！( ´･ω･`)
0	RT @kdhitosuji51: 本日の帝劇カメラは、2/26放送、テレビ朝日「関ジャム」のようです🎵 (*´∀｀)
0	愚痴しか言えない、末期ですなww
0	みんなにバレンタインチョコ🍫を配ってるよ！ 📮で受け取ってね！  😊🍫📮 　😁👇  #バレンタインポスト #チョコポスト https://t.co/GV27QSbNXB
0	RT @___ieRyu00___: リーダーから花が届く蒼井翔太 https://t.co/snibod1lLS
0	RT @neogeo_2014: Yasuarkから各サイトのお知らせ！！  【information : 楽曲配信サイトLINK】  MV・LIVE・freedownload 等 ↓↓↓ https://t.co/SaD1uFiskz
0	みんなにバレンタインチョコ🍫を配ってるよ！ 📮で受け取ってね！  😊🍫📮 　😁👇  #バレンタインポスト #チョコポスト https://t.co/D1estP5PwH
0	RT @sakura_39namida: 近鉄さんにメールした返事が返ってきた。やっぱり延長は出来ないみたい…。 でも当初より長く延長して頂きありがとうございました！ また剛くんの新たな曲が使用されますように！  近鉄特急の発車メロディ 「縁を結いて」曲 堂本剛 3/19までだ…
0	なるほど、アデルか！
1	ビヨンセも素晴らしい！ 元気な双子ちゃん産んで欲しいなー。
0	@MmgDino ワカワカえっえー！ww
0	@MmgDino ワカワカ♪とレゴの歌がリピートしてるww
0	今の小学校は、家で家庭科の調理実習の復習するんだね。 今日はお鍋でご飯炊いて、味噌汁も作ってくれるそうなので、監督します(*´-`*)
0	スパム踏む所だった( ´･ω･`)
1	RT @yffforg: SMAP主演映画「シュート」に出演したキンキキッズ堂本剛さんの樹が映画館の近く、みなとみらい駅TSUTAYAの向かいにあります。 しかも実は、「逃げ恥」の平匡さんの会社のロケ地です♡ そして、ライトアップしてるとこんな美しい場所。 https://t.…
0	@e_ars512 わかります！同じこと感じてました！
1	@e_ars512 私も初めてBe with me聴いた時、本能で「あ、好き♡」ってなったので凄くわかります！うまく言葉にできませんよね！
1	聖子ちゃん好きや。世代じゃないけど。
0	信仰の自由なので、自分の心の支えにどんな宗教を選んでも誰も文句は言えないよね。 ただ、その宗教に対しての世間のイメージが悪いものだと、色々言われがちだよね。 私は彼女の事は結構好きだったので、もうテレビや映画で観られなくなるのは寂しいな、と思います。
-1	社会人として仕事に穴開けたりスポンサーさんに迷惑かけたりするのはダメな部分もあるけど。 彼女も周りの人達も大変だと思うけど、彼女には自分の心が潰れないように生きてほしいな。
1	原宿とか凄い人だろうな！
0	佐藤勝利くんと橋本環奈ちゃん 美少年と美少女だな
1	髭に三つ編み… 可愛い！
0	バレンタインですな(*´-`*) コンビニの見た目だけ高そうなやつ、自分用に買いました(笑)
0	RT @love_da_su_: ねえこれやばない？？😂 " すだ！ "の時の顔、、（笑） 最後恥ずかしそうしてるように見えるのみくだけ？？？？（笑） カワイイーーーーーーーー（笑）💓 #菅田将暉 #DARS #ならべダース https://t.co/HbOYYN19cD
0	@sunnysmile5183 じわじわきたww
0	ふんどしの日と聞いたら、TOKI-Kin思い出すよね。
0	@kimi_no_namae そうらしいww
0	毎回出かける時に腕時計忘れる癖を直したい。 焦って出かけ過ぎ( ´･ω･`)
0	スタバのSAKURA今日からか！(*´-`*)
1	@kimi_no_namae あれ凄かったよね！当時もKinKiさん体張ってると思って見てたww
0	名鉄乗ったの久しぶりだし、 津島方面に向かうのはもっと久しぶり
0	疲れててぼーっとしてて、 反対方面の地下鉄に乗った(笑)
0	ただいま！疲れた( ´･ω･`)
1	@kimi_no_namae あれはすごかったww 光一さんの聖子ちゃんとかも印象強いな。
1	RT @sn_x4_: 光一くんはとてつもなく素直かつ自分のファンに絶対的信頼をもっているのです！！！！！ #動画だけでKinKi沼に引きずりこもうキャンペーン https://t.co/vbPS4WhyLH
0	SAKURA https://t.co/wFWGROHpLs
-1	@MmgDino 昨日のな！そこまで甘くなかった気がするよ(笑)
-1	@MmgDino ちょっとsweetやでwwくそ甘くなかった！
1	@MmgDino これはシェイクに近いなぁ。仄かなさくら風味
0	@MmgDino いつかトライですわよ！(*≧▽≦)
0	@sunnysmile5183 このためにジャンプ買うか迷った(笑)
0	@MmgDino 緊張していきたくなくなるのわかるww
0	@sunnysmile5183  https://t.co/QhPnSaxJt3 これかな？
-1	@sunnysmile5183 位置情報怖いwwでもオンになってる
0	@MmgDino 探してみる！ww
0	@MmgDino LINEに送ろうかと思ったけど、DMにww
0	又吉さんの奇跡の一枚、てっちゃんの写真！
0	この時間にShakira聴いてアガってもなww
0	@sunnysmile5183 お疲れ様！(*≧▽≦)
1	@MmgDino おめでとう！！よかったね！
0	Shakiraベストアルバムないのか( ´･ω･`)
1	@MmgDino よかったよかった！
0	RT @tyamadamg: 左江内氏のムロさんイラつくわー
0	RT @fukuda_u1: よっしゃあーーーっ！放送開始以来初めてリアルタイムで左江内氏を観れるぞーーーーっ！さあ！観るぞーーっ！フィギュアスケートじゃないぞーっ！ニッテレンの左江内氏を観るぞーっ！ただ、俺、今回、出演するから恥ずかしいぞぉぉ🤣🤣🤣あと、ラストシーンの堤真一は…
0	やっぱり小籠包の電話がだーふくさん(*≧▽≦)
0	@MmgDino ルカさんの予想当たった！
0	めっちゃクシャミばかり出る。 風邪かな( ´･ω･`)
0	@Akanishi_kinki えっ、花粉ですかね？ありがとうございます( ´･ω･`)
0	@sunnysmile5183 花粉かー、一時的なものみたいで、今全然クシャミ出ない( ´･ω･`)
0	充電3%になったけど帰宅。ギリギリセーフ。
0	ブンブブーンでいったところか！
0	ふぉ～ゆ〜来る！
0	売れる気配がないww
0	芸人みたいなノリやなww
1	やっぱりダンスするとカッコイイなー
0	雨メロありがとうございます！
0	RT @robatokoara: ふぉ〜ゆ〜またキンキのバックやってくれーい！（ ;  ; ） https://t.co/9sHevoosTl
0	@sunnysmile5183 入り方が芸人みたいなんだもんww
0	@dia14hitomy ほんまやな！！！
0	ふぉ～ゆ〜、またKinKiさんのバックに戻ってきて！
0	@dia14hitomy KinKi✕ふぉ～ゆ〜、みんなが望んでるよね！
0	RT @cinematoday: 山田孝之、気合の丸刈りでビートたけしと対決！テレ東「破獄」で天才脱獄犯役！ #破獄 #ビートたけし #山田孝之 https://t.co/TAg683QYfu https://t.co/8aJqzAdowK
1	RT @amonmiyamoto: ●2/26 23:15~ 関ジャム 完全燃SHOW テレビ朝日 https://t.co/EEHX06gaQo ▷堂本光一をゲストに迎え、トーク＆セッション ＊トークJAM ＊ジャムセッション「Slave Maker」 （トークゲスト、宮本亜…
0	やっぱり鼻風邪
0	マスク切れた マスク買ってこないと
-1	今日ホントに16度もあるの？寒いよ
0	@MmgDino まじで買いに行かないとww
0	RT @Tomota_1988: 10代が「私達はスマホと大人になる、多分初めての人類」っていうなら、僕たちは「ケータイの成長と共に大人になった、多分、初めての人類」だ。カメラ付ケータイの衝撃、16和音の着メロ、パケ死の恐怖…。とにかくあのＣＭには違和感を覚える。そんな20代以…
0	RT @Aya_244: KinKi Kids、タッキー＆翼、Hey! Say! JUMP、A.B.C-Z…節目迎える各グループの特徴は？（リアルサウンド） - Yahoo!ニュース https://t.co/MR6CXwmWCm #Yahooニュース
-1	今日寒いのか( ´･ω･`)
0	セブンイレブンにて、ゲットしてきました！ww https://t.co/iGjVpZdo87
0	なんやかんやでWaka Wakaばかり聴いてるww あとLa La La。気に入るとそればかり。
0	価値観の違いだね( ´･ω･`)
1	@sunnysmile5183 小説ってすごいな
1	ベランダ側の足場が外された！ 明るくなった！
1	玄関側の足場も早く外してほしいな。 BS、CS映らない。
1	RT @Fanta_Japan: ＼#大人のファンタ解禁／ 味わいリッチなピーチ果汁にピューレのおいしさ。 新発売 #大人のファンタピーチ🍑100名様にプレゼント！  ▼応募は3/7まで！ ①@Fanta_Japan をフォロー ②この投稿をリツイート https://t.co…
0	決まった！！(*≧▽≦)
0	an・an買えました！
0	プレミアムフライデーね、なるほど
0	♬ おとなの掟 / Doughnuts Hole #nowplaying https://t.co/02bfDchCOk
0	♬ ラジコン / KinKi Kids #nowplaying https://t.co/6siifkDQHz
-1	RT @TOWER_Odaka: 【#HeySayJUMP】【#中島裕翔】【#菅田将暉】昨日は菅田将暉くんのお誕生日でした！✨改めておめでとうございます！JUMP担さんには「あ、まさき。」でお馴染み菅田くん！若き名優二人が出会った作品、ピンクとグレーもオススメです！また共演がみ…
1	RT @nicoichi51244: FMOSAKA｢GOOD MORNING OSAKA｣ ゲストの米倉利紀さん。植物の話から花の中でキングプロテアが１番好きで｢KinKiKidsのお二人に楽曲提供したんですけど曲のタイトルにつけてしまったくらい大好き｣だと名前が出てました♡…
0	欲しい本が今日行った本屋さんになかったので、Amazonで買おうと思ったら品切れ( ´･ω･`) 楽天ブックスには在庫あったので買った。 明後日届くはず！
0	RT @TOWER_Odaka: 【#ツヨの日】今年20周年のKinKi Kids！来る2/24はツヨの日！堂本剛さんの日♪♪…ということは…あの兄貴もだ…。草なぎ剛さんの日♪♪KinKi20周年おめでとうございます！Wツヨシでツヨの日を楽しみましょ～～♪ #ジェロマミリオン大…
1	@TOWER_Odaka 素敵なPOP！近々見に行きます！
0	明日も忙しいぞ。 朝から子供の耳鼻科。
0	堂本光一主演『Endless SHOCK』長く愛される魅力 (ORICON NEWS) - LINEアカウントメディア https://t.co/Yer925tnxq #linenews @news_line_meさんから
1	@senritsutareme @fukuda_u1 倫也さん面白過ぎです(*≧▽≦)
1	中村倫也さんとだーふくさんのツイート面白すぎるww
1	RT @tx_byplayers: #バイプレイヤーズ 公式LINEスタンプ発売！ みなさんのありがたいお声のおかげで、劇中で使っていた"あれ”が発売されることになりました！個性豊かなバイプレイヤーズたちの様々な表情、メッセージが満載です。みなさんの日常をこのスタンプで彩り鮮や…
0	渋いww  RT
0	RT @fukuda_u1: 沖田もや夫総悟😁 https://t.co/sza7H3GUgy
0	ハガレンの公開日決まってた！(*≧▽≦)
0	剛くん大阪でロケしてたのか！
-1	外寒い( ´･ω･`) よし、頑張って行ってくる。
-1	近々黒いパンツ買わなきゃ できたらスニーカーも
0	@dia14hitomy 私も雑誌買わないようにしてるけど、今回は買ってもうた(*≧▽≦)
0	平井堅さん茶髪になってる
0	オザケンとかざぽんって似てるよね
0	オザケン久しぶり過ぎて楽しみ！
1	昔KinKiさんが痛快ウキウキ通り歌ってたよね
1	ラブリー好きだった！
1	RT @10veKi3sounD: 帰ってたら外人ダンサーさんの1人がSo Feel It Comingを大声で歌いながら早足で横切っていった…wwおぅどぅりーむすどぅかーむとぅるー♪って楽しそうだったー！いいねいいね！ww
1	よし、仕事行ってくる
0	そして電車が５分遅れとる。
0	@sunnysmile5183 決まったよー、今日からだった！
0	前の仕事並みに忙しいな、足パンパン( ´･ω･`)
0	@sunnysmile5183 了解！(*≧▽≦)
0	RT @theatreacademy: 【横山歩】 左江内もや夫役で出演中のドラマ『スーパーサラリーマン左江内氏』は本日第7話！土曜21時から日本テレビ系をご覧下さい(^^♪ 前回放送の小池刑事のシーンを真似する歩をどうぞ！ @saenai_ntv #スーパーサラリーマン左江内…
1	@MmgDino 字が違うと偉い違いだけど、ルカさん禁酒してたのねー。私も最近飲んでないわ( ´･ω･`)
0	久しぶりに聴けた！  #FashionMusicBook
0	TU FUNK  #FashionMusicBook
0	次回の左江内氏の活躍は！？ LINE プレイ https://t.co/F1UtxiGPL2 #左江内氏 #LINEプレイ https://t.co/EFckbrfvyS
0	@MmgDino 結構飲んだのねww
1	ムロさん、前髪あると可愛い！
1	買わなきゃいけないタイミングで実家からお米もらえる、ラッキー！(*≧▽≦)
0	風邪だと思いこみたかったけど、やっぱり花粉かな、毎日鼻と喉がおかしい( ´･ω･`)
1	RT @ILOHAS: #いろはすスパークリングぶどう新登場！ 水源から、一滴一滴。おいしさはじけるスパークリング。  新登場の #いろはすスパークリングぶどう と大人気の #いろはすスパークリングれもん。 ▼今なら、フォロー＆RTで、100名様に当たる！ https://t.…
-1	@MmgDino しばらく飲まないと弱くなるよなぁ
-1	寒いー、休みが終わるー( ´･ω･`)
-1	眠い(´Д｀)最近朝起きれない。 今日も頑張ろう。
1	良かった、仕事用の靴とパンツ頼んでたの届いた！間に合った(*≧▽≦)
1	よし、行ってくる。
0	うーん、定期買うか迷う( ´･ω･`)
1	@sunnysmile5183 うん、ありがとう。仕事慣れなくて緊張するけど、今のところ大丈夫そう。
0	足パンパン。お疲れ様です( ´･ω･`)
0	職場で1日1回はKinKiの曲流れてる。 ゆっくり聴いてる時間はないけど、気づいた時に少しだけテンション上がる(笑)
0	@sunnysmile5183 だよね！あとV6のバリバリBUDDYとか(笑)
0	おはようございます。 筋肉痛と首のこりと頭痛がやばい(*꒦ິㅂ꒦ີ)
0	@sunnysmile5183 常に有線かかってるの。
0	電車めっちゃ遅れてる( ´･ω･`)
0	♬ Morning Glory / KinKi Kids #nowplaying https://t.co/ULk3lpjHO9
0	♬ Misty / KinKi Kids #nowplaying https://t.co/k26YCsU110
0	@MmgDino ちょっと遅刻したけどついたよー！
1	じゃんぴんとぅまいどりーむ♪  が流れてる(笑)
0	@sunnysmile5183 きっとわかるよねー(笑)
1	@MmgDino 遅延証明書出たから大丈夫！
0	終わったー、午後から忙しかった(*꒦ິㅂ꒦ີ)
0	an・anの剛くんのカーディガン高いなww
0	帰りも電車遅れとる(*꒦ິㅂ꒦ີ)
0	普通電車全く来ねぇ( ´･ω･`)
0	@MmgDino 帰りも30分遅れてた(*꒦ິㅂ꒦ີ)
1	@sunnysmile5183 面白いのあったら教えて！
0	RT @k5124d: ftrどヤを文字起こし♪  家かと思ったらラジオ局でショックだった光ちゃん♡( *´꒳`* )♡ https://t.co/NM0v2ZYiqk
1	可愛いwwwww  RT
0	ムッシュかまやつさん… 亡くなられたのね( ´･ω･`)
0	大坂くん変わらないなー！
0	RT @shunsuke_osaka: 水曜日のねこ🍺 https://t.co/D23wSxPnGl
0	@sunnysmile5183 気をつけてね！楽しんで！
-1	今日はケーキ買いに行かないと。 足が痛くてやる気起きない(笑)
1	@mintgirl_coco 大丈夫？？
0	働くパパママ、お疲れさま！  #育児をしながら頑張って働く仲間たちへ #おつかれ俺たち 今日もエメマンを飲みながらがんばっている仲間たちにメッセージを届けよう！プレゼントも当たる！ https://t.co/kG5ATo25o1 https://t.co/ovUgRmsMKT
1	@mintgirl_coco おおー、良かった！当選おめでとう！！
0	今日は上の子の誕生日。 毎年この日は出産した日を思い出す。
0	@sunnysmile5183 えみもおめでとう！！
1	@sunnysmile5183 大丈夫？今日も遅れてる？
0	@sunnysmile5183 ニュース見た！一日たってもまだ影響あるのか(´Д｀)
0	@sunnysmile5183 昨日私も思った(笑)
0	今日ずっと頭痛( ´･ω･`) いっそ熱でも出てくれた方が楽なのに。
0	to Heart聞くと泣きたくなる。
0	仕事行ってくる。
0	あ、Nijiの詩かかってる
0	オルゴールベスト？？
0	情熱ｷﾀ━━ヽ(*･∀・*)ﾉ━━!!
-1	えー、非公式か
1	@sunnysmile5183 しれっとかけるのいいねww
0	うちの子たち、録画したハリーポッター観てる(´Д｀) 私は９時から左江内観たいぞ、コノヤロー。
0	@sunnysmile5183 拾い画像！4番間違ってるけどね(笑) https://t.co/rn3cTqUIpw
0	@sunnysmile5183 そうだ、アナ雪もだ！
0	@sunnysmile5183 ほぼシングル曲だもんね。もうバレてもかけちゃえ！ww
0	やらかした、洗濯したら名札も一緒に洗ってた(´Д｀)
0	まさかのメレブwwwww
1	RT @TOWER_Odaka: 【#SMAP】みんなでお花の塔を作ろう～💠集まってきましたっカワイイ♪♪ #世界に一つだけの花発売記念日0305 この曲に何度も励まされました✨SMAPの歌の力がすごい！！CDを持ってない方もぜひ、カップリングの #僕は君を連れてゆく も超名曲…
0	RT @Johnnys_YURI_: 堂本光一とそのファンのことを勝手に好きになった。 http://t.co/tDw4LRKYen
0	トルネードポテト作った https://t.co/OraIHIjdpD
1	神木くんが可愛い！  #dash
1	@sunnysmile5183 美味しかった！ チーズじゃなくても塩とか粉末コンソメでもいい感じらしい！
-1	@sunnysmile5183 わかる、微熱続くのもしんどいよね。私は眠気がやばい。
-1	今日も寒いなー。
0	まじか、少プレ出るのね！
0	今までフロントにいたんだけど、さっき街とdeep in your heartかかってた
-1	雪降りそうなくらい寒い(´Д｀)
-1	@dia14hitomy くだらなすぎるボイスクロックwwwww
0	@dia14hitomy それわかるww私も友達に代行頼んでまだ受け取ってないやつww
1	@sunnysmile5183 ( *¯ 罒¯*)いー( *¯ □¯*)なー イヤホンじゃないけど、仕事でインカム付けてるからその気持ちわかる
0	@888ouo888 雪降ってるの？！
0	RT @nana_zawa: 全員出たからまとめてみた👏  分かりやすさを優先してアニメと比較  #映画銀魂 https://t.co/Jl6cRuEU7m
-1	@sunnysmile5183 安いと音悪いのか…
0	@sunnysmile5183 そうなの、学生がそんなだって一概には言えないのよ。「今の若い子は説明してもメモ取らない、理解してるか聞いてもわからないって言う」って直属の先輩が言ってた。でもその先輩も19歳の学生だけどね(笑)
-1	@sunnysmile5183 引き込まれる書き方する人だよね。教えてもらった小説、まだネットで試し読みしかして無いけど、続き気になる。
1	光一さんのこと好きな関西Jr.道枝くん 4月からドラマ出るのね(*´-`*)
0	息子が間違えて買ったホットのいちごミルクを飲むハメになって、くそ甘かった(´Д｀)
-1	@sunnysmile5183 カップの自販機のやつ…甘かった(´Д｀)
-1	@MmgDino 勿体ないという理由だけで仕方なく飲んだww
-1	@888ouo888 昨日寒かったもんね！名古屋もチラついてたよ。
1	@MmgDino 間食系ドリンクとかバーってそんなに美味しくないよねww
0	やっと今週の嘘の戦争もカルテットも見れたぞ。
-1	@MmgDino 私はカロリーメイト苦手やわ。もごもごしてww
0	おとなの掟 / Doughnuts Hole #nowplaying https://t.co/PndddtXZZk
0	カラオケ行きたいぜ。プライベートで。
0	RT @LyricSatomi: 🌸卒業の季節なので、久々にあっしの書いた歌詞をツイートしてみる🌸  卒業は終わりじゃなく まだ見ぬ未来 探す為の旅立ちの日 寂寞の思い 胸に さめざめと・・・ 君よ　いつの日にか 逢いましょう
1	旅立ちの日、すごい好きな曲。
0	@888ouo888 3月に雪降るとは思わないよね(´Д｀)
0	@888ouo888 九州は雪のイメージないなー。
0	サウンドトラックｷﾀ――(ﾟωﾟ)――!!
1	RT @ori_suta: 堂本光一さん主演ミュージカル『Endless SHOCK』のサウンドトラックが、4／19に発売決定！なんと11年ぶりのリリース♪ どんな作品になるか楽しみですね～。詳しい特典内容などはこちらへ!!【ORICON NEWS編集部しげ】 https://…
0	RT @mike_ki3: Endless SHOCK Original Sound Track 2  サイトを合わせてみた https://t.co/47fJsz2NPY
1	@sunnysmile5183 良かったね！！
0	サントラ予約してきた！
0	@sunnysmile5183 楽天で予約始まってるね！
0	@MmgDino あれ主食は栄養足りなさそうww
1	RT @Dojima_Kohei: KinKi Kids、尊い。それしか言えない。
1	また近いうちに何かある感じ？  RT
0	今日忙しくなりそうなのに、人足りない気がする。
-1	腰痛やばい。乙女の日の立ち仕事きついな( ´･ω･`)
0	ちょちょっとwwwww  #スーパーサラリーマン佐江内氏
0	2人ともチャラキャラだからかと思ったら、 元嫁の甥 叔母の元旦那って意味か  #スーパーサラリーマン佐江内氏
1	母にもらった桃たっぷり梅酒の牛乳割りがうまい。
1	@MmgDino 大丈夫かー？(´Д｀)
0	@MmgDino 痒くても生きて！！(笑)
1	過去と今、KinKiのバックで踊ってる人が同じステージに立ったという事か。 なんか嬉しいね。
-1	乙女しんどい(*꒦ິㅂ꒦ີ)
0	@sunnysmile5183 どうした？
0	@sunnysmile5183 確かにそれは嫌だわ(笑)
0	寝れないニャンwwwww
0	アスナル金山いずれ無くなるのか…
-1	乙女痛しんどいよー、でも今日も仕事や(*꒦ິㅂ꒦ີ)
-1	@sunnysmile5183 お互い辛いな(*꒦ິㅂ꒦ີ)
0	絶対貧血になりそう(´Д｀)
0	ワンオク今日ガイシホールなの？
0	KinKiさんロケか、お疲れさまです！
0	バタバタしてて、上がりの時間気づかなくて残業になってた
1	RT @TOWER_Odaka: 【#V6】とにかくこの振り幅、、！好きだ！！かっこいい×かわいいの最強の両A面。V6らしさがめっっっ最高です🌸🌸ニューシングル「Can't Get Enough/ハナヒラケ」入荷～～！！ V6激推し店、くずはモール店作成の「V6 Times V…
0	アニメイト行ったのか！ww
0	ドキドキするぜ  #嘘の戦争
0	RT @swaaan_ex: キンキ担のみなさんへ キンキが見ているのは「KING OF PRISM by Pretty Rythm」というアニメの映画です 通称キンプリ 男子アイドルたちがキラキラかがやく映画です キンプリを見てください https://t.co/VOLg3n…
0	賀来賢人さんと榮倉奈々ちゃんが パパとママかー！ おめでとうございます！
0	@sunnysmile5183 私もよく知らないけど、アニメ映画を見に行ったらしい
0	RT @5124_KinKi_: 来週のブンブブーンで 放送100回ですね👏✨ いつもftrの沢山の笑顔を引き出して頂き 本当にありがとうございます😊💕 これからも宜しくお願いします！  #動画だけでKinKi沼に引きずりこもうキャンペーン https://t.co/uFg8l…
0	@sunnysmile5183 そう、ブンブブーンのロケで。
0	カルテット観てる マキさん誕生日同じだ。
0	@sunnysmile5183 私も読んだ！こんがらがるよね！
0	@sunnysmile5183 女の子は男の子と時間の流れが逆ってことだね。 彼女にとっての未来が、男の子にとっての過去。
1	@sunnysmile5183 詳しくはLINEに！
0	キンプリって何？ってなるよねww
0	@888ouo888 @MmgDino 意外すぎるww
0	@MmgDino キンプリの影響かww
0	@53ofHT_is_AN 心が弱ってるのかな？
0	@MmgDino @888ouo888 こんな感じではないかとww https://t.co/UaExektdds
0	@MmgDino フォローしてきたアカウント、なんでもありやなww
0	@53ofHT_is_AN そうかー、ハッピーエンドは私も泣きそうになるから、弱ってる時はやばいだろうね(´Д｀)
0	@MmgDino @888ouo888 密着系ですね、もっとやれ！
1	もっとやれ！ いつも通りノリがいい あなた達が好きですww
-1	@53ofHT_is_AN 弱ってる時、今がピークなのかもしれないね。あまり無理しないで。心も体も。
0	@888ouo888 前野智昭さん？この人？ https://t.co/cINdhxbejj
1	RT @33Kixstorm: 昨日のしゃべくり村上さん見てるんだけど、舞台ではきちんとKinKiちゃんも 花で例えてくれてたよ♡ 「KinKi Kidsを花で例えるとハイビスカス。花言葉は繊細な美。KinKi兄さんは2人とも繊細でとにかく美しい！そしてとにかくオーラがある！」…
-1	足して3で割ったら、光一さんから遠いww
1	確かに！よし、3で割ろうww でも髪型は光一さんに近いな
0	@888ouo888 声聞いてみたい！探してこよう！ww
0	たにゃかよ、 声が、ってww
1	RT @lasting_fate: 今日のSHOCKの帰りに地下鉄のD1出口付近で光一さんのKマークつけたSHOCKベア落ちてて、そのままにできなくて拾ってしまった。できれば持ち主に返してあげたいけど。。フォロワーさん多い人とかが拡散してくれたら見つかるものだろうか。。 htt…
0	@888ouo888 YouTubeとかにありそうね！検索するっ！
0	ここで空リプww
0	@MmgDino そういう系が乙女ゲーよね？
0	@888ouo888 子供が隣にいるので、寝静まった夜中にこっそりと←
0	@888ouo888 @MmgDino 私もダウトやってたwwイケメン武将のは途中でやめたww
0	@MmgDino @888ouo888 Ｖ６のはラブセン？やってたww
0	@888ouo888 こっそりとやりますww
1	@888ouo888 @MmgDino 歴史ちょっと好きだから気になるヤツww
0	@888ouo888 @MmgDino プロジェクトＶ６ってあったのか！
0	@MmgDino @888ouo888 ほほーう、恋愛に発展しないやつかww
0	声優さんの話から、コロコロ転がって 光一さん足されて３で割られて、乙女ゲー話で盛り上がるww
0	@MmgDino @888ouo888 KinKiもゲーム出せ！マネージャーやってやるよ！休ませて甘やかすよ！ww
0	@888ouo888 @MmgDino ラブセンなかなか萌えたよww もう配信終わっちゃったみたいだけど
0	@888ouo888 夜中にこっそりと聞くやつね！ww
-1	@MmgDino @888ouo888 変な疑惑、ゲームでも出てくるのねww
0	飴と鞭作戦だな、程々に甘やかすしかない。 でも三宅健くん、懐いてくれそうなキャラだな
0	@888ouo888 @MmgDino 私も放置したまま終わってたww
0	@888ouo888 それはそれであり！ww
0	@MmgDino @888ouo888 ほうほう、楽しみにしとくわ！ww
1	ラブセン、もう少しちゃんとやっとけば良かったぜ
0	@888ouo888 @MmgDino 三宅健くん落としたかったww
0	@888ouo888 たにゃかとお母様がキュンキュンするのですねww
0	@sunnysmile5183 どいたま！ww
-1	@888ouo888 @MmgDino 岡田は落としたけど、2人目無理だったww
-1	@888ouo888 それは楽しみ放題だね！ww
0	@888ouo888 @MmgDino ちらっと聞いたけど似てないかもww
0	@MmgDino @888ouo888 髪型光一さん風の木下ほうかさんに見えてきたww
1	確かにベーコンレタス気味なの多かったww
1	LINEのアイコン変えたいんですけど、なんかいい画像ないかな？決まらない。
0	ベーコンレタス系…ドキドキ
0	@MmgDino @888ouo888 昨日寝落ちしたので、朝からヘッドホンで聴いたら、｢ひぃー！！(/ω＼)｣ってなったww
0	@MmgDino @888ouo888 前野智昭さんねww福山潤さん？聞いてみる！
0	牛乳飲んだらお腹キュルキュル
0	君の影響から  何の影響かな(笑)   #君とうって告白できるか予測変換で見守る
0	いばらのみち/椿屋四重奏  #NowPlaying
1	何となく聴いてた椿屋四重奏 直感的に好きだ。ハマった。
0	@MmgDino 耳から妊娠するのかwwwww
1	@MmgDino @888ouo888 福山潤さんの声いいねww 私、梶裕貴さんの声も好きww
0	@MmgDino わかる気がするww
0	@MmgDino @888ouo888 イケボが夜のお供になりつつあるww
0	HYDEちゃんと赤西くんか！
-1	今日のシフト 人少なくて不安しかない
1	今日朝から勤務の人が他にいないので、いつもより1本早い電車に乗るつもりで駅ついたら、 乗るつもりだった電車が遅れてるので、結局いつも通りに職場に着く(´Д｀) でも普段通りに家出てたら、仕事に間に合わなかったかもな、良かった。
1	中学生多いと思ったら、公立高校の合格発表の日か。サクラ咲ケ。
0	今日いつも以上に忙しいんだけど何なの(´Д｀)
0	Secret Codeｷﾀ━━ヽ(*･∀・*)ﾉ━━!!
0	@MmgDino ありがとうー、死んだww
-1	金曜日の忙しさ恐ろしい( ¯•ω•¯ ) 今日は上がり。お疲れ様です。
-1	隣の人が怪しい話してる
0	RT @quartet_tbs: リクエスト多数につき公開します！！  #カルテット https://t.co/WmBMEm6ALz
1	このシーン超楽しそうだった！  RT
0	RT @yyyy_yatatetsu: 5年間お疲れさまでした　「縁を結いて」　 https://t.co/xztIlZR6Ew   今週末限りで使用が終わる近鉄特急発車メロディ「縁を結いて」を、使用されていた5駅分集めました。5年間お疲れさまでした…！
0	1度ぐらい聴きに行きたかったな。  RT
1	RT @eight_beat0922: ファッション派手過ぎて堂本剛くんに｢近くにこないで｣と言われた安田さん https://t.co/7fPw5u2Dsl
0	RT @e_ars512: 硝子の少年とチャンカパーナを続け様に聴くと、雨が踊るバスストップで元カレを見ないふりした女がチャラ男にナンパされてワンナイトラブに走る話みたいになっておすすめ
1	@dmt_0721 全部素敵！1で応募したいです！
0	@dmt_0721 よろしくお願いします(*≧▽≦)
-1	今から仕事(´Д｀)外寒い。
0	電車の中が唐揚げみたいな匂いがする( ´･ω･`)
1	こんな時間でも駅すごい人 早く帰りたい
-1	電車の中は酒臭い(´Д｀)
0	心身ともに疲れてる。 特に体(´Д｀)
0	@ayaka_x_x 同じく。Facebook過去の投稿見るために続けてるようなものww
0	@888ouo888 @MmgDino 髪型ですね、うんww
0	ゲーム内の広告で前野さんの名前出てきて、おっ！ってなった。陰陽師かなんかのゲームで気になったんだけど。 でも今ゲーム始めても続く気がしないのでやめた( ´･ω･`) また声優さんの話ぶり返す系ww
1	今日はそんなに忙しくないといいな。
0	@MmgDino 私も微妙に花粉の影響受けてる(笑)
0	@0721_KT_ こちらこそよろしくお願いします！(*≧▽≦)
0	@ayaka_x_x @dia14hitomy 高くね？ww
0	ラルックマ欲しいけど高いよ( ¯•ω•¯ )
0	@dia14hitomy @ayaka_x_x あの服に千円以上の価値ww
0	@dia14hitomy @ayaka_x_x L'Arc〜en〜Cielという名前で価値がつくのねww
1	面白かった！ おとなの掟聴くと鳥肌立つ！  #カルテット
1	満島ひかりちゃん、やっぱり可愛い。
0	@MmgDino ベランダ出ただけでくしゃみ出たww
-1	@MmgDino 変わったよね、見にくい( ¯•ω•¯ )
0	@MmgDino あれ？ほんと？私そのままよー
1	風強いなー、今日薄着で出すぎた( ¯•ω•¯ )
1	@0721_KT_ そうです！HYDE好きです。
0	赤のiPhoneかー
0	今日はUSENで剛くんの「Another Orion」かかってたよ。
0	RT @TOWER_Kashihara: 【#KinKiKids】4/10は奈良県出身！KinKi Kidsの #堂本剛 さんのお誕生日ですね！！！！ 橿原店では剛さんの「お誕生日メッセージ」を募集しております☆ 専用の用紙にご記入後、お近くのスタッフへお渡し下さいませ♪ たく…
0	@R_0v0_Y @MmgDino 私も左目近くにあるww
0	@MmgDino @R_0v0_Y クソビッチwwwww
0	@MmgDino なるほどなるほど。
0	@Kix3V_lOve 4と6で迷いますん(*≧▽≦)
0	@Kix3V_lOve ですよね！わかるわ！！
0	@0721_KT_ 私もライビュ行けたら行きたい組です！
0	@MmgDino 山﨑賢人くんと窪田くんのドラマの？
0	@MmgDino ドラマのは役者さんが女の子だった！
0	RT @asukanzaiboya: デビュー会見にお神輿登場したきんきヲタとしては祭りグッズをdisりようもなく
0	福田さんの息子さん、あの子だったのか！デスノートにもヨシヒコにも33分探偵にも出てるやん（ ﾟдﾟ ）
0	@dia14hitomy 噂のカメムシ…
0	@R_0v0_Y @MmgDino いぇーい！クソビッチwwwww
-1	今日寒い！！( ´･ω･`)
0	@888ouo888 お互い頑張りましょ。
-1	@dmt_0721 ご連絡遅くなってすみません！先ほどDMしたのですが、今朝届いたの確認しました。ありがとうございます！
0	急いで出たから腕時計忘れた( ´･ω･`)
0	疲れたー、でも友達の娘ちゃんに会えた！(*´-`*)
0	RT @tokai_newsone: 【速報・日本ガイシホール一時休館へ】名古屋・笠寺の日本ガイシホールが2019年1月から20年7月まで老朽化に伴う改修工事で休館することになりました。なお、時期等は変更となる可能性もあります。 #みんなのニュースＯｎｅ #東海テレビ
1	@sunnysmile5183 ケイトスペード可愛いよね！
1	1週間早いな…。 2016年度、1年経つのも早かった…( ´･ω･`)
0	@sunnysmile5183 でも高くて手が出ない(笑)
0	@MmgDino でしょー？（ ﾟдﾟ ）
-1	@888ouo888 年度末大変やな。私サービス業だから春休みのせいで多忙( ´･ω･`)
0	マッサージ行きたい。なかなか行けない。
-1	RT @kawaharakatumi: 今週のひとことぬりえ最優秀賞作品は歌って踊れる変な友達の作品。さすが歌って踊れる変な友達やね。 #ひとことぬりえ https://t.co/JxZbneLMG0
0	じわじわくるww  RT
1	子供たち、今手漕ぎボート乗ってるらしい。楽しそうや。 池の上から電話かけてきてる(笑)
0	@888ouo888 あざます( &gt;̶̥̥̥᷄д&lt;̶̥̥̥᷅ )
0	@sunnysmile5183 何もかも高い(笑)
0	やっぱりガイシSexy Zoneだったのか
0	ヨシヒコのガチャ欲しすぎるww
0	RT @TX_YOSHIHIKO: さらに、ヨシヒコのガチャが出来ました…！ 取扱店舗はこちらで検索してみてね！→https://t.co/iqNtyXHmlq #勇者ヨシヒコ https://t.co/70VnDsjJz2
0	@MmgDino 気持ちはそのつもりだけど、ちょっと高いww
-1	緊急で頼みごとしてくるなら、連絡取れるようにしといて欲しい( ´･ω･`)
0	@Keu_Piano うちの中学生の息子がこの前歌ってました(笑)
0	@yamadatakayuki_ 長澤まさみさんと山本美月さんと綾野剛さんが溺れてます！誰を一番に助ける？
0	茂なんでニヤついてるの
0	DASHも観たいしSASUKEも観たいし、アメトークも観たい
0	激レアガチャ95回無料！対戦パズルRPG「エレスト」で一緒に遊ぼう♪下のURLからすぐにゲーム開始できるよ https://t.co/gbHdaMqKyL #エレスト
1	いちご大福と抹茶のパフェ。 めっちゃ美味しい！(*≧▽≦)  #ジャンカラパフェ  #拡散希望 https://t.co/7bwk5rjtrU
-1	@MmgDino 甘そうやろww
1	CLIP BOX便利やなー
1	風強いなー
0	左江内のスピンオフの更新まだか
0	ボーミッシェルに未だに巡り会えない( ´･ω･`)
1	RT @LFstaff_desu: あ、ちなみに私は昨年後半から #KinKi沼 …。元々ジャニーズ大好きですが！！昨年は初めてライブを拝見し感激。まとめ記事も作りました…  ジャニーズというフィルター抜きで見ても、レベルの高いアーティストです。#KinKiKids https…
1	@LFstaff_desu LiveFansアプリ、すごく便利で使わせていただいてます！中の人がKinKi沼にハマっていらっしゃるとは…！！フォローさせていただきました！
0	@LFstaff_desu お返事ありがとうございます！こちらこそよろしくお願いします！アプリ、友達にも勧めました！(*≧▽≦)
0	@MmgDino 甘いもの好きな人にはたまらんのやけどなww
0	RT @scuderia51: 帝劇地下で市村さんに遭遇。奥さんとお子さん2人一緒だった。市村さんがお兄ちゃんに「これから光一くんのところに行くよ」みたいなこと言ってた(*´∀`*)ほほえま
-1	電車の中吊り広告の小峠さん、じわるww
0	@244Eri0201 これー！ww https://t.co/3iGTGPVQ2t
0	バタバタしてて4時間あっという間だったわー ハモデかかってたけど、それどころじゃなかったww
-1	@244Eri0201 たくさんあるの想像したww笑いが堪えられない、無理ww
0	そろそろ戻らなきゃ
1	@MmgDino これいい？私も肌荒れやばい( ´･ω･`)
1	@MmgDino 確かに高いよね(笑)ヒリヒリかー、私は大人ニキビやばい( ´･ω･`)
0	@MmgDino 薬用かー、ちょっと探してみようかな
-1	眠いー( ´･ω･`)今日も頑張る。
0	@MmgDino 今度見てみるー！
-1	職場で書いてるメモが走り書きで見返してもまとまりないなので小さいノートに清書してるんだけど、久しぶりに沢山字を書いたから手が痛い( ¯•ω•¯ )
0	今日1日じゃまとめ切れない…。寝よう。 おやすみなさい。
0	出た！メレブの杖！  #勇者ヨシヒコ https://t.co/Wrrkui8ZPh
0	ブリティッシュローズのハンドクリーム、小さいサイズ出てた！欲しい！
0	@sunnysmile5183 帝劇いってたのね！楽しんで(*≧▽≦)
1	同じ時間に勤務してた学生バイトの子が次々辞めていく( ¯•ω•¯ ) 新しい人が増える予感もしない( ´･ω･`)
1	今日花粉多かったのかな？ 喉イガイガするし、鼻水出るし、くしゃみもたまに出た( ´･ω･`) 今年は私も花粉症なんだって自覚したわ( &gt;̶̥̥̥᷄д&lt;̶̥̥̥᷅ )
0	今日千穐楽で1500回かー！ おめでとうございます！🎊🎉
1	やっぱり傘もってこれば良かったー
0	RT @3lionmovie: 【本日15:50～】中京テレビ「キャッチ」（@ctvcatch）に、神木隆之介さん・中村倫也さん・尾上寛之さん生出演です！ #ctvcatch https://t.co/l8PJnxp6B6
0	神木くんと中村倫也くん名古屋くるのか！見たかった！！
0	ピーク終わったらやる気なくなった
0	RT @yagi_dkmv: 青木アナ、「千穐楽に行ってきます」って(o^O^o) https://t.co/sXJTzooAbr
0	RT @t_an_u_ki: 行けないけど気持ちは帝劇。 https://t.co/3sWXe7SiQd
1	無事終わったのだろうか
0	まだ終わってなかった
1	RT @RRmtmt: 源太アナに遭遇(？)した(*´∀｀) 「月曜のPONで放送しますのでよろしくお願いします」って！ 好青年でかっこよかった〜
0	終わってた。 お疲れ様です！
0	テレビ付けたらKinKiだったし！ 録画してない(´Д｀)
0	衣装展示どこで見に行こうか迷ってる( ´･ω･`)
0	@MmgDino 名古屋からもテレパシー送ります！
0	@MmgDino え、そうなの？ウチ？
0	@MmgDino ヤラ見たかったぜ。 地方行く気満々なのにねww
0	昨日の夜会見るの忘れてたぁぁぁぁ！！(´Д｀)
0	@sunnysmile5183 Mステスペシャルだよー、昔の映像流れてた！
0	ウトウトしてた( ´･ω･`) 電話かかってきて起きた
0	覚える事沢山…( ´･ω･`)頑張る！
0	@MmgDino 聞いてないww
-1	@MmgDino 反応あまり無かった？ww
0	@MmgDino 切ったら伸ばしたくなる、伸ばすと切りたくなるという負のサイクルに入るでww
0	@MmgDino 光一さんヘアーのために頑張るしかないな( ´･ω･`)
1	うちの子ずっと妖怪人間ベム観てる。懐かしい(*≧▽≦)
-1	iTunesの更新遅すぎるー( ´･ω･`)
1	RT @tami0505_0721: 瑞樹がSHOCKを見に行った感想かいてくれてる。 光ちゃんにも久しぶりに会えたし、終わったあと屋良っちと町田さんと飲みに行ったって最高の１日だって。(*´ω｀*)
1	@MmgDino 襟足早く伸びるとええな！！
0	Shakira姉さん！(*≧▽≦) https://t.co/mWFuwADRLh
0	今年に入ってから家事と仕事しかしてない気がする。 遊びに行きたい！！友達に会えてない！！
0	そしてワイヤレスヘッドフォン欲しい！まだ買えてない( ´･ω･`)
0	きよこ呼び、久々に聞いた(笑)
1	RT @TOWER_Yokohama: 【#タワヨコ ジャニーズ倶楽部】 4/4はKinKi Kids結成日  4/10は堂本剛さんの誕生日  4/19は堂本光一さんのEndless SHOCK｣サウンドトラック発売日  4/22はジェロマ発売日記念  素晴らしい4月！ タワヨ…
1	@MmgDino ところてん好きなのか。ルカさんらしい…(笑)
0	朝からずっとごくせん観てるので、 日テレ特番観れてない。
0	ムロ本まだ買ってない( ´･ω･`)
0	@MmgDino 海藻だらけやな(笑) たまにはちゃんと食べてねー
1	withJ良かった！(笑)
1	裕翔君のスタイルの良さ…
0	♬ Waka Waka (This Time For Africa) / Shakira #nowplaying https://t.co/a5MvnxAg5t
1	私のWaka Waka好きがiPhoneにバレてるww シャッフルしてもWaka Wakaばかり来るww
0	@MmgDino ロカとワカワカはこれ。 ラララはShakiraってアルバム！ https://t.co/EEeM61XKeW
-1	うちの中2と午前中デートしてきた。家着いたら暇って言いすぎ。うるさいww
0	@MmgDino お姉ちゃん返してくれないのかww ムロ本買ってないの一緒やww
-1	月曜の夜は憂鬱(´Д｀)  明日仕事やー。
0	今日小倉シロノワール食べたんだけど、なかなか甘かった( ´･ω･`) でもめっちゃ美味しかった！ https://t.co/OeK36vxnwa
0	@sunnysmile5183 期間限定だってー！
0	@sunnysmile5183 コメダにgo！やで！
1	性格なのか、人いなくて困ってると言われると、可能な限り短時間でも入ってしまう( ´･ω･`) 五連勤バンザーイww
0	今日は頑張った！自画自賛！！ww
0	ちょいちょいミスしたけどww
0	ガイシホール、SHINeeかー
0	ノートまとまらねぇ！ある程度まとめたい！
1	@sunnysmile5183 どうした？大丈夫？
0	RT @gintama_film: ✨公開まであと100日✨ 7月14日（金）の映画公開まで、あと100日となりましたのでお知らせいたします⏱ #映画銀魂 https://t.co/Ue7BgbmHzN
0	さてさて、仕事してくるー。
0	気合い入れたら、｢まだ涙にならない悲しみが｣かかってる！
0	終わったー、疲れたー、長かったー。
0	友達に渡す割引券、大量に貰った(笑)
0	RT @gaaaaaya_xxx: ラルク何も見えない席を売る https://t.co/PGUtMuzLqM
-1	ゲスいことしか言わない人も、既読無視する人も無理( ¯•ω•¯ )
0	終わったー、帰るー。
0	♬ 雪白の月 / KinKi Kids #nowplaying https://t.co/3cCvAlfnKG
0	@MmgDino グサグサ染みるねww
-1	駅まで歩いた 電車内も蒸し暑い( ¯•ω•¯ )
-1	休憩なのに、仕事が中途半端で気になるww
0	今日も終わったー！
-1	@sunnysmile5183 それ嫌なやつやな( ¯•ω•¯ )
0	学生バイトの子、もう周りの状況見て少し動けるといいのに( ¯•ω•¯ )
-1	満員電車嫌いやー
0	@sunnysmile5183 ムカつくねー、爺のくせに！←
0	やっと家に着いた… もう何もしたくない(ーωー)
1	@sunnysmile5183 相手にしなきゃいいのよー！
0	仕事帰りに買い物してる時、無性にビール飲みたくなって買ったけど、 (普段ビール飲まない) 元々飲まない上にめっちゃ疲れてるのに、ビールが美味しいわけ無かった( ´･ω･`)
0	@sunnysmile5183 私は逆で、学生の言うことキニシナイww
0	@sunnysmile5183 あと、友達と飲むのとひとりで飲むのと、気持ちの違いとかもある！(笑)
1	ハガレンコラボ気になるけど、新しいゲームやる元気がない
0	@sunnysmile5183 ゆとり世代イラつくけどねww
0	あと少しー、頑張るー
0	五連勤終わったー！(*≧▽≦)
0	@ayaka_x_x 社長のインスタで、多分あやかたん見つけたww
0	♬ Passion / 宇多田ヒカル #nowplaying https://t.co/5IdsDdqf4R
0	遊びに行きたい、気分転換したい！
0	プライベートでカラオケしたい！
0	♬ 誰かの願いが叶うころ / 宇多田ヒカル #nowplaying https://t.co/NS7VsWo0kL
1	♬ 熱帯夜 (Re Track) / SPEED #nowplaying  懐かしいー！ https://t.co/bmFTcVzLgr
0	RT @lanniver1003: 東京ドームが看板じゃなくなってる！！！ https://t.co/VSvXTz0c8i
0	@ayaka_x_x 多分あれはあやかたんだww
0	♬ Break a bone funk / 堂本剛 #nowplaying https://t.co/RslubXvjKI
0	♬ milky way 2004 / P'UNK～EN～CIEL #nowplaying https://t.co/Q8lhOsdI2r
0	♬ 花束 / back number #nowplaying https://t.co/BB60cVBfIs
0	なうぷれしか呟いてないな
0	♬ こたえはきっと心の中に / KinKi Kids #nowplaying https://t.co/4P6d6cNeQ3
0	デジチケ不具合多すぎやろ…
0	RT @Daigo19780408: 今日は何の日？  そう  俺の39歳の誕生日  そして  BREAKERZは六本木EXシアターでライブ！  そしてそして！  久しぶりに  東京に日本に虹がかかる日  虹がかかる東京で歌ってきます。  感謝の気持ちを歌にしたいと思います。…
0	今頃東京に虹かかってるかな？
0	オヤジギャグうざい
0	@MmgDino お疲れ様！！
0	RT @NvKknpbmkIbDg6m: 『電王』に関して。今年中に何か発表って。 何の発表でしょうか？？？？？  気になります。。。  僕も。。。  楽しみにしてます❤️  「超スーパーヒーロー大戦」スタッフトーク、「電王」について「今年中に発表が」 - 映画ナタリー htt…
1	@sunnysmile5183 確かに！それもあるね(笑)
1	RT @Lilalicht_8: ラルク、東京ドーム。いきなりムーヴィングステージが登場して大爆笑wwww ジャニーズ以外、バンド形も使えばいいのにと思ってたんだけど、やっぱり使うのはラルクだったか！ 松潤、あなたの考えたシステムがジャンルを超えたよ！すげーよ、あなた！( ´…
0	RT @24kyabe51: ケータイ大喜利最終回で堂本光一の名前が！！！！しかもこれでレジェンド昇格、、、おめでとうございます👏( ˊᵕˋ ) https://t.co/ASWyz15srg
0	RT @rilakkuma_kun2: ･･･きょうは らるくさんのこんさーとに
0	♬ Rainbow wing [Live] / 244 ENDLI-x #nowplaying https://t.co/eVTGWQCick
0	TOKIO→TOKIO→剛さんときた！ iPhone空気読んでる！ww
0	あっという間に１日が終わる(*꒦ິㅂ꒦ີ)
0	♬ JAM ～Freaky Night～ / 堂本光一 #nowplaying https://t.co/Hjq400hHF2
1	明太温玉うどん美味しかった！！
1	手抜きだけど子供たちは好きらしい！
-1	無言フォローまじ苦手…
0	@MmgDino ルカさんなら似合いそうや！
0	やっぱり結婚？？
0	@MmgDino 調子乗っちゃうかww
1	@MmgDino 確かにマメにメンテ必要だよねー！
0	お誕生日おめでとうございます！ だいすき。
0	キンキ堂本剛くん生誕祭♡プロフィール・魅力・お祝いコメントまとめ｜ジャニーズコンサートマガジン ジャニーズ通信 https://t.co/xNoTgfbPTt
0	@MmgDino そうかwwまたみせてーww
0	休みが終わってしまう… 今日もバタバタしててゆっくりできなかった(´Д｀)
1	RT @narakencyou: 【今日は何の日✨】  4月10日は、奈良県出身、KinKi Kidsの剛くんの誕生日だよ！＼(^o^)／ 剛くんおめでとう！！  「おめでとう！」を伝えたい人は→リツイート！  「今日誕生日なの知らなかった」という人は→いいね！  #今日は何の日
0	@MmgDino SHOCKだらけやなww
-1	気圧とホルモンバランスがWで来た…眠い…(｡-_-｡)
-1	雨の影響受けまくり 体冷えるし頭痛い(｡-_-｡)
0	@sunnysmile5183 おこだな！大丈夫？？
0	やっと帰宅！雨だと駅から徒歩なので時間かかるー
0	@sunnysmile5183 今度会う時、ゆっくり話聞く！愚痴って！
0	@sunnysmile5183 久しぶりだし、ゆっくり話そうね！
0	昼間めっちゃ忙しかった(*꒦ິㅂ꒦ີ)
0	RT @rose_flora00: 今日のあいことば KinKi Kidsの 「ね、がんばるよ。」だったー！😳❤️ #おはよん #あいことば #KinKiKids https://t.co/HHLi6RDZXg
0	RT @YesNo_MO3: マジでマサヒロいるwwwww https://t.co/l6fCZ3tKkW
1	ゲーセンで息子待ち。 早く帰りたい。
0	RT @suntory: #デカビタＣ が生まれ変わって新登場！新CMであの #マリオ が実写化！ マリオは #生田斗真！ルイージは #池松壮亮！ピーチは #二階堂ふみ！キノピオは #寺田心！ 彼らをヘトヘトにさせたのは誰？https://t.co/udArmJQVKO #マリ…
0	仕事終わった、かえるー。
0	今日で連勤終わり！頑張る！
0	今日暇なんだけど、みんなどうした
1	早く帰りたいww
0	終わったー！休みやー！
0	大高イオンのタワレコに有名人沢山くる！びっくり！(*≧▽≦)
0	♬ 真夏の脱獄者 / SMAP #nowplaying https://t.co/OogIrSHDtD
0	♬ Where is / KinKi Kids #nowplaying https://t.co/3vyyJJahEW
0	♬ カプチーノ / 椎名林檎 #nowplaying https://t.co/1M28bhb33o
0	RT @LyricSatomi: 本日、４月１４日 お誕生日を迎えられた皆さん。 おめでとうございます。  生まれてきてくれてありがとう。
1	カプチーノ可愛い曲だな！
0	♬ 雨傘 / 椎名林檎 #nowplaying https://t.co/weRIGXD5nN
0	雨傘は全英語詞でもカッコイイ！
0	@sunnysmile5183 どうしたー？
0	♬ かたちあるもの / 柴咲コウ #nowplaying https://t.co/rl1D9nqdMa
0	明日は楽しみー！ 明後日も楽しみー！ヾ(*ΦωΦ)ﾉ  ﾋｬｯﾎｩ
0	Bluetoothのヘッドホン欲しい。 でもどこのメーカーのがいいんだろ…
0	♬ Deep in your heart / 堂本光一 #nowplaying https://t.co/r4xIpqznZ4
0	♬ 雨傘 / TOKIO #nowplaying https://t.co/WJpjEnFHrG
1	たにゃかに無事に届いたようで良かった！
-1	組長めんどくせー
0	@MmgDino 団地の班長的なやつ！お金集めたり回覧板回したり、会議出たりしなきゃいけないの。
-1	@MmgDino ここ住んで10年くらいになるけど、今回初めてやるからわからないことだらけよー
0	この期間限定映像気になる https://t.co/lsuZoPhveC
0	@MmgDino MVいつもと変わらなかったww
0	@MmgDino 今度一緒に行きたいな！！
0	@MmgDino 慣れれば大したことなさそうだけどねー！
0	ケツメイシのライブ終わりに巻き込まれたー 満員電車だー。
0	久しぶりに休日満喫した！！
1	転職真面目に悩むなー
0	光一さんロケだったのか！
0	♬ Rainbow wing / ENDLICHERI☆ENDLICHERI #nowplaying https://t.co/HcK7lwrCcL
0	♬ Danger Zone ～to the unknown world～ / 堂本光一 #nowplaying https://t.co/e9vCpLXLqN
0	どうか暇でありますように(笑)
0	サントラ今日届きそう！
0	キンキ光一＆剛が醸す“ゆるさ”に注目！　『KinKi Kidsのブンブブーン』は長寿番組となるか？（リアルサウンド） - Yahoo!ニュース https://t.co/sNCErSIRrL #Yahooニュース
0	衣装展今日からか…(忘れてた)
0	@53_is_RedStar 追っかけてきた！！ww
0	@53_is_RedStar 了解！うるさいとかは全然大丈夫よー！
0	今日を乗り越えた！お疲れ様です！
0	不在配達票来てた！ サントラもうすぐ届く！
0	試写会だと！！！
0	やっと同期できた…。長かった…。
0	SHOCK見たことないけど サントラ鳥肌立った
0	@MmgDino 明日まで楽しみにしてて！(*≧▽≦)
0	@MmgDino TSUTAYAとかなら今からでも買えそうだもんねww 楽しみは取って置くのだ！
0	ああー、美容院行きたい！ 土曜日行けるかなー？
0	@MmgDino それ見たww
1	@MmgDino 娘ちゃん賢いww
0	@MmgDino 精神と時の部屋なww よし頑張って生きよう！
0	@MmgDino あの日出かけてたから録画して見たんたんけど、鳥取！！ルカさん！！ってなったww
1	@MmgDino めっちゃ雪だったね！凄いなー、嵐は雪山も登るのね(笑) もうイモトは鳥取の星だ！ モザイクでぼかしてあったけど、イモトの実家周辺も田んぼだらけなのかなって感じだったww
0	RT @hiyokkogaka1: 色鉛筆で描く人物画 依頼絵〜途中経過4  ⇒ https://t.co/Vm80k4QLzz  #色鉛筆 #人物画  少しずつですが進んでいます😊 https://t.co/cuUWUl6MT5
0	RT @yumemi6v: V6がTBSで学生たちと夏の思い出作り「学校へ行こう！」スタッフが集結 https://t.co/nK9EygWhK0 V6、今夏に“夏祭り”特番決定 『学校へ行こう!』スタッフ再集結  https://t.co/5GOaPhHIPN
0	RT @excite_music: UVERworld 小栗旬主演の映画『銀魂』に新曲「DECIDED」を書き下ろし提供 - エキサイトニュース https://t.co/d2MXFkrgG6 @excite_musicさんから #UVERworld https://t.co/…
-1	@sunnysmile5183 危険やなww
0	シャッフルで音楽聴いてたら｢瞬き｣きた！ まったりしちゃって仕事行きたくなくなる！ww
1	@53_is_RedStar 良かった！またよろしくね！！！
0	@MmgDino ルカさんのところは街だもんね！ Google MAPで見たww
0	@MmgDino そうかwwなるほどww
0	@5124_KinKi_ こちらこそよろしくお願いします！(*≧▽≦)
0	美容院行きたい！明日行けるかな( ´･ω･`)
0	iPhoneケースも欲しい！
0	連絡ないしブロックかな？ww
0	待ち時間長い( ´･ω･`)
0	RT @kee_51244s: こんなふうにプレイリスト作るとなんとなく耳からおしょっくになるぞ♪  ① : Original Sound Track  ② : Original Sound Track 2 (後ろの数字はtrack number) BT : Bonus Tra…
0	サントラでプレイリスト作ったので、聴きながら妄想SHOCK。 1000回のDVD欲しい。
1	RT @tsumugity: Endless SHOCKサントラブックレット内の誤記について  Yes. My Dream 歌参加 （誤）内博貴 （正）屋良朝幸  公式に発表された！ 大好きな曲だからほんとに嬉しい。 https://t.co/F7hNqYVlRr
0	@sunnysmile5183 いつか必ずww
0	@MmgDino いつか必ずww
0	友達2人が全く同じ内容のリプくれて笑ったww
0	@sunnysmile5183 衣装展？
0	また衝動買いを…してしまった…
0	@sunnysmile5183 報告ありがとう(笑)
0	@shizue5891 剛くんが、髪切ったかもしれないって話だよ！
-1	@shizue5891 ダッチさんのインスタに剛くんっぽい人がちらっと映ってて、髪短かったの。
0	RT @smiyoshino: KinKiKidsで『君の名は。』の予告作ってみた。 https://t.co/R28N5LXTEv
0	@shizue5891 お披露目あるまで何とも言えないねww
1	@shizue5891 そうだね！早くお披露目！(笑)
0	セリフ出た(笑) https://t.co/cpIIrJpToZ
0	今日仕事1時間長いやん、萎えた( ´･ω･`)
0	@MmgDino よし、脳内shockして頑張ろ！ww
0	@sunnysmile5183 お前なんか、握ってやる！！ww
0	休憩！  今日薔薇と太陽かかってた！
0	@sunnysmile5183 それしか知らなかったww
-1	@sunnysmile5183 私、実はスシ王子!見たことないんだよね。色々大変な時で…(苦笑)
0	@sunnysmile5183 レンタルあるかなー？見てみたい(笑)
0	疲れたー！お酒飲みたい！
0	明日からmiwaか。 (ガイシホール近くにいる)
0	♬ 輝きながら… / Acid Black Cherry #nowplaying https://t.co/nYtcNjIiqD
0	RT @piiiiiina23: 【滝沢歌舞伎4/22昼】お化粧 質問:阿部くん Q.滝沢くん1日だけジャニーズのユニットに加入できるとしたらどのグループ https://t.co/PHO88lgXsu zone 「ここがわたしのセクシーゾーン」って言ってみたいから
0	iTunesとiPhone同期したいのに ピコンピコン言って認識されたりされなかったりする(´･ ･`)
0	♬ 星空のディスタンス / Acid Black Cherry #nowplaying https://t.co/L0qxS66zji
0	ベイビカンバック！！
0	RT @TX_YOSHIHIKO: みなさん是非遊びに来てください。 池袋が盛り上がれば大阪、名古屋、福岡、仙台のPARCOにも行けるかもな雰囲気です。ヨシヒコの中の人より。 https://t.co/oXnepRqfPh
0	♬ M / Acid Black Cherry #nowplaying https://t.co/KYi2q9jlJe
1	@sunnysmile5183 大丈夫？？(´・ω・`)
-1	もう無理。逃げないで向かい合う。
0	RT @sissonne_jiro: 稽古終わり、プロ野球観戦の誘いを辰巳くんを除くふぉ〜ゆ〜全員に断られた。気持ちのいい奴らだ。チケット2枚しかないのに2人行きたいって言ったらどうしよう、と考えてた自分が馬鹿らしくなった。 明日のPON!に舞台の告知がてら4人で出るようなので…
-1	だんだん怖くなってきた…
0	辰巳のモノマネ似てたよww
-1	憂鬱や。ただいま。
0	@excite_music エキサイたん！！
-1	@rikachunhyper 緊急コン初回のブックレットかな？
-1	GPSで監視とか無理…
0	@rikachunhyper フォロワーさんが言ってたので、私も確認した！(笑)
1	@MmgDino 耳鳴り大丈夫？私もよくなるわー
1	イラッとしたわー。 そんな感情的な言い方してたら、新しい人は育たない。
0	そもそも決めつけて言わないでほしいわー（ ﾟдﾟ ）
0	@53_is_RedStar わかるー！
1	【You、見ちゃいなよ！】愛され社長！ジャニーさんの面白すぎる伝説まとめ。V6/キンキ/嵐/関ジャニ∞｜ジャニーズコンサートマガジン ジャニーズ通信 https://t.co/yPR8LhcC3F
0	RT @mogu2puni2: さっきラジオつけたらKinKiがパンツの話で盛り上がってたんだけど(その前にう○この話もしてたらしい)、その流れで我々もアイドルですから…夢を見てるファンの方もいると思うのでそんな方たちに…というフリからの「夢見れば傷つくこともある」をお送りする…
0	ナゴヤドームは空いてるけど、ナゴヤドームは無さそうだな… 横浜アリーナは設営日。 大阪城ホールは次の日星野源さんだから、無さそうだなぁ。  デビュー日は何もやらないのかな？
0	@MmgDino あっ…ってなるよねww
0	さーや結婚か！おめでとうございます。
0	@sunnysmile5183 これはなさそうだね( ´･ω･`)
0	キスマイコラボルーム…
1	♪好きになってく 愛してく
1	今日USENでKinKiよくかかる。 昨日はL'Arc〜en〜Ciel多かった。
-1	RT @sayakakanda: 関係者各位・ファンの皆様 平素より大変お世話になっております。 この度は私事でお騒がせしてしまい申し訳ありません。 ご報告したかったタイミングではなく心苦しい気持ちもありますが、一部報道にありま… https://t.co/xwO8jgNozE
0	最近腹立つことばかりや(´Д｀)
0	@sunnysmile5183 駅から歩くだけでびしょ濡れになった( ´･ω･`)
0	さーやが聖子ちゃんの娘って知らない世代もいるのか…。
-1	今日寒くない？４月終わりってこんな寒かったっけ？
0	疲れたー、ただいまー（ ﾟдﾟ ）
0	1日長かった…(´Д｀)
0	明日弁当作らなきゃいけないの、忘れてた(´Д｀)
-1	職場のエアコン効いてて、微妙な寒さ( ´･ω･`)
1	RT @fukuda_u1: このたび、菅田将暉くんと佐藤二朗さんと吉野家のCMの脚本監督を担当させて頂きました🤣俺はね、牛丼は吉野家以外に浮気したことないのよ🤣そんな俺が監督させてもらえるなんてよ！それを大好きな菅田と二朗となあ、これを幸せって言うんだろうな😭https://…
0	五連勤終わったー、明日から連休！
0	夜の中はスーパーフライデーか（ ﾟдﾟ ）
1	マックのポテトもらってこりゃ良かった（ ﾟдﾟ ）
0	ゆずのベストアルバム欲しい
0	@sunnysmile5183 うちの店もスーパーフライデー何かあるらしい、私のいる時間はそんなに関係ないけど(笑)
0	@sunnysmile5183 そんなシステム、他の日大変そうやww
1	すげー、かっこよかった！ショーだった！
0	♬ サヨナラバス / ゆず×back number #nowplaying https://t.co/CxxLxH1QCq
1	ネットで話題の玉ねぎレシピ、作ってみた！うまかった(*≧▽≦)
1	色々と、真面目に考えよう。
1	@kimi_no_namae @sunnysmile5183 確かにこーいちの日！
1	特別番組…何だろう？
0	やっと説明会終わったー。
1	よし、1歩前進。
0	♬ 桜木町 / ゆず #nowplaying https://t.co/acoyCG4DO5
-1	Yahoo!カレンダー使いにくい(´Д｀) コレットカレンダー、なんでサポート終わっちゃうの…
0	やっと休憩。 朝は暇だと思ったのに、 突然忙しくなったわ
0	きよこ様、お誕生日おめでとうございます！
0	はー、やっと一息。 今日は突然忙しくなって疲れたわー
0	無言フォロー減らないなぁ
0	てか、外暑くない？夏かと思った
0	｢約束｣流れてる
0	娘にもらってきたら、興奮して抱きしめてたww https://t.co/CFqypawcj0
1	人の子供の成長はめっちゃ早いな。
0	久しぶりに写真見たら、ベビーから幼児になってた。
1	あなた達が居てくれて良かった。 これから先も、追いかけていきます。  #5月5日KinKiKids出逢って26周年おめでとうありがとう https://t.co/z2SlHMQp9i
0	お知らせｷﾀ━━ヽ(*･∀・*)ﾉ━━!!  テンパったww
0	伝説の横浜スタジアム…!!!
0	@MmgDino 一緒に行きたいので誘導してみましたww
1	KinKi Kids オフィシャルサイト / Johnny's Entertainment https://t.co/B4uH3E6pKw
0	横浜スタジアムはないなーって思ってたのにww
0	娘とチャリで出かけてた！ https://t.co/EnP5SRL0Go
0	@sunnysmile5183 @MmgDino そうそう、行きましょww
0	@sunnysmile5183 それな！！
0	@dia14hitomy 土日に横浜でパーティーやで！
0	@dmt_0721 意外だったよね！
0	@dia14hitomy 当たれば行く気満々やでww
0	@MmgDino 横浜の花火大会かぶるらしいな！
0	花火大会と被るのね！見えるかな(*≧▽≦)
0	@MmgDino 横浜の野外でパーリナイッ！！ww
0	@MmgDino 当たれ！当たる！ハズ！ww
0	友達2人が繋がった♡  (ちょっとだけ仕向けたww)
0	おーじゃさん、やっぱり歌うまいなぁ
0	RT @GML2014: Kinki kidsのデビュー当時 作品が通らなかった経験がある いつか彼らの歌を 書きたいと思っていた 2013年 作曲織田哲郎 編曲亀田誠治 最高の組み合わせで 「まだ涙にならない悲しみが」 が生まれた 16年かかった 続けていれば 願いが叶う日は…
-1	毎回だけど腹立つわー。 自分勝手すぎる。
0	そうだ、銀魂公開と横浜スタジアム、連日やん！
0	@53496894blue こちらこそー！またよろしくね(*≧▽≦)
1	@MmgDino 大丈夫、ちょっとイラッとしただけ。
0	@MmgDino ありがとうー。
-1	ついに来た( ´･ω･`)だるー
0	やっと自宅。実家って楽できるようで疲れる。
1	コンビニに胡瓜の一本漬売り出した！(*≧▽≦)めっちゃ好き♡
-1	@sunnysmile5183 @kimi_no_namae えみ嫌いだもんな(笑)
0	@ayaka_x_x おめでとーーー！！！
0	RT @hagarenmovie: ＼🎉おめでとうございます🎊／   ㊗️皆さま、本日5月9日はエドを演じた #山田涼介 さんの誕生日🎂🙌 アルと仲間たちと共に繰り広げる、すべてを取り戻す超ド級の冒険に、ぜひご期待ください👊💫✨  映画『#鋼の錬金術師』は12月1日、映画の日公…
0	今日雨降るのはロケ日の火曜だから？(笑)
0	はー、仕事行かねば。やる気出なーい。
0	1割引クーポン来てる、マンゴーパフェ食べたい( ´･ω･`)
0	@sunnysmile5183 職場の近くにデニーズあるけど、ちょっとひとりで行くのは勇気が…(笑)
0	今日もお疲れ様！
0	ホラーだww
1	RT @gintama_film: GW終わっちまったけど、黄【金】の【魂】キャンペーン続行だコノヤローッッッ！  ①映画銀魂をフォロー→②本ツイートをRT→③結果がわかる返信が届く ※RT混雑により返信が届かない場合があります！  詳細は→ https://t.co/JZKq…
1	@dia14hitomy それ羨ましい(笑)
0	@dia14hitomy 東京ドーム以上に倍率高そうねー(*꒦ິㅂ꒦ີ) 私も申し込むけど当たるかどうか…
0	申込み完了！当たりますように。
1	むくのはね、いい曲だなー。  って思いながら、今日の仕事してました。
0	@rikachunhyper おおー、おめでとう！！
0	番協当たった方、おめでとうございます！
0	@sunnysmile5183 来てるみたいよ！フォロワーに当たった方いる！
-1	@sunnysmile5183 まじか、残念だったね(*꒦ິㅂ꒦ີ)
0	@sunnysmile5183 そうだなー、気持ちを横浜スタジアムに持っていこう！(笑)
0	@MmgDino 今度の日曜に収録らしいよー！何だろうねー？
1	家庭訪問で長男の担任に言われたことが、未だに半信半疑(笑) というか、あの先生面白い！ 長男のこと褒めてくれてるんだろうけど、初対面でその話題？って内容だった(笑)
0	@sunnysmile5183 シャワー浴びてて気づかなかったww
0	地震あったのか、知らなかったww
1	おはようございます！いい天気！ 今日暑くなるんだよね？
1	@MmgDino 早く詳細しりたいね！
0	ふぉ～ゆ〜今名古屋？
1	水川あさみさんのこういうところ好き(笑)  ブルゾンちえみと水川あさみの"ごっこ遊び" 良いコンビと話題  - LINE NEWS https://t.co/mQPQQVKicR #linenews @news_line_meさんから
0	@888ouo888 会いたいなぁぁ！！
0	いつも売り切れで買えないチーズケーキ買えた！
0	@MmgDino ホントだね！映るやつお願いします！！！
0	@MmgDino @888ouo888 楽しみにしてるんだからなぁァァァ
1	RT @gintama_film: GW終わっちまったけど、黄【金】の【魂】キャンペーン続行だコノヤローッッッ！  ①映画銀魂をフォロー→②本ツイートをRT→③結果がわかる返信が届く ※RT混雑により返信が届かない場合があります！  詳細は→ https://t.co/JZKq…
0	@MmgDino KinKiパワー！ 愛はパワーだよ♡ww
0	@sunnysmile5183 どうしたー？
-1	はー、めんどくさい…
0	@MmgDino @AMBITIOUS_CHOCO 茂ー！！！！
1	嬉しいお知らせ立て続けだ♡
0	中居正広がKinKi Kidsを兄弟と勘違い？　発言の裏に隠された真意とは https://t.co/1X2O9WinFf @Yomerumo_newsより
0	@sunnysmile5183 そっか、何かあったのかと思った(笑)
0	hyde 昼まで ふぉ～ゆ〜 別に ぽっぽー(｡・ｗ・｡)ゝ  #は行でなぜモテないのか分かる
1	@sunnysmile5183 大丈夫！(笑)
0	RT @yuppe_kv: ベンチに堂本、本人出演ｗｗｗ  またやってほしい https://t.co/24YHe6CKOp
0	@MmgDino わかる！！
-1	@888ouo888 @MmgDino たにゃかの胃が危険！！！
-1	明日7時に家出て出勤。辛い…。
0	@496894blue おめでとう！！
1	@496894blue 楽しんで！！ KinKiもライブ申し込んでるから、当たるといいなー！運分けてww
0	@sunnysmile5183 @MmgDino ちょっと家帰ったら聞いてみるわ(笑)
0	RT @MTV_JAPAN: MTV NEWS | 「MTV Unplugged」に今年CDデビュー20周年を迎えるKinKi Kidsの出演が決定 #Unplugged https://t.co/tUJyVLdBUF
0	まじか、MTVアンプラグド！！！
0	RT @KinKi_support: [ftr][TV]放送日不明｢MTV Unplugged｣ にKinKi Kids出演決定 収録​：5月31日(水)東京都内 観覧応募期間​：5月15日(月)12:00 ～ 5月19日(金)11:59  https://t.co/7p7pU…
0	@MmgDino @sunnysmile5183 すうぇーたぅあー聴いた！ スウェット？セーター？ってなった(笑)
0	Over you聴きながらご飯作る
0	@sunnysmile5183 @MmgDino よーく考えてセーターだとわかった！(笑)
0	@sunnysmile5183 VANISH！了解！(笑)
1	早く転職したくて焦ってる(笑)
1	THE BODY SHOPのクレンジングバターの使い心地がいい感じ♡
0	♬ Deep in your heart / 堂本光一 #nowplaying https://t.co/trbuP0Ruem
0	5時半起きで今から出勤( ´･ω･`)
0	@244Eri0201 行ってらっしゃい！ 私も今から出勤！( ･ㅂ･)و ̑̑
0	グラス欠けてるの気付かずに洗ったら、手を切った(笑)
0	@MmgDino @sunnysmile5183 それもまた、彼の魅力ですわよ！
0	@sunnysmile5183 指の股？指の付け根の水かきの所切ったww
0	さーやのドレス姿、めっちゃ綺麗！！
0	神田沙也加 「ご報告」  ⇒ https://t.co/6wf0Il4prg #アメブロ @ameba_officialさんから
0	モヤモヤしてたけどスッキリした。
0	右手の小指ばかり負傷した日だったな お疲れ様。
-1	駅から歩くのだるー(´･ω･`)
0	見たことあると思ったらブンブブーンでやってたやつか！
0	♬ Stay / KinKi Kids #nowplaying https://t.co/P1xiASVOVZ
0	未満都市！！！
0	https://t.co/f3HaOJZQ45
0	ニッテレン様ありがとうございます！！
1	RT @tmrc_k: ねえどっちが好き？キンキとPUFFY。と亜美ちゃんに投げ掛けられてえっっと固まる堂島氏の隣でキンキだなー！いいこだもん！と即答する由美ちゃん
0	♬ サヨナラバス / ゆず×back number #nowplaying https://t.co/N6UhSlA5Ry
0	娘に母の日のプレゼント貰った！( ･ㅂ･)و ̑̑
0	未満都市もう1回観たいなぁ VHSしかないのかー
0	当たってるのか、どうなのか… https://t.co/nIBmc0EvCi
0	お台場ってことはフジテレビかな？
1	@rikachunhyper お疲れ様！早く情報解禁して欲しいな！気になる！！(*≧▽≦)
0	家帰ってきたー。 昨日雨だったし仕事→実家だったから洗濯出来てない(´･ω･`)今からしないと。
0	RT @09ami10: ジャニーズの醍醐味（語彙力） https://t.co/f3c6u8WaDN
0	あー、緊張してきた(笑)
0	腕時計忘れた(´･ω･`)
1	緊張したー。うまく進みますように。
0	もうずっと駅のホームのきしめん食べてないなー
0	@sunnysmile5183 ホントだね！楽しみだわ！ 会社側に不採用言われなければww
0	@MmgDino とりあえず派遣の登録行ってきたの！
0	地元駅の隣の駅で電車の運転見合わせって言われて、次の予定に間に合うか焦った(´･ω･`)何駅かの間は運転してくれて地元駅で降りられたけど。
0	5/31の収録夜なのか(*꒦ິㅂ꒦ີ)
0	@MmgDino そうそう、一歩前進！(*≧▽≦)
0	RT @junjunmjgirly: 夏に向けて未満都市のノベライズを探している…
1	@sunnysmile5183 早く効くといいねー(´･ω･`)
1	LOVELOVEあいしてる復活！！嬉しいなぁ(*≧▽≦)
1	ゲスト菅田将暉！ シノラーも可愛かった！
1	｢あまりに愛が大き過ぎると 失うことを思ってしまうの｣ってふと浮かんで、 未満都市もLOVELOVEも楽しみすぎて、放送もライブも全部終わった時の虚無感を考えてしまう(笑)
0	私は今日どこへ向かうのか 一瞬わからなくなった(笑)
0	昨日の番号札。偶然の24。 担当者の方が席外した瞬間に、写真撮った(笑) https://t.co/kjvsXS5o6j
0	@MmgDino 合唱始まってたww
0	今日はあいつがいる…あいつ…(´･ω･`)
0	RT @lmkoge: https://t.co/oMVAlQ0nom  KinKi Kidsのファンの方たち　↑　読んでね。 拓郎さん、本当に彼らを愛してる♡  #KinKiKids #loveloveあいしてる
1	RT @tomoeshinohara: 菅田将暉くんと海月姫以来の共演でした☆唄素敵です！→ @sudaofficial: 『 LOVE LOVEあいしてる 16年ぶりの復活SP』メモリアルな回に呼んで頂き恐縮しながらも個人的に忘れられない日になりました。#7月21日放送 ht…
0	@sunnysmile5183 相手が子供だもんな(笑)
0	そっか、菅田くんとともえちゃんは海月姫以来か！
0	終わったー、今日はゆったりまったり仕事できたわー。 年配のお客様に名前聞かれた(笑)
-1	@sunnysmile5183 そりゃ嫌になるわ…、最悪なやつだったんだな。
0	はー、ちょっとショック。
0	@sunnysmile5183 だよなぁ…(*꒦ິㅂ꒦ີ)
0	@MmgDino 行きたかった会社に行けそうにない(´･ω･`)
-1	悔しいとしか言いようがない(´･ω･`)
0	今日1日、乗り切る！！(´･ω･`)
0	@sunnysmile5183 それわかる(笑)
0	潮騒のメモリー♪ キョンキョンさまぁ♡
0	ジェロマくるくるしたい！  疲れてる。
0	今日ガイシホールback number！！ 行きたかった(´･ω･`)
0	iPhoneケース欲しいなぁ。 でも途中下車して買うのめんどい(笑)
0	電話かかってこないなー
0	どっち方面から向かおうか… 楽できるの優先か、交通費浮かすか…
0	ヘッドホン忘れたぁぁ(*꒦ິㅂ꒦ີ)
1	バスとか電車に長く乗るのは苦にならないので、久しぶりに長く電車乗ったの楽しかった！( ･ㅂ･)و ̑̑
0	@MmgDino セミナー的なやつー。
0	久しぶりに武豊線乗ったけど 田舎だなぁ(´･ω･`)
0	RT @livedoornews: 【青髭】『勇者ヨシヒコ』山田孝之キーホルダーがインパクト大 https://t.co/Q0Kpf0lRvT  名古屋で開催中のイベントにて販売中のアイテム。山田がインスタグラムに投稿した写真に「欲しい！」「厄除け」などの声が殺到した。 htt…
1	亀も山P来週も出るのか。 娘が可愛い可愛い言ってる(笑)
1	清涼感がたまらない♪新作「チョコミント味」がおいしそう (NAVERまとめ) - LINEアカウントメディア https://t.co/igPcBkFxgl #linenews @news_line_meさんから
0	@MmgDino 楽しみにしててww
0	@mintgirl_coco たけとよせんだよー！
-1	@mintgirl_coco ローカル線だからわからないよね(笑)武豊さんいるから余計に(笑)
1	@mintgirl_coco 確かにわかるー(笑)
0	今日提出期限だった(´･ω･`) 今日までに決まらなかったなー。
0	思い通りに行く訳ないか
0	@sunnysmile5183 名古屋もあっついのよー(´･ω･`)
0	@MmgDino @sunnysmile5183 安来？どこだと思って調べたら島根？ 山陰も暑いのかー。
1	♬ ANNIVERSARY / 米倉利紀 #nowplaying  好きな歌。 https://t.co/28WYF7rMf1
0	♬ Slowly / KinKi Kids #nowplaying https://t.co/nER64z20Ga
0	♬ むくのはね / KinKi Kids #nowplaying https://t.co/Mjk4zfnLdY
0	菅田将暉くん、ブンブブーンの堂本剛軍団の回観てたのね(笑)
1	真剣に探し物してたけど、そもそも探してたものは人にあげてたから見つからないはずだわ。だいぶ経ってから気づいた(´･ω･`)
1	@sunnysmile5183 大丈夫？？
-1	@sunnysmile5183 不安定だねー、話聞くよー。
0	慣れない靴で歩きすぎた 足が死んだ
1	早く帰って着替えたい(笑)
-1	RT @cinematoday: 柳楽優弥、実写『銀魂』土方役に本音は「こわい」　俳優として“転換期”の現在 #映画銀魂 #柳楽優弥 https://t.co/ZcvNJBCMDw https://t.co/wwQ8qwjSxx
0	柳楽優弥くんにも好かれてる剛くん…(笑)
1	早く乙女終わってー(*꒦ິㅂ꒦ີ)
0	iPhoneケース欲しいなぁ( ´･ω･`)
0	手越のLINE流出したのねー。
0	@496894blue53 わかる！！
0	@496894blue53 どストライクな顔だよ…
-1	やばい、貧血気味。地味にだるい。
-1	今日は地味に忙しかったわ。 お疲れ様です！
0	ほー、有楽町でロケしてたのかー。
0	いま あなたと 生きてる / 堂本剛 #NowPlaying https://t.co/zBRQBXW81h
0	@888ouo888 相葉くんと出てるやつか！
1	@888ouo888 まだ見れてないけど、早く見たい！(笑)
0	ブンブブーン、タッキーと市村正親さんか( ･ㅂ･)و ̑̑
-1	電車内、蒸し暑い！😫
0	@MmgDino うちの息子は3年生の時ちょっと問題児扱いされてて、授業ちゃんと聞かない、他の子と喧嘩する、言葉が悪いってしょっちゅう電話かかってきてた。でも息子曰く、担任も｢問題児｣のうちの息子に当たりが強かったらしくて、首根っ… https://t.co/rpBUfiMvZh
1	@MmgDino その年はたまたまお願いして双子を同じクラスにしてくれてたから、娘の方もそれは言ってた。 他の子たちは担任の前ではいい子で要領良くしてたみたい。だから目をつけられないらしい。要領悪くてある意味素直な息子は、とにかく担任から目をつけられてた。
-1	@MmgDino ある時、喧嘩した相手の親から担任にクレームが入って、担任から電話かかってきてた来た時に私が言われたのは、｢お母さんがシングルで病気してたから、息子の事をまともにしつけられてない、子供が可哀想｣的なニュアンスのこと… https://t.co/TF0gz3gELl
0	@MmgDino ルカさんの娘ちゃんのクラスの問題とはちょっと違うかもだけど、言い方によっては相手を傷つけたり神経逆撫でする場合もあるからなぁ。グレーゾーンの子に関してはそれは個性だと思う。周りの子のメンタルは心配なのわかる。私の… https://t.co/41tRBJVrrE
0	@MmgDino あと、大人(担任)目線と子供目線と、ちょっと話が食い違う場合もあるので、娘ちゃんの話聞いてあげてね。
0	@888ouo888 あの後観たよ！(笑)
1	@MmgDino 大丈夫だよ、謝らないで。私は誤解はしてないよ。 うちの息子は根は真面目なのに、担任に反発して余計に問題児みたいな行動したいのもあるみたいなんだけどね。文字数で上手く書けなかった(笑) ルカさんが他の家の子供さんのことで色々悩んだり考えたりするのもわかるよ。
0	@MmgDino 私が言いたかったのは、問題児って言われる子にも内に秘めた何かあるのかなって思ったんだけど、やっぱり親は自分の子供のこと守りたいよね。
0	雨降ってる…傘ないわー
0	早く予定進まないかな、ふわふわしてて無理。
1	@R_0v0_Y 亮太可愛いなwwwww
0	@888ouo888 二度見しました！(笑)
0	@R_0v0_Y そのレポで萌えたwwwww
1	一年前のこーつよの日タグにいいねされてた。ありがとうございます。
1	@dia14hitomy いーなー、行ってらっしゃい！
0	聖くんまじかー
0	@sunnysmile5183 びっくりしたわー 最近手越といい、ジャニーズ関連騒がれとるなぁ
0	そうか、弟さんがJr.にいるんだった
-1	病院の待ち時間長い 眠い(。-ω-)zzz
0	確かにこういう形でKAT-TUNの名前が出るのも辛いよなぁ
0	@sunnysmile5183 LINEのタイムラインでのコネチケ発言とか、逮捕された暴力団？との写真とか流出してるよー
0	@sunnysmile5183 以前は何枚だったか知らないけど、ある時こら｢事務所の訳のわからないルールで、NEWSメンバー1人あたり40枚しかライブのチケット貰えなくなったから、招待したい人全員にチケット渡せない、俺も納得いかない｣みたいな発言してた。 画像拾ってくるね！
0	@sunnysmile5183 そうそう、それでコンサートで言ってる事との差があるらしくて、NEWSファンが荒れてるみたい。
1	@sunnysmile5183 そういう考えもあるか、確かにな(笑)
1	@sunnysmile5183 ライブハウスかなんかでやればいいよね(笑)
0	@sunnysmile5183 コネチケ160枚分の落選したファンがいるんだもんな…。ファンが荒れたくなるのもわかるわ…
0	剛くんロケしてるのねー やからねのロケかー。
0	テレ東音楽祭2017放送決定！ジャニーズ出演者は？｜ジャニーズコンサートマガジン ジャニーズ通信 https://t.co/WfumBiwsRS
0	@888ouo888 最近色々となぁ…
0	@888ouo888 ですなぁ…
0	@ayaka_x_x みたーい！！
0	剛くんフェス！
-1	会場までどうやって行くか不安すぎて申し込めないやつ
0	@dia14hitomy メッッッチャ申し込むの迷ってる(笑)
-1	@dia14hitomy そっか、地元民か！高いよねwwあとフェスに耐えられるか不安すぎてww
0	@sunnysmile5183 @MmgDino あら、やらかしましたね(笑)
1	責任者に帰り際に｢6月(前半のシフト)どうするんですか？｣って聞かれたんだけど、私がシフト入れてない分の欠員が出過ぎてて困ってるんだろうな。  こっちも早く次が決まらなくて困ってるけど。
1	@MmgDino すげー、素敵！
0	@sunnysmile5183 @MmgDino まあ、あるあるやなww
1	@mogu_mogu05 こんばんは！御挨拶ありがとうございます！ 是非仲良くしてください( ･ㅂ･)و ̑̑
0	けんけーん
0	@sunnysmile5183 もう芦田さんだよね(笑)
0	@sunnysmile5183 ほんと大人っぽくなったなぁー。
1	@rikachunhyper 確かに似てるよね！( ･ㅂ･)و ̑̑
0	@mogu_mogu05 私も気にしないのでタメ語で行きましょ！(*≧▽≦)
0	【緊急企画】読者が本気で選ぶ♡ジャニーズで1番王子様キャラなのは...？ランキングを発表！ | ジャニーズ通信 https://t.co/gNmVuvxr4M
0	リバース！！ あー、やっぱりか！ってなった
0	https://t.co/JSSxRnn8jO
0	成瀬くん！楽しみ！
0	@sunnysmile5183 それわかるー。
0	@MmgDino どうした！！(笑)
0	運動会暑かった！双子の組体操、感動した(*´-`*)
0	@888ouo888 ニトリー、新居楽しみやなー！
0	@888ouo888 パラダイス沖縄ー！捕まえてきてね♡wwwww https://t.co/IFDqnSyc0R
0	@888ouo888 行きましょう！！
0	@888ouo888 沖縄に生息してるはず…空飛ぶイケメン(笑)
0	@MmgDino すぐわからなかったwwwww
0	@mogu_mogu05 そうそう、うちの子たちの小学校も今日だった。 うち、子供双子なの。
1	@sunnysmile5183 娘が3人～5人技で上乗ってて、ヒヤヒヤした(笑)
0	@sunnysmile5183 頭と心、上手くいかないもんよねー(´･ω･`)
1	RT @nyaun_pipi: イナズマ行く人たちよ、いいかよく聞け。KinKi Kidsは揃って雨男だ。もう一度言う。あいつらは雨男だ。気をつけろ。片割れだとしても雨男だ。
0	@888ouo888 何にしようかなー？♡
0	@888ouo888 ぜひ！！wwwww
0	@888ouo888 そうしましょ♡
-1	@888ouo888 それはダメだねwww
0	KinKiさんタモリ倶楽部か！
-1	@sunnysmile5183 そうそう、わかるわー。メンタルもあまり無理しないようにね。
0	@MmgDino そっちの勉強するのか！
-1	@MmgDino 難しそうってイメージやけど、頑張れ！(｀・∀・)ﾉｲｪ-ｲ！
0	@sunnysmile5183 頑張れ！( ･ㅂ･)و ̑̑
0	@sunnysmile5183 決めたの？
0	全く連絡ないんだけど。
0	昨日からIWGP一気見した！
0	@sunnysmile5183 一緒に転職しよう！www
-1	@sunnysmile5183 私も決まらなくてさー。この前の話、派遣会社から全く連絡来ないからダメなのかも。
0	突然の頭痛…ロキソニン切れそうでやばい(*꒦ິㅂ꒦ີ)
0	@sunnysmile5183 だよねー(´･ω･`)
0	@MmgDino ブクロさいこーー！！ww
0	ドキドキするー  RE https://t.co/YlGX1P1dSb
0	サーバー落ちてるー
0	一瞬、｢ENDRECHERI｣って出てたの見た
0	こんな画面になった https://t.co/4snmSQfeyE
0	@MmgDino なかなか読み込まない(´･ω･`)
0	メンテナンスになってた。
0	見れた！  ENDRECHERI https://t.co/YlGX1P1dSb
0	今日当落だと思うと…落ち着かないww
