0	@yukino010 ええでー( ´ ▽ ` )ﾉ
0	@lenyagami 今日ちょっと遊んじゃったからなー。
0	そういえば今日花金なのに…。
1	今日は牧場に遊びに行きました。メリーゴーランドもボートもアルパカもソフトクリームも楽しかった！
0	その結果、金欠だから今日の晩ご飯（外食）は我慢。ジャーマンポテト作った。
0	お父さんが仕事帰りに買ってきた焼き鳥を少し、安く売って貰った。
0	Twitter民の皆さん、ハリポタかうしおととら見てる。
1	シベリア美味しい。
0	@twi_yon まさか指輪か…！
0	@lenyagami うおお、ごめん、ご飯食べ終わって今Twitter見た！
0	@senamoru 原宿かー！私もこれから東京方面行くよ( ´ ▽ ` )ﾉ
1	@lenyagami どうした！最近お盛んですね^_^;
1	@senamoru 嬉しいわー^ ^ おそろい☆
1	パナップ美味しい^ ^ 久しぶりに食べたわー。
0	@lenyagami どうしたー！社会人になるってそういう事やんな（ ;  ; ）
0	隣のメガネスーツ男子が、頑張ってるんだけど、めっちゃ私に寄りかかって寝てる。ええねん。私が1つ隣の端の席に移ったら、この人横に倒れちゃうもん。
0	@lenyagami ある意味贅沢な悩みですな（笑）そして私は逆の立場w
0	部屋にハムスターがめっちゃ住んでて、友達や後輩にめっちゃ駆除してもらう夢みた。
0	@twi_yon やはり指輪だったー！！！プロポーズ*･゜ﾟ･*:.｡..｡.:*･'(*ﾟ▽ﾟ*)
0	@balloon4221 少女漫画だったら恋に発展するに違いない…と思いながら、電車をおりました（笑）
0	@lenyagami なるほど！そんなお金がないヤマアキは、もうすぐ時間もなくなる予定なので平日京都を画策中です（笑）
0	父が先週録画した麺チェーン店総選挙番組を見てるのだけど、一蘭とカプリチョーザとジョリーパスタに行ってみたい。
0	@lenyagami だって朝8時に伏見稲荷行きたい…。
0	うどん食べに行くぞー^ ^
0	@lenyagami 人がいなくて、ゆっくり写真が撮れる（笑）
0	@lenyagami あと、電車とかが空いてる（笑）
0	見たことあるなーと思ってたら、中学の同級生だったw
0	お土産で、松長男のフェイスパックをいただいた！わーい( ´ ▽ ` )ﾉ 今日さっそく使わせていただきます♪
0	相棒のコンサートがちょっと気になる。
0	グレーテル！パウンド！
0	パズ松どうした…カラ松祭りなの？
0	六つ子の日は、松パックしながら、3.5話を見るためにBlu-ray見て終わった。
0	寒くてよく眠れなかった(´･_･`)
0	@twi_yon 断られたー！笑 プロポーズのシチュエーションに問題ありだな^_^;
1	病院までの道を聞かれた。最近多いなー。
-1	やんばい、この変な音マイパソから聞こえる…。
0	@lenyagami なのに、今日は母の言葉で日光に行きたくなっている私…。
0	8月8日はチョコラBBの日！6人の人気マンガ家がリレーでつなぐ 『8月8日』 by ChocolaBB #8月8日はチョコラBBの日！ https://t.co/2xIwz1jpm5
0	地震来たわ。
0	だから、アンタッチャブルとファンモン加藤さんがトレンドだったのね。
0	@lenyagami そうなんだよ！それだと日帰りレベルなんだよ！
0	ミニーに双子の姪がいるだと…！ミリーとメロディーって何や。
0	@lenyagami んんっorz
0	父録画の「モシモノふたり」を見る。山田親太朗くんのズボラさ（笑）父曰く「ズボラさ」ですが、個人的には、「おおらかさ」かな。沖縄感。端々に出るダメ男感が松兄弟を思い出させるのは私だけだろうか^ ^
0	@twi_yon プロポーズの様子を絵面にすると笑いしかない。
-1	ゆたゆた！
0	冴羽さんやコブラやルパンと遊んで、次元や五右衛門と結婚したい人生だった。
0	松が、スイパラとコラボと知って震えている。
0	一昨日2時に寝たら、すぐこれだよ！
0	よっし電話終わり！
0	んんっ、円楽さんどうした。
0	飲み物忘れたから、仕方なく自販機で買った。PASMOの残金が777円になった。
0	でからあげクンを食べる。ゆずポン酢。
1	@70x3 懐かしいねー！
0	@yukarixh ラーメンで！
1	@yukarixh 明太つけ麺ええなー！美味しそうやなー！
0	猫松、だと…！
1	ああっ、昨日のMステ見ればよかった！
0	@senamoru そこめっちゃ見たかったー！
0	あっ、やっぱり地震あったよなー。ぐっすりしてしまったけど。
0	粉モノに飢えてる。とりあえず冷凍のたこ焼き食べた。
0	@lenyagami お好み焼き…焼肉…こっちへおいでよ（悪の誘い
0	@lenyagami 行こうよー行こうよー！
0	@balloon4221 あっ、もう売ってるんですねー！買いに行かねば！
0	RT @jidasyo1: あるんだろうなぁと思って調べたら案の定存在した『誕生金魚』 金魚道さん提唱とのことです。お納めください https://t.co/one0Z9X2yk
0	@balloon4221 タッティさんのツイート見て、ファミマに行ってきました！天使三男が当たりました^_^;
0	博物館、結婚式…みたいな夢。
-1	窓開けっ放しで寝たので寒いです。
0	@ookamito ああぁ！NEWSや！NEWSの！うらやま（興奮
0	@lenyagami @yukino010 めっちゃグルw
0	ラーメンと粉モノと朝バイキング。
0	電話した内容の半分しか覚えてない…。
0	仕事、検定、カラオケのメンバー。話した記憶がないこと。
-1	３０分くらい話したらしい。
1	@ookamito 2日間行ったの？いいなー！人生で一度でいいから、ジャニーズのコンサート行ってみたい。
1	pixivで松とコラボしたパンプス（の広告）を見つけて、めっちゃ興奮した。なんやこれめっちゃ可愛いやん！　っていうのをツイートしようと思ってここ来たら、兄弟が（おそらく私に向けて）リツイートしててなんかもうツボった。
1	あれ？今日公式アンソロ発売日？
0	そして、父のビール（オールフリー）に松コラボキャンペーンのシールついてたから、シールはがしてスタンバイしたよね。そんな今。
0	@lenyagami @yukino010 まだ出勤してないので、ちょっと予定が未定です(´･_･`)
-1	松とのコラボ、下着かパンプスだな…両方は無理やろな。でも、あの足先細いやつが私の足に入るとも思えへんねん…orz
0	朝バイキング行きたいよー。
1	@balloon4221 私はカラ松か十四松が可愛くて好きです！でも、おそ松も捨てがたい…。　トッティは女子力可愛すぎてちょっと無理ですねー(汗
0	洗濯物たたみながら見てた先週の結婚できしながもう…！orz
0	カラヴァッジョ展、12日までやったorz
1	@27_yuka 保育園の本貸してくれるんだ！いいねー( ´ ▽ ` )ﾉ
0	@lenyagami @yukino010 今週だと、金曜か土曜だなあ。
1	@27_yuka 思ったよりロングで貸してくれるのね！そういう制度あるといいね^ ^ たくさん絵本見せてあげたいけど、絵本は値段とかさばる置き場所が気になるから^_^; 保育園で親しんだ絵本を家でも見られるって素敵。
0	なんでだろうがBGMの絵本が出てきたり、田舎道走ったり、芸能人クイズ番組に出てる夢。
0	90 62 91
0	@70x3 電車内でチューか！やりよるな！若いな！さすがに出来ないな！
0	お昼ご飯は焼き鳥にして、ワカコ酒にしよう。
-1	母、胃腸炎で倒れる。娘、看病する。重病感はんぱない（もともと身体が弱い）ので、娘、看病のため自宅待機。結果、娘の明日の外出予定がドタキャンになる。orz
0	恋は落ちるもので、愛は育てるものか。
0	今日は、和菓子の日らしい。
1	@shiori_yanaka 紫陽花綺麗だねー！やっぱり鎌倉いいなー♪
1	@shiori_yanaka 竹林の風景も素敵！
0	@shiori_yanaka せやんなー！やっぱり混んでるよなー！そこでいつも二の足踏んでしまうねん^_^;
0	@yukino010 @lenyagami 金曜の夜なら行ける！
1	@27_yuka おばけの本、保育園では人気あったなー。水色のおばけが出てくるしかけ絵本みたいなの^ ^ 個人的には、tuperatuperaさんの絵本楽しいと思う( ´ ▽ ` )ﾉ
0	うらめ やまだち らんぐい 逆茂木 沈船の方  【メモ】
0	@shiori_yanaka 心のつぶやきがそのまま出てしまった（笑） だよねー！絶対行く価値があると思うんだよ！あーあー！
0	@lenyagami @yukino010 お好み焼き！お好み焼き！たこ焼き！
0	@senamoru って、テレビ番組の日本人妻で言ってた！
1	橋本マナミさん可愛い。
0	これって、30秒じゃないよな…30分だよな…？そもそも、2013って書いてある時点でアウトなのか？あっ、アレルギーあるか試せって紙でてきた！
1	@shiori_yanaka 私もデートより、女子同士か１人がいい（笑）　親子で行くっていいねー！我が家は日光の案が最近出てるけど、実現はしないかも。
0	@yukino010 @lenyagami 小山だと、狸の模様の所かハーヴェストの食べる所しか知らないなー。栃木だと駅前。
0	@yukino010 @lenyagami そうだ、そんな物があったね！
0	めっちゃ中華料理食べたい。中華料理中華料理。
-1	晩ご飯お粥で…空腹に耐え切れず、ディズニーのお土産の煎餅食べてしまった。うう…めっちゃ罪悪感。
1	RT @ichibanKUJI: 一番くじおそ松さんメガネ男子は好きですか？Twitterキャンペーン開催中！第2弾のプレゼントはカラ松セット☆詳細は⇒https://t.co/WkcbsaCP3K #1bankuji #メガネ男子カラ松 #おそ松 https://t.co/n…
0	@ookamito どこのお弁当？
0	やばい、微熱だな…。
0	@lenyagami 中華やな…じゅるり。
0	ゾンビ1発目は十四松だった。ゲルゲもそうだった。
-1	@ookamito まだそのCM見た事ないかも( ´ ▽ ` ) 辛いのか…orz
0	こじはるがトレンド入りしてたので、さっそく父に報告した（笑）
0	スーベニアメダルを整理してたら、思いのほか沢山あったので、ディズニー行きたい症候群のきっかけになっちゃうよね。
1	結婚できしなの最終回を早く見たい。
0	恋愛がうまくいかなくて女子会帰りに火をつけるのなら、私なんて頻繁に火をつけて回る事になるし、友達の結婚式帰りには市ごと火事にするんじゃないだろうか。そして、そんな女子は世の半数くらいだと思う。
1	王道アイドルなのはまゆゆだと思っているけど、キャラが好きなのはさしこ。
0	@yukino010 @lenyagami 3人が集まりやすい中華料理店を述べよ。
0	@ookamito 見覚えがないから、今度注意してみてみる！
1	@27_yuka あと個人的には食べ物が出てくる絵本が好き！（笑）「サンドイッチサンドイッチ」とか。  図書館、小さい子に優しいよね^ ^ この前行ったら、小さい子専用？みたいな時間が決められててびっくりした。  ミッフィーの文字がない絵本かー、あまり見た事ないかも(･_･;
1	干した布団が気持ちよすぎて。
1	@ARMOREDRAGORA うまくいってると思うけど、結婚という観点で考えるとうまくいってないよね。
0	@ookamito ぶっはｗ
0	AKB総選挙、昼寝から目が覚めたらもう後半だった。去年は友達と晩ご飯食べてて、帰りの車の中でワンセグ見ながら「あっ、1位さしこ！」って会話してた気がする。
0	ちなみに、昼寝の時の夢はちびまるこちゃんとこち亀。
0	4位の山本さんが当たったので、下から順に松井さん・まゆゆ・さしこと予想しておく。
0	そして当たった。
0	@Pontoma 焼きおにぎりだと…！
1	@t_nyantaro だよね！なんか嬉しい^ ^
-1	@ARMOREDRAGORA 難しいやつやで。
0	@ookamito 唐辛子に顔あったんか！言われてから気づいた。
0	@70x3 私は普通に結婚式行くようなパーティードレスで行くよ( ´ ▽ ` )ﾉ
-1	合計で1時間くらい電話してるっていうね。
-1	@70x3 私も「ちょっとオシャレなワンピースで」って言われたから、ラフ過ぎなければいいんじゃない？
0	電車で居眠りしてる間に誘拐されるとか、外国みたいだと思ってしまった。んー。ないとは思うけど、普段の私めっちゃ寝てるからなー。
-1	なんとかセーフらしい。ほんっとめんどくせえな。
0	@70x3 待ってるでー( ´ ▽ ` )ﾉ
0	余裕を持って着いて、用事済ませて、開場と同時に入場する（笑） 誰が来るのかなー。まだみんな来ないなー。
1	今日は、友達の結婚パーティーに行ってきた！ 結婚はやっぱり素敵だ！式もそこまでの過程も含めて素敵だ！
0	パーティー中に誤作動でへそウォ消えちゃって、今までのデーター！！ってもうショックでがくぶる死にそうになってて、とりあえず再ダウンロードして、家で充電して起動してみたら、ちゃんとデータ残っててホッとした。
1	中学のメンバーで、先生は保育園で、コップ割れたり（いじめとファンタジー）を、学校（校庭がめっちゃ広くて川とか海がある）で解決する夢。
0	36.78
0	えっ、苗字同じだと思ったら、一青窈の姉なの？！
0	スッキリで、岩下の新生姜が渋谷に期間限定のカフェを出した事がニュースでやってた！そこまで行ったかw 地元のミュージアムとメニューが違うなら行ってみたい。
0	「ミス・サイゴン」が観たい。
1	そういえば、メガニート砲が声出るようになったのは嬉しい。ずっと「ここ声出ればいいのになー」って思ってた。
0	ラーメン食べに来た！
0	トレンドに、こち亀（再）アニメ化のニュース入ってて、地味にテンション急上昇してる。昔めっちゃ見てて好きだった。祖父母の家でも見てて、祖父がよくわからん顔してたのも思い出。
1	いっ、岩下の…地元企業の社長さんアカが、私めをリストに登録なされたw 嬉しくて動揺している。
0	今日の夢。小さくなっておじいちゃんと友達と小学校に行く。小中メンバーで大学や遠足に行く。年齢層多様なメンバーで何かから追われて逃亡する。4人になって逃亡する。テニプリのメンバーで追われてて跡部と逃亡する。もし今年もいたらのていでがっつり保育園の夢を見る。
0	@ookamito どうだったー？私めっちゃ気になってるんだけど^ ^
0	ここ気になる！誰かオープンしたら一緒に行こうよ〜( ´ ▽ ` )ﾉ https://t.co/IBu9UvEfYQ
1	@70x3 いいなー！
0	@70x3 行ってみたいなー。
1	@yukino010 美味しそうでしょ？
0	@yukino010 @lenyagami 私もピンと来てない。
0	@ookamito ますます気になる！
0	おそ松舞台化だと？！まあ舞台は観ないな。
1	外来ザリガニを、ザリガニ釣り大会で駆除するのはいいと思います。
1	さっきトレンド見たら、松舞台が３つ入ってて笑った。見てみたら、「舞台化も楽しみだけどアニメ2期が観たいんじゃ！」的なのも多くてなんだかなってなった。
1	これを友達に見せたら、「優しさがない分安いのかな？」って言われてツボったw https://t.co/QfcExl8S8f
0	@yukarixh ヅカ会はできないけど、一緒に行ってほしい！
0	結婚式の写真見て、こんなにパニックになって、過呼吸気味になるとは思わなかった。自分が思ってる以上にトラウマだった様で、自分でも驚いてる。こんな時間に電話かけまくって着信残してごめんなさい（ ;  ; ）
0	@lenyagami @yukino010 そこかー！言われてみればそんな名前！
0	@twi_yon どうした！なんで！喜んで受けるかと思ってたのに（ ;  ; ）
1	@senamoru マジか！私も行くよー！
0	林先生に会いに行くよ！
0	@ARMOREDRAGORA 今だね！
0	久しぶりに後輩に会ったよー( ´ ▽ ` )ﾉ
0	@yukino010 私は祖母^ ^
1	@yukino010 @lenyagami そこにするか！いつがいい？
1	林先生の話終わった！頭の回転が早いし、論理的で、聞きやすかった。
0	@senamoru 私が終わって考えてた事を、しっかり論理的にまとめてるー！すげーー！
0	@yukino010 @lenyagami じゃあ、またＬＩＮＥの流れですかね？
-1	いっしょにいるからね こわくないよ
0	誕生日、記念日に行くとオススメの場所ってある？
1	@yukino010 プラネタリウムかー！行ったことないから良いかも！
0	出来心で「記念日」って検索したら、「おすすめのデートスポット」がぞくぞくでてきた。
1	簡単にまとめると、プラネタリウムとか、ちょっと高めのレストランとか、ディズニーのホテルとか、観覧車とか、高層ビル系の夜景の綺麗な場所が多い。意外だったのが群馬のロックハート城。
0	ううっ、やっぱり競馬見たい。
0	障子色？弔辞色？
0	@hoshihikarilife イケメン力すげえー！
0	久しぶりにちびまる子ちゃんとサザエさんを家で見たわ。
0	マスオお兄さんの惚気っぷりに爆笑したw
-1	ふと思い出してから、「乱馬ダ☆RANMA 」をネットで探してリピートしまくっている。怖い。
0	あと「じゃじゃ馬にさせないで」。こっちが次点。
0	サビだけ覚えてた！「絶対!part2 」
0	しかし多分最初に思い浮かぶのは「ひなげしの花」とかそんなの。
1	しかしここ数週間のナンバーワンブームは前田敦子の「Selfish」。早く手に入れよう。
0	@shopishopi427 めっちゃ聞き覚えはある！誰の曲だっけ…？
0	リツイートしてみたけど、色々不信な点があって気になる。
0	グリズリーさんに惚れｔ、惚れた。うわー！
0	同期より先輩をとった。それだけ。
0	私にというよりは向こう側の人たちに気を使ったんだろうな、とか、でも形だけでも声かけてほしかったなとか、ぐるぐる始まるとまた呼吸困難になりそう。
1	65%もいるって聞いて安心した。
0	世の中の女性の半分が、社会人になると友達が5人以下らしい（年齢にもよると思うけど）。そう考えると、今の私友達には恵まれてるなー。
1	「辛かった時期もいい思い出になった」っていうのは、どちらかというと加害者側の意見だよな。被害者は、完全にいい思い出になったって言い切れる日は来ないと思う。
0	@yamaaki0718 だから私は写真見て呼吸困難してるわけで。
1	なんか、日本風かつ現代風のアニメパワーパフを見たぞ…。返信してるぞ…。あのアメコミ風な良さはどこに？
0	@ARMOREDRAGORA 若気の至りでどっちもある。
0	@ARMOREDRAGORA わーい！ありがとう、お兄ちゃーん！（笑）
0	あっ、動画今日からか！
1	さっそくガチャって、長兄でスイーツ当たった嬉しさたるや。
1	@balloon4221 会社の人すごいですねー！リアルー！ ピクニック姿めっちゃ可愛い♪
-1	今日の夢は、ファミレス（夢の中にはよく出てくる不二家寄りな感じ）でバイキングしてたら、前の職場の保護者達が入学式とかの行事の後に昼食会みたいな感じで来た。100人以上の大所帯で入りきらなくて順番待ちしてるのを、食べ物とりながら挨拶するっていう不思議な夢。
1	オールフリー動画、三男以外見た！面白いね！夏っぽくて良いわ^ ^
0	RT @anime_soung30: 青の祓魔師2期決定 CORE PRIDE #青の祓魔師 #青エク https://t.co/qLZhaRSUst
1	大学の後輩が結婚したそうな。めでたい。
1	背後から蹴って蹴って蹴り倒して半殺しにしたいと思ってたけど、やっぱり実行しとけば良かった。赤△△には罪ないから、さすがに△△にはやらないけど。
-1	って思うくらいには病んでループになってるらしい。、もうね寝ようか。
0	ニュースの流れで観ているBABA嵐がおもしろすぎる件。両親にババ抜き提案したら、3人じゃつまらないって即却下された。
1	@yamaaki0718 弟よ、早く帰ってこーい！
0	アンビリバボー、はらはらし過ぎてテレビの前から動けない&gt;_&lt;。
0	アンビリバボー、不倫がきっかけで、金が欲しいから保険金目当てに自殺するけど、麻原を道連れにしてヒーローになってお金を愛人に残すぜ！っていう犯人の考え本当ぶっとんでて凄いな…。
0	昨日からのトラベル松の威力、ハンパないわー。
0	@yamaaki0718 威力というか勢力（精力）。
0	中華料理むしゃあ。
0	LINEの返信来ない(´･_･`)
0	@yukino010 わー！見てみたい！会おうよー！中華料理食べたいし、水着買いたいし、プール行こうよー！
0	東武、PARCO、ベルモール…とめっちゃハシゴショッピング。
0	ドクターXは水戸黄門展開って言われて、納得。
0	晩ご飯は焼肉の予定です。
0	テレビつけたら、ちょうど嵐が歌うところだった。 by THE MUSIC DAY
0	@senamoru 地元の牛角に行ったよー( ´ ▽ ` )ﾉ
0	@lenyagami お疲れ様です(´･_･`)
1	大きいホームセンター、大きい遊園地、大きい小学校で、それぞれの世界観でワチャワチャする夢。
0	「そういえばヤマアキ、おそ松のカラー本がTSUTAYAにあったぞ。持ってるかわからないから買わなかったけど」っていう昼食時の父からの報告。
-1	最近、自分の予定の立て方がくっそ下手で嫌になる。
0	ちゃんと予定たててたら、今頃せなちゃんデートに誘って、ＯＫもらえてたかもしれないし、ご飯食べてたかもしれないのに。
1	そうか…パソコン大丈夫かしら？
0	@senamoru んー、美味しいと思うよ！ビビンバとか！ 私、牛角とすたみな太郎くらいしか地元で行ったことないけど^_^;
0	今まで自分を育ててくれた母親が誘拐犯とか、もうショックでしかないよね（まる見え
1	Twitter始めてトレンド意識するようになって、初めてこのタグがトレンドに入ってるの見た！かれこれ4、5年ファンやってるが嬉しい（ ;  ; ）#グレーテルのかまど
0	風呂なう、地震（？）なう。
-1	@ARMOREDRAGORA 超寒い。
0	4920円 2500円
0	今日は研修だから早起き。
0	んん？知ってる人っぽいぞ…と思って観察中。
0	松バッグ欲しい…靴よりは（サイズで）ハズレなさそう。
1	めっちゃタイムリーに見ちゃった^ ^ 行った記念に、ディスク買おう( ´ ▽ ` )ﾉ https://t.co/OOO4YK3xzz
0	百貨店と焼肉店で、先日七夕の短冊を書いた。「仕事・私生活の充実」と「お金に困りませんように」的な何かだったはず。
0	「大河の一滴」
0	@muccyan_dayo 平井堅さんの曲だね！私気に入ってるよ！
0	@lenyagami 城南かー（汗
0	@yukino010 グレーテルの再放送を見て、ますます食べたくなーれー！笑
0	@yukino010 私も行きたくてホームページ見たけど、よくわからなかった(´･_･`) ってことは予約制じゃないのかな？
0	@yukino010 格言みたいだねw どうしたw
0	@yukino010 それって結局肉だけじゃなくて、がっつり食べるコースだよw バイキングとかビュッフェ一緒に行く？
0	@muccyan_dayo 前田敦子と平井堅…！（超個人的趣味
-1	この後は草むしりです（空を見て遠い目
1	@yukino010 それは食べ物の美味しさを知っているからやで！ 貴女はもう少し太ってもまだまだ大丈夫よ！
1	@yukino010 どうした！体調良くないの？💦
0	@yukino010 なるほど！私は火曜にスイパラ行こうとして、雨だったから諦めた（笑）
1	@yukino010 マジか！私はずんだにそこまでそそられなかったけど、Twitterのトレンドでは盛り上がってたよ( ´ ▽ ` )ﾉ
0	七夕、もう終わるやんなー。地元では星見られずだったけど、雲の上で再会してますように。
0	RT @ministop_fan: 予告☆7/11からおそ松さんコラボキャンペーン実施ミミ♪オリジナル描き下ろしチケットホルダーは先着プレゼント！まずは兄松が登場ミミ～♪サイコロクッションも当たるかも？ https://t.co/n33UErQTvH #おそ松さん https:…
1	毎年「無病息災」とか「家内安全」を願ってるけど、そろそろ「お金持ちになりますように」とか「結婚したい」とか言い出してもいいかな？
0	あっ、今日雨なんだ。
0	ねむ。
0	地震気づかなかった。あったのか？
0	きょうとあしたのよていがからっぽ。
0	@senamoru 今日は出勤なのかな？お疲れ様です(´･_･`)
0	@shopishopi427 後ろのテレビに映っている物がとても気になります（笑）
0	お腹が空かないので、とりあえずハーヴェスト来てみる。
1	@shopishopi427 おそ松入ってるんだー！懐かしいなと思ったのと、こういうの見るイメージなかったから、思わず突っ込んじゃった（笑）
0	めいちゃん。
0	マグロの唐揚げ買ってしまった…
0	はるくん。
0	@ARMOREDRAGORA めっちゃ魚ー！
1	@muccyan_dayo あっちゃんは「Selfish」でね、平井堅はね最近だと「愛にこだわれ」とか「Plus One」「ソレデモシタイ」かな！アップテンポの曲が好きなの！めっちゃ個人的趣味押し付けてる、ごめん！
0	@shopishopi427 見るのかー！意外だ！
1	納涼祭から帰ってきて、フランクフルトand自家製カレーうどんを食す。うまい。
0	@ARMOREDRAGORA お好み焼きみたいね（笑）
0	@lenyagami 職場にもガッシュとかのビデオがあって、よく観てるよ^ ^
0	@ARMOREDRAGORA あかんのか(´･_･`)
1	@matssssssu 可愛いねー！明日は特別な日？
1	@hoshihikarilife マジかよ！
0	@balloon4221 まじですかー！おめでとうございます🎵楽しんできてくださいねー( ´ ▽ ` )ﾉ
0	選挙行ってきた！
1	@acham127 怪我はない？大丈夫？
1	@matssssssu 素敵な場所ー！
1	@ARMOREDRAGORA いいねー^ ^
0	@ARMOREDRAGORA なるほど！だから天ぷらになるわけだな！
0	@matssssssu 頑張れー！電車の中から応援してる！
1	@acham127 車も大丈夫だった？(´･_･`) 怪我がないのが1番だけど^_^;
0	@hoshihikarilife そうなのかー！ちょっと気分沈むね(´･_･`)
1	@ARMOREDRAGORA かき揚げ要素はどこに…（笑）でも、お好み焼き美味しそうね！
1	天気がいいのに耐えきれなくて、新宿に向かっている。
0	@ARMOREDRAGORA そうか(´･_･`)
0	自分の休みを把握していなかった件。明日休みやんけ…。
0	しかしなぜみんな自民党なんや…orz
0	RT @anime_goodspres: ☆★ RT＆フォローでプレゼント ★☆  おそ松さんのヘッドホンを抽選でプレゼント♪  (((新規フォロワー様は当選率UP)))  当選された方にはDMをお送り致します ※色はお選び頂けます  たくさんのご応募お待ちしてます！ http…
0	中学時代で合唱発表会のリハーサルの時にパート間違えて並ぶ系。母方のいとこand祖父母の家に泊まりに行ったら、鳥飼始めてて、母と祖母と寝たらカオナシが来た、起きたら鼻血で顔が血まみれだった夢。
0	あー、ミニストップ今日からか。
0	新チューボーでキムチ炒飯が食べたくなったから、朝からそれもどきを作った。
0	欲しい物は沢山あるんだ…服、アクセサリー、時計、ヒールのある靴、松とコラボしたルームウェア（下着）とか靴とか鞄とか、化粧品とか、入浴剤とか、顔パックとか。
1	食べたい物も無限なんだ…中華料理、キムチ炒飯、ナス料理、素麺料理、食べるラー油、肉。
0	なんとなく久しぶりにホームページ見に行って、泣きそうになってしまった。実際に会うと涙出てこないのに。
1	@yukino010 鞄可愛いよねー！値段がそこそこするから、いつも予約ためらう(´･_･`)
0	@ARMOREDRAGORA おそ松さんですw
0	@balloon4221 えええ！その時間でそれって凄いですね…そこまでお金と熱意をかけられると怖いですね(´･_･`)
1	@balloon4221 松は値段が優しくないですよね…orz 6つ子たちの為でしょうか（笑）
1	@acham127 そうかー(´･_･`)車は目に見えて残るからショック大きいよねorz
0	@matssssssu まつきちさんを通して、お兄様に送っておきました^ ^
0	何気なくトレンド見に行ったら、声優の神谷さん結婚で賑わっててビックリしたw 荒川アンダーザブリッジ？の漫画家さんと結婚してて子供がいたのかな？ しかしこの話題に関するトレンドに小野さんの名前が入ってたのがもう（笑）
0	auショップで運動公園への道を聞かれる。
0	用事が終わる。
0	1時間ほど前に天皇様のニュースを知った。そうよね、結構ご高齢だものね。
0	@yukarixh あのね！私も耐えきれずにチケット買った！
-1	トレンドが、アイナナと文スト（ナンジャ）and越前リョーマ（ねんどろいど）で賑わってて、そこにぽっちゃり化（アイドル）加わってて、今日の日本も緩そうです。
0	@yukarixh 8月は仕事の都合がわからなかったから、9月の頭にしたよー(´･_･`) 3日の土曜日^ ^
0	@yukarixh ほんとー？わーい！ 今手元にチケットないから、時間確認してみる！ その日は栃木に帰らないから、遅くなる分には平気なの（笑）
0	神戸牛、くっそ柔らかい！
1	「はじめまして、愛しています。」をたまたま見始めたけど、なかなか良いなー。好きだなー！
0	@shiori_yanaka 雰囲気似てるよー？
0	@yukarixh あー！ごめん、チケット見てみたら、私18時開演のやつ買ってた…orz ご飯…（ ;  ; ）
1	3万9千円おろして、なぜ全部千円札なの…いいけど…でもさ…。
0	RT @v_together_: @retoro_mode  ルパン三世PARTⅡ声優陣公開アフレコ ルパン三世：山田康雄、次元大介：小林清志、峰不二子：増山江威子、石川五右ェ門：井上真樹夫、銭形警部：納谷悟朗 司会：マッハ文朱【1978】 https://t.co/3YXOO…
0	@nachikozac 39枚だよ…困ったよ^_^;
1	昼も夜も大学時代の友達とご飯で、楽しい1日だった^ ^
1	夜は、素敵なプレゼントも貰って嬉しかった（ ;  ; ）ありがとう！
0	昨日、友達と買い物中にユニクロに行ってだな。中原淳一と竹久夢二のコラボがあってだな。もー！やばくて！…買っちゃったよね。
-1	@252525abc ついてきてくれてても、ゲームされてたらちょっと腹立つよね。それは向こうが悪いんじゃないかと思う。
1	@252525abc 「俺は大好きだから大丈夫」って、嬉しい言葉ではあるけど、自分が怒ってる時に言われたい言葉ではないよね。仲直りして『あー、大嫌いって言ってしまった』ってへこんでる時に言ってほしい気がする。
1	お土産の、本場の牛タン美味しかった。
0	中華料理カフェなう。めっちゃ地震なう。まだかすかに揺れてる。
1	今日は、高校時代の友達とランチ。気になってた初めてのチャイニーズカフェで、バースデープレートをいただきました^ ^ そんな幸せをかみしめながら電車なう。
0	だらだら見てたら平井堅が「ソレデモシタイ」歌い出して動けなくなった。
0	ケーキ貰ったお礼を言いました。
1	昨日と今日は楽しかったし、今日帰宅したら思いがけずケーキ買っといてくれてたし、幸先良いスタートになったと思います( ´ ▽ ` ) 今年は走り抜けるぞー！
1	@252525abc 仲直りできて良かったね^ ^ ありがとう( ´ ▽ ` )
0	@senamoru ありがとう(o^^o) また遊ぼうね！次はまず牛角かな？✨
1	うあわあ…これプリズン松が絶対栄えるパターンやん。着せ替え出てから、白芋とか出てきてたけど。旅松、着せ替え松からの、公式怒涛すぎる…。
0	@yukino010 @lenyagami ええなあー（にょきっ
-1	@ookamito 嫌な予感w 放置してしまえ！
0	芥川賞と直木賞決まったのね。
0	@lenyagami @yukino010 ええのか！*･゜ﾟ･*:.｡..｡.:*･'(*ﾟ▽ﾟ*)
1	記念日近いんで、西野カナの歌を真似して書いてみたがただの羞恥プレイになった。
0	さっき地震あった。
0	地震あったねー。
0	36.37
0	RT @LeCafe46: FNSうたの夏まつり2016～海の日スペシャル～  48 &amp; 46ドリームチーム AKB・SKE・NMB・HKT・乃木坂・欅坂 ／サイレントマジョリティー  #FNSうたの夏まつり https://t.co/PMaORjWNQL
-1	RT @Shiori_rosepink: 自殺や退職って1番辛いときじゃなくて、そこを乗り越えたときにフラッとしたくなっちゃうのかなって。まぁ今なんですケド。
-1	今日は酒くさいな…。
0	あっ、今日からGO配信なのね。
1	見事にTL？がポケモンGOだらけだし、トレンドもポケモンしかないw
0	@70x3 私も好奇心でやろうと思って見つからなくて放置。
0	@ookamito ポケモンか？！
-1	@yukino010 @lenyagami 土曜がちょっと危ういかもしれぬ(´･_･`)
0	@senamoru ユカイさん出てるやつかな？たまに見てる( ´ ▽ ` )ﾉ
0	初めてのポケモンを手に入れた！ゼニガメ！
1	夢庵なう。今まで地元になかったから、メニューが新鮮で楽しい。
1	@smallcute702 いっちょういいなー！近いし、今度誘ってよ( ´ ▽ ` )ﾉ
1	RT @ciotan: アラサー女子になぜ #ポケモンGO が響くのか  151匹しかいないから。あの頃アニメで見た面子との再会。  簡単だから。バトル必須じゃない。  ハード買わなくていいから。普段ゲームしないし。  小3の頃、ポリゴンショックが起きてアニメ休止になって離れた…
1	いつも強気な人が弱って電話してきて、でも脳内では警報鳴り響いてるから行ってあげられない。ごめんね。
-1	RT @niki_shigeru: 駅や観光地でスタンプを今まではメモ帳に押してたけど、頻度も少なくないことに思い至り、試しにスタンプ帖買ってみた https://t.co/dc68RCcTNL
0	あっちゃんゲットー！
1	妖怪松の勢いがすごい。キャラブックなのかな？
0	@yukarixh ポケモンGOですな！
0	@ookamito イーブイw 近所にいっぱいいるやつw
-1	裁判所はちょっとなー…アウトだと思う。原爆記念館も、入って見るきっかけになるかもしれないけどポケモンを探す行為がアウトだと思う。駅はセーフだけど、線路の上とかはアウトだと思う。神社とかお寺もそう考えるとグレーだけど、遊ぶ場になればまあまあセーフかな？ポケモンGO。
0	今まではウォーキングだったけど、今日はチャリ。
0	@lenyagami 万町って、こっち方面にある万町？
0	バスソルトの香りがめっちゃアップル。
0	@ookamito 地震あったみたいだねー！それかな？全く気づかなかったけど。
0	@lenyagami @yukino010 土曜勤務が交換制？だから、9月か10月に土曜勤務なんだ(´･_･`) 聞けたら、上の人に確認してみる。
1	@yukarixh 都会はたくさんスポットありそうでええなー。うちは駅が近いから（スポット密集地がそこしかないから）、できるだけ駅周辺を散歩してる。
0	@ookamito そうなんだー！
0	@ookamito 鉄板の上にw 熱すぎて辛いねw  というか職場に鉄板があるのね？
0	今日のアニナルは、素顔予想をたてた上で録画せず見もせずだったけど、オールキャラに設定変わっててヒナタいるの見たら最後の方とはいえ即座に予約したよね。
0	@lenyagami いらっしゃいませ( ´ ▽ ` )ﾉ
1	@lenyagami 近いから、時間さえ合ったら一緒に行くよー？^ ^
1	@ookamito じゃあ飲食店なのかな？ ポケスポット２つとか羨ましい〜^ ^私の所は辛うじて１つだからな(´･_･`)
0	昨日twitter見てて驚いたのは、松がゼクシィとコラボしてたのと、小説がもう発売ってこと。
0	ぐうの音も出ない。そしてまたレポート用紙が1枚上乗せされた。
0	@ookamito えっ、いや！同じセリフそのまま返すよ！笑
1	念願のたこ焼き美味しかった！
0	昨日は、奮発してちょっと高めのご飯…あのお店はオシャレだったなー。開始が遅くなったから、カラオケはしごして3時帰宅だったけど、楽しかった。しかしそろそろiPhoneの充電器を持つ癖をつけないと、LINEの返信ためこむことになってしまう(汗
-1	@lenyagami @yukino010 昨日聞いてみたんだけど、もしかしたら3連休の土曜日に入るかもしれん…午前中でたぶん13時までだと思うんだけど、せっかくだし行くなら朝から行きたいよね(汗)　私は無理そうかな(泣)
0	@ookamito 一応、うーん、系統は変わらないかな。後でLINEする！
1	@lenyagami 午前中だったのかな？おつー！　最近仕事でこっちに来ること多いよね？
0	今年初めて自分の部屋のクーラーをつけてしまった。
0	夏祭りなう。
0	今年の土用の丑の日は、回転寿司のうなぎだよー。
-1	@amin261408 @ookamito 今日の暑さの中は辛いだろな…私は諦めた！ みんな城なんとか公園に行くのね（笑）
0	@kasumi_c2h5oh おそらく私もそのお祭り行ったよー！ そしてお母様もチラッと拝見したよ( ´ ▽ ` )ﾉ
0	@amin261408 @ookamito そんな名前なのか！ そういえば、さっき栃木付近を走ってる電車で初めてミニリュウ捕まえたよ^ ^
0	祖母、こち亀（アニメでミュージカル）、BLEACH、大学で卒業パーティー。カードキャプターさくら。小話詰まってる夢。、
-1	ポケモンが、危険な場所ではやるなよって言ってきた。
0	花火大会に来たぞー( ´ ▽ ` )ﾉ
0	@mitsukashi32 小山です( ´ ▽ ` )ﾉ
0	さっきダビングしながら、なんとなくこのシーン見たけど、これ入野自由さんだったんか！まったく気づかなかった。 https://t.co/FpC0YK4DdU
-1	@lenyagami @yukino010 うう…辛い（ ;  ; ）
1	@lenyagami 多分、この前研修で行った所かな…そこ、うちの職場からめっちゃ近いよ( ´ ▽ ` )ﾉ
1	@lenyagami 無事に帰れない可能性があるの…？あっ、もしかして台風？^^;
0	@ookamito @amin261408 さすがポケモン！
1	さっきダビングした時に予約確認しなかったら、見逃して後悔するところだった…！誰か教えてくれればいいのに。
-1	@70x3 まだ40くらいだなあ…。
0	@ookamito そんなんおるんか！
0	んー、なんか立て続けに同じような話題。とりあえず、それくらい耐えれば？って思ってしまう。
1	「優しい人なら解ける」に栃木県宇都宮市の小学校が！
1	日本地図のクッキー型、魚の食べ方がわかるオモチャって面白いなー。
0	中田and亀田風の兄妹が同居してきてダンベル投げつけられる、家族でドライブ中にドーベルマンに追い掛け回される、引っ越しする、夢を見た。
1	今日は暇になってしまったなー。近場で遊べたら良いのだけど。
-1	カラオケの割引券が財布から結構でてきたので、急にカラオケに行きたくなった。誰か行こう！
0	@lenyagami そんなにか！こっちは全然降ってない^_^; これからか？
0	雷めっちゃ来てるーw
0	停電しよった！
0	ついた！でもまだ鳴ってる。
1	おねんどお姉さんにでてきた3歳の女の子、めっちゃ可愛かった(o^^o)
0	2度目の停電でござる。
0	ついた。
0	地響き続いております。
0	1回停電して、2回地響き続いてる。
0	光ってから鳴るまで1秒。地響きのセットが3回は続いてまっせ。土砂降り始まったし。
0	@ohashiozian 聞いてみたいー！いつ出るの？^ ^
0	出勤前にガソリンが無くなる。
1	RT @shio_para: 17時をまわりました〜！ 期間限定・PON！突撃芸人コーヒールンバさんの【PON！コーヒー】が、本日で終了！！ 4日間お疲れ様でした〜☆ 美味しいコーヒーをありがとうございました♪  #汐パラ #PON #コーヒールンバ https://t.co/…
0	花金なのに、明日仕事だから花金感は全然ないよね。
0	明日ね、プールに行くんだ！めっちゃ楽しみなんだ！(o^^o)
0	@senamoru お疲れ様ー！どこでやってたの？
1	サマーフェスタ、ふらふらしてきた。浴衣着られるようになったら、行きやすくなって良いな。
0	@senamoru マジかー！私夕方くらいに行ったのに会えなかった(´･_･`)
0	日焼けで肌が赤くなるなんて小学生ぶりだ…やはり潜ったのがいけなかったか。
1	@252525abc まあ、男子なら使う時もあるから、案外普通なんじゃない？ ある意味健全で良いと思うよ？
-1	@252525abc 保存は微妙なライン(´･_･`) デリヘルの可能性は考えなかったな^_^; でも、私だったら浮気よりはマシかって気にしないかも。
0	@senamoru そうかー、じゃあ会えないわ(´･_･`) 私、17時ちょっと前に大通りに着いたから。
0	後輩も結婚するようで。
0	朝、体操男子団体が金メダルを取ったニュースを見た。同年代の内村航平さんや、19歳の白井さん、その他の方々の綺麗な演技に涙目になりながら一通りニュースを見ました。おめでとうおめでとう。
0	@70x3 わかる。
0	ここ行ったことある気がする。 https://t.co/1l1tMheWmM
0	だめくっそ腹いてえ…。
0	トイザらス、おもっくそ久しぶり過ぎる。全然わからないから、とりあえず端から見てる。
0	ブランド柄の甚平…。
0	SMAP解散とポケモンがトレンドに並んでる。
0	んん…事務所が発表したか…じゃあ仕方ないな…事実だな…。
0	むかし話のエンディングが、いつの間にかイラストかつポップに…。
0	#まと打って最初に出てきた単語が私のバイト先でのあだ名  【間にか】とバイト先で呼ばれてます。  #LINEバイト から毎日500名にLINE ギフトコードをプレゼント🐥 参加はこちら https://t.co/pTSPPv84yH
0	勤労奉仕（ボランティア）、着物用の長いやつ→衣紋掛（ハンガー）。
0	@70x3 せやろ！ てか、そっちがありすぎるんだと思う。
0	久しぶりのサザエさん。堀川くん、相変わらずのマイワールド。
0	今たまたま見てる「スカッと」の忍成修吾さんのやってる役、カラ松そっくりじゃない？と思ってしまったw
0	例えるなら、頭痛と吐き気でクラクラしてたところにボディーブローくらった気持ち。
-1	嫌な予感はしてた。
0	こーゆーの！あーもうやだ！しがらみ！
-1	iPhoneぶん投げて半年くらい放置してやりたい。
0	7時頃起きて、朝ココスのために半ごろ家を出て、ついでに地元のローソン２つ。
0	@matssssssu 行こうと思って迷ってたやつー！どうだったー？^ ^
0	ローソンの結果、最初の店でクリアファイルだけ手に入れた。
0	アクリルは黄色とピンクが１つずつ、栄養ドリンクは思ったより高かったからあったけど買わず。
1	@lenyagami いいねー( ´ ▽ ` )ﾉ 天気はどうですか？
0	@70x3 モモノキ聞いてるんだねw
0	@lenyagami 酔うの早ぇw 笑い上戸w
0	RT @860masjp: SMAP解散、号外発行らしいですね。 SMAPよりも、「年金を株賭博でスッて何十兆も損して、儲かったのはほとんど安倍さんの仲間の企業と役員だけで、そのうち国民の年金支給は70歳か75歳からになります。でも、公務員の年金は減りません」というほうが、よっ…
0	明日は休みじゃ！
0	今日は、1日トレンドが吉田沙保里さんだったなー。
0	36.63  36.57
1	吉田沙保里さん、銀メダルだったのかー。それでもすごいぞ！流石です！おめでとうございます！
0	はなきんだー！予定何もないけど！！
0	あー揺れてるー、と思ったら震度4あったらしくてちょっと驚いた。
0	@mtmtusachan ん？んん？
0	RT @nya_ma_tsu_: 語源っていうか「お粗末」という言葉の使い道を知らん内に、先に「遅松」を知ってしまった若い勢が居るっていうのに、ジャンルの裾野の広さを感じた
1	向こうでた時は、降ったり止んだりかつ土砂降りだったけど、落ち着いてきたみたいで良かった。
1	渋谷から離脱！今日は、ヒカリエ行って、ピーターラビット展見て、楽しかった^ ^
0	@balloon4221 あっ！3coinsって今日からでしたっけ？(´･_･`)
1	今帰宅して、twitterのトレンドで作新の甲子園優勝を知る。自分には縁（興味）のない野球や甲子園でも、やはり地元の事になると素直に嬉しいし、誇らしい気持ちになります。本当におめでとうございます☆*:.｡. o(≧▽≦)o .｡.:*☆
0	@yukino010 あっ、もしかして今日って長男受けオンリー？暑い中お疲れ様です^ ^   プラネタリウムも行ったのねー( ´ ▽ ` )ﾉ スカイツリーの方だっけ？
1	ずっと大切にとっておいた、ハーゲンダッツの「ラベンダー＆ブルーベリー」「ローズヒップ＆ラズベリー」を母と父と食べる。
1	@balloon4221 ああーっ！まだ先だと思ってました(´･_･`) 近場にはないので、近い休日で行かないとです^_^;
0	なんかサザエさんにしては声がイケメン…と思ったら、この人だった（笑） https://t.co/QuKjtuxUAg
1	@balloon4221 えっ！いいんですか？！ でも、シフト確認したら、明日の休憩時間になんとか寄れそうなので、とりあえずは自力で行ってみたいと思います( ´ ▽ ` )ﾉ ありがとうございます（ ;  ; ）
0	@balloon4221 ありがとうございます（ ;  ; ）
0	えっ、明日と明後日台風なん…？
0	@matunomiya 私も、なんならボイス付きでほしいです…。
-1	@lenyagami あっ、研修明日だったか…いろいろ台無しね(´･_･`)
0	がんがん雷雨雨。
0	殺せんせーに惚れられてどろどろの独占欲見せられたり、ビッチになって逃げまくる夢見た。
0	いっちょうなう。きしめんとくずきりがなくなったとショックを受けるうね氏。
0	#私の夏の思い出 浴衣の着付けを覚えて、自分で着られるようになった^ ^  #LINEバイト で夏の思い出をシェアすると必ずLINE ポイントがもらえる！ #スタンプ5個分のLINEポイントも当たる  【参加はこちら】https://t.co/IKmWA2AwKO
0	友達の家で、たまたまジャンプのBLEACH最終回を読む。NARUTOみたいな終わり方だったなー。
0	めっちゃ雨だけど、今日の蔵の街花火大会やってるんだろうか…。やってるなら、今年の夏の締めに行きたいんだけど。
1	【ゆる募】中古で良いから、1人暮らし向けの家電。
0	蔵の街花火大会行ってきたー( ´ ▽ ` )ﾉ
1	@shiori_yanaka あら、懐かしいお顔ー！
0	トレンドの、復活のFは録画済みです。
1	@shiori_yanaka そうなんだー！くっ、東京羨ましい…(´･_･`)  ずっと前にたまたま会ったきりだから、機会があれば会いたいなー( ´ ▽ ` )
0	@ookamito さすが空港だなー！ 旅行？
1	日テレの24時間テレビなう。感動で泣く（ ;  ; ） 手越くんカッコいい。 笑福くん大きくand可愛くなったなー^ ^
1	今年の24時間テレビのＴシャツ、デザインが好き。今までのより、誰でも着やすいよね。
0	花江夏樹さん結婚しただと！
0	父親と見てきた！
1	「作新学院」がずっとトレンドにいて、なんだか嬉しい。
1	@yukarixh 周りがそんな話ばかりなのかな？すごい客層w
1	@yukarixh マジかー！今週末楽しみだなー(o^^o)
0	@yukarixh んんっ！ 私、ラストシンデレラ時代から抱かれたいと思ってたから、舞台で生を見たらヤバイかもしれんw
0	@yukarixh それやー！笑
0	@ra_men_rider 楽しみにしてます(o^^o)
-1	「相変わらず私服だっせえな」と小声で言われたらしい。んと、まず、こう言われて不快にならない人って少ないと思うのね。
-1	前からずっと思ってたっていう雰囲気がもうまず不快だよね。いや、人によって感性も常識も世間も違うから、いちいち気にしてたらキリがないんだけどね。
-1	自分では外に歩けるレベルだと思ってた分、余計だよね。別に普通だったと思うんだけどなー。 相手とセンスが違うんだって思えばいいだけなんだけど、私気にしいだから、それはとても難しい。
-1	もう他人に私服着て会うの嫌だな、制服あればいいのに。周りのみんなもダサいと思ってたんかなー。
-1	んー、その人含め周りの人みんなに毎回「私服だせえな」と思われてたら、私もう引き篭ろう。楽しみの前に嫌なこと聞いたわ。いや、相手にとってはただの軽い世間話だったんだろうけども。
0	あー！モヤモヤしてても仕方ない！ポケモンGOしに行こう。今の天津木村のしくじり先生終わったら。
0	ドラゴンボールZを見る。ピッコロ…。
0	むつ、やつどき、うしみつどき。
0	はあー…先程、来月の着物着る予定をキャンセルすることになった。まあ、履く予定だった草履があんなに驚異的に小さかったら仕方ない。
0	さっき帰宅して、とりあえずトレンドで判断したけど、ボンビーガールに出てる現役高校生夫婦（子持ち）が嵐って感じね。私なんかは、ボンビーより無計画だなと思ってしまうし、高校生は早すぎだろと感じる。
0	あいふぉんちゃんの容量が足りないから、アップロードできなくて、へそうぉも進まない。
0	今日欲望に負けた結果、ガチャガチャが四男だった。
-1	息が酒臭い気がする。
-1	今日は、鳥放題に行く事になった。
0	あー！久しぶりにへそうぉできた！
0	父とポケモンGOしてきた（笑） というより、散歩に付き合わせた。
0	今日はこれから渋谷に行くよー！ヒカリエ！
0	あーはいはい、リア充幸せ者ねー。
-1	前までは「うぇーるかーむ！いらっしゃーい！」だったのに。自分の現金さと無情さに鼻で笑ってしまう。
1	@yukino010 こちらにはこちらの事情がいろいろあるので、中古でいいのです。長い間使う予定もないし。
0	@yukino010 謝られた(´･_･`) さっきのツイートはパソコンからだったから、顔文字とかが使えずそっけない感じになっちゃったからかな？💦 なんだかゴメンね(･_･;
0	クッソ長い列…指定席ちゃうん？！と思ったら、当日券だった。
0	何気なくトレンド見たら、こち亀連載終了のニュースを見て震える。
0	まさか席を見つけるために迷うとは…orz
0	休憩なう。とりあえずやばい！
0	今日は、1ヶ月以上前から楽しみにしていた舞台を観てきました。舞台で初めて生で見た芸能人は、小池徹平と三浦春馬。
0	スヌーピーミュージアムに行ってきた( ´ ▽ ` )ﾉ
0	@hoshihikarilife えっ、私今そこにいる！
0	「袋イラナイデスカ？」と聞かれて、条件反射で「はい」と言った結果、セブンのプリンを片手にポケモンGOをしている。
-1	21時から8時半まで寝た結果、もうTwitter追うのが大変。LINEもこういう時に限ってめっちゃ来てる。
-1	ちょっと心がざわざわする、というか怖いから、後で、後で見る…ごめん…。
0	今更マツコの知らない世界で、無印と３coinに行きたくなった。
1	無印のご祝儀袋の可愛さ何なん！あれは買って来て使いたい。使おう。
0	予想してた事が当たってた分、ダメージがでかい。自分が思ってるほど同じ立場に思われてないってわかってはいたけど。
0	小説書きたいな、あいあい！
-1	精神が不安定だし、目は疲れてるし、太ってるし、私今人生の中で1番自分のこと卑下してるし、どうせ医大の中で今1番最下層にいるだろうなっていう自覚はある。
0	現実逃避、って打ったら「現実豆腐」ってでてくるパソコンの予測変換。
0	@yamaaki0718 これ、「どうせ医大」じゃなくて「同世代」だ。
0	@hoshihikarilife 久しぶりに会いたいねー！ そっち行く機会があったら連絡するね( ´ ▽ ` )ﾉ
0	GOのために出発したら、仕事帰りの父に会う。
0	あーはいはい。
0	@muccyan_dayo うふふ^ ^
1	@hoshihikarilife それねえ…きっと意外と美味しいやつやで。
0	うっわー！だめだー！うっぜー！（じたばたごろんごろん
0	参勤交代見たいけど、今日は初日ゆえのめまいが酷いのでもう寝るしかないと思う。明日はたまたま休みだったし、ちょうどよいね。
0	そろそろ蓮さんに連絡とって会わないと禁断症状出るかもしれない。しかし時間がなー！
0	@muccyan_dayo 環境が今までと全く変わるわけだもんね、ばたばたするよね^_^;   （と合ってるか自信ないけど言う
1	@yukino010 さてはお主、仰天ニュースを見ているな…！
-1	お腹が痛いという事態に…orz
0	夜から雨が降り始め、先ほどから雷が鳴り始め、今は空が花火かというほど光っております。
0	福原愛ちゃんが結婚してた、だと…！
0	腹痛え…くっそ。
-1	@27_yuka 退園にはならないと思うけど…妊婦さんになって産休入ったりすると、早朝and延長保育が利用できなくなるくらいじゃない？早めのお迎えをお願いされたりとか？
0	「ルパン三世」新作の主人公は五ェ門　「LUPIN THE IIIRD 血煙の石川五ェ門」2017年2月より公開 https://t.co/Xo8U6CYGe1 @AnimeAnime_jpさんから
0	トレンドの「跡部様のクラスメイト」に吹いたw
1	@hoshihikarilife それな！すごくわかるよ！最終的には断食だと思う。
0	@lenyagami 一眼レフ！ええなー(o^^o) 旅行に備えて？
0	@lenyagami なんだと！そう言われると行こうかと思ってしまう！ しかし今ちょうどアシ（車）がないんだ…orz
-1	@lenyagami 今から親が帰ってくるみたいだから、12時くらいには行けるかなー。
0	@lenyagami じゃあ、今から行きます( ´ ▽ ` )ﾉ
1	サンリオと自然公園が混じったような遊園地に行く夢をみた。
0	@yukarixh わかる！私もリッツとオレオ買った^ ^
0	この囚人松はどこから来たんだ…。
0	@ookamito 小松さんって誰ー？
0	昨日お会いした蓮さんのトータルコーディネートがめっちゃ自分の好みドンピシャだったから参考にさせてもらおうと思ったんだけど、まず私あんなにスタイルよくないし、すらっとしてないし、顔丸いからあんなに髪短くできないし、あれっもうこれどうしようもないんじゃない…？って結論になった（ry
0	@ookamito そうなんだー！前ちらっとここで話題に出してた人よね？
-1	@hoshihikarilife 血は、ほんまの最終手段やな…無駄なものからザクザク削るしかないよね(´･_･`) 私はまず趣味から削るかな。
-1	もえこちゃんも出てきたけど、高校（共学）にいて、なぜか高校で婚活サイトに登録しながら生活してる夢。サトウキビ畑の世界観で、大家族の女の子になって、隣の劇場の貧しい踊り子を助けて、サトウキビ⇨里芋の干し芋を作ってお金持ちになる夢。
-1	思いの外、相性が悪いというか嫌われてるみたいで辛い。
1	@balloon4221 まさかの雪山でしたw 雪山からBL（おそ松さん）への移り変わりがすごいですね（笑）
1	@hoshihikarilife んんっ、すごい発言だなw それはお兄様に直接聞いてみたら？笑
0	あー、やっぱり地震だったんだ。
0	キューピーと福山雅治のせいで、ここ数日マッシュドパンプキンが食べたくて仕方がない。
-1	父の録画してた番組で、我が県の漢字が「日本人が1番漢字で書けない県」に認定されていたw　父は最初不思議がってたけど、他県にしてみたら日常生活で書く機会がないから、仕方がないと思う。
0	でも、「茨城」とか「岐阜」もなかなかだと思うのよ個人的には。県名以外書く機会なくないか？
1	@acham127 私が初めて会った時から、ずっと可愛かったよ？（真顔
0	初めてWARABIに行ってきた。
1	すっごいさらっと言ってるけど、よほど脈がない限りどん引かれるパターンじゃないか？　サイズとか好みもあるじゃないか…（と真面目に考える https://t.co/CEtLbqw0Xt
0	ちゅちゅあんな、ここで赤をチョイスするとは…。 https://t.co/3zQhLUK6sX
0	すき家調べてみたら、最寄りのお店2店ではやってませんよーって書いてあった。
0	最寄りの2店舗、そのうち１つは徒歩10分なのに。
0	アリス＆プリキュアショックがすげえ。
1	RT @kuroneko402: 小学6年生（現在中1）の女の子が田んぼの側溝に落ちたカエルを助ける為に考案した「お助けシュロの糸」がカエルばかりか生態系を救っており、側溝製作会社や世界の学会の学者までも共鳴させたって話いいなぁ。親御さんの見守るだけって姿勢もスゴイ https…
1	トレンドで知ったけど、アニメのポケモンの絵柄がすごいことになっているらしいな…作画崩壊なのか、強烈なイメージチェンジなのか。
-1	そーいえば、昨日久しぶりに持ってたブログ達を更新した。ここ数年は1年に1度くらい何かをきっかけに思い出して更新する程度（笑）
0	@kanaelmon ７、ちょっと欲しいんだよなー。買おうか迷ってる。
0	もはや今まで見ていた友達も存在を忘れているに違いない。
0	@lenyagami 私の最初の難関日…orz
0	幼馴染のSとAがまた夢に出てきた。今度は3人で北国に旅行に行こうとする夢。
0	ぽけごーぷらすもiPhone7も今日発売なの？
0	やっと出たー！チョロだったーorz
0	マイカーの点検なう。
0	@muccyan_dayo まさかの浦和w すれ違うね^_^;
0	@kanaelmon ポケモンGOやってるのー？
1	@balloon4221 初仕事お疲れ様です( ´ ▽ ` )ﾉ 始めに松兄弟だなんて、幸先いいですね（笑）
0	@kanaelmon 知らなかったー！
0	@kanaelmon ですよねw 言われた覚えないもんwww
0	桃むさぼり食べたから満足。
-1	咳ひどいよ。
0	2は「分かれる」じゃなくて「ペア」という考え方らしい。と買い物で知ったので、しばらくそちら派で行きます。
0	桃食べて、少し残して紅茶にイン。これやりたかったんだー！
-1	ふーとーあったー！って思ったけど、心もとない感じが微妙。
-1	現実逃避過ぎて、ポケモンGOからの風呂。なんも準備してないのに眠い。
-1	そんな中、うっかりポケモンの巣とやらを検索してしまった自分。んんんっ…めっちゃ行きたいけど、GOの為だけにそこに行くのは嫌なんだ…orz
1	とりあえず自分が住んでる県内メインに探したんだけど、持ってないポケモンに限って、私が最近（ポケGOリリース前）行った場所に出現してて、なんとも言えない気持ちになる(´･_･`)
1	美容室終了ー！早めに終わってよかった！急いでノータッチの支度せねば(´･_･`)
0	【メモ】雨降ってるから、傘！傘！
1	友達の結婚式に行ってきましたー( ´ ▽ ` )ﾉ とっても素敵な式でした✨ これからちょっと休憩して二次会に行きます🎵
1	@senamoru 「制服のマネキン」いいよねー！
0	トレンド見たら、今日録画したこち亀を早々に見たくなった。
0	@ARMOREDRAGORA おぉー！
0	@ARMOREDRAGORA んんっw
0	RT @hiroto0111: -絶滅黒髪少女　Mステver  #NMB48 #Mステウルトラフェス https://t.co/mjuSe7d5Uc
0	21位だった。
0	@ookamito すっげー！フラワーパーク？
1	@ookamito 私も今日行ったんだけどー！笑  ピッピの方が多かったよ^_^;
0	あ〜！NEWSだわ〜！☆*:.｡. o(≧▽≦)o .｡.:*☆
0	@amin261408 一気に増えすぎでしょ！笑 それのためにディズニー行きたくなっちゃうw
1	@ookamito 午後がいいのかね？私、午前中に行ったのよ^_^;
0	Mステなう。久しぶりにあゆの曲聞いたなー。声が男っぽくなったなーという印象。
-1	@ookamito そうなんだ！結構全体的に回ったつもりだったんだけど💦  蓮の花ばかり見てたのがダメだったのかしら。
0	@amin261408 ポケモン目当てで行ったのか！すげえw 私は話聞いた後にMステ見て、ますますディズニー行きたくなったよ^ ^
0	ツイッターで友達とポケモンGOを話題にしていて思いついたんだけど、プレイしてる人たちで集まってポケモンの巣を巡る1日を作りたい。みんなで喋りながら探し回りたい…。
-1	@ookamito 今回は蓮の花見たくて衝動的に行っちゃったからなー…ヒトカゲを狩る勢いで行かないとダメなのね(´･_･`)
0	@amin261408 Mステでは、ミッキー達が来て、ディズニーソングやってたんだよ☆*:.｡.  んー、迷うなー！でも、問題は現時点で同行者がいない事だね！笑
1	グレーテルを見ながら、ホットコーヒー。
1	@amin261408 彼は、ポケモンはやってるけど、人混みが好きじゃないのよね(´･_･`) 多分ディズニーもそこまで好きじゃないから、望み薄だね！
0	前は、その日出てくるお菓子を食べながらグレーテルを見てたけど、最近はカロリーとか考えちゃって甘めのホットコーヒーにしてる。
1	@ookamito 今まではイルミネーションの時に行ってたから、蓮の花の時期は初めてだったのよ^ ^   準備を言うなら、ボールは十分だったんだけど、充電はイマイチだったね^_^; あと、私のやる気が足りなかった（笑）
-1	非常食と皿！って思っちゃった辺りがもうダメだよね。
0	リアルタイムでグレーテル見た後は、この前買った桃を食べながら「ピーチ・メルバ」の回のグレーテル。
0	@ookamito バラのポスター貼ってあったけど、バラの季節って何回かあるのかしら？    今日は、ばっちりスニーカーだったのにorz
1	@lenyagami ポケモンに熱中しても良いなら…（小声
-1	@amin261408 今日言ってみたら、寒い季節になったら行ってくれるってさー（笑）
0	@amin261408 はっ！そこが問題だ((((；ﾟДﾟ)))))))
1	そうか、「どうぶつ奇想天外」やってるのね。
0	そうそう、今日すみだ水族館帰りの地元の駅のニューデで、キシリッシュを買ってしまいました…orz
0	そそそそっと、SMAPのアルバム投票に行った。
0	へそウォ、チームが２つできるようになっとる！
0	@muccyan_dayo おめでとう☆*:.｡. o(≧▽≦)o .｡.:*☆
0	はいっ、すーん。
0	国語のテストでカンニングして見つかったり、保育園兼工場で働く夢を見た。おはようございます。
0	コメダなう。コンセントめっちゃフル活用（笑）
0	整体に来ました( ´ ▽ ` )ﾉ
0	@balloon4221 そう言われると、赤ちゃんにしか見えなくなってしまうので止めてくださいw
-1	おそらく人生でめったにないことだと思うが、人を気持ち悪いと思ってしまった…。
0	「おそ松さん×サンテPC」ではカラ松が「ブルーライトガールズ」を募集しています。カラ松のイタさは取れませんが、目のイタみにはサンテPC！ https://t.co/pYGPkLvNHk #おそ松サンテPC
1	@ookamito いいなー、まだコストコ行った事ない(´･_･`) 楽しそうってイメージはあるんだけど、値段ってどうなの？
1	@252525abc 素敵な誕生日だったのね♡
0	もしかして私、最初の結婚式以外、ナフキン全部会場に忘れてるのかしら。多分、先日の式のやつも置いてきちゃった気がするorz
0	よしよし、降ってきた。
0	【#今だから言いたい長所をシェアして3万円】 実は私の長所は【笑うとえくぼができる。】  あなたの長所は？参加はこちら→ https://t.co/91zjYyjRAH #LINEバイト #バイト魂
1	人生で初ジョイフルなんだけど、ドリンクバーの梅ジュース美味しい。
1	初・トチバルエースなう。美味しい^ ^
0	いつメン＋小学校の懐メンと遊んで車を庭で暴走させ父の車をぼこぼこにして、治すためのふきんを探す。ひなこちゃんをつれて、外国人の校長先生のいる小学校に遊びに行って、昔の小学校の先生に近況報告する夢。
-1	寝坊したのはお酒のせいで、二度寝したのは夜中の蚊のせい。
0	ポケモンGO、いつのまに捕まえた場所（国とか県）出るようになったん？
0	@70x3 私は今日ストライク生まれた…嫌ってほど捕れるから別に要らない。
0	@kanaelmon アップデートしたんだ！知らなかった^_^;
0	笑点で、まさかのおそ松さんネタw
0	@70x3 そーゆーのって、やっぱり10㎞のからしか出ない？
0	@ookamito 行ってみたいわー。
0	@70x3 検索するという方法があったか（目から鱗）　　さっそく検索した。
1	えっ、何、瀬戸君新しいドラマ出てるの！？てかそのドラマもうやってるの！？
0	学校に中学の同級生で立てこもって銃持ってサバイバルしたり初恋の人と外の階段下で致したり、前の職場の１つ上の先輩がたと仲良く風呂してドライブする夢だったわ。
1	RT @ra_men_rider: 本日AO木さん誕生祭！ 【店長おめでとう！】コールで主役自らのマネーでトッピング1品サービスします♪ 皆様祝ってチョーだい^ ^  本日よりケーブルテレビうららにて紹介される予定です！ 10:00  18:30  23:30の予定です 感想お…
1	RT @osomatsu_sante: 【ブルーライトに気をつけろ キャンペーン！】このアカウントをフォローして、この投稿をRTすると、ド派手！光るカラ松痛ペストリー＆特大クリアファイルを1名様にプレゼント！ https://t.co/HGajO3VGps #ド派手カラ松 ht…
0	【目意識ライジング診断】疲れ目度合いはチョロ松並み。計り知れない疲労感にキミは気づいてない！今すぐサンテPC！ https://t.co/DLSx3DgFnp #おそ松サンテPC
0	【ハーバード風疲れ目診断】疲れ目度合いはチョロ松並み。疲れに覆われたこの世界。サンテPCが救ってみせる！！ https://t.co/fspNaqM7Wp #おそ松サンテPC
-1	最近の目の疲れが酷いので、おそらく花粉症用以外の目薬を初めて買った。
0	前コラボと聞いて気になっていた、サンテPC。あと、めぐりズム。
0	えっ、さっきの「仕事帰りに買った物」ツイートが10000ツイート？えっ？
0	なんかツイリス？なんだ、よくわからないけど、モブサイコ？で埋まってる…。
1	うららなう！これだー！
0	昨日はなかったファイルがあったから、つい車用に買ってしまった。ちなみに四男以外は揃ってた。
0	長男と末弟だけ2枚あったから、今回は長男買った。
0	高校の先生にお会いしたー！
0	セブン、ローソン、ファミマ、サンクス、ミニストップ。
1	明日、研修の後に職場の人たちみんなでご飯食べるの嬉しすぎて寝られない。
-1	なぜ起きた時に左首の裏（髪で隠れている部分）が蚊に刺されているのか。しかも地味にでかい。2センチ以上はある
0	シュークリーム食べた。
-1	今日のNARUTO（アニメ）、クライマックスだから見てみようかなーって思ってたやつやん…放送終わった直後くらいに気づくって何。
1	@balloon4221 同じですね！嬉しい(o^^o)
1	研修の後のランチ、美味しかった。職場の人とご飯食べるって楽しい事だったんだなー。
0	この前お見かけした時、嫌そうというか避けられたというか隠れられたみたいな感じなので、それ以来好きじゃない傾向に考えつつある。
-1	朝ツイートした虫刺されは、腫れが引かず、赤いままで、かつ痛いままであります。首にできるとか怪しすぎて不安。
0	と、息をするように日記のようなツイートをして寝る。明日は花金だよ！
0	ドレス、学校、宿題（漢字）、料理っていう夢メモ。
-1	@muccyan_dayo さむいとちぎへようこそ( ´ ▽ ` )ﾉ
0	明日のために服を買わねば！とか思って来たけど、今日仕事遅くて疲れたのもあるしお腹減ったしで、「どうせ私の事なんて誰も構わないだろうし、影で言われないレベルの服にすれば、買わなくてもいいや」って話に落ち着いちゃった。とりあえず手土産買えたからもういいや。
1	いや、欲しい秋服はあったんだよ！ 私いつも張り切って夏服ばっかり買って、秋冬服は品薄だから、新しいの買うつもりではいたんだよ！
1	今秋初秋刀魚！さんま美味しい。
0	父以外が結婚式の会場を間違えて、（なぜか黄色のカラードレス）車で向かう。途中の駅で降り口がなくて手こずる。そこでイケメン3人と出会う。その3人が自宅に来る。帰宅後名札が落ちていて小学生だと知る。その後、はるくんの家と勘違いして職場の人が来る。そんな夢。
0	@muccyan_dayo なんとー（ ;  ; ） さようなら〜ノシ
0	28年前に、アンパンマンが放送されただと！
-1	大型トラックを父と運転して、葬儀屋の窓を軽く傷つけて、謝罪に行ったら疎遠になってる中学時代の親友と会う。学校で友人Tに「最近のうまくいってないとかうざいツイートなんなん」って言われる夢。
0	@boono333 運動会お疲れ様でした( ´ ▽ ` )ﾉ 年長さんだから、最後の運動会だったのかな？  NEWSの曲は何にする予定なの？^ ^
0	@ARMOREDRAGORA ジムの場所w
1	@ARMOREDRAGORA 看板に吹いたw 海辺いいねー✨
0	やることはあるのにひまと言ってみる。
1	だって天気がいいから出かけたいんだよー。出かけるところないけど。
-1	@ARMOREDRAGORA どこかにふらっとしたいくらいにはひま(笑
0	両親の結婚記念日なので、家族でケーキを購入し、そのおこぼれをもらう。買い物にもついて行き、オコリザルをゲットする。
0	干したふかふかの布団で寝る。
0	エースコック、味噌も醤油も、我が家のNo. 1はとれないみたい。
1	今日のちびまる子ちゃんは良い話だった。誕生日のおじいちゃんのアルバムを作るために、隠れて写真を撮る話。
0	シンプソン裁判、なかなかだわ…(´･_･`)見るの止められない。
0	ディズニー行きたいかもしれない。
-1	えっ、なんか急におなか痛いんだけど。
0	RT @osomatsu_sante: 【サンテンのつく日キャンペーン】このアカウントをフォロー＆この投稿をRTすると！抽選で6名様におそ松兄さんのポスターをプレゼント！応募期限は10/13までですよ！ #おそ松サンテその1 https://t.co/Z6yrgvT56o ht…
-1	@ookamito 1回くらいは行ってみたい…贅沢してますなー！
1	@yukino010 @lenyagami すごいさりげなく私の名前入ってて吹いたw 曜日にもよりますが、参加したいです( ´ ▽ ` )ﾉ
0	@lenyagami 6年4組って、私がリツイートしたやつよね？ 気になるよねー！^ ^
0	あれ？思ったより跡部様の生誕祭お祝いされてないのかな？トレンドにないなー。
0	今日は、ストップ多めの場所で研修です( ´ ▽ ` )ﾉ
1	RT @shokooka: 審神者のみんな～！明日発売のジャンプスクエアに花丸刀剣乱舞の読み切り漫画が掲載されるよ♪購入したあかつきには是非！ついででいいんで！！！新テニスの王子様を読んでくれ！！！！私の超絶推しメン立海大付属真田弦一郎と幸村精市が！！！初めて！！！！ダブルスを…
0	松アニメ、今日で1周年なのか！
1	@lenyagami 楽しそうだよね！行ってみたいわー^ ^ 今度行っちゃう？
0	@senamoru そうなのか！じゃあ、一応盛り上がってたのかな？^ ^
1	@yukino010 @lenyagami 私も詳しくは知らないけど、多分店名だと思うよ( ´ ▽ ` )ﾉ
0	@yukino010 @lenyagami にわか知識で言うなら、学校をコンセプトに作られた飲み屋さんってところかな？気になるでしょ？^ ^
0	有楽町  ラ・メール・ブラール
0	@lenyagami お昼ご飯食べてたら、テレビに出てたさー。気になった！
0	@lenyagami せやろー！昼はオムレツ、夜は6年4組のハシゴとかどう？w
0	被ることに怯える、嫌味陰口言われることがなくなったので、つい今まで着られなかったエプロンをヘビロテしがちです。
0	熱があるけどホグワーツ系の学校に授業に行って遠くの彼との文通がばれ彼が学校に来ちゃうとか、奴隷系の扱い受けてるお金持ちかつ魔法使いの家に戦い挑む夢。
0	@yukino010 おすそ分けに来てください（笑）
-1	久しぶりにディープな会話になる我が家。つらい。
0	資生堂のCMが「女性差別」「セクハラ」とか言われてるらしいけど、みんなちょっと過剰反応しすぎじゃない？そう思うからそう見えるだけでしょ。
0	色々なものに文句言い続けてたら、何も宣伝できないし何も表現できなくなる。
-1	自分ではどうしようもない問題もあるけど、わかってるけど、それでも辛い。涙が勝手に出てくる。しかもずっと出てくる。
0	賭けに勝って、ハーゲンダッツを手に入れた！笑
1	@252525abc ディズニーいいなー！
0	@lenyagami この3連休で旅行だったのね！楽しんできてー( ´ ▽ ` )ﾉ
1	@yukino010 ご飯のおかずにぴったりじゃないか！食べたいぞー！
0	理想と現実が違うなら、違うなりに楽しもうという考えになれてきた。
0	今日の夢も、スーパーと保育所が合体したような場所で、その中でいろいろあるっていう夢だった。
0	今日のポケGO。100匹目のポケモンは、進化させたピクシーだった。今日地元で3匹ほどピッピを捕まえたおかげ。
0	@lenyagami ごめん、この返事今気づいた(´･_･`) やったー！
1	生まれた（家の）時から数えると、3回目の引っ越しなわけだが、今のところは楽しくやっています。
0	@ARMOREDRAGORA リア充してますね^ ^
1	しろあとといろ、に行ってきました^ ^
0	@ARMOREDRAGORA そうかな？しろあとといろ！笑
0	@ARMOREDRAGORA 引っ越したよー( ´ ▽ ` )ﾉ
0	@yukino010 まだ引っ越ししてる途中かな^ ^ 少しずつ進めております( ´ ▽ ` )ﾉ
0	@ARMOREDRAGORA 県内です^ ^ お祝いはいつでも募集中です（うざい
0	RT @711SEJ: 10/18新発売☆「ハーゲンダッツ ジャポネ＜くるみ黒蜜こしあん＞」セブン限定発売！ @711SEJ をフォロー&amp;RTすると、抽選で3名様にハーゲンダッツミニカップ100個分(ミニカップギフト券50枚)プレゼント♪ https://t.co/Qn3ZeV…
1	@Pontoma 時給2,000円なら、ボーナス出なくてもいいわあ…。
1	RT @2top_momoko: SMAPのコンサートにて  ①初日のコンサートのチケットがすごく売れる ②札幌はチケットが比較的売れない ③失敗しているSMAPが観たい  以上スマヲタのことを 把握している中居正広  いやいやあなたの愛が 世界一重いですから♡←  #ミになる…
1	帰宅して落ち着いたのが遅くなったわけだが、とりあえずTwitterのトレンドを見て録画してある「逃げ恥」がおもしろそうだったのと、録画してない「マツコノ の知らない世界」が秋文房具でおもしろそうだったのは理解した。プロの独身ね、なりたいよね。
1	ちなみに、今日は松色との噂のチョコレートを初めて食べた。美味しかった。
0	@yukino010 ありがとう！    あとはカーテンが届き次第服を運ぼうと思っているから、大体は終わりかな？  お祝い是非お願いします！笑
0	学校では何かの研究でそこらへんに電話、別の場所では何かしてて忙しい夢だった。
0	@ookamito 仕事？
-1	@yukino010 金曜がダメなんだよね？じゃあ、急だけど明日かな？みんなの都合が合えばだけど^_^;
1	@yukino010 じゃあ、蓮さんも大丈夫だったら今日だね！( ´ ▽ ` )ﾉ  19時頃集合でどうでしょう？
0	@252525abc もしかして一緒に住んでるのかな？ 奥さんですね^ ^
0	@ARMOREDRAGORA 触れるものってこと？
0	@yukino010 もちろん！今月末には落ち着く予定です( ´ ▽ ` )ﾉ
0	@ookamito 食べに行きたいなー( ´ ▽ ` )ﾉ
0	36.64
-1	今日の夢は、小学校の子どもを保育士の立場で面倒見て、その子達がトラックの運転手と揉めて助けて、帰り？に車屋（だった気がする）に泊めてもらって、そこで熱で倒れて解放される夢。
0	@ookamito じゃあ金曜の夜か土曜に突撃したいw
0	競馬とのコラボ！待ってた！笑  あとはパチンコだな！ https://t.co/Uv5UHoTaSF
0	@ookamito 夜はじゃあ飲み屋に行きます( ´ ▽ ` )ﾉ 笑
0	@lenyagami ごめん、仕事中だったから今見た(´･_･`)
1	@252525abc いいねー(o^^o)
0	ナポリの食卓行ってきた！胃をちょっと絞ったら中身出そうです。デザート食べなかったのにな。
0	@ookamito 後でりくとんさんに聞いて、調べて頑張って行く！笑
0	おう松動画をやっと見た。これを機会に競馬に行こう！ 誰か付き合ってくれないかなー。
0	今さら今日のアニナルを見たんだけど、漫画の補填みたいな感じですな。来週のヒナタの話が気になるんだけど、来週が最終回じゃないのねと少しがっかりする矛盾。原作の最終回までどれだけ引き延ばすのかな。
0	仕事帰りに、友達とサイゼ飯して帰ってきた！
0	カリオストロも、石川五右衛門も前々から録画済みです。
0	へそウォは、バンパイヤになったのかな？ツイリスが祭りになってる…。
0	36.24
1	干した布団、気持ちいいー！
-1	占いしてもらった！何も言ってないのに本質的な部分が当たってて怖い。そして辛くて泣きそう。
0	ゆくひろだ！
1	@nachikozac @muccyan_dayo 歩いて友達に会うのいいなー！いいなー！わたしにもあいにきてー！
0	RT @tamagawakaoru: #夏目漱石の妻 今年制作放送のドラマでは、 #ちかえもん に匹敵するベスト。脚本、演出、演技、美術、照明何もかも最上等だが、特筆したい清水靖晃氏の劇伴。鳥の声を取り込んだ不穏、雨降りしきる音と一体となった急迫、こんな美しく緊張に満ちた劇伴、…
0	36.67
0	今日の夢はハード。私の部屋で大人たちが同窓会and秘密の話。1番好きな子供達の卒園式にでかいホールで参加。イタチのでかいのに嫁になれって言われて、追いかけ回されて仲間と逃げる。田んぼの上を車で飛んで、帰れなくて田舎を徒歩でウロウロ。仕事に遅刻しそうで50号をチャリったり。
0	@yukino010 世界ふしぎ発見ですか？
0	@nachikozac @muccyan_dayo 私は駅周辺を歩いています( ´ ▽ ` )ﾉ
0	イーブイが15匹もいるので、処分しようと思う。
0	@ARMOREDRAGORA い過ぎていらないから、ちょっと減らしました。
0	@27_yuka 今日だったのかな？お疲れ様^ ^ 体育館でやったの？
1	@ookamito えっ、マジか！
0	@lenyagami ランドとシーならどちらですか？
0	RT @199masa: 氷帝LINEが出来たんだって。あのお互いの連絡先を知らないって言ってた人達が。飲み会やった事ないって。氷帝が。LINEグループ作ったんだって！ #テニフェス2016
0	@ARMOREDRAGORA はかせにおくってやったぜ！
0	36.71
0	@yukino010 録画したけど、まだ見てないんだー！楽しみ(o^^o)
0	@ARMOREDRAGORA ちょw
0	そーいえば、昨日最後の最後で一松（運動会）手に入れた^ ^
1	トレンドに溢れる、とうらぶの新キャラw 人妻が好きって公言していいのかw
1	RT @Story_terror: 持ち前の知識でイッテQメンバーを困惑させるTOKIOが面白すぎた https://t.co/xCDQSi46de
0	@ookamito 日課になったらやばいねw
0	このトレンドのクレオパトラってのは、何のゲームなのかしら。
0	36.70
0	OMGを聞く。そこまでえろくはないと思う。
0	新居での宿泊を試みた。
1	今日の夢は、「山奥にある前の職場の運動会に行って服を替えてまで逃げる夢」と、「逃げたことによって追手が来ているのでそれに謝ろうと試みつつ、彼氏と知らない男（イケメン）と4兄弟になって実家にいてこうなんかピンクの逆ハー的展開」になるっていう盛大なドラマ。
0	@ookamito ROUND1！
0	地震！結構大きめ！
0	@yukino010 グレーテルだな！
0	「ＰＰＡＰ」を初めて見てみた。
0	@ookamito あっ、そういう場所じゃない？^_^;  じゃあ、ファミリーランドとかどう？
0	【メモ】トマト、チーズ、ベーコンでアボカド
0	地震や！
-1	秘密にされていた双子の兄弟か、ジュゼッペの浮気とかの隠し子！
0	アンビリバボー（テレビ）が衝撃すぎる。3人子供がいて全員不倫相手の子とかマジか…。
1	2日ぶりの自分の布団ー！寝心地いいわー！
0	@ookamito じゃあ、巴波川沿いと、山本有三記念館と、カフェひがのと、横山郷土館と、旧市役所…？
0	はなきんー！
1	@yukino010 いいなー！友達と？ひとり？
-1	コブラがイケメン過ぎて辛い。 https://t.co/71gYlKBTid
0	晩ご飯は先週のカリオストロ、今からは複製人間。
0	って書いてたらフリーズしたから打ち直した。
0	瀬戸くんのリュリュ？のCM、初めて見た！
1	ルパンと次元の笑のツボが一緒なのが好き。（今日の最初の方
0	複製人間は、後半めっちゃ覚えてた。前半の覚えてなさ…。
-1	こういうのカットされてしまうのが勿体無いよな…。 https://t.co/bAUkE4khX2
0	さっきのと同じく。 https://t.co/U9ZAGqxDjf
1	今改めて見てもすごいゲストだ。でも、どうせならモンキーパンチさんが出ればよかったのではないか。 https://t.co/W4AcsJQZDr
0	瀬戸くんのチョーヤ梅酒のCMも初めて見られた！
-1	今日の夢は、大学生で、先生は前の職場で、離れ校舎が遠くて、
0	36.75  36.87
0	@lenyagami お仕事でお疲れなのね^_^;
1	@yukino010 ディールームですと！いいところ住んでますなー✨  そのなんとかクローゼットって何？
0	念願の、ベーコンポテトパイ！
1	@lenyagami いいんだ！休みだからいいんだ！
1	@lenyagami 6年4組は来月だとありがたいです（ ;  ; ）
0	パソコンでのネット環境が整ってないので、図書館で借りてきた浮世絵関連の本を読みながら梅昆布茶を飲んだ。
0	@senamoru あの話は笑える^ ^
1	@lenyagami 楽しみ満載ですね( ´ ▽ ` )ﾉ 羨ましいー♪
-1	友達が「LINEのニュースで見た！」って教えてくれた！Twitterのトレンドにも載ってた！ 宇都宮の城址公園、大変なことになってる((((；ﾟДﾟ)))))))
0	@kanaelmon 私がデジカメを清めた所に行ったのね…笑
1	@mofudoing よかった！今、そっちに住んでるの？
0	@lenyagami びっくりしたよねー！
0	「土人」トークなうの我が家。
1	@koji_seto0518 まさかの大好きな瀬戸君とおそ松さんのコンボ♪ ぜひ見てみたいです(o^^o)
0	@lenyagami なんかイベントやってたみたいねー(´･_･`)
0	@lenyagami そうよね！私たちまだ同伴してないのよね！ぜひ行ってみたいわ( ´ ▽ ` )ﾉ 財布と通帳に直訴してみるw
1	@lenyagami 土曜日のがいいよね？
0	@kanaelmon もうだいぶ過去の話ですよ…いっしょにいた子は結婚してもう子持ちorz  このお札はビニール袋か何かに入れて洗ったの？
0	@mitsukashi32 ちょっと名の知れた巣でしたよね！ だからこそ被害が心配です(´･_･`)
1	@yukino010 物件探した時、色々オプションついててお値段高めの良い部屋って印象だったよ？  そのクローゼットシステムいいなー！おもしろいね！
1	@kanaelmon 直接でも平気なのか！
0	RT @Toshi00Bs_c2404: スネ夫役の肝付兼太さんが亡くなりましたが、ジャイアン役のたてかべ和也さんの葬儀で「ジャイアーン！」と叫んだ肝付さんの弔辞はこちら。今頃は、天国にある空き地でラジコンをやっているのではないでしょうか。 https://t.co/zYNf4…
0	37.11
1	手や指先の仕草に色っぽさが出てる人はつい見てしまいます。 #tsumashio1105
0	RT @711SEJ: ＼ #世界初Twitterグッズでた ／ ★発売記念★いよいよ11/1(火)よりセブンネットで受付開始！ @711SEJ をフォロー&amp;リツイートすると、Twitterとハローキティ「コラボマグカップ」を抽選で50名様にプレゼント♡ https://t.c…
0	やっとTwitter繋がったー！
0	ポケGOは、ハロウィン系ゴースト祭りなの？
0	@27_yuka お大事にね(´･_･`)  そういえば昨日、めいさちゃんの保育園がお散歩してるの見たよ( ´ ▽ ` )ﾉ
0	@27_yuka ありがとう！そんな私は昨日さっそくコタツで寝ましたよ(´･_･`)  じゃあ、今度会ったらピンクのやつ見てみるわ( ´ ▽ ` )ﾉ
0	@mofudoing そか、仕事の方だったか！ そうなの、最近引っ越したんだよ^ ^
1	ラジプリ聞いてたら、久しぶりに「MEBACHIKO」流れてきて、懐かしさとおかしさで笑わせていただいた。
0	@ookamito 昨日からハロウィンイベントやってるみたいよね！
0	あっ、日本ハムか…。
0	んんん、Twitterがヘソウォのギリシャ神話松で賑わってる。
0	@lenyagami じゃあ27日かな？来月の土曜日は、ちょっと仕事が続いちゃってるから(´･_･`)
0	誰か競馬場に付き合ってくれんじゃろか…。
0	@yukino010 来月の日曜を考えてるんだけど、どうだろう？
1	@yukino010 私も27日は用事があるから、それ以外だと助かる！いつの日曜がいいとかある？
0	一昨日のねほりん見てるんだけど、可笑しすぎてヤバいw
-1	「恥ずかしいから暗くして」ではなくて、「見たくないから暗くして」は格言だと思うw
0	「キスは減る」。
0	私は、この人の意見と似てるけど、やっぱり個人の能力が高いからだなと思った。 https://t.co/epLYYU7DPx
0	最近は、ドアが開けっぱなしなので、リビングにいる同居人（早起き）に挨拶をし、一言二言話し、二度寝。
0	まだ、でももうこんな時間。
0	この歳になって、財布を忘れて出かけるという^_^; 妖怪のせいだよと慰めてくれた友達に感謝。  早め解散になっちゃってごめんね(´･_･`)
0	今日の夢、キーワード。塩キャラメル、数学、みどりちゃん。
0	@mtmtusachan どうしたの？何かあった？(´･_･`)
0	そうなのか！誕生日おめでとう( ´ ▽ ` )ﾉ https://t.co/gQzkQvgWYU
0	録画したAスタ確認。瀬戸君！てかナレーター浪川さん！
0	この曲を聴いたら無性にパンが食べたくなったので、今日のランチはパンにしました^ ^ https://t.co/bgeD3NB04z
0	@hoshihikarilife いらっしゃいませー( ´ ▽ ` )ﾉ しばらくいるの？
1	@hoshihikarilife そうなんだー！せっかく栃木にいるなら、会えたらいいねー^ ^
-1	@mtmtusachan あー、なるほどね！でも、今出逢ってる人が無駄ってわけじゃないと思うよ^_^; 気になる人でもできた？
-1	@yukino010 ちょっと急になっちゃうんだけど、来週の土日はどうかな？^ ^
1	ハロウィン音楽祭の、王子姿のミッチーがかっこ良すぎて(o^^o)
0	@hoshihikarilife 2日は仕事あるなー（ ;  ; ） 夜なら空いてるんだけど^_^;
0	@balloon4221 そうなんですね！ 今、同行してくれるかもしれない友達を見つけたので、6日に行く事になったら、もちろんお声かけしますね(o^^o)
0	@mtmtusachan この人は何なのか、っていうより、ゆりがその人と付き合いたいかじゃないかなー？
-1	@mtmtusachan どんな経験でも今後の未来に生きてくるわけだから、その人と付き合っても無駄にはならないと思うけどなー。
-1	@hoshihikarilife ようこそー！てか、ちょうどその10分後くらいに近くにいたよ！
0	なんてこった、日差しでてきた…曇りだと思ったから洗濯（ry
0	@lenyagami 何かあった？(´･_･`)
0	今日の夢は、屋形船逃走（両さん）と、陰陽師系（高校のちよ）、角屋の結婚式に幼稚園バスが来てみんなで洪水の中ツアーに行くやつ。
0	@yukino010 どちらへー？
1	@yukino010 豪華なご飯とかにこだわらなければ、私は全然ありだと思うよ✨
0	@yukino010 えっ、もしや長崎か群馬に行くの？( ´ ▽ ` )
1	@yukino010 私、前は東横インよく使ってたよ( ´ ▽ ` )ﾉ
1	@yukino010 5日か6日だとありがたい！ ちなみに、朝早くても大丈夫な方を希望です( ´ ▽ ` )ﾉ
0	リゾット風を作ります。
0	16個入ってたチーズ。
0	━━━━━━━━━━━ 🌟賞金総額1000万円🌟 ━━━━━━━━━━━ 君は隠れたLINEキャラを見つけられる？！  1万人以上に最高💰 30万円 💰当たる💕  今すぐ参加👀💡 ⇒ https://t.co/cIdOttYMLI #LINEバイト
0	@yukarixh 気になって録画したやつ！さっそく明日見る！
1	来週は保育士なのかー！共感できる部分がたくさんあるといいなー（笑） https://t.co/Yv2tsFc78t
-1	@yukino010 じゃあ、日曜かなー？土日って混み具合大して変わらないよね？  8時半くらいには向こう行きたいなって思ってるんだけど(´･_･`)
0	@yukino010 あっ、「マツコの知らない世界」か！録画はしたけど、まだ見てないんだー。
1	@yukino010 日光かー！いいね^ ^ 何見に行ったの？紅葉の時期？
1	お腹いっぱいだー！たいようちゃん可愛い^ ^
-1	昨日のねほりんを見た。いろいろヤバかったw　人によって、努力の方向や価値観は違うということをひしひしと感じた。　でも、使えそうなテクニックもあった←　あと、和歌のくだり嫌いじゃない。
0	36.52
1	不二家のシフォンケーキ美味しい。このバニラビーンズの感じ。
1	@mitsukashi32 干し柿いいですねー！
1	@mitsukashi32 いいんですかー？わーい(*^◯^*)
0	今日の話は、土井先生の神回だったらしい…（ ;  ; ）もう一回放送してくれ！見たい！
0	思いがけず見られた！やばい！興奮して叫んだ！
1	@mitsukashi32 嬉しいー！ありがとうございます(o^^o)
0	36.66
0	今更探し人の探してた場所が分かったので、父とその人を見つけようとチャリでぐるぐる。30分たってた。
1	しかし、母が思いのほか、私が持ち帰ってきたwithを喜んでくれてよかった。
0	今更だけど、AGFって何なんだ…？アニメガールズフェスタ？「#AGF2016」がトレンドに入ってるし、お友達も行ってみるみたいだし、つま塩ピザがあるから気になってはいるんだけど。
1	@lenyagami ヨックモックのチョコレート美味しいよね！という、別の後押しをしてみる（笑）
0	@matssssssu まだ空腹じゃない！心がそう感じているだけで、まだ空腹じゃないんだ！
1	@yukino010 寺と神社関係行きまくってるねー！御朱印集めしてるのかな？  ちなみに、それぞれみんな近い場所にあるの？
0	@balloon4221 そういう共通点見つけると、知らない人でも話しかけたくなりますよねー！o(≧▽≦)o
1	@balloon4221 一松への愛が溢れていて素敵ですよ☆*:.｡.  ロゼッタつけるのオシャレですよ^ ^
0	@balloon4221 おめでとうございます(o^^o)  めっちゃ食べましたね！笑
0	@lenyagami 私の後押しがw
0	みんな超早起きだな@電車
0	しかし、この外国人さんの多さは何…ちょっと怖い。
0	競馬なうー( ´ ▽ ` )ﾉ
0	@lenyagami 改装するの？
0	@lenyagami そうなんだー！結構大々的にやる感じ？
0	目の前で、細めのイケメンが「すぐ降りるんで」とおばあさまに席を譲っていた。いけめーん！
0	@yamaaki0718 と言っていたイケメンが、やっと席をゲットして座っていた。すぐ降りるんじゃなかったのね！やっぱりいけめん！
0	総合4位だと！とち介、おめでとう*･゜ﾟ･*:.｡..｡.:*･'(*ﾟ▽ﾟ*)'･*:.｡. .｡.:*･゜ﾟ･* https://t.co/UtbyZSmGaO
0	@ookamito 1位はしんじょう君なの？
0	大好物の食べ物を、自分の稼いだお金で大人買いできるようになった人（笑） #tsumashio1112
0	チューボーですよが終わるだと！
0	そうですよね！朝からずっと考えてた！誕生日おめでとう☆*:.｡. https://t.co/qAAUFPsr65
1	同居人と、ガラケーでねほりんを見る。今日のテーマが保育士で、あるあるポイント多すぎるw ドロドロの人間関係とかねw  #ねほりんぱほりん
0	1番最初のウケポイントは、女性保育士代表の豚（ぬいぐるみ）の名前が、私の本名と同じだったことw #ねほりん
1	アメリカ、マジですごい時代にいや事態に…。 https://t.co/oLa3gv0r0s
0	@yukino010 さては録画したグレーテルを見たな！ 私は当日にかぼちゃプリンを食べながら見たぞ！
1	目を反らすw 確かにw https://t.co/Lv6erysnzP
0	ともくん、崖、瀬戸くん。な夢。
0	RT @CHOYAofficial: 酸味料・香料など無添加が特長のチョーヤ紀州30周年記念♪ 瀬戸康史さんのサイン入り紀州プレゼントキャンペーンが残り3日となりました☆CHOYAofficialをﾌｫﾛｰ&amp;この投稿をRTで受付完了です☆ご応募お待ちしております☆https:/…
0	普通に家事してて1揃い逃した…。
1	炊きたてご飯はやっぱり美味しかったー！
0	しかし、今何かでディーラー松なのか？
0	地味に可愛いぃ！しかし当然仕事なので、やわふわポッキーミディを食べて我慢なう。 https://t.co/doN7pWmr2S
1	あばば、可愛い…こういうの地味に好き。 https://t.co/noVHVKcI5e
0	見ちゃう！ https://t.co/UJSoaqbTYG
-1	@acham127 つらい（ ;  ; ）
-1	トキメキました（笑） イケメン過ぎて辛い。 https://t.co/q1yYKjYXmy
0	アンケートやキャンペーンでポイント貯めてお小遣いをGET！ライフメディア #Lifemedia → https://t.co/WcvUlMeLJ2
1	「やっぱり金ローの紅の豚が多いな」と思いながらTwitterのトレンド見てたら、『TENGA』がトレンドに出てきて何かと思った。飲めるってどういうのっちゃ。媚薬的なやつなのか？
0	@yukino010 このニート部屋、めっちゃあっくんの部屋w
0	夜は、昨日買ってもらった普通のポッキー食べました。
0	久しぶりの実家、実家で一晩過ごすのも久々やー。
0	めっちゃ濃霧ー！
0	今日仕事。夜は餃子パーティーするで！
0	昨日は花金だし、ポッキー＆プリッツパーティーでもしたかったけどね！今日仕事だったから、諦めた。
0	@Po99P 明日遊びに行きます( ´ ▽ ` )ﾉ
0	@Po99P 今から高校の友達と行きます( ´ ▽ ` )ﾉ 鳩山さんに会いに行きますね^ ^
0	@Po99P ぽっぽさんが見つかりません（ ;  ; ）
-1	今日の夢は、実家周辺を歩いているにも関わらず、会った知人全てに無視される夢だった。怖いし辛い。ちょとやなとか、日頃で印象に残っている組み合わせの人たちばかりなのもさらに辛かった。
1	こういう夢、起きて覚えてたらツイート（メモ）するようにしてるんだけど、誰か夢診断詳しい人いないだろうか…ぜひ１度診断して欲しい。
0	今日のグレーテルは、モネの緑のケーキなので、私らしからぬ抹茶オレを今夜のお供にしてみた^ ^
0	ほうれん草とピスタチオの色だったのか。
1	初めてじゃがりこにお湯を入れてみた。美味しいな！
1	子供たちのおやつが美味しそうで、つい買ってしまった（ ;  ; ）
0	ちび勝ソースがめっちゃ美味しい！
0	駄菓子&amp;お菓子ブームが来てしまってる(´･_･`)
1	1周回って知らない話の、浜口京子さん可愛い(o^^o)
0	@70x3 おー！
0	@yukino010 明日何かやるの？
1	朝から友達のパンを食べるという幸せを味わっている。
1	やっとネット繋がったー！嬉しい！へそウォやって、あいふぉんとPC見まくってる。
0	@yukino010 あー！あれか！もし偶然見つけたら買おうと思ってる^ ^ 気に入った顔がないから^_^;
1	こんなに面白いなら、録画しとけば良かったw https://t.co/niYeJwuEmi
0	仕事の後にセブン。思いがけず全種類あったので、とりあえず１つ購入。
0	実家でブルーレイに総選挙をダビング中。DVDにダビングしてるためか、めっちゃ時間かかってる。便乗して父が隣で見てる。
0	北原里英さんのスピーチに感激して、須田亜香里さんの魅力を検索した。
0	@nachikozac おでかけか！
0	父の推しは咲良ちゃんとこじはる。
0	やっと５７％。
1	「皆さんは私のアモーレです」かっこいいw　山本彩！
0	やっと終わったからただいました！
0	へそウォの妖怪松であふれてんなー！
0	おそ松とテニプリが混ざったような合宿の夢見た。
0	くもり極まりないけど、とりあえず洗濯しまくった。
0	まさかの保護者と同級生のWパンチ（笑）
0	@nachikozac おお！おめでとうございます( ´ ▽ ` )ﾉ
0	久しぶりにお茶漬け食べてみる。あと、おばあちゃんが作ってくれた芋フライ。夜はローピンを作る予定。
-1	今週も先週も土曜も仕事だったから、今日くらいはゆっくりしたいと思って。洗濯の後、午前中に選挙と買い物終わらせてきた！午後は掃除してゆっくりしたい。
0	わたしはコレでアガるタイプ！タラレバ娘の世界に、アナタのキャラが登場！ @tarareba_oage  https://t.co/avDomDQbsF #タラレバ肌娘 #タラレバ肌度
0	今日のグレーテルは、谷崎潤一郎のモカロール。ぐあー！そそられる！
1	RT @yye6kk: 50代女性と60代イケ爺のハートフルピュア恋愛漫画が読みたい https://t.co/OaqjQRzeZ4
1	昔懐かしのモカロールが食べたいぞ！
1	谷崎潤一郎さんの表現が好き。
1	@shiori_yanaka 可愛いケーキだねー☆*:.｡. o(≧▽≦)o .｡.:*☆ 手作りなんだよね？すごいねー！
1	@shiori_yanaka 本棚の中にtoilet？！ 写真、めっちゃオシャレなお店だねー！ いつも素敵なお店での女子会写真載せてて羨ましいよ^ ^
0	精神的胃がキリキリする
1	今日の夢は、子どもは保育園（昨日会った子メイン）、職員はごちゃまぜ、場所は学童建物という職業カオス。
1	おもしろそうと思って録画はしてるけどまだ見ていない「逃げるは恥だが役に立つ」ドラマ。さっきこの言葉はハンガリーの諺だと知った。今年の私に合う言葉かもしれない。
0	地震速報で飛び起きて、また眠るという…今せーり前だから許して。
0	@70x3 そうなんだ！
0	明日休みだから、今日はとりあえず頑張る！金曜も有休とれたし頑張る！
1	@balloon4221 ダイヤのためにノーマルステージをとずっとやっていましたが、イベントが始まってしまったので迷います^_^;
-1	@matssssssu それは胃が痛い。
0	芋焼酎なう。
1	電車で、「僕すぐおりるんで」と隣のグループの一人だけ座れなかったおばさまに席を譲っていた青年。おばさまから離れたところに30分ほど立っていて、結局おばさま方より後に下車。心があったかくなりました。#tsumashio1203
0	ざまあみろとかうぜえとか、どうしても妬み感情出るよね。
0	@boono333 保護者相手はねー！ほんとめんどうだよね！
1	@mtmtusachan 大丈夫？(´･_･`)
1	@mtmtusachan 誰だって、他人が相手で、それが自分にとって大切な人だったら翻弄されてしまうで( ´ ▽ ` )ﾉ だいじょうぶ、落ち着いて。
0	@lenyagami あったよね。
0	さっきも揺れた。
1	@yukarixh それ、めっちゃわかる！ 休みなのをいいことに、中身増やそうと思ってるもん。
0	@lenyagami ディズニーは延期になさったの？(´･_･`)
0	@70x3 Twitterのトレンドで見て何これって思ってたやつ…行ったの？
-1	@balloon4221 私も引きが悪くて…マカロンシリーズと、お祭りシリーズを狙っているのですが^_^;
1	@mtmtusachan 距離置いてみるのもいいと思うよ！離れてみないと見えないものもあるしね^_^;
0	妖怪イベントガチャ、最初に次男がでてくれるとは！
0	勤労感謝の日だから、それを意識して過ごしたいとは思う。
0	まだ80パーセントだった(´･_･`)
1	@ookamito えー！メタモンいいなー！ 卵から？それとも野生？
0	やっと終わった！帰る！
1	@amin261408 @ookamito メタモンいいなー！ ツイートしてからトレンド見て、状況把握したよ^_^;
0	明日は雪とのことなので、明日の仕事着は防寒バッチリのにした！珍しくもう仕事着を決めているというね。
0	湯たんぽも作る。
0	地震！
0	今日は、仕事前に手術後の母の送迎があるので、全体的にまきの行動なんだけど、雪という事態がプラスしたのでさらにまきまきである。
-1	ケンタッキーフライドチキン食べ過ぎてめっちゃ喉乾いてる。辛い。
1	前同居人にもらったブルボンの濃厚チョコブラウニー、めっちゃ美味しかった。
0	これ、やりたいなー！ 柿ももうすぐ終わりだしね！ https://t.co/csgLQV9AIU
1	@70x3 いいなー！いいなー！
0	@70x3 なるほど！狙ってみる！
0	今日は、ホットケーキ会が開催されました。
0	久しぶりの友達に会った！
0	やばい寝そう
0	仕事と2日目といつもと違う環境睡眠で、睡眠の貪りやばい…友達には仮眠って言っといてどういうことなの自分orz
-1	@matssssssu ジャパンカップだー！ こっちからだと遠くない？
1	Fbでシェアした料理の動画を友達がいいねしてくれるの嬉しい。
0	そういえば今日の夢。銀魂の世界観の中実家で襲撃されて死んだふりをして、ドラゴンボールの世界観で悲劇の被害者として（ミスターサタン的立場のピッコロに）紹介されて公衆の面前に復活し、前の職場の子供達がギャン泣きで抱きしめられに来てくれるというなんとかハッピーエンドの夢だった。
1	昔懐かしのBくん、さんま・水道橋博士・アッキーナ？とかその辺が出てくる2部構成の昔ながらの駄菓子屋&amp;文具屋が舞台の話。場所は運動公園の中にあるっぽくて、仕事はがくどー。
0	ふりかけご飯をご馳走になる。
1	PASCOの「フロランタンみたいなケーキ」が美味しいです。父よ、ありがとう。
0	今日のグレーテルは、パイ特集。ミスターイトウの「いちごのタルト」を食べながら見ます。
0	おめでとうを言うべきか否か。
0	@ookamito 録画したぜ！
0	相変わらずメタモンが出てこないので、そろそろGOを投げ出したいと思う。
1	今日はいい肉の日なので、お昼ご飯はお肉をいつもより多めに炒めました^ ^
0	@lenyagami 息をするように焼肉食べたいって言ってて、見るたびに吹いてしまうよw
1	@kanaelmon おもしろそうだったんだね！見たかった(´･_･`)
0	@lenyagami なんかやってるの？
1	今日のねほりん、個人的にはめっちゃ好き(笑) これ見ると、頑張って宝くじ当てたいってなるね！ #ねほりん
-1	出費という不安が募っていく。orz
0	@lenyagami コメダのことやってたんだ！ちょっと見たかったなー。
1	@yukino010 @lenyagami 高校の友達がコメダ好きで、結構朝コメダするよ（笑） ここ2ヶ月は行ってないけど。
0	今日の夢は、ファンタジーかつディズニーと、かてきょ的なの。
0	晩ご飯。サラダ。
1	@nachikozac この番組いいよねー！めっちゃ好き(o^^o)
0	この思考は大切だ。これを実現するのが難しい社会だけど。 https://t.co/D7oGxrnFrB
0	今日の夢。発表会にて、最前列で寝る。中学・学童メンツの揃い踏みの中で恋愛関係ありつつの、コンサート？発表会を過ごす。
0	今日はドラミちゃんの誕生日らしい。98年後の今日生まれるらしい。
0	不安だったけど、今日は行って良かった^ ^
-1	RT @takeshi_tsuruno: (´･ω･`)oO(『保育園落ちた日本死ね』が流行語。。しかもこんな汚い言葉に国会議員が満面の笑みで登壇、授与って。なんだか日本人としても親としても僕はとても悲しい気持ちになりました。きっともっと選ばれるべき言葉や、神ってる流行あったよ…
0	RT @doraemonChannel: ［速報］2017年 映画ドラえもん主題歌が平井堅さんに決定！ https://t.co/iHzZLel3h2 #ドラえもん https://t.co/jBd2BdVk64
0	自宅で野生のカメックスが出たことが今日1番の衝撃。
0	タラレバ娘、ドラマ化だったのね。トレンドで初めて知った。
0	「引っ越し祝い貰ったんだー」って話を聞いて、『そか、そーいえば』と思いました。
1	RT @N_suzunarinrin: 中村吉右衛門(72)、橋爪功(75)、勝野洋(67)、綿引勝彦(71)、中村嘉葎雄(78)、田中泯(71)……こんなおじいちゃんばっかりなのにテンションあげてくるドラマ他にねえよ。あああ好きぃ……。 #鬼平犯科帳
1	@boono333 かわいいねー！^ ^  おめでとう☆*:.｡.
0	@252525abc 今日は実家？
0	髪が伸びてきたからめっちゃ切りたい症候群だったけど、お呼ばれが立て続けに2件あるから切らない方が利口かと考え直し始めた。長いと邪魔だけど、ドレスの時にアレンジきくからなー。
0	ネックレスかけるやつ、時計、イヤリング、服。指輪。　#クリスマス私の欲しいものリスト
0	今なら、「ご馳走してあげるからご飯行こう？」って言われたらホイホイついて行ってしまう。
1	@252525abc オシャレなカフェー！お菓子も可愛い！まりなはオシャレな所たくさん知ってるイメージだよ☆彡
0	@yukino010 いつでも遊びに来てー！金曜の夜とか、ぜひぜひ！　智さんならお泊りも大歓迎だから（ぐいぐい
0	@lenyagami 念願の焼肉ですか？^ ^
1	RT @DustCroon: 学校の先生がいじめに加担するとかマジかって思ったけど よく考えてみたら小中で平気で人のこといじめてた同級生が今では立派な教員志望だし うちの教育学部にも未成年で飲酒ツイートしたり駅前でアル中騒ぎになったり講義中に延々と騒ぐ猿みたいな連中も一定数いる…
0	今日のグレーテルはシュトレン。たまたま今日の夜貰ったから、食べながら見るという贅沢をしています。
0	グレーテル見ると、「あっ今日月曜やんなー」って思う。
0	明日は研修だからもう寝る。
0	あっ、これあかんやつ…？と失望なう。
0	玉ねぎ、ベーコン、ジャガイモ、塩コショウ。
0	実家の五目ラーメンなう。
1	@lenyagami お手軽なお店で、明日か明後日なら付き合うよー？(´･_･`)
0	@lenyagami 飯テロかーい！ 焼肉行きたいけど、今お財布さんがピンチなのよ…orz
-1	@Pontoma 辛い誘惑やなあ（ ;  ; ）
0	@lenyagami 明日とあさっては普通にお仕事や…。あっ、明日は仕事の後に職場の先輩と出し物の買い出しあったんやった…明後日！明後日の夜なら！
0	今日も逃げ恥フィーバーしてますなー。
1	今幸せでしょ？でしょ？じゃあちょっとは苦しんだら？ と吹き出しが出てきて、 雑巾のごとく絞ってゴミ箱に置くの繰り返し。
0	＼#がぶっと美味しいろはすなし新登場／ 1,000名様にその場で当たる！ 鳥取県産なしエキス入りで、かじりついた瞬間に口いっぱいに広がるなしの味わいが楽しめる！ ▼応募は12/7まで https://t.co/9mA8AzjfFj
0	いつからイオンはストップになったの？
0	生まれて初めて、クレジットカードを使った…！
0	ミルフィーユ鍋、作り中なう！
1	@lenyagami 明日ね！いいよー( ´ ▽ ` )ﾉ どこで食べる？
1	@yukarixh 現金の手持ちがない時にとっても便利だったよ！初めてお店でクレカだした！ うーん、カードにはまりそうな予感しかしない^_^;
1	@lenyagami いいえー、大丈夫だよ( ´ ▽ ` )ﾉ どこがいいかな…土曜日に所用があって財布に余裕がないので、お手頃な所だと助かります💦
1	@lenyagami ありがとう！助かる（ ;  ; ） お店の種類指定しちゃったから、好きな場所決めてくださいな^ ^
1	初めて作ったミルフィーユ鍋が嬉しすぎて食べ過ぎました…orz 寝落ちしそう。
1	明日は1時間早く出勤します(´･_･`)
1	噂には聞いてたけど…えっ、これ公式なの？そして諏訪部さんなの？ https://t.co/W82cRgAw2U
0	メタモン捕まえたぞー！長かったぞ！
0	ココスのドリンクバーが進化している…！
0	おくるまだい…？
0	【速報】だめっぽい。
0	@lenyagami 相手です…今日はもう返信ストップですよね。
1	あっ、イオンは最近公式になってたらしい。
0	先週、一目惚れして年賀状を買ってしまいました。でも、買っただけでまだ書き始めてない。
0	しかも、おととしの年賀状は見つけたけど、去年の年賀状をどこのファイルに入れたか忘れた。
0	喪中の人とか、送ってやってもいいよって人がいたら一言くださいノシ
0	成宮さん引退するのか…。
0	五目ラーメン食べ過ぎた。
0	@lenyagami おっとー！？
0	@lenyagami 寿司や魚に飢えてるんですねw
0	17日に、ゴッホとゴーギャン展いっしょに行ってくれる人〜( ´ ▽ ` )ﾉ
0	@lenyagami 東京の上野なんだけど、どう？
0	今日は、これからたこ焼きパーティーします( ´ ▽ ` )ﾉ
0	知育菓子パーティーもしました( ´ ▽ ` )ﾉ
0	@lenyagami えー！ほんと！じゃあ一緒に行ってください( ´ ▽ ` )ﾉ
1	@lenyagami ありやでー！ ロフト好きだから、ふらふら見に行きたいわ^ ^
1	@lenyagami マジか！テレビに出てたの？
0	今日の方が寒いって聞いてたから昨日洗濯したのに、今日の方が暖かくて風がないように感じるってのはどういうことだい。
0	とりあえず今日は、昨日の知育菓子で被害にあったマットを干したので、リビングに居場所がない。3時間ぐらいふらっとでかけるべきなのか。
0	でも今、給料日前だからそんなに買い物の気分でもない。
0	@lenyagami そうなのね！私もまだクリスマスプレゼント探してるから助かるわ( ´ ▽ ` )ﾉ
0	@lenyagami そうなんだー！ちょっと見たかった(´･_･`)
0	━━━━━━━━━━━ 3万円の旅行券が当たる ━━━━━━━━━━━ 私は冬休み旅行するならビーチ派です！ あなたは冬休み旅行するならゲレンデ派？ビーチ派？ 3万円の旅行券への参加はこちら⇒https://t.co/Vl0b3VUs4S #LINEバイト
0	@lenyagami お付き合いで朝マックして、洗濯と掃除をして、後は同じ生活をしましたorz
0	友達のリツイートで知ったのだけど、宇都宮にフロレスタあったとは…！行きたいぞ！ https://t.co/4wTzLOm8LI
1	「箱入り息子の恋」見てしまった。個人的にはとても良かった！
0	@hoshihikarilife うわー！おめでとうございます☆*:.｡. o(≧▽≦)
0	干し柿、うんまー！
0	10km卵がイーブイの件と、2km卵がプリンやケーシィの件について盛り上がる。
0	同居人は明日休み、私も有給休暇。ゆっくりしてます( ´ ▽ ` )ﾉ
0	@lenyagami おー！☆*:.｡.
0	そう、今日はおそカラの日なのよねー！あと、ダースの日！
1	凄まじい年やんなあ。 https://t.co/ScsGhtxz2n
-1	ベビースターのキャラクターが引退とのことで、あらためておやつカンパニーを調べてみる。意外とおやつの種類少ないのね。
1	「㐮」？おもしろい苗字だなー。
0	「裴」か！
0	@ookamito 私も、いたのに捕まえ損なった！（ ;  ; ）
0	おう松さん、録画したけどホームページから見た！ また競馬行きたくなってしまった（ ;  ; ）
0	前の職場の発表会に行ったんだけど、控室が私の実家で、かつ過去に辞めた先生が来たけど私の友達ばかりで私だけ先入りしちゃってて、たいたいが泣いちゃって的な夢だった。
0	@hoshihikarilife おかえり( ´ ▽ ` )ﾉ
0	栃木県の岩舟のお店が、「男だらけの繁盛店」として出てる( ´ ▽ ` )
-1	今日のは生放送だし、いろいろなグループごっちゃだから、生歌なのかな？　口パクよりは好感持って聞ける感じ。 #FNS歌謡祭
1	@shiori_yanaka 「イグアナの娘」懐かしいー！大学生の時に心理学の授業で初めて知って、たぶん実際に見て、すっげーへこんだ記憶がある！
0	@shiori_yanaka そのドラマを教材によく使う心理学の先生だったんだよー。その人は青年心理学だったかな？ あと、児童心理学もやってたよ^ ^
0	今日のトレンドは、おでんつんつんと、井伊直虎と、ユーリ（笑）
0	焼栗６つを、もうたいらげた（笑）
0	@senamoru えー、すごーい！おめでとう☆*:.｡. o(≧▽≦)o .｡.:*☆
1	@lenyagami この取り組み、とっても素敵だと思う！
1	@lenyagami 思ったより近い話だ！気になるけど、その頃まで私のポケモン熱は続いているかしら…笑
0	@shiori_yanaka もう昔の話なのでうろ覚えでごめんなんだけど…私は誰かに共感というよりは第三者的視線で見てた気がするわー。
0	@252525abc 1人暮らしではないんだなー！笑
0	@lenyagami なるほどーw
0	@ookamito 今のところ、1日に1回は見る程度。
0	@252525abc 食べ歩いてる方かなとは思うけど、オシャレなカフェかと言われると違う気がする^_^;
-1	@matssssssu 車で行ってるの？ 私は電車で行ったから遠く感じたのかな？^_^;
0	みんなプレゼント交換するw
0	やよい軒のさんまの塩焼定食食べたい…今日行ってしまおうかな。
0	@mofudoing ドーナツとパフェは、たまにめっちゃ食べたくなるよねー！
1	@ookamito おー！可愛い色！新しいのいいな～♪
0	な、な、なんだとー！ https://t.co/KYqZ6iKCnU
0	昨日の夜は、秋刀魚がどうしても食べたくてやよい軒に行った。
0	帰ってきて、コタツで寝落ちして、布団で二度寝して4時起き。身支度など済ませて今に至る。
-1	矢印の意味を今理解したなう（笑） もう遅いけどねw
0	上野なうー！ゴッホとゴーギャン展見たよ( ´ ▽ ` )ﾉ
0	サンタピカチュウやっと手に入れたぞ！
1	せっかくの上野だし、メンバーもちょうどいいから、りおちゃんに会えないかなー（笑）
1	今日は楽しかったー！料理も美味しかったー！
1	@lenyagami 米ー！そんなにいいのか米！ 私も次見かけたから米を買うわ！
-1	久しぶりの実家寝。羽毛布団が何度も剥がれて、寒くて何度も起きた。夢もその分増えて、カオスだった。なんか、小説化&amp;商品化したら売れそうな夢だったのに…。
1	今日は、久しぶりの2人に会えて嬉しかったなー。
0	ゴッホとゴーギャン展見てヤンデレやんなーと思ったけど、私とあの子もこんな関係なんだろうなと第三者目線で気づいてショックをこっそり受ける。
-1	やば、心臓きゅーって痛い( ；´Д｀)
0	@lenyagami さすが米ぇ…！これで、さらなる美肌&amp;米美人ですね！
1	昨日の夜は久しぶりに家で晩酌&amp;久しぶりのチューハイで、寝起きがあまりよろしくない。   関係なく、女子の日突入したからかな？
0	@lenyagami なんだと…？！
0	グレーテルです。
0	@70x3 普段はどのくらいの頻度で帰ってるの？
1	@70x3 うっわ羨ましい…orz
0	@70x3 Twitter見てるうちに返信来てびっくりしたw 遠方に住んでるなら普通の頻度ではなかろうか。
0	@balloon4221 六つ子と同じご職業になられたのですね！^ ^  私も以前同じ職業しましたが、そちらの方が忙しい気がするのは何故なのでしょう…笑
0	@ookamito スーツ！
0	@balloon4221 私も三男並みのフリをしてましたw だって働きたくなかった！笑
0	おかしい…私、今月の頭には年賀状買ってたのに、いまだに書いてないってどういう事？
1	友達から送られてきた、友達の子どもが「まーちゃんと遊びたい」動画が可愛すぎて悶えそう、いや可愛すぎて悶え死んでる。
0	仕事の後の癒しになりました(o^^o)
1	クイズやさしいねの、子どもたちのサンタプレゼント券の企画が優しさに溢れてるわー。
0	友達とか、サンタさんとか、ママとか、ママとか！
1	@tsumashio 思いついた事をひたすら書き出すこと。転職した時や、年末年始などやりたい事を明確にしたい時によくやります。#tsumashio0107
0	@yukino010 財布ですか。
1	@yukino010 松の財布、私も見たよー！可愛いよね(o^^o) 確かに、カバンよりも使い勝手良さそう。
0	━━━━━━━━━━━ 🌟お年玉1万円が当たる🌟 ━━━━━━━━━━━ マンガを読んで📖クイズに挑戦✌ 現金1万円が当たる!?🎁  参加はこちら⇒https://t.co/jSgqgOu3bP #LINEバイト #バイト先への電話が死ぬほど怖い
0	@lenyagami あらー…予想より低評価^_^;
1	サークルKのドーナツ美味しい。
0	タイムボカン24で、ドーナツが食べたくなったの。
0	昨日の夜、私がお風呂の中に落としたガラケーについてですが、電源をつけるとジジジジ…とエンドレスで音がしております(´･_･`)
0	ビマージョ様、お菓子女子w
0	にんじんと、かぼちゃと、うどん食べてる！よしよし！ https://t.co/RTaa3uVVHx
0	階段方式と、平面突起方式…。
0	同じ階、同じ面、別の階段。
0	琴線が段差の基準。
0	常識が土台の基準。
0	四角いサイコロのような飴。
-1	勝手に分析した結果、帽子型と平面型に任命されました。
0	階段と、帽子と、平面と、カラーコーンにだいたい分類される。段差の要素は好き嫌いの感情と、ギブアンドテイク＆心の琴線で高さが決まります。
1	@mofudoing 壁登りいいね！
0	RT @koji_seto0518: 『グレーテルのかまど』収録中。 https://t.co/lmXLAXlkhk
0	快晴すぎて、これでもかってほど洗濯したり干したりしてる。
1	3連休、いいスタートだ！
0	@lenyagami 冬休み入るし、連休だからゆっくり休んでね(･_･; お大事に(´･_･`)
0	@kanaelmon 山崎育三郎さんのやつだ！キンキーブーツ観た時にチラシもらって少し気になってた^ ^
0	RT @STAR_LIGHT1536: あとマタニティマークは弱者アピールでも席譲れアピールでもなく、急に倒れた際や事故時に、お腹に赤ちゃんがいるとすぐわかれば適切な処置がしやすいっていうメリットがあるんです。
0	@lenyagami 友人Mに誘われており、行くか迷っています。
1	@koji_seto0518 わ、我が地元の栃木に来てくださるのですか…！嬉しい（ ;  ; ）
0	ん？今年の冬コミは叶姉妹が来るの？
0	今日は、ひたすら洗濯して、めっちゃ買い物した1日だった。
0	(おそらく)明日が楽しみで目がさえている。
0	RT @chiaking58: SCREEN mode 「WHY NOT！」MV Full Size（CONCEPT MINI ALBUM「SOUL」リードトラック） - スクモ  MVに出演させていただきました👍 なんと⁉️たかはし智秋…初のキスシーンに挑戦よ💋 https:…
1	予定より2時間は早い起床だったな…。
1	@27_yuka あら可愛いー！今日発表会だったの？
1	@senamoru かわいいー！☆彡
1	@balloon4221 ご飯美味しそうですし、何よりおうまつw　楽しそうなクリスマスですね☆彡
1	@smallcute702 美味しそー！チキンとピザ羨ましい☆彡
0	@boono333 すごーい！
1	もー、数日返信がないからもういい。こういうのが駄目。もうすぐ会うからいいとか、LINEじゃちょっととかって場合じゃないわ。
0	36.56
-1	寝坊した。
0	やっぱりなかったorz
0	トランプの大富豪と七並べなう。この後は友達で集まってクリスマスパーティーするよ( ´ ▽ ` )ﾉ
1	パーティー楽しかった！またやるぞ！
1	RT @Tm1174gs1026: 加藤さんが小山さんに直して欲しいところ① やっぱね、 てごちゃんの慶ちゃん呼びはいいよね( •̅_•̅ )  #おしゃれイズム #NEWS https://t.co/7ZXwIpHX1k
0	RT @temakosi: リーダー小山くんからNEWSのメンバー3人にむけてのお手紙（ ;  ; ）♡  #おしゃれイズム  #NEWS https://t.co/Rr68dl7YTB
0	RT @Tm1174gs1026: リーダー小山慶一郎から3人へ  #おしゃれイズム #NEWS https://t.co/MrTHEIKyP6
1	RT @amethystvanilla: #おしゃれイズム #NEWS  Xmas1時間SP  まっすーが手越くんの肩をペシペシするの可愛い https://t.co/c2rgOwAbPA
0	RT @Tm1174gs1026: 増田さんが手越さんに直してほしいところ  #おしゃれイズム #NEWS https://t.co/iKzZen064b
1	RT @mass74_ktmk: ★おしゃれイズム★ NEWS～オープニング～  安定のシゲマスカット✂️✂️                                                                  #小山慶一郎 #手越祐也 #増田貴久…
-1	RT @NEWSmasukoha: 今日はおしゃれイズムだよ~🙆💕  シゲも大変だね？ 家の中でPKされたり⚽ 勝手にシャンパン開けられたり🍷 手越に「テゴ」って落書きされたり✔️  この4人は自由すぎる…（ファンからしたらそれが癒し😳😳）  #おしゃれイズム #NEWS ht…
-1	深夜のテンションで、おしゃれイズムのリツイート半端ないw 今日早起きだし、許してorz
0	伝説って何だ…酒と異性関係ならまだ良いけど、ある事ない事言われてたらどうしよう(´･_･`) あとは不器用とか運動オンチレベルであってほしい^_^;
1	RT @megutas: ハイヒール命な叶姉妹がコミケ用にローヒール選んでる…すごい…  「世界の どのような場所であっても 未知の世界の ルールとマナーを 熟知しなければ わたくし達が 真の敬意を 払っていることが 伝わらないでしょう💋✨」  恭子さんのこれ格言過ぎて…この世…
0	@mtmtusachan 何かあったのか（ ;  ; ）
0	@lenyagami クリスマスしたのね！ ここのシリーズ、数回使ってるけどオススメよ( ´ ▽ ` )ﾉ
0	@balloon4221 こっちのハロワの受付は女性オンリーでしたorz
0	晩ご飯のケーキうま〜！☆*:.｡.
-1	仕事納めの身体に甘さが沁みる☆*:.｡.
0	松潤の二股騒動を初めて知って、ちょっとネット検索して見たけどひでえなw
0	めっちゃ揺れてる！車の中にいたからそんな気づかんかったけど。  ちなみに、数時間前のは部屋にいたから気づいたで。
0	今日のはマックだったのね…腹痛なうなのに、飯テロされるorz https://t.co/MAaLuXYFWa
0	転職して、学校の中の出版社に行き、先にそこに就職していた友人Kにはシカトされ、Kやお歳80歳の美魔女などにブチ切れ、建物内を逃走しつつ知り合い総出演の夢を見た。
-1	あー、今日冬コミね！と周りのツイートを見て気づく。昨日仕事納めで今起きて、まあ私には無理よね。
0	売りに来て、チラッと立ち読みした俺物語で涙目。こんな展開になっていたとは…orz
-1	緩くなった涙腺のまま祖父のお墓まいり来て拝んだら、なんかそのまま号泣。…泣いたの久しぶりだから不安定なのかしら。
0	豚バラキムチ炒飯を作った。
0	炒飯うんまーだった！気力があったら、この後、煮物作りたい。
-1	@senamoru 私も！寒さに弱いからあの列に並べる気がしない^_^; あと、あそこに行く情熱ね（笑）
1	最近ちまちまフォロワーが増えてて、誰やねんって見て、えっ多分そうかな嬉しいんだけど合ってるんかなってがくがくしてる（今ここ
-1	年賀状、今年特にお世話になった人には最初に一目惚れして買った年賀状にしてみたんだけど、いざそこに書いてみたらあまりにも見にくかった…届いた人ごめんorz
0	@lenyagami は～い！ちなみに私はもう蓮さんに出しちゃったよ！受け取り拒否できないやつね！←
0	今さら松動画がっつり見てる…！
0	@lenyagami お出かけか！
-1	つらい、辛い、つらいなんて
0	@lenyagami そっちかー！！
0	先日風呂に落としたガラケーですが、今日（昨日）はとうとう電話が聞こえませんでした。できるだけ早めに変える予定です。でも、まだ2台持ちでいたい。
0	今日の夢も学校だったりカオス。
0	【その場で抽選】誰でも参加OK！毎日1名様にQUOカードが必ず当たる！mixi年末年始福引キャンペーンに参加しました。mixi年末年始福引をまわすのはこちらから⇒ https://t.co/wvNBiN3p3k #mixi年末年始企画2017
0	@lenyagami ぶっはw  そうきたか！ 私は、とりあえず別宅の大掃除を始めていますよ( ´ ▽ ` )ﾉ  本宅はちょっとめんd（ry
0	綺麗な恋がしたい。
1	RT @38runy: 芸能人がコミケに来たからすごいんじゃなくて、サッチーも西川アニキも叶姉妹もちゃんとコミケのルールとマナーを調べた上でそれをちゃんと守って参加者として楽しんでるのがすごいんだと思う。当たり前のことだけど、当たり前じゃない人もいるから、とても好ましく感じる。
1	@lenyagami 蓮さんみたいにパーフェクトに年末の準備を終えてない故…orz
0	@mtmtusachan なんかあったのね！4日後たっぷり聞くからね(´･_･`)
0	朝ご飯はピザ（の残り）。   そう、昨日は家で友達とピザを食べたのさ！
0	そして、お昼ご飯はロールケーキ（の残り）。
0	地震だ
0	祖母宅なう。
0	@kanaelmon おかえり！明日会おうね( ´ ▽ ` )ﾉ
0	我が家では珍しくガキ使なう。
0	@70x3 おかえりー( ´ ▽ ` )ﾉ
0	@tkrhrkt 私も実家派ー！ノシ
-1	祖母がダウンタウン苦手との事で、20分くらいから紅白にシフトしました。
1	うちの祖母、関ジャニ∞見て「この金髪の子が好き」と言っていた。
0	福山雅治！
1	中田さんのあの衣装は好きw
0	なんだこれ、au対決かw
1	さしこが1位じゃなかった！山本さん、歌上手ね！隣で聞いてた母も感心してた。
0	弟が車で送ってくれるとのことなので、お言葉に甘えることにした。地味にめっちゃ嬉しい。
1	【お知らせ】風呂に水没したガラケーですが、確実に故障の道を歩んでいます。電話ができない状態ですので、電話はLINEかiPhoneの方にお願いします。
0	オーケストラPPAPｗ
0	そろそろ出るか…。
0	あけましておめでとうございます。昨年は変化や移動の年でしたので、今年は発展の年にできればと思っています。今年もよろしくお願いいたします。
0	【速報】昨年終了間際、発展がありました。
0	ただいました。もう少ししたら、別宅に帰ります。
0	出先で充電が切れて、充電用のコードを忘れて今に至るんだけど、ＬＩＮＥが72件ってどういうことなの？笑
0	@tkrhrkt ハンガリー語のことわざで、「自分の戦う場所は自分で選べ」とか「自分の得意分野で勝負しろ」って意味らしいですよ…。
0	@tkrhrkt 検索の引用&amp;受け売りですが、どういたしまして！
0	今日は、スノウのフル活用だったなー。
0	初夢カオス。
1	今日のお昼ご飯は、お寿司とお酒！美味しくてたくさん食べたので、晩ご飯は控えめにしたいと思います^_^;
0	今日の初夢は、いろいろな分野の人たちが入り乱れて、だいたい学校を舞台に落し物拾ったり運動場走ったりの繰り返しだった。
1	@kanaelmon 仕事が早いw
0	@tkrhrkt うわぁあ！おめでとう☆*:.｡.
1	@tkrhrkt 返信早っ！ てかめっちゃ早とちり！ごめん^_^; ペアリング可愛いし、それしてる姿絶対可愛いと思って早とちりw
1	@yukino010 あらっ！年始早々大丈夫？(´･_･`) お大事にね（ ;  ; ）
0	大根とひき肉があったから、「女の友情と筋肉」4巻の煮物を作ってみた。
0	ダイソーのパック、椿はちょっとぴりぴりしたなー。
1	いやでも、パッケージ可愛いし、種類もいろいろあって、選ぶの楽しかったんだよな〜。
0	今日で冬休み終わるorz
1	「武士の献立」を見る。後半1時間がまだだけど、今のところ好き。
1	昨日の煮物が、一晩経って美味しくなった件^ ^
1	「武士の献立」見終わった。予想外の展開にぎゃあってなったけど、良い結末だったー！すき！
1	仕事始めのトレンドが多すぎてワロタw
-1	鳳凰美田飲みすぎた感半端ない。
0	RT @amiko_0109: マル珍ランキングって番組で誕生日ランキングやってた。152だった絶望。 https://t.co/RNcctpKB3J
0	━━━━━━━━━━━ 🌟お年玉1万円が当たる🌟 ━━━━━━━━━━━ マンガを読んで📖クイズに挑戦✌ 現金1万円が当たる!?🎁  参加はこちら⇒https://t.co/jSgqgOu3bP #LINEバイト #バイト先への電話が死ぬほど怖い
0	RT @serena_pokeXY: セレナ「ジュンサーさんもなんですね...」 サトシ「やっぱり...」 （XY第8話） https://t.co/JZQ2wdtj9S
0	えっ、全国で食べられてるものじゃないの？ 私は父が作るからそこそこ食べてたけど…。 https://t.co/LX3P0qa2pH
0	あしたもしごも…しごと！ねる！
0	仕事の後に買い物して、七草を買った。
0	今日は七草粥を食べます。
1	店頭には在庫なくて、通販探して頼んで、待ちに待ったワンピースがさっき届いた！嬉しい！
1	七草粥、美味しかった！…その後の蒟蒻餅も美味しかった！
0	既読すらされない。
0	大塚明夫さんご結婚だと！
0	昨日寝る前にイベントガチャやったら、まさかの連続で次男と五男が当たった！
1	久しぶりのビッグボーイなう。
-1	今から晩ご飯が怖くて仕方がない。辛い。
0	手料理をみんなで食べ、酒を飲んで。ウノとトランプやって、哲学的な話をしてる。
0	「第2の思春期だから仕方ない」。
-1	トレンドが、声優総選挙一色で恐ろしいw フォロワーの方々の多くが見てるわー。 ちなみにこちらにはテレビがないので見ていませんがorz
0	たろちゃ たいせい 筋肉メイド喫茶 学生
0	@hoshihikarilife  りおちゃん、誕生日おめでとう☆*:.｡. o(≧▽≦)o .｡.:*☆
0	@252525abc ここが一人暮らししてる所かな？おっしゃれー！^ ^
0	鏡開きして、お汁粉風にしました( ´ ▽ ` )ﾉ
0	ラーメン待ちなう。
0	今日は職場ででずにー行ったり、トラックレースしたり、坂から転げ落ちる夢なの。
0	新春イヤミカート、ガチャコンプリート！
0	大怪我して、包帯ぐるぐるになって、前職場の保護者とか、友達がたくさんお見舞いに来てくれる夢を見た。
0	おなかいた
0	んん…朝ファミレスか、朝お粥か迷うところだ。
1	ほっともっとの天丼美味しかったー！
-1	あまりの寒さに湯たんぽ作った。
0	みんなで各々の刀を守る夢と、学校でチョコアイスを食べる2部生の夢。
-1	頭痛い。
0	いっちょうの、もちベーコンを再現しようと思ってそれっぽいのを作ってみた。
0	ドラゴンボール、学童の2部制な夢。
0	まねきなうー。
1	今日の夢は幼馴染たちと事務所を立ち上げたり、川の上で取り残されたりな夢だった。プライバシーマークは必要だからとっときなとかちょこちょこリアル。
1	全体的に白い…。
0	@kanaelmon これなあに？
0	RT @pelicaneel_pie: 鍋キューブに出会ってからこればっかり食べてる（要点としては豆腐から出る水分だけで煮るということ） https://t.co/G5Hdy2gacx
0	公園でひなこちゃんと再会し、そらくんに泣かれる夢だった。会いたいなー。
-1	RT @positiveparking: 現実のアラサーはああやってすぐ集まれて愚痴言い合える友達がいるのは稀で、だいたい周りは結婚して子供がいてこっちからLINEするのすらちょっと躊躇う位の環境なんだよ。実体験。 #東京タラレバ娘
0	余った年賀状が当たっていた…。
0	今から蓮さんとご飯！
1	@yukino010 和食食べたよ！私の白米欲が強くて（笑）
1	そうだ、今無料でお試しコーヒーしてるんだっけ。と入ってから気づくささやかな幸せ。
0	個人経営の小さいディズニーランドに、ミッキーとミニーが嫁入りに来て、歓迎パーティーを開く夢を見た。
0	そういえば、今日からTwitterの表示が変わってる@ネット
1	あー、はなまるうどんやっぱり行けばよかったのか…？でも、今日は食事の予定決まってたしどうしようもない。てか、そもそも住んでる所にない。明後日のランチでも行けるかしら？
1	トレンドが千で賑わっている中、今更タラレバ娘（ドラマ）を見た私。原作云々はともかく、この観やすさは好きだぞー！後追いでいいから観るようにしよう！
0	@lenyagami あー！先日話題にしたやつ！
1	渋谷で開催中のマリメッコ展に行ってきた。『うがー！可愛い！』って1人で見てきた。
0	あと1時間で地元に帰るわけだが、無性にうどんかすたみな太郎で仕方ない。
1	「見て、富士山が綺麗」と眼鏡の可愛らしいおばあちゃんに声をかけられてほっこりとした気持ちになる。
-1	お腹痛い。
0	欲に負けた。
0	念願の焼きそば！
0	@mofudoing あっ！今日が最終日だったか…行きたかったorz
0	き、今日はカレーの日だとorz
0	オニオンコンソメスープを作る。
0	玉ねぎ丸ごとぶちこむ。
0	@yukarixh アイナナ、実はこっそり気になってる。
0	RT @1923usauk: どなたか日本人とスペイン人のカップルかこう･･･ 夜のレスリング中につい日本語でダメって何回も言っちゃって相手はちょうだいって何度もねだられてると勘違いしてハッスルマッスルな熱い夜 https://t.co/scQp0jdsrc
1	RT @kiyoto410: このチョコ毎度気になってるんだけど、推しのイメージカラーで買ったらニヤつけると思うんだ これは買ったことないけど、チョコ自体は普通にうまい https://t.co/uPpQBxr2GC
-1	@matssssssu えぐられるよな…個人的には観やすくて結構好きな方だったんだけど、現実的すぎて辛くなるよね^_^;  同居人に軽く内容を説明したら「原作はもっと残酷でえげつないよ」と言われて、きちんと通して読むのためらってる。
0	あっ！今日はスタドラ（と略すのね）の日か！
-1	@yukarixh 某アプリでCM見てから、地味に気になってて…！ ストーリーもしっかりしてるのね！ますます気になる。 てかアニメ初耳（じゅるり   個人的には、眼鏡の彼が気になるのだけど(´･_･`)
0	@yukarixh そして、リズムゲームはあまり得意ではない方orz
0	余裕を作れば、また文書きしたい。
-1	@yukarixh そうかなw あの中では多分彼が1番好みだと思う（未プレイ  私、リズム感とかのスペック低いからなー^_^; でも、挑戦してみる！
1	@Po99P 巫女姿可愛いー！この神社は…どこだ？^ ^
0	家族・友達勢ぞろいで山に遠足的なものに行く。事件や事故災害に巻き込まれて帰れず、家族とも離れ離れ。みさとと一緒に救援物資という名の本と共に帰ってくる。戦争の後のように歓迎される。ふなだとはぐ。という夢。
0	RT @nananaving: 元気が無いときの為の飯テロ https://t.co/GkFOZPq5Ab
0	次がラストの干し柿orz
-1	RT @Tokyu_lines: おそ急の東横線、中目黒駅から徒歩10分の場所にある「ブルーボトルコーヒー 中目黒カフェ」。1杯ずつ丁寧に淹れられたコーヒーは、冷え切った身体を心から温めてくれます。解放感溢れる店内も魅力的です。 #おそ急さん https://t.co/zeJM…
0	@ookamito 予定ができてしまった、と…？
1	@ookamito 上司…笑 確かに、上の人のいるいないは大切！ もしかして、もうお店にいない？(´･_･`)
0	こう言われると、ホットケーキが食べたくなる。今日の晩ご飯はホットケーキにしようかな。  #ホットケーキの日
0	欲望に勝てず、ホットケーキ作ったったー！
-1	@ARMOREDRAGORA あなおそろしや(´･_･`) お大事にね！
1	@mitsukashi32 私も、ガラケーが壊れてしまったので、新しいガラケーにしたいと考えているところです(´･_･`)
1	好きだった大地くんに会いたくて、つい新発売の短編集買ってしまった。
1	@lenyagami  今お風呂だから、その後でよければ私でもいいよ( ´ ▽ ` )ﾉ
-1	@tkrhrkt カワイイ子だったら行ったのに…無念orz
0	今日の迷言「冷蔵庫の予定」。
0	今日の学び言葉「蔬菜」。
1	@tkrhrkt 都内に出れば会いに行ってもいいのかというプラス思考するよ←
1	RT @nikka_jp: この前紹介した「丸ごとオニオンフライ」は大好評じゃったな！レシピを置いとくので、是非試してみておくれ！ ポイントは、カラッと揚がるように②のあと冷蔵庫で1時間寝かせることじゃ！爽快なハイボールと鉄板の相性じゃよ！ https://t.co/TzpGp…
0	チャイナチャイナどうした、と思ったらへそ先生の新刊だった。
0	@lenyagami 貴女と同職だったかw そしてまさかのスイパラ松w
1	今日の夢は、金田一とバスツアーのミックスで、れーかちゃん高遠と付き合ってる疑惑で終わった。
1	@yukarixh これ見たことない！素敵ねー(o^^o)
-1	洗濯もしたし、料理もした。せっかくの快晴だし（寒いけど）所用を済ませに少し出かけるかなー。
0	欲望には勝てず、カレーを作ろうと思います(o^^o)
0	勝者のお便りがまた届く…orz
1	ポトフも作ったら多いのはわかってる…わかってはいる。
1	いや、多いのはポトフじゃない、カレーだ。でも食べたいんだ。
0	昨日のポトフの残りで作ったコンソメスープでも飲むかね。
1	@ARMOREDRAGORA 大きい！(o^^o)
0	@lenyagami どうしたw
-1	@lenyagami マジか！なんか波乱な感じになってるのかしら？ 土日はちょっと埋まってるので、平日の夜ならご飯くらい行けそう^ ^ 金曜は、土曜出勤です弁当ありなのですあまり遅くは難しいけど^_^;
0	@yukarixh 今度見つけたら試してみるー！
0	パパと学校、こじま先生と実家から買い出し、ポケモンGOハンターに行って陰謀に巻き込まれる、昔の親友とにたくファミリーと卒園生の小学校行列を見る。そんな夢。
1	@yukarixh そ、そんな素敵なリップがあるのか！可愛いリップー！
0	今日の晩ご飯はそぼろ丼！
1	「マツコの知らない世界」を見たけど、やっぱりマンガ飯いいね！ 紹介はされなかったけど、私も作ったことある美味しんぼのローピンも出てきててちょっと嬉しかった(o^^o)
0	あっ、先週のマツコね！
1	なんか今日のは録画して楽しみにしてたのに、Twitter見てみるとすごい不評だなあ(´･_･`) まあ後で見よう。 #マツコの知らない世界
0	来週はマスキングテープらしいおさとの情報を得て、楽しみでソワソワしてしまう。 #マツコの知らない世界
0	PC版のお得なクーポンサイト【くまポン】でモッピーくんを見つけたよ！ #moppyquest
0	夫婦の日とツインテールの日というのは把握。りあじゅーはほろ（ry
0	愛妻の日というのもありましたね。
1	そういえば今日の夢は、うね氏と遊び相手（男）とドライブに行ったり、元職場で好きな人と好きじゃない人と同じクラスになってはぶられる夢だった。
1	陰口を気にせず好きなエプロンを着られる幸せ。
0	昨日総選挙の結果を知ってから、もう脳内がマック。
-1	アンビリバボーおぉぉ…！クレイジーラブ怖い。
-1	元カレの話をしてた時代もあったねー（トイウつめたい目
1	ストーカーの執念すごいなw 14年かけてまだラブコール送れるw
-1	@matssssssu ツイート見て、思わず検索した！わかってくれる男性を探すのはなかなか難しいのではないだろうか。
0	仕事帰りに買えたら恵方巻きを買おう。
0	RT @543life: 「節分（せつぶん）」 節分とは、立春、立夏、立秋、立冬のそれぞれ前日を指し、 その中でも立春の前日の節分は、春のはじまり、一年の始まりとされていました。 邪気を払うために「豆まき」をし、願い事をしながら「恵方巻き」をいただきます♪ #暦生活 #カレンダ…
0	恵方巻食べきったー！
0	豆食べてるなう。
0	豆まきも終了。
0	PC版の【ティーライフ】メタボメ茶　500円モニターでモッピーくんを見つけたよ！ #moppyquest
0	10年越しの真実w
0	@ookamito ばっ！
0	小山のフランス料理店が全焼したとニュースになっていたので調べてみたけど、お店に関する日ごろの情報がまるでない。
1	トリプルチーズバーガーと、三角チョコパイ 黒、美味しかった。
0	私のぼこるとちゃん、来週から修理に出されます。
0	作業用BGMに「ルパン三世 TV SPEICIAL 霧のエリューシヴ」「ルパン三世 TV SPEICIAL 燃えよ斬鉄剣」をGYAO!で。
0	「LUPIN THE IIIRD 次元大介の墓標　後篇 」なう。
0	マモー！…ん？まもー？
0	前半はコナン（灰原目線）、後半はうる星やつらとらんまで事件に巻き込まれる系夢。
1	鹿沼の「ネコヤド大市」に来ました( ´ ▽ ` )ﾉ 今は会場の素敵なカフェ・響茶庵なう！
0	@ookamito という反応ですw
0	@ARMOREDRAGORA 私は結婚してないから、鏡いりませんノシ
0	PC版のまごころ一杯お試しセットでモッピーくんを見つけたよ！ #moppyquest
1	そうかー、言わなきゃわかんないもんね。別にいいんだけど。
-1	お腹痛い。
0	PC版のSBI証券[口座開設]でモッピーくんを見つけたよ！ #moppyquest
0	PC版の「保険の窓口インズウェブ」バイク保険一括見積もりでモッピーくんを見つけたよ！ #moppyquest
0	あれっ、なんか思いのほか私いっぱいいっぱいじゃないか？なんでだ？
1	DAISOパックをしてみる。黒真珠いいなぁ。
0	ころせんせーと幽霊（占い師』系の夢。
1	@mtmtusachan どうした！大丈夫？(´･_･`)
0	@shiori_yanaka あれー！おかえりノシ 長期滞在？
0	PC版のMUJIカードでモッピーくんを見つけたよ！ #moppyquest
1	いも焼酎のお湯割美味しいし、父の自家製モツ煮も美味しかったから寝る。
-1	@mtmtusachan はあー？！それって関係なくない？っていうか理由にならないでしょ！(−_−＃) 下手な理由のオンパレードじゃん…。
0	@shiori_yanaka 早いな(´･_･`)無念
0	@tkrhrkt お大事にー(´･_･`)
0	洗濯もした、掃除もした、晴れてる。でも、今日は出かけられない。
0	私の愛車が修理から帰ってきていないからなー。こういう時はアッシーが欲しい。
-1	というわけで、今日は余儀なくヒッキーです。
0	PC版のマネーパートナーズ「マネパカード」でモッピーくんを見つけたよ！ #moppyquest
0	欲望のままにパスタを茹でて食べてしまった…！満足！もうやらないと思うけど（笑）
0	今日は国民の祝日だから、日本国旗でも作ろうかしら…。
1	「夜の巷を徘徊する」たまに見るけど好き。東京で飲み歩きしてる時にたまたま会うのが私の夢。
1	懐かしの方をたまたましぶで見つけて、もう興奮と喜びで叫ぶしかできない今。
0	★・・・★・・・★・・・★ ⭐スタンプに投票して1万円⭐ ★・・・★・・・★・・・★ LINEバイトのバイトあるあるスタンプ「あるある🤔」すぎるっ😋💕 #LINEバイト　#バイトあるある https://t.co/7lxomA2wBQ
0	今日の青空レストラン、手越くんだったのかー！これは録画すべきだったorz
0	RT @gumi_mons: 子どもに受けると思ってプリキュア同士を戦わせたら逆に子どもから泣かれてしまい、以降プリキュア同士の戦いが禁止されてしまった伝説の映画『ふたりはプリキュアMax Heart2 雪空のともだち』をどうぞよろしくお願いします！！！はっきり言って最高です！…
0	今週のバレンタインが延期になったので何もしないから、友達を見てせやせやとやらないといけなかったことを思い出す。今年は友チョコする予定なので、ラッピングとお菓子の材料を来週に買わねば。
0	友達のバレンタインの試食でとっても満たされてる。
0	PC版の三菱東京UFJ-VISAでモッピーくんを見つけたよ！ #moppyquest
1	PC版のローソンフレッシュでモッピーくんを見つけたよ！ #moppyquest
0	RT @IRORIO_JP: アクセスが伸びています！あなたの苗字はメジャー？マイナー？  ご当地あるある？ありふれていると思っていた「苗字」が全国的にマイナーだと分かるリストが面白い！https://t.co/cmT4ao7P2k #苗字制定記念日 https://t.co/…
0	スパイは、最初の最初で三男、最初の10連で四男・五男・末弟を手に入れた。長兄はまだ…orz
0	先日、念願のカジノ次男を手に入れて、若干満たされている私。
-1	ツイッター見て気になってたへそウォをやっとアップデートしたんだけど、あまりのレベルアップにがくぶるしてる。何このダイヤ数どういうことなの？
0	私もめっちゃ考えて履歴書作ったけど、よく考えたらいつもツイッターはアプリ経由してないからへそウォから直接投稿できなかった。
0	というわけで、パソコン経由で投稿してみる。…私、Twitterで画像投稿したのって初めてじゃないだろうか。 https://t.co/J4JX3GrPTt
0	@yamaaki0718 間違えた、ニート歴書。
0	フォロワーさんのニート歴書見てみたら、なんか自分のの異常さを感じて若干へこんでる。無課金！私無課金なんだよ？
0	最初の10連でバレンタイン十四、次の10連でギリシャ十四とスチパン一が出たので、まあまあ満足しています。初めてのシリーズのやつが出たからね！ギリシャとスチパンは最近特に欲しかった！
-1	オグリキャップうぅ！
1	というわけで、ハッピーバレンタイン！
0	今日の私は、父にあげるついでに買ったラミーをもそもそ1人で食べていることでしょう。
0	トレンド見て気づいたんだけど、今日は私がこっそり気になってる二階堂さんの誕生日…？
0	RT @osomatsu_PR: 【バレンタイン記念☆】おそ松さん5アプリ合同企画！『バレンタインRTキャンペーン』の開催です！！＼限定アクリルキーホルダー／をGETしよう♪ https://t.co/uJ3tvcWooQ #おそ松アプリコラボRTキャンペーン https://…
0	PC版のP-one FLEXYでモッピーくんを見つけたよ！ #moppyquest
1	前の所と違うから、お菓子でビクビクしなくてもいいし、手作りのお菓子でも不安がらなくていいんだなー。今日やっぱり何か持って行けばよかった。
1	PC版の【100%還元】スマート黒しょうが＋生酵素【初回540円】でモッピーくんを見つけたよ！ #moppyquest
0	PC版のサラリーマンでもできるマンション経営「グリップ」【資料請求】でモッピーくんを見つけたよ！ #moppyquest
0	トレンドを見て、今日のアニナルを思い出す。しっかり録画済みですよ！もちろん！
0	★・・・★・・・★・・・★ ⭐スタンプに投票して1万円⭐ ★・・・★・・・★・・・★ LINEバイトのバイトあるあるスタンプ「あるある🤔」すぎるっ😋💕 #LINEバイト　#バイトあるある https://t.co/7lxomA2wBQ
0	明日は朝早めの会議だからもう寝ます。
0	@lenyagami あー！先約あるorz
0	トレンドを見たら衝撃の事実。ミッフィーの作者、ブルーナさんが亡くなったなんて。ご冥福をお祈りします。
0	RT @utashima: そうか、福音館から出てるシリーズでは「うさこちゃん」で、他から出てるのだと英語名の「ミッフィー」なのね。 オランダ名の「ナインチェ」は”うさちゃん"の意だそうなので、日本語名は忠実ね。 英語のmiffyは「すぐに怒る」とか「植物が栽培しにくい」とかあ…
-1	RT @toppinpararin: 東日本大震災の時、被災した子供達へ寄せてうさこちゃんを描いてくれたディック・ブルーナ。２粒の涙のわけを「愛する人との別れは悲しいことです。でも『あなたの人生はこれからも続いていくんだよ』と伝えたかったのです」と語っていた。 https://…
0	結婚式で殺人未遂で逮捕されて、刑務所生活する夢。ちなみにほぼオールキャストで中学の同級生。
0	朝からモヤモヤする(　ﾟдﾟ)
0	PC版の【100%還元】ファスティング野草酵素「美真伝」でモッピーくんを見つけたよ！ #moppyquest
0	やっとポケモンＧOできたのが嬉しくて（今日まで容量不足でダウンロードできなかった）はしゃいだ結果、お昼くらいにはiPhoneの充電なくなったorz  そして深夜帰宅。  こういう時に限って充電器忘れて都会に出ちゃった。
0	だから今からTL追って、LINE返す。
0	@balloon4221 理解があってうらやましいですが、それ故に恐ろしいですねorz
0	まさかの雪積もってる！薄めだけど。
0	てか、進行形でまだ降ってる。
0	録画ダビング、洗濯、買い出しを済ませて、お菓子作りなう。
0	焼き上がり待ち。
1	友達と家で鍋パーティー！めっちゃ食べた！美味しかった！
1	鍋の後のバレンタインパーティー（笑）も楽しかった！ オランジェット、スノーボール、スイートポテト、どれも美味しかった( ´ ▽ ` ) 手作りのお菓子交換なんて久しぶりにした(o^^o)
0	松のパチスロ出てたのか！ https://t.co/uHPnJYeiPr
0	PC版のガラポンTV (お試し無料)でモッピーくんを見つけたよ！ #moppyquest
0	@tkrhrkt 愛の力や☆*:.｡    お大事にね（ ;  ; ）
1	まだ地道にポケＧOやってる。金銀世代が出てから、まためっちゃ楽しいです。
1	明日の仕事早いからもう寝る。
-1	@yamaaki0718 ちなみに私は花嫁で、花婿は中学の同級生（接点あまりなし）。いまいち不思議なキャスティングだった。
0	PC版のJALカード[MASTER]でモッピーくんを見つけたよ！ #moppyquest
0	ジャンク！
-1	RT @ontamameta_6: 切実な叫びを受け取ったので、勝手ながら紹介させてください。  画像は全て同じ順番で読んでください。 https://t.co/NiCOUlruQ8
0	@lenyagami こっ、これ…私もFacebookでチェックした！しかま数日前！もしや運命では？←
0	PC版の【Amazonギフトプレゼント】ジョブコメ介護でモッピーくんを見つけたよ！ #moppyquest
0	@tkrhrkt おかえり！ゆっくり休んでね(´･_･`)
0	@lenyagami やはりw
1	まさかの松平さんが小野坂さんだったw クレジット見てから聞くと確かにそうだわw
0	浜口京子さん、今までレスリング一本だったから、心は10代の乙女のままなんだな。
1	「先生、髪型〜」ってふわっと笑った顔や、「ふわふわ〜」ってすりすりしてきたあの柔らかさが可愛くて可愛くて幸せだなと思う。
0	今日の夢は、乗っていた車が突然暴走して私を振り落とし、あげく知らない車（ジープみたいな形の高級車）につっこみ、750万の修理費の4割を請求される夢だった。
0	3月と5月のお祝いを言い訳にする。
0	キモ男にストーカーされそうになったり、農道をぶっ飛ばしてて事故にあいそうになった夢。
0	事故、フリスク、ビデオな夢。
0	「カツ煮まん」という栃木の新名物があるらしい。
0	PC版のANA SKY WEB TOUR[海外ツアー・海外旅作]でモッピーくんを見つけたよ！ #moppyquest
1	RT @gensen_yutori: 懐かしいwwww この曲知っている人RT✨  #クレヨンしんちゃん  #今の小学生は知らない  、 https://t.co/2qROsP47bS
1	今日のはなんとなく録画したんだけど、今トレンド見たら今日はたっつん出てるのね！録画して良かった^ ^   #クレヨンしんちゃん
0	PC版の競輪・オートレースの予想【GambooBET（ギャンブーベット）】でモッピーくんを見つけたよ！ #moppyquest
1	「アンナ・カレーニナ」2012年 イギリス公開がヤバい。すっごいすき。
0	アンナカレーニナ、婚活、美術館、同人活動に弟子入りな夢。
0	初・小山のジョイフルなう。
1	@lenyagami 2人で？いいね(((o(*ﾟ▽ﾟ*)o)))
0	@70x3 気になってるヤッキーだ！ほんとにヤッキーな味なの？
0	@70x3 じゃあ私はイケるな！来週にでも食べてみる(((o(*ﾟ▽ﾟ*)o)))
-1	@lenyagami ちょ、そんなこと言わないでw そう言われると余計中身見たい←
0	PC版の【高額キャッシュバック＆端末代金無料】UQWiMAXでモッピーくんを見つけたよ！ #moppyquest
0	帰宅。
0	PC版のめっちゃたっぷりフルーツ青汁でモッピーくんを見つけたよ！ #moppyquest
0	@ookamito 1人飲みイイネ(((o(*ﾟ▽ﾟ*)o)))
0	PC版のマイ東京ガスでモッピーくんを見つけたよ！ #moppyquest
1	味が好きで、結構ちょくちょく行く所やんか！ なんか嬉しい(o^^o) https://t.co/tsqteHCrQZ
0	超親近感w https://t.co/8MwwWySkCG
0	今日の夢は、敵の殺人鬼集団から逃げ続ける夢でとっても疲れた。
1	【 #親友ペア活 】 古宇利島のパノラマ絶景カフェとシーサー作り！ 親友と一緒に楽しむ特別体験、『ペア活』を抽選でプレゼント  https://t.co/C8ze5vyE3c https://t.co/OQGcJnRUsi
0	PC版の【バイヤーズ】携帯・スマホ買取でモッピーくんを見つけたよ！ #moppyquest
0	今日は久しぶりにマンガ読んだ。一気に読みすぎた。
1	「ワカコ酒」「きのう何食べた？」「トモちゃんは女の子！」「甘々と稲妻」「青い花」。ちなみに昨日は「乙嫁語り」。
0	PC版の静岡銀行カードローン[セレカ]でモッピーくんを見つけたよ！ #moppyquest
1	RT @pinkshoe223: 堀北真希ちゃん引退…… 成宮くんも引退したし  今となっては去年亀梨くんと共演してくれたこのスリーショットはとても貴重なものになったね https://t.co/G1WxEFZ3Nt
0	PC版のステラ贅沢CoQ10でモッピーくんを見つけたよ！ #moppyquest
0	PC版のセラミドファインでモッピーくんを見つけたよ！ #moppyquest
1	昨日職場で飲んだ桜茶は風流であった…。
0	無印のご祝儀袋が相変わらず欲しい。
0	今は昔、むかーしむかし、昔々「職場の愚痴は休日に友達に愚痴ってスッキリしな」と言われたことがあるけども、「毎日無視されて毎日陰口叩かれて他にもetc」とは友達に愚痴れないよね。
0	ほとんどの人には聞かせたくないし聞きたくないだろうし、自分も言いたくないよね。
1	RT @7_netshopping: 人気コミック『#鬼灯の冷徹』とコラボしたお酒が登場！桃太郎ブラザーズにちなんだ「もも梅酒」と、鬼灯をイメージした純米吟醸をご用意♪ https://t.co/kanE0hiG5f https://t.co/JOcJt8Yyoc
0	PC版のナビ高く売れるドットコムでモッピーくんを見つけたよ！ #moppyquest
0	お昼ご飯はちらし寿司食べたし、晩ご飯にひなあられ食べた。
0	PC版の【専門書アカデミー】専門書、大学教科書、医学書の買取サイトでモッピーくんを見つけたよ！ #moppyquest
1	美味しい料理を持って、誰か我が家に来てくれないかな…。ケンタッキーかピザでもいい。
-1	ゆばーばの占いと結婚式の二次会的なのと、ミュージカルとマリーアントワネットと不倫が混じった2部制。
-1	@matssssssu お疲れ様です(._.) お仕事大変そうね(´･_･`)
0	PC版の【おうちでdeわーく】無料会員登録でモッピーくんを見つけたよ！ #moppyquest
1	＼フォロー＆ツイートで新商品が当たる！／ 2月の新商品7種類セットが抽選で100名様に当たる！ @asahiinryo_jp をフォロー＆この投稿をRTするだけでも応募出来ます♪ #2月は７つのおいしさをお届け ▽詳細はこちら▽ https://t.co/UggYdlK7Uj
0	トレンドがアナ雪一色だ…。
0	ちなみにテレビがないので見ていない。
0	今週から花粉すっげーな。
0	今日の夢は、前職場の最高級トラウマの人が出てきたり、発表会でピアノとバイオリン弾くのにめっちゃ練習不足だったりそこに思い出のフクロウのブローチが絡んでくる夢。
0	@shiori_yanaka ちょうど今フレンズ観てるw サーバルちゃんをめっちゃハイテンションにしたら、そっくりかもしれん（笑）
0	PC版のヘパリーゼＺでモッピーくんを見つけたよ！ #moppyquest
0	PC版のアマゾン(amazon)ギフト券を高値買取り！【金券買取ＥＸ】でモッピーくんを見つけたよ！ #moppyquest
0	PC版のinfoQでモッピーくんを見つけたよ！ #moppyquest
1	RT @asahiinryo_jp: ＼100名様に当たる！／ 3/7発売の「牛乳と楽しむ『カルピス』」をプレゼント！@asahiinryo_jpをフォローして、この投稿をRTするだけでも応募完了！フォローもお忘れなく！ #牛乳と楽しむカルピスプレゼント ▽詳細はこちら▽htt…
0	まあ、私も多分離婚してしまうと思う。ゆうこりん…。
0	仕事の予定じゃないのに、仕事の色で書いてしまった…書き直し。まあ、精神的には仕事だけどね(´･_･`)
0	私が春のおでかけに持って行きたいのは、氷水でいれた紅茶？！「日本の紅茶」。「日本の紅茶」という言葉が気になったのと、自分の中で1番好みだったから。 #マイティーズティー https://t.co/j5D0hvGi5u
0	@lenyagami @yukino010 15日以降でよければご一緒したいわ( ´ ▽ ` )ﾉ
0	PC版のプロミスでモッピーくんを見つけたよ！ #moppyquest
1	『赤いきつね』に投票しました！【赤いきつね・緑のたぬき×mixiコラボキャンペーン】投票すると赤いきつね・緑のたぬきが当たる！ #赤いきつねmixi 詳細はこちら→ https://t.co/IF3LQ1lmO9
1	歯食いしばって悔し泣きして１年、さらに逃げてから１年経ったわけだ。そう考えると、月日が経つのは早いなあ。
0	ぬもり、くまり、くもり…もやもやもや。
1	@yukino010 @lenyagami だよね！そんな感じだと思ってた！←   今週は仕事とそれ以外で予定が結構入ってるので、よかったらお二人で行ってきて( ´ ▽ ` )ﾉ
0	眼鏡、トイレに落とした…orz
0	@Pontoma ありがとう…orz とっさに予備の眼鏡をかけて今に至ります。
1	PC版の肌ナチュール　リッチモイストクレンジングでモッピーくんを見つけたよ！ #moppyquest
0	幼稚園からの一貫校で、授業中絵を描いて怒られたり、避難訓練したり、昔の職場の人に嫌がらせで避けられたり、避難訓練の敵役はナルトと自来也だったり、幼児校舎で呪いにかけられて階段から落ちて死んだりする夢。
0	PC版の【シュセラ】モイストゲルでモッピーくんを見つけたよ！ #moppyquest
-1	君が卒業したい自分はどれ😵!? ①寝坊助キャラ    ②ウェイすぎキャラ ③忘れん坊キャラ ④人生詰みすぎキャラ 答えるだけで現金3万円のチャンス🌟 君もダメな自分を答えてみて👻❤️ https://t.co/IgBrCL75CX ＃LINEバイト
0	PC版のヤマキ春の新商品モニターキャンペーンでモッピーくんを見つけたよ！ #moppyquest
0	パーマの維持に余念がない。
0	野うさぎ、ハツカネズミ、プリンセスっていう馬の種類。の夢。ノルウェーかアイスランドか。
0	メイク女子会が計画されているなうw
0	PC版のイミディーン デルマ・ワン[490円モニター］でモッピーくんを見つけたよ！ #moppyquest
0	@senamoru あらー！ますます美人さんになるじゃないですか！
0	@matssssssu お疲れ様！だから最近お仕事忙しそうだったのね(´･_･`)
0	PC版の日本法規情報　離婚サポートでモッピーくんを見つけたよ！ #moppyquest
0	アイシャドウトークなう。
-1	@matssssssu ラストスパートだったら、なおさら大変だったね^_^; お疲れ様ノシ  ひと段落してもし時間あったら、今度久しぶりにお茶かご飯でもどうですか？(*^_^*)
0	@matssssssu のんびりしたいって言ってるのに誘う私←
0	PC版の日清オイリオ【中鎖脂肪酸メモリオン】でモッピーくんを見つけたよ！ #moppyquest
1	RT @711SEJ: 今日、3月10日は #たけのこの里の日 @711SEJ をフォロー＆「きのこの山」or「たけのこの里」どちらかをリツイートしてくれた方の中から抽選で3名様に、リツイートが多かった商品1年分をプレゼント☆  たけのこの里派はこちらをリツイート♪ 応募は本日…
1	みんながラプンツェルで盛り上がってるのを見ながら寝ます。明日の仕事は早いんや…。
1	ちなみに私のラプンツェル知識は、（仕事の都合で見ていた）前半30分と、本屋でサラッと最後まで立ち読みしたアニメ絵本。だから最後まで一度でいいからじっくり見たい。
1	しかしユージーンは好みだと思うのよ確実に。
0	返信来るかなあ、そわそわ。
0	@yukino010 @lenyagami 15日より後になりそうだったらご一緒したいわ( ´ ▽ ` )ﾉ 前になりそうだったら、私のことは気にせず2人で行って〜ノシ
0	PC版のファンケルオンライン[ホワイトニング 1ヵ月お試しセット]でモッピーくんを見つけたよ！ #moppyquest
-1	えっ、トレンドで知って見てみたシェリルの新曲が予想外に自分の趣味過ぎてこわい。
0	そういえば、もうディズニーのお土産にイベントごとのフォトアルバムって売ってないの？（ ;  ; ）あれめっちゃ重宝してたのに(´･_･`)
0	今日は、前回の材料が余っていたから、クッキーを作った。
0	ちなみにまだ全部焼き終わってないので、晩ご飯食べたら焼く。
0	ちなみに、晩ご飯は炊き込み御飯。
0	PC版のやずやのにんにくしじみでモッピーくんを見つけたよ！ #moppyquest
1	@matssssssu まっマジか！（ガタッ  連絡するね！ノシ
0	PC版のアマゾン(amazon)ギフト券を高値買取り！【金券買取ＥＸ】でモッピーくんを見つけたよ！ #moppyquest
0	( ´Д`)y━･~~
1	手作りを渡すとやっぱり嬉しい。
0	@tkrhrkt やばい！可愛いね〜！最近ディズニープリンセスにめっちゃときめくんだよね(o^^o)
0	PC版のBIGLOBE SIM/ライトS・スタンダードプランでモッピーくんを見つけたよ！ #moppyquest
0	味噌買ったから帰る。
0	PC版のNURO光（So-net）でモッピーくんを見つけたよ！ #moppyquest
0	やっぱり、全部暴露して、殴り倒すか蹴り倒すかしてから去るべきだったかと今さら思う。今さらだけど。
0	@mofudoing オシャレな都会のOL感ハンパない！
0	久しぶりのデニーズなう。
1	@tkrhrkt からあげ揚げるの偉いね…！
1	@tkrhrkt なんてタイムリー！笑  私、揚げ物はめんどくさがってしないから…´д` ; ほんとにすごいと思うよ( ´ ▽ ` )ﾉ
0	@tkrhrkt 私は、今まではずっとお菓子作り派だったけど、家を出たらおかず派になってきたよ（笑） でも、揚げ物は面倒だからほぼしない←  だから、はるかはやっぱり偉いで！
0	久しぶりの友達に会えるのが嬉しすぎて、私の挙動不審っぷりが半端なかったと思う（笑）
0	今日のクックルンはシリアス神回だったのか…見たかった！
1	今日は、久しぶりの友達に会えて、嬉しい日になった。小さな良いことも重なったし。
0	PC版の宅配ゲーム買取のヤマトクでモッピーくんを見つけたよ！ #moppyquest
0	野生の マグマラシを 見つけたよ
0	５年前の今日、最後の学校を卒業したとは…orz
0	あっ！クックルンは今日が最終回だったのか！
0	帰りにTSUTAYAに寄ったら、1番くじの設置をしてたんだけど、松だった。
1	@yukarixh ねほりんか…！この番組おもしろいよね！才能の違う使い方（笑）
0	時間よりも余裕を取ろう…。
-1	1人だし、この私が道に迷わない確率は低いぞ…。
0	カオスな夢に定評のある私ですが、今日の夢はまだマトモ！旅行の懸賞に応募しまくったら、（なぜか最後に当たった懸賞の行き先はアメリカ）それが当たって（同行者を勝手に同居人にしておいた）同居人が困る夢。
0	わかってる…早寝早起きしなきゃいけないって、わかってる…。
0	今、準備しとけば明朝余裕持って行けるんだぜ…。でも、
-1	すたみな太郎に誘われた私は、もう眠いんだ…食後の睡眠タイムなんだ…。
0	PC版のボイスノートでモッピーくんを見つけたよ！ #moppyquest
0	全然眠れなかった…気合で起きた！
1	新しく買ったマニキュアのせい…しかし派手な色だった…爪は隠して動こう。
0	有楽町なーう！久々！
0	@kanaelmon 結婚式の帰りに、友達の買い物で来たんだよ( ´ ▽ ` )ﾉ
1	@kanaelmon マジか！私はもう地元に帰ってきてしまったわ(´･_･`)
0	@ARMOREDRAGORA フレンズ！
-1	@ARMOREDRAGORA めっちゃ失敗でね、あまりにも酷いから載せる勇気が持てない(._.)
0	@ARMOREDRAGORA 今さらだけど、台湾なうなの？
1	ふわふわで美味しい(o^^o)
0	友達との約束あるから、それの後におじいちゃんのお墓行こう。
1	自転車に乗った、おそらく小学校高学年か中学生に爽やかな挨拶された。将来、素敵な女子になるでノシ
0	@ARMOREDRAGORA お気をつけて( ´ ▽ ` )ﾉ
0	PC版のブランド品・ジュエリー宅配買取【Branchao(ブランチャオ)】でモッピーくんを見つけたよ！ #moppyquest
0	@matssssssu しゅばっ！( ´ ▽ ` )ﾉ
0	赤いiPhone7欲しいな〜。欲しいな〜！
1	いや、やっぱりローズゴールドだな〜！うーん！
0	「いーよお、知ってたもん」「えぇ？！」「これで心残りは何もない」のくだりと、「いっしょに行こう、クラウディア」と、「嘘ついたこと、ごめんなさいね」「またいつか会いましょうね」がやばい。
0	PC版のお酒の買取【買取リカーズ】でモッピーくんを見つけたよ！ #moppyquest
0	今日の名言「怒られに行くんじゃなくて、見極めに行くんだ」。
1	名言2「二兎どっちも捨ててもいいし、一兎どちらか選んでもいい」。
0	今日は、歌謡祭で、相棒最終回でなのか〜。トレンド賑わってるな〜。
0	さっきツイート忘れたけど、いちご100%続編やるのね。半分気になる。
0	タラレバ最終回、ねほりん最終回、どっちも録画済みです( ´ ▽ ` )ﾉ
0	@kanaelmon 録画してない〜´д` ;
1	@tkrhrkt 私も友達の見た！そういう機能って良い機能よね^ ^ 安否がすぐわかるし、他国にいる人も安心できる。
0	PC版のオリックスカーシェアでモッピーくんを見つけたよ！ #moppyquest
0	がっつり前の職場の夢だわ。
0	しゃぶしゃぶ食べ放題に来たよー！ 贅沢だと思うけど、お腹いっぱい過ぎて死にそうだよー！
0	食べた後はカラオケ行ってきた！
0	そして別々の車で同じ家に帰ったw
0	あいぽん7の赤、今日からか…。
0	RT @kaito4869conan: ドッキドキの謎解きだったんだぜ？  #新一BOY #conan https://t.co/tcLGwssoK4
1	RT @conan_48694062: 泣きたい時は泣いても良いって言う新一に グッときたな  #conan #新一boy https://t.co/lYfOOAUnmi
0	RT @news_news856: 阿佐ヶ谷姉妹 × 増田貴久 「NEWSのトリセツ」  永久保証のジャニーズだから〜www https://t.co/XP58a4aTVZ
-1	@tkrhrkt 使用頻度とぼろ具合によっては一緒に捨てちゃうけど、五分五分くらいでとっとく。
1	職場で先日もらったドーナツ美味しいぞ！
0	PC版の【リサイクルネット】ホビーの宅配買取専門でモッピーくんを見つけたよ！ #moppyquest
0	鬼ヶ島に隔離されてて、数ヶ月に一度しか帰れなくて、鬼と恋仲で、ポケモンＧOの世界観混じってて、ガラクタ屋があるような世界で、中学メンバー出てきたよな淫夢。
-1	大学生くらいからGYAO!で放送されるたびに見てるけど、毎回ホルモン食べたくなる。行きたいなー。 https://t.co/6xAu9zk4GS
0	これ、実家でたまたま見てたけど、声、櫻井さんだったんか…！ https://t.co/k83iaImJst
0	PC版の京美水エイジケア トライアルセットでモッピーくんを見つけたよ！ #moppyquest
0	エンディングの曲変わったのか！今度ゆっくり見てみよう^ ^ https://t.co/VyftRktMjE
0	そうだ、今日さくらの日だったんだ…職場の桜の木を撮ってくるの忘れた。
1	今週は、髪型を毎日変える週間にしたい。勤務ロングだし、夜に予定もないけど。
0	あっくんとカノジョ、ドラマCD出てたんだ。
0	欲望のままに、3色パスタを食べきった！
-1	くっそ眠い…。
0	休憩なう。
0	@boono333 電通と森友学園の二の舞を防ぐためでは…？w
0	若者を孤島でサバイバルさせる組織から宝を盗むルパンと、職場の夢を見た。
0	RT @CHOYAofficial: 4月25日発売☆チョーヤ #利き梅酒 の先取りキャンペーンを実施中♪ 100名様にプレゼント☆@CHOYAofficial をフォロー＆この投稿ＲＴで受付完了♪梅・砂糖・アルコールのみで作った本格梅酒の品種による違いをご体験下さい☆ htt…
1	同居人、休日の今日イースターエッグを完成させていた。ほんとに可愛い。この乙女な感じがやばいと思う。
1	今日は、職場の桜（2種類ある）が両方満開になってとても綺麗でね、職場の方と「お花見みたいね」って話しながらお弁当食べたの。素敵で贅沢で幸福な時間だった。
0	RT @CHOYAofficial: おはようございます☆チョーヤ利き梅酒の先取りキャンペーン実施中♪ 100名様に先取りプレゼント☆@CHOYAofficial をフォロー＆この投稿ＲＴで受付完了♪梅・砂糖・アルコールのみで作った本格梅酒の品種による違いをご体験下さい☆htt…
0	PC版のキタムラ・フジシティオ Tカードプラスでモッピーくんを見つけたよ！ #moppyquest
0	@ookamito それぞれの企業からオススメのお菓子を１つずつお願いします。
0	なんてこった！今日の金曜ロードショー、ルパンだったのかorz
-1	この企画が素敵すぎて辛い〜！w 今、Part3をGYAO!で見てるから、余計に選ぶの迷ったわ(´･_･`)  放送が楽しみ過ぎる。 https://t.co/zl2t6xgS7O
1	ミニオン、新しい話やるのね。
0	蓮さんと友達の仁美が、買い物とドライブの後に我が家（実家）に遊びに来て、ポテトサラダを作る夢。、
0	エイプリルフールで賑わってますな〜。
0	ゲス乙女が活動再開とか、（外国で）ニシキヘビに男性が飲み込まれて死亡とか、杏さんが妊娠とか、ニュー賑わってる。
1	お土産でもらった金箔入りカステラを、緑茶と一緒に朝ご飯。くじ付きなのがまた良い^ ^
1	くじも良い結果で嬉しい(o^^o)
-1	昨日から、超…咳がひどいな…。
0	雨止んだし！
1	@lenyagami 夢の中で作ったよ！^ ^  起きてから気づいたんだけど、ジャガイモの形状が、ポテトサラダというよりはマッシュドポテトサラダだったかも（笑）具は確かにポテトサラダだったんだけど。
0	@ookamito キャラメルコーンは、たまに無性に食べたくなるよ^ ^  イトウ製菓のがピンとこないから、今度探してみるわ( ´ ▽ ` )ﾉ
0	洗濯した、実家で仕事用エプロンの衣替えもした、食料の買い出しもした、お昼ご飯も作って食べた。
-1	もう今日は外出しないぞ！だって3日目だしとっても寒い。
0	RT @CHOYAofficial: ※エイプリルフールではありません！※ チョーヤ利き梅酒の先取りキャンペーン実施中♪100名様に先取りプレゼント☆@CHOYAofficial をフォロー＆この投稿ＲＴで受付完了♪本格梅酒の品種による違いをご体験下さい(^O^)https:/…
-1	@balloon4221 自分の予定を突然変更されるとイライラしますよね～！　しかも、準備やおもてなしで大変なのはご主人じゃなくてタッティさんという被害…。　エイプリルフールというオチをお祈りしています。
0	そうだ！エイプリルフールだから、 Poisson d’avril（4月の魚）あったんだわー！炒り豆腐とか焼きそば作ってる場合じゃなかった。
0	いちめんのなのはな いちめんのなのはな いちめんのなのはな
1	家の前で菜の花が綺麗に咲いてた。花の香りがとっても濃厚で素敵空間。 https://t.co/z2NcP3Hhup
0	イースターの由来を調べるなう。
0	ねつある
0	雷雨
0	インフーになた…orz
0	この歳で妹が生まれた夢を見た。
0	【現状報告】突然のＬＩＮＥ初期化。私のiPhoneはほとんど電話番号入ってないので、以前からLINEで繋がっていた方や今後繋がってやるぜって方は友達申請お願いします。
0	@ARMOREDRAGORA 友達申請しといたよ(^-^)/
0	RT @Sho__TGI_CL: Get Wildが話題になってるけどGet Wildといったらやっぱり日村だよなｗｗｗｗｗｗｗｗｗｗｗｗｗｗｗ https://t.co/hajdHZSWh6
0	駐車場 魚 年賀状 ゲーセン 空港 コナン な夢。
-1	【続報】トーク履歴のバックアップを最後に取ったのが2月末だったので、それ以降の交友全て真っ白です。その辺に交流した記憶ある方々、連絡お願いします（ ;  ; ）
0	PC版のファンケル[えんきん]でモッピーくんを見つけたよ！ #moppyquest
0	前の職場でパートとしてさく部屋掃除してたら、中学の同級生が卒園式の手伝いしててタダ働きだった夢。
0	@tkrhrkt じゃあ何て言うの、取り込む？こむじゃないの…？
1	AKBの衣装哲学の本な…正直な…めっちゃ気になる。
-1	松アニメ2期だと((((；ﾟДﾟ))))))) トレンドとTLが大変な騒ぎになっとるw 着ぐるみが号外配ったり、CMでやったりとなw
1	大学ぽいで時間割なくして遅刻、乱太郎で劇やる、大自然の中の家で嵐にあって兄と木に潰される、母方の祖父来るとかそんな夢。
0	学校と遊園地が混じったような所で、ジェットコースターのレールから脱出したり、電車に押しつぶされた夢。
0	ドラゴンボールからの、父方親戚と同居、駅前が駄菓子屋通りになり、遊びに来ていた昔の友人が我が家で行方不明になる夢。
0	5日ぶりのお仕事わず！無事に終わったけど、後遺症なのか、胃がなかなかの不具合起こしてますよ…やる気皆無。
0	今の子供達と学校に行って体育したり、家で外国人の義兄に無理やり台所で髪切られる夢だった。
0	PC版のワンルームオーナー.comでモッピーくんを見つけたよ！ #moppyquest
-1	@smallcute702 この投稿の2時間前くらいに、同じ場所通ったw ここの桜とっても綺麗よね^ ^
0	体が食べ物を受け付けないという、私らしからぬ事態。
0	今日のKinKi Kidsのブンブブーンは、オタク話満載らしかったからとりあえず今日の午前中録画しました。
0	PC版のタイムズカープラスでモッピーくんを見つけたよ！ #moppyquest
1	半分ガセかと思ってたけど、本当に結婚しよった…渡部さんと佐々木希さん…。
0	@mofudoing ご飯のやつ！とってもそそられる展示だよね！*\(^o^)/*
0	@balloon4221 私もめっちゃ期待してましたw
1	今日もろた。嬉しいから置き逃げ！ https://t.co/ZPKDjShdmE
0	第278話「英語教師VS西の名探偵（後編）」 で、先生相手に英語ぺらっぺら喋ってた平次くんがイケメン過ぎて惚れたw　そんな出勤前だった。
0	RT @hontai: 2017年本屋大賞のすべての順位はこちら。 １位「蜜蜂と遠雷」恩田陸/幻冬舎 ２位「みかづき」森絵都/集英社 ３位「罪の声」塩田武士/講談社 ４位「ツバキ文具店」小川糸/幻冬舎 ５位「桜風堂ものがたり」村山早紀/PHP研究所 #本屋大賞
0	きょーはかようびか。
-1	ふせんを持って父の所に来る客、設定が複雑になるポケモンGO、そして松の三次元AVな夢。
0	地震…あった…よね？
0	RT @cocohotlove: 女性にババアなんて無いんです 20代はお嬢さん、30代はお姉さん、40代はお姉様、50代はマダム、60代はミセス、70代になったら可愛くおばあちゃんと呼びましょうRT
0	PC版の≪リピートOK≫【ネットオフ】フィギュア買取「もえたく!」でモッピーくんを見つけたよ！ #moppyquest
0	今日の朝自宅近くのセブンで気づいたので、行き帰りの通勤路で確認してみた。セブンイレブン、いつのまにポケストップになったんだ…今日からか？
0	というわけで、実家に長期滞在したくて仕方がない（笑）
0	@mofudoing 先日職場でポニョを見たから、ますますそそられるわ*\(^o^)/*  私も数年前に行ったきり！チケット予約しないと行けないから、なかなか手が伸びなくてσ^_^;
0	@ookamito やっぱり！夢うつつにぼんやりして結局また寝てしまったから…(-｡-;
0	@tkrhrkt こちらの地元民は省略しちゃったのね（笑）
1	@mofudoing どぅいんさんはマジで焦ったと思うけど…私はどぅいんさんがラー油こぼすところが想像できなかったし、頑張って想像したら焦ってる姿が可愛くてほのぼのしたw
0	@27_yuka 確か園変わったんだっけ？環境が変わって、ゆっくりゆっくり慣れていってるのかもね*\(^o^)/* 毎日続くママはそれがわかってても辛いだろうけどσ^_^; ママお疲れ様です^ ^
1	RT @mamemane_dokan: 純黒見るけど赤井さんと安室さんがよくわかんない人向けに簡単に言うと、黒の組織に今も潜入捜査中の公安の安室(本名:降谷)さんと昔黒の組織に潜入捜査してたけど作戦失敗して潜入捜査中止したFBIの赤井さんは昔一悶着あって安室さんがめちゃくちゃ赤…
1	生歌だったのね。良きかな。 https://t.co/ahazlybnnd
0	@matssssssu そんな感じなのね！気になってはいるんだけど…(-｡-;
1	@matssssssu ああああ！めっさ行きたかったけど、スケジュール的に諦めかけてるやつ！どうだった？やっぱり素敵だった？！
-1	【お知らせ】以前の現状報告でお伝えしましたが、先週LINEが勝手に初期化しました。トーク履歴や友人をバックアップから復元しましたが、最後のバックアップが2月末だったため、３月から私と繋がった方のデータがありません（ ;  ; ）友人やトーク（グループ含む）のデータが真っ白です…。
-1	【お知らせ２】私も時間を見つけて自分から申請するつもりでいますが、複数人いるグループは招待していただかないとなかなか難しい(-｡-;  3月頃私と繋がった方、同じグループに入っていた方は、友達申請やグループへの再招待をお願い致します(＞人＜;)
0	シーフードグラタン、チョコタルト、ティラミス、ポテトが出てきたビュッフェ風に友達と行って、閉店時間で出たら外はホラーで逃げられなくて人形とか子供にされて、大乱闘させられた後捕まって行方不明になる夢。
0	@kanaelmon おかえり*\(^o^)/*  私も今実家にいるよ( ´ ▽ ` )ﾉ
1	RT @chacha_oretati: やばい、やばすぎる(ﾟ∀ﾟ) 大塚明夫がカロリーメイトのCMなんて…!!(ﾉｼ ･A･)ﾉｼ ﾊﾞﾝﾊﾞﾝ MGS3好きにはたまらなさ過ぎる!!!! この流れで「カロリーメイト、美味すぎる!!」とか言われたらCM流れる度に気絶できる自信あ…
0	えっ、これ本物の野沢さん？！ https://t.co/oPTCstXttf
0	@kanaelmon めっちゃストップくるくるして帰ったよ（笑）
-1	寝坊した…しかも、なんかりくとんさんとBと相方出てきて、学校でステージ見たり、電車で遠方の保育園行って、昔の職場の子出てきて、そこで謎解きゲームの研修みたいのさせられて司会やる夢だった。
-1	@lenyagami 残念だね(´･_･`)
0	マットレスも布団カバーも洗濯し、食料の買い出しをし、おつかいがてら祖母に顔を見せに行くというゆるゆる日曜を満喫している。今月はできるだけ体調を整える方向。
0	京極さん目当てでたまたま録画したやつ、劇場版の前日話だったんか。 https://t.co/vRSyLiKC89
0	@lenyagami やられたのねw
0	@lenyagami 落ち着け！
0	「美女と野獣」観たい…ちぎー！
-1	PC版のTSUTAYA DISCAS-30日間無料で使い放題-でモッピーくんを見つけたよ！ #moppyquest
1	お風呂入ったけど、まだこんなに明るい。
0	今のところはまだやる気がある、だからイースターということでオムライスかオムレツを作りたい。
0	PC版の【80%還元】えがおのナノ水素水でモッピーくんを見つけたよ！ #moppyquest
-1	＜急＞私のiPhone、昨日からリンゴループになりました。早めに対応するつもりですが、しばらくは音信不通です。緊急の人はガラケーの方に連絡ください。
-1	《お知らせ》iPhone、リンゴループから復活不可能と判断し、本日機種変更しました。1回不具合を起こした事もあるため、新しい子は写真などのデータや連絡先が真っ白の状態です。 LINEで繋がっていた方は、友達申請をしていただけると助かります（ ;  ; ）
0	《お知らせ2》LINEですが、以前からいたトークルームやグループへの招待をしていただけると、そこから連絡先が入手できるのでとても助かります！ よろしくお願いしますm(_ _)m
0	というわけで、Twitterアプリ始めました。（今まではブクマからログインしてた
-1	とりあえず、家で宅飲み・ヤケ酒するくらいにはiPhoneの件で落ち込んでいる。
-1	@boono333 夜遅いのに大変だね(( _ _ ))..zzzZZ  お疲れ様^_^;
0	朝ご飯のケーキ食べた。昨日実家で貰ったやつ。
0	PC版の不動産投資一括資料請求【Oh!Ya(オーヤ)】(本人電話確認)でモッピーくんを見つけたよ！ #moppyquest
0	早めに仕事が終わったので、久しぶりのフライングガーデン。
0	@27_yuka 6連勤が毎日…！((((；ﾟДﾟ))))))) 本当にお疲れ様です(￣^￣)ゞ  職場変えたの？
0	@27_yuka そうなんだ！オールドネイビーがあった所にできるのかな？ ファイト〜( ´ ▽ ` )ﾉ
1	【お礼】親切な皆さんのおかげで、LINEの友達もだいぶ復活してきましたm(_ _)m  私のiPhoneにはほとんど連絡先が入ってないので、助かります！  電話番号検索で登録できると思うので、まだの方はよろしくお願いします(＞人＜;)
0	気持ちの切り替えとストレス発散を兼ねて、今まで容量の都合でとれなかったアプリを片っ端からダウンロードしている現在状況。
0	というわけで、松関連のアプリはほとんどダウンロードした。パズ松も始めました！
1	当選したらしくて、今日届きました！ 透明なのに、レモンティーの香り( ´ ▽ ` )ﾉ さっぱりしていて、飲みやすいです^ ^ #朝ティー https://t.co/ugGC3UBoES
1	iPhoneの件を知った大学の友達が、LINE登録申請してくれて、前のiPhoneに入っていた写真もアルバム作って送ってくれた（ ;  ; ） 優しさが身に染みるわ…｡ﾟ(ﾟ´Д｀ﾟ)ﾟ｡
0	今からこれ作るぞ〜！わざわざトマト買ってきたんだ！ https://t.co/0MIRph2QWh
0	作った結果、こうなりました٩(๑❛ᴗ❛๑)۶ https://t.co/59u6qmT5jc
0	今日の金曜ロードショー「シンデレラ」だったのか！珍しく映画館で見たなあ。
0	PC版のマジカルクラブTカードJCBでモッピーくんを見つけたよ！ #moppyquest
0	明日も仕事である。花金ではない。
0	@yukino010 私も見たい〜！ノシ
1	@yukino010 ありがとう(*´∀｀*)  お腹にたまるというよりは、食べごたえがあるって感じで美味しかったよ^ ^
0	@yukino010 時間が合ったら一緒に見る？
0	PC版のトレファク引越でモッピーくんを見つけたよ！ #moppyquest
1	@tkrhrkt オシャレ！素敵〜(*^o^*)
0	@lenyagami お疲れ様です(；ω；)
-1	急に寒くなってきた…セリア寄って帰ろう💦
0	@yukino010 今日ハーヴェスト行ったの？^ ^ 私、実は今日行こうか迷って行かなかった(´；ω；`)
1	@mtmtusachan いいよ〜(*^o^*) この前、iPhone壊れてLINE消えちゃったから、スタンプ送ってみてもらってもいいかな？(＞人＜;)
0	初めてのカフェで、待ちぼうけなう。
0	@yukino010 蓮さんとコナンの映画観てきたのね！  じゃあ、次は私と「美女と野獣」観ていただける？
1	@mtmtusachan マジかΣ（・□・；）じゃあ、こっちからメール送ってみる！
0	@mtmtusachan 今、試しに送ってみた！届いたかしら？ 届いてたらそのアドに返信してくれればID送ります( ´ ▽ ` )ﾉ
0	沖縄民謡の屋外（半屋内）コンサートに父と言って、父と離れて隣のセクハラオヤジにセクハラされ、屋台混んでて階段の手すり滑り台の抜け道で混雑回避したら会場の外に出ちゃって、小学校を通り抜けつつ戻ろうとしたら外国人のテロリストに遭遇し、赤ん坊と人質にされ、なんとか逃げてアパートに避難し
0	なんかそこでも事件があって、テロリストから住人を巻き込んで逃げつつも機動隊に助けを求めるそんな夢を見ました。
0	PC版のドコモ口座キャッシュゲットモールでモッピーくんを見つけたよ！ #moppyquest
-1	@lenyagami 無理しないでね(＞人＜;)
0	RT @ymmtgk: ポプラ社 かいけつゾロリ30周年の広告。ええ広告やこれは… https://t.co/MeKh6VgBGE
1	RT @mi2maru: 玉ねぎに切れ込み入れてバターとコンソメ挟んで胡椒振ってレンチン五分して味ぽんかけて食べるとクッソ美味いからみんなやってね！新玉ねぎがおいしお〜〜 https://t.co/UYFZcWt1Cm
0	転職したのか結婚したのか。
0	RT @roman_sound_h_5: いけませんお客様！ 余っていたピザ用チーズと細かく切った餅をフライパンで焼くのは…！ ああー！いけませんお客様！ 溶けたタイミングでニンニクを入れて混ぜるだなんて！ この後黒胡椒かけるなんていけません！ https://t.co/fEQ…
0	おそ松さんと日本全国を旅しよう♪ #たび松 https://t.co/1lJOLxffMi https://t.co/glppfjIc7G
0	PC版の熊本さばきたて馬刺し本舗【おすそわけ村】でモッピーくんを見つけたよ！ #moppyquest
1	111万円が3名様に当たる！おいしい3層のど飴 #キシリクリスタル から #3つのおいしい話キャンペーン 実施中！ さらに、キシリクリスタルの詰め合わせがその場で当たるスロットも！ https://t.co/OHl5Kv8sTC
0	@tkrhrkt それはファックすべきだなマジで！
0	なんだよー！アップグレードってポリゴンにしか使えないのか！
0	@lenyagami 幻ですな…。
0	@yukino010 どこに？
-1	今日はゆるっとお泊まり会して、明日はピクニックに行くで(*´∀｀*)
0	今日は、早起きしてお弁当作り。3人で向かってますピクニック！
1	お泊まり会（買い出し）して、次の日はみんなで朝ご飯とお弁当作り。昔懐かしの子ども科学博物館にピクニック。今日は1日あっという間でめっちゃ充実詰まりしてた。そんな今は2人でお酒飲んでる。
0	@lenyagami 旅行は行かないけど、どこかに出かけてる事が多いかなあ٩(๑❛ᴗ❛๑)  今のところ空いてるのは2日間くらい。
0	@yukino010 そうなんだ！初めて聞いた所だわ٩(๑❛ᴗ❛๑)۶ 満員は残念だったね(・・;)連休前だったからかな？私も昨日と今日は飲みの誘い多かったもの（笑）
-1	@ookamito ほんと残念…ポリゴンが出てくれるならまだしも。
1	@lenyagami 日にち、いつなら大丈夫ですかー？ どこならOKですかー？と確認してみる。
1	@lenyagami 珍しい！連休なのに大丈夫なの？  私は今のところ3日しか空いてないんだけどどうかしら？
0	PC版のJRDマンション経営でモッピーくんを見つけたよ！ #moppyquest
1	スタバのパイのやつ食べたくなってきた…しかし1人…普段の1人はいいけど、こういう連休とかは人酔いするから1人は避けたいんじゃ…。
0	@lenyagami そうだったのか！じゃあ3日に会おう(((o(*ﾟ▽ﾟ*)o)))♡
1	サーティワンのアイスも食べたいんだ…あと、新しくできたハートマーケットにも行きたいんだ！その欲求が全部満たされる場所もわかってるんだ。ただ、そこ人の集まる場所やねん…！
0	#新しいプロフィール画像 https://t.co/JX9fPXjq87
-1	高校生の頃、空の写真を撮ってブログとかのプロフィール写真にしてたら、なんか小馬鹿にしたような感じで同級生に笑われたことを思い出す。それ以来その子たちは苦手だ。
1	とか思い出しといて、私は相変わらず空の写真が好きだからプロフィール画像にしてるのだけども。
0	@70x3 一句。
0	連休入るので、ハーヴェスト諦めて、普通に買い出ししてきた。
0	ポポラマーマのパスタを再現してみた。「ほうれん草ベーコンしょうゆ味」。実家じゃ作らないもんな〜。
0	今日は図書館記念日なのか…そう言われると図書館行きたくなる…ちょっと行ってこようかな。
0	図書館も文化会館も駐車場が埋まってるってアリ？
-1	悔しいから、ずっと気になってた菜の花撮りにきた。 https://t.co/XjqiffeDoW
1	@lenyagami う〜ん、今のところ特に思い浮かばないというか…ハンモックカフェとか、原宿のクレープとか、アウトレットもいいかなとか、大平の大人のアスレチックとか、う〜ん(・・;)
1	@shiori_yanaka テレビで、獅童さんがお話ししてて気になってた舞台！練習風景をVTRで見たけど、苦労なさっていてそれがまた興味をそそられたわヽ(´▽｀)/  とても素敵な経験をなさっていて羨ましい★
0	PC版のマネーパートナーズ「パートナーズFX」でモッピーくんを見つけたよ！ #moppyquest
0	日光…行きたい…
1	編集者としてカフェで蓮さんと日本地図の試験受けたり、相方のイケメンに恋してたり、戦争で生き別れた悲恋系の話を体験者から聞く夢だった。
0	久しぶりに弟に会ってるなう。
0	ぬんぬん。同居人と酒飲んだ今。
0	@lenyagami そうなんですよ…(　˙-˙　)
1	@lenyagami 東照宮とか、有名どころ見たい！
0	@lenyagami @yukino010 じゃあ、あっくんも巻き込もう！私ひたち海浜公園も行きたいんだが！
0	PC版のFuture Finder（フューチャーファインダー）でモッピーくんを見つけたよ！ #moppyquest
0	@lenyagami @yukino010 巻き込んだぞww  うーむ、どっちも迷う！しかし気分はひたち海浜公園寄りなんだ…ネモフィラ？見たい！ 1対1だな！
0	@yukino010 @lenyagami ひたち海浜公園！ 車か…(　˙-˙　) 運転に自信がないなあ（ ;  ; ）
0	@yukino010 @lenyagami 誰の一台で行こうか…？
1	@yukino010 @lenyagami いいのか！ありがとう(๑&gt;◡&lt;๑)  そうだね！LINEにしようか^ ^ これを機会に、またトークルーム作る？
1	@yukino010 @lenyagami 麺を使えばいいのかな？ あれはMさん込みのグループだし、せっかくだから、新たに3人の作らない？
0	@yukino010 @lenyagami 作った！
0	@ARMOREDRAGORA あら！今日は那須に？
0	道が混んできました。
0	@ARMOREDRAGORA どうしたヽ(￣д￣;)ノ=3=3=3
0	@ARMOREDRAGORA あらー！Σ（・□・；）
0	駐車場にイン！
1	かねふくのおにぎり、超美味しかった！！！
0	#新しいプロフィール画像 https://t.co/WpAIfXtq8b
1	今日は、気になってたひたち海浜公園に行けたし、かねふくで美味しい明太子も食べたし、とても充実した一日でした٩(๑❛ᴗ❛๑)۶ https://t.co/yV1BdHvBB6
0	今日は那須に向かってます٩(๑❛ᴗ❛๑)۶ 一応着いたのかな？
0	出口で渋滞なう。
0	今日は、那須でハイキングしてきた！まさかこれで足が筋肉痛になったりしないだろうな…_:(´ཀ`」 ∠):
0	えっ、ちょっ、またアップグレードだった件について。
1	@kasumi_c2h5oh 私も、昨日たまたまリバティ乗ったよ(*ﾟ▽ﾟ*)  コンセントは気づかなかったな〜。  ソファーは結構好きだった！  私は足掛けいらない派！笑
0	誰か、11日の木曜日、あしかがフラワーパーク付き合ってくれ…。ぎりぎり藤の時期は終わってると思うんだけど、ぎりぎり間に合うかもしれんのだ。行きたいのだ。
1	イクミママのどうぶつドーナツ、初めて食べたけど、優しい味でとても美味しい！(*´꒳`*)
0	絶対に死ぬけど、明日フラワーパークに行くべきなのか…？でも、どっちにしろこのままだとボッチ。
1	先日行ったくまのがっこう展がぎゃんぎゃん素敵すぎて、まだ余韻が冷めないし、もう一回行きたい。Twitterで検索して、同志を見つけてはニヨニヨしてしまうそんな今。
-1	前半はめっちゃやらしくて、後半は中学時代のメンバーに虐められる夢だった。つらい。
0	動き回る 食べる 笑う  #おまえらのGWを三行で振り返れ
0	PC版の【フクウロ】アパレル古着宅配買取でモッピーくんを見つけたよ！ #moppyquest
0	@lenyagami 仰天な！実家で録画してきたよ〜(｀・ω・´)
1	RT @housefoods_now: 【 #RTキャンペーン 対象ツイート】 #おそ松さん #オリジナルボイスキャンペーン をもっとみんなに知らせてね♪母の日までに合計6,666RTでオリジナルクリアファイルが100名に当たる応募フォームが出現！ キャンペーン＆詳細は→ ht…
0	朝にコーヒーと食べたいパンは #ハムチーズデニッシュ https://t.co/HcF0OOEOs1
0	PC版のHuluでモッピーくんを見つけたよ！ #moppyquest
-1	ドラゴンボールZ（アニメ）見てると、クリリンがかっこよくて辛い…ピッコロさんの悟飯へのデレ具合も見てて辛い…。
1	純粋に喜べないのは許してほしい。
0	@70x3 それな。
0	@matssssssu 旅行かな？結構長い間なのね！行ってらっしゃ〜い( ´ ▽ ` )ﾉ
0	ゆうきと、はな（笑）
-1	大人なおひとくんが優しくて、算数教えて貰って、ピアノの先生が評判悪くて、ゆきから釜掃除のイロハを習って、厳しい先生のいる食品科に通う夢。
0	@matssssssu まさかのおフランス！？
0	PC版の【100%還元】ムキュットでモッピーくんを見つけたよ！ #moppyquest
0	PC版の受験参考書・テキストの買取専門店【学参ブックス】でモッピーくんを見つけたよ！ #moppyquest
0	今日は、高校の友達とカラオケ行くぞ〜！
0	PC版のPARCOカードでモッピーくんを見つけたよ！ #moppyquest
0	PC版の車選びドットコムでモッピーくんを見つけたよ！ #moppyquest
1	@balloon4221 すごい歴史ですね…！色々お聞きしてみたいですʕ•ᴥ•ʔ
0	@balloon4221 私、表にはあまり出ませんが、そんな世界に興味津々ですよw  女性が活躍してるのは意外です！
0	スタバなう。とっても珍しいよ！
1	#スターバックス   #アメリカンチェリーパイフラペチーノ   どうしてもどうしても飲みたくなって来ちゃった。 @ Harvest Walk（おやまゆうえんハーヴェストウォーク） https://t.co/Bnpu6ROmM4
0	@moeko1019 パートって前の所？
1	@moeko1019 そうなんだ〜！幼稚園のパートって、保育園と同じでやっぱり1日なのかな？  てか返信早くてびっくりしたよ（笑）
1	@moeko1019 そうなんだ〜！幼稚園の4時間だと、午前中の活動メイン〜昼食？くらいの忙しい時間帯で補佐みたいな感じなのかしら？  そのくらいの時間だとちょうどいいよねʕ•ᴥ•ʔ
0	PC版の【100%還元】育毛剤花蘭咲（からんさ）でモッピーくんを見つけたよ！ #moppyquest
-1	まぼろしじゃなくって、どん兵衛の精　どんぎつねです。しばらくお世話になります。 ＃いやですか？　＃１日早くTwitter　＃どん兵衛　＃どんぎつね https://t.co/rQj8A0jPbl
1	今日は茶漬けの日との事なので！晩ご飯はお茶漬けだよ！なんか可愛いよ！ https://t.co/j3evtnNGHV
0	@yukino010 そう！もなか茶漬けっていうんだよ(๑&gt;◡&lt;๑) 結婚式の引き出物で貰ったんだ^ ^
0	PC版の≪1ヶ月分実質無料≫野菜宅配サービス【らでぃっしゅぼーや】でモッピーくんを見つけたよ！ #moppyquest
0	PC版のPicmarry（ピクマリ）でモッピーくんを見つけたよ！ #moppyquest
0	寿司ー！なう！この後仕事！
1	PC版の高性能脱毛器【ケノン】でモッピーくんを見つけたよ！ #moppyquest
1	丸美屋×明星ののりたま焼うどんが美味しい。
1	今日は、ディズニーに行く予定がドタキャンされて、仕事入れたら仕事も諸事情で休みになって、なのに天気くっそ良いから、腹いせに布団とか毛布洗濯しまくってる。
0	GETしたぞー！ https://t.co/zhfXQeehPO
1	@tkrhrkt こんなシステムあるんだ！初めて見た！おもしろいね〜(*⁰▿⁰*)
0	@tkrhrkt そういう機能なのか！てっきり、顔を描くとそれに合った曲を選んでくれたり、顔に対してダメ出しするのかとw
0	@kanaelmon おひとり様映画、未経験だったのね！意外w  私も今度の水曜日に友達と「美女と野獣」見に行くよ(*⁰▿⁰*)
0	なんとなく気分で投稿。  おそ松さんと日本全国を旅しよう♪ #たび松 https://t.co/1lJOLxffMi https://t.co/IAaTmET810
1	可愛い。 ちなみに、わたくし個人的にはあまりこういうクッションは使わないタイプ（笑）  おそ松さんと日本全国を旅しよう♪ #たび松 https://t.co/1lJOLxffMi https://t.co/5E86qyyN95
0	朝にコーヒーと食べたいパンは #チョコクロワッサン https://t.co/gdgDyWJZIj
1	【メモ】南画の「春宵花影」が素敵。松林桂月。
1	さらっと（冷やし）梅茶漬けが美味すぎて。
1	@mofudoing 芍薬の花って素敵ね〜！ 浴衣も素敵！
1	久しぶりにカレー作った！我が家の味とは違うけど、めっちゃ美味しくて満足！
0	【メモ】天使のわけまえ
0	朝カレーなう。
0	PC版の2次元美少女買取王国でモッピーくんを見つけたよ！ #moppyquest
0	@balloon4221 私もおねだりされましたw
0	みんなで「カラ松押し！」 https://t.co/HsHityt0jx #パズまつり #パズ松さん
0	我が母校が宝塚になってヨーロッパになって格式高くなって、最終的には小学校の先生になった夢を見た。
0	暑くなったので布団を変えたら、なかなか眠れない数日。
0	PC版の【資生堂】リバイタルグラナス トライアルキットでモッピーくんを見つけたよ！ #moppyquest
-1	「私はこういう事が好きじゃない！嫌だ！」と断言しておいたにも関わらずまた同じ事をされてイライラ。  考え方が相手と違うから仕方がないけど、前にもこういうことあったから何度か伝えてはいるんだよな〜。だから余計にイライラしてしまう(๑•ૅㅁ•๑)
0	というわけで、LINEボイコットしてるんだけど（人として駄目）、そろそろ返そうと思う。
1	@kanaelmon キセル入場＆スパイみたいなことやらされてたから、全然楽しくなかったよ！めっちゃ緊張してたわ！
1	公式が続々と松のお祝いをしている…((((；ﾟДﾟ)))))))
1	レディースデーで「美女と野獣」観てきた！とても良かった！綺麗だったし感動した！涙なみだ…個人的には、『パパ！(´；ω；`)』って感じだった。
0	王将の餃子には #やっぱり王道のタレ でしょう。あなたは何派？ #餃子の王将食べ方グランプリ https://t.co/y0CIOdTHPr
0	PC版のCLUB Panasonicでモッピーくんを見つけたよ！ #moppyquest
0	もしプレイしている人がいたら、友だち申請お願いします(*´∀｀*)  プレイ歴、約１ヶ月です^ ^   #くまのがっこう箱庭 https://t.co/UV8Uzloadv
1	@yukarixh 見た？素敵だったよね〜(*´∀｀*)
0	@ookamito うちらの母校の小学校はやるんだってさ^_^;
1	22歳年下の子に甘やかしてもらって幸せだった午前中。
0	からの、その子一家とサヨナラした途端に激しい生理痛。もう夜の飲みまで動けない。
0	RT @B_LEAGUE: B.LEAGUE 初代王者 栃木ブレックス @linktochigibrex   #Bリーグ #ついに初代王者決定 https://t.co/KYNIF6cZaZ
0	@senamoru まーじーかー！栃木おめでとう(((o(*ﾟ▽ﾟ*)o)))♡
1	前の甲子園にしろ、今回のバスケットボールにしろ、地元が何かの1番になって、話題になるのは嬉しいし誇らしい気持ちになる。本当におめでとう！
0	そろそろ肝試しシーズン？幽霊になった #いかさん を探せ！＜応募方法＞①@eheya_daitoをフォロー②予想をツイート③正解で「日奈子のお守りフィギュア」が当たる！#いい部屋ソングの謎 #桜井日奈子 #肝試し #あなたの目の前 https://t.co/mI2nOXKlmt
0	12時間ぶっ通し睡眠w
0	@yukino010 私も行ったよ〜！会うかと思ったけど会わなかったね💦
0	いつの間にこんな子が来たんだ！ https://t.co/nLBxJtpevc
0	SP版のU-NEXT[音楽chセット申込]でモッピーくんを見つけたよ！ #moppyquest
