0	あしたからまた・・・。休みたい。。。。。 今は最後の晩酌だ。バランタインは喉も潤す最高の友だね。 自家製チャーシューに合う！
0	@yutanpot you,行っちゃいなyo！！
0	なんだかいろいろつかれてきたよ。。。
1	ベランダで夕方にビールを飲むいい季節になったなあ。 やっぱりプレミアム系だね
0	悩みがありすぎて困る…。生きてるの疲れる♪、、なんてな。
1	20世紀最後の壮大な兄弟ゲンカ…  、、北斗の拳！！
-1	命知らずなやつらが、最強を決めるために戦う！ どうせ生き返れる・・・そんなオカルトを信じて・・・。 命を粗末にしすぎだ！  、、、、ドラゴンボール！
0	知っていたか・・・・・シャア・アズナブル・20歳。。。。宇宙世紀0079年9月に少佐、、、12月には大佐。。。。。。我らが出世頭・・・・
1	これはコピペ  某寿司屋の地下では捕まった河童たちが泣きながら寿司を作る仕事をさせられている。 河童たちの給料は１日１本のキュウリだけ。某寿司屋の社員は、河童たちが逃げたりサボったりしないよういつも監視している。こうして人件費を抑えることで、安くて美味しいお寿司を提供できるのです
-1	あらゆるスポーツの2位をスカウトし、その悔しさを優勝への力へ向ける野球チームがある。。。  果たして彼らは優勝できるのかっ！！  ・・・・・・また2位じゃね・・・・
-1	野生でのびのび暮らすモンスターを、バトルと称し、さんざん痛めつけたあげくに奴隷とする。。。。。 戦うのはこいつらからだ！！ やられたら代わりはいくらでもいる。  残虐！冷酷無比！  ポケモントレーナーさとし！！
0	キャバクラにて。。。  店員「お会計20000円となります。」 客「ウイィ〜、、あれえ、財布がないなああ〜。。ヒック」 店長「おい、、、つまみ出せ！」 店員「えだまめでございます！」 店長「・・・そら、おつまみや！」
0	Macが起動しなくなった‼
0	PRAMリセット、セーフモード起動、さまざま試すも復旧せず。 リカバリとなる、、、
1	Macbook Pro Mac OS10.5 4年ほど利用。 ロックされたボリューム云々でファイルの移動ができず、メインボリューム(メインのハードディスク)のアクセス権変更したところ、勝手に再起動をはじめた。 以降、起動音、appleロゴ、歯車は出るが、OS起動せず、繰り返し。
0	http://t.co/iPLg540IpD
0	グラスコレクション https://t.co/M2NPkiV9vA
0	福島県いわき市の白水阿弥陀堂の浄土式庭園 https://t.co/TqW8JqD7xT
0	期間限定❗ https://t.co/e9OzbABbJI
0	くまカワイイw https://t.co/1scgBJedBf
0	威風堂々たるラオインさま https://t.co/mxtgbnDMDs
-1	らいおんの看板怖すぎ 笑 https://t.co/Vg3GVOmzXU
0	メビウスの懸賞当たった‼ https://t.co/NUxk6qG7mM
1	筆記具コレクションに新しいのが加わった‼ CROSSのベイリーシリーズ。 ブルーの上品さと質感に一目惚れ😵💘 一番のお気に入りはWARTERMANだけどね🎵 https://t.co/5artlMBtwo
0	限定❗ヨコハマの一番搾り。 https://t.co/CqSSDG4qE7
1	いい天気の運動会だわ https://t.co/JhmNtRTxWv
1	腕がえらいことに‼w https://t.co/gNJek5jEIh
0	@yutanpot わかった。URL消した。ちなみに見た？
1	皮が剥けてえらいことに‼ https://t.co/ODuA2Sz9oB
-1	@yutanpot 鼻とアルコールで頭が痛い。。。
0	@yutanpot やっぱり花粉症っぽいな。熱下がったけど鼻が。。
-1	空色がおそろし色 https://t.co/fpXim9djab
0	@yutanpot きょうは雨だし家だな。あしたはでかけたいな。でも雨でも鼻はつまったまま。。花粉なんだかなんなんだか。
0	築地ってこんなんなってるん‼ https://t.co/jAuljDt2Yq
0	@yutanpot 家でやるんだよね。襲われないようにw
0	@yutanpot そうそう。女の子にw
-1	今週は選挙だった。区長選はあんまり興味ないけど、ちゃんと一票を使わないと。
0	優香かわええ！！ブランチ。
1	@yutanpot いいなあ。うに食べた？うに。またはあわび。あ、あわびは持ってるかw
0	選挙いってきた。とんでもない数の立候補者で選ぶの大変だったぞ。あんなに必要なのか！？
1	新しい仲間。ウォーターマン エキスパート https://t.co/Y82gu6593x
0	一番のお気に入りのカレンと。 ウォーターマン姉妹w https://t.co/GqvSStfjru
0	@yutanpot 明日のつめ楽しみだね。
0	@yutanpot がんばって！おやすみ。
0	これからターミネーターみるぜ！ 楽しみ‼
-1	ターミネーター見終わった❗ 全編アクションの盛りだくさんの内容だ。 でもターミネーターの1と2を見てる人じゃないと内容難しいかも。 老人シュワルツェネッガーターミネーターかっこええ‼
0	@yutanpot おやすみ〜
0	戸田の花火大会開始❗ https://t.co/gwIE79TtqX
0	まあまあなの撮れた❗ https://t.co/7GZ1XFUvuK
0	川口キャラにジバニャンとコマさんが❗ でもお姉さんにくぎ付けw 最後の方音声トラブってたw https://t.co/dR4Hkf0s40
1	北赤羽駅前の祭り 人が多くてカオス状態w 人口増えたなあw https://t.co/lf4Xs7LjPN
1	RT @sakuraierisu: ドムとうふ…美味しいのかな？(^q^) http://t.co/1HtIEsmJ2K
0	@yutanpot 手、足？
1	プレミアム・モルツの限定 芳醇エール なかなかにｺｸとキレがありながら飲みやすい。ふつうのプレモルより濃い❗色も黒っぽい。 ただ高いんだよねえ～。 https://t.co/kjRKdzOJml
0	@yutanpot きっとまだ落ちたくなかったんだよ。もっとかまって〜って。
1	人が休みをとったのに、平気で友達と外出する妻・・・休みどうしよう。。。
0	@yutanpot デカビタパワーでがんばれ！
-1	@yutanpot こんな急にすること思いつかないよ。。。しかも彼女たちは新大久保に行くって！なぜ・・・？？　・・・関係ないけど、もう寝るよね。
0	@yutanpot 調査だったりしてw
1	@yutanpot とりあえず、美容室も朝は断られたし。。。今夜はゆっくり映画でも見よう。。。明日早いでしょ。もう寝てね。
0	@yutanpot 肩たたき券！または保冷剤の入れられるハンカチ。
0	北赤羽駅前のクリスマスイルミネーション。 ことしは何てショボいんだ❗ https://t.co/eL7KWGBROj
0	会社のロビーのクリスマスツリー。 こっちのがまだぜんぜんよかw https://t.co/COtgoaImxq
0	よこはまそごうでスターウォーズ展。 往年のドロイドたちw https://t.co/m1WAKNneB5
0	ヨーダ師! https://t.co/sHPWYYjUxK
0	やはりダースベイダー卿が決まってる！ https://t.co/YdAFwAy7nQ
0	【キングダム-英雄の系譜-】あの話題の｢キングダム｣がスマホゲームになった！　集え、戦場に！ https://t.co/flbZ4RuGmr
0	【キングダム-英雄の系譜-】あの話題の｢キングダム｣がスマホゲームになった！　集え、戦場に！ https://t.co/flbZ4RuGmr
1	いまからスターウォーズみるぜ！ たのーしみーだ‼ 映画がはじまるまでの、この雰囲気がいいよなあ。 https://t.co/MhKSp9tGqc
0	映画を見るなら定番セット❗ 準備室オッケー❗ https://t.co/i6Tna46lpy
1	スターウォーズ見終わった❗  何て言うか、これはこれで面白かったが、 きっとエピソード8と9が出て完結したときこそ、この作品は名作と言われると思う。 旧作見てる人にはサービス満点!
0	【キングダム-英雄の系譜-】あの話題の｢キングダム｣がスマホゲームになった！　集え、戦場に！ https://t.co/flbZ4RuGmr
1	@yutanpot かわいいね。
0	【キングダム-英雄の系譜-】あの話題の｢キングダム｣がスマホゲームになった！　集え、戦場に！ https://t.co/flbZ4RuGmr
0	【キングダム-英雄の系譜-】あの話題の｢キングダム｣がスマホゲームになった！　集え、戦場に！ https://t.co/flbZ4RuGmr
1	実に20年ぶりの新しいブーツ! 編み上げははじめてだからなかなかなれないなw https://t.co/KNn0BOrj20
0	衝撃!!これは、「まゆ毛」ですw 5センチあった 笑 https://t.co/2dvOl7KPKV
0	【キングダム-英雄の系譜-】あの話題の｢キングダム｣がスマホゲームになった！　集え、戦場に！ https://t.co/flbZ4RuGmr
0	【キングダム-英雄の系譜-】あの話題の｢キングダム｣がスマホゲームになった！　集え、戦場に！ https://t.co/flbZ4RuGmr
0	【キングダム-英雄の系譜-】あの話題の｢キングダム｣がスマホゲームになった！　集え、戦場に！ https://t.co/flbZ4RuGmr
0	【キングダム-英雄の系譜-】あの話題の｢キングダム｣がスマホゲームになった！　集え、戦場に！ https://t.co/flbZ4RuGmr
0	【キングダム-英雄の系譜-】あの話題の｢キングダム｣がスマホゲームになった！　集え、戦場に！ https://t.co/flbZ4RuGmr
0	【キングダム-英雄の系譜-】あの話題の｢キングダム｣がスマホゲームになった！　集え、戦場に！ https://t.co/flbZ4RuGmr
0	【キングダム-英雄の系譜-】あの話題の｢キングダム｣がスマホゲームになった！　集え、戦場に！ https://t.co/flbZ4RuGmr
0	【キングダム-英雄の系譜-】あの話題の｢キングダム｣がスマホゲームになった！　集え、戦場に！ https://t.co/flbZ4RuGmr
0	【キングダム-英雄の系譜-】あの話題の｢キングダム｣がスマホゲームになった！　集え、戦場に！ https://t.co/flbZ4RuGmr
0	【キングダム-英雄の系譜-】あの話題の｢キングダム｣がスマホゲームになった！　集え、戦場に！ https://t.co/flbZ4RuGmr
0	【キングダム-英雄の系譜-】あの話題の｢キングダム｣がスマホゲームになった！　集え、戦場に！ https://t.co/flbZ4RuGmr
0	【キングダム-英雄の系譜-】あの話題の｢キングダム｣がスマホゲームになった！　集え、戦場に！ https://t.co/flbZ4RuGmr
0	【キングダム-英雄の系譜-】あの話題の｢キングダム｣がスマホゲームになった！　集え、戦場に！ https://t.co/flbZ4RuGmr
0	【キングダム-英雄の系譜-】あの話題の｢キングダム｣がスマホゲームになった！　集え、戦場に！ https://t.co/flbZ4RuGmr
0	これからの新定番の香りにするかも。 https://t.co/WB4eDgdNFY
0	【キングダム-英雄の系譜-】あの話題の｢キングダム｣がスマホゲームになった！　集え、戦場に！ https://t.co/flbZ4RuGmr
0	【キングダム-英雄の系譜-】あの話題の｢キングダム｣がスマホゲームになった！　集え、戦場に！ https://t.co/flbZ4RuGmr
0	【キングダム-英雄の系譜-】あの話題の｢キングダム｣がスマホゲームになった！　集え、戦場に！ https://t.co/flbZ4RuGmr
0	【キングダム-英雄の系譜-】あの話題の｢キングダム｣がスマホゲームになった！　集え、戦場に！ https://t.co/flbZ4RuGmr
0	【キングダム-英雄の系譜-】あの話題の｢キングダム｣がスマホゲームになった！　集え、戦場に！ https://t.co/flbZ4RuGmr
0	【キングダム-英雄の系譜-】あの話題の｢キングダム｣がスマホゲームになった！　集え、戦場に！ https://t.co/flbZ4RuGmr
0	【キングダム-英雄の系譜-】あの話題の｢キングダム｣がスマホゲームになった！　集え、戦場に！ https://t.co/flbZ4RuGmr
0	【キングダム-英雄の系譜-】あの話題の｢キングダム｣がスマホゲームになった！　集え、戦場に！ https://t.co/flbZ4RuGmr
0	【キングダム-英雄の系譜-】あの話題の｢キングダム｣がスマホゲームになった！　集え、戦場に！ https://t.co/flbZ4RuGmr
0	【キングダム-英雄の系譜-】あの話題の｢キングダム｣がスマホゲームになった！　集え、戦場に！ https://t.co/flbZ4RuGmr
0	【キングダム-英雄の系譜-】あの話題の｢キングダム｣がスマホゲームになった！　集え、戦場に！ https://t.co/flbZ4RuGmr
0	【キングダム-英雄の系譜-】あの話題の｢キングダム｣がスマホゲームになった！　集え、戦場に！ https://t.co/flbZ4RuGmr
0	【キングダム-英雄の系譜-】あの話題の｢キングダム｣がスマホゲームになった！　集え、戦場に！ https://t.co/flbZ4RuGmr
0	【キングダム-英雄の系譜-】あの話題の｢キングダム｣がスマホゲームになった！　集え、戦場に！ https://t.co/flbZ4RuGmr
0	【キングダム-英雄の系譜-】あの話題の｢キングダム｣がスマホゲームになった！　集え、戦場に！ https://t.co/flbZ4RuGmr
0	【キングダム-英雄の系譜-】あの話題の｢キングダム｣がスマホゲームになった！　集え、戦場に！ https://t.co/flbZ4RuGmr
0	【キングダム-英雄の系譜-】あの話題の｢キングダム｣がスマホゲームになった！　集え、戦場に！ https://t.co/flbZ4RuGmr
0	FaceBookに登録するか悩み中・・・
0	【キングダム-英雄の系譜-】あの話題の｢キングダム｣がスマホゲームになった！　集え、戦場に！ https://t.co/flbZ4RuGmr
0	【キングダム-英雄の系譜-】あの話題の｢キングダム｣がスマホゲームになった！　集え、戦場に！ https://t.co/flbZ4RuGmr
0	【キングダム-英雄の系譜-】あの話題の｢キングダム｣がスマホゲームになった！　集え、戦場に！ https://t.co/flbZ4Rd5uT
0	【キングダム-英雄の系譜-】あの話題の｢キングダム｣がスマホゲームになった！　集え、戦場に！ https://t.co/flbZ4RuGmr
0	【キングダム-英雄の系譜-】あの話題の｢キングダム｣がスマホゲームになった！　集え、戦場に！ https://t.co/flbZ4RuGmr
0	【キングダム-英雄の系譜-】あの話題の｢キングダム｣がスマホゲームになった！　集え、戦場に！ https://t.co/flbZ4RuGmr
0	かっちった。氷室の新作ベスト♪ 引退は悲しいが、こうして残していってほしい。 パッケージがかなりシンプルだな。 https://t.co/Q64TnXFLTR
0	中身こんな感じの3枚組。 値段と考えるとかなりお得感♪ https://t.co/0Fyp6UssmK
1	選曲はこうなってる。 BOOWY時代がたくさんあってまた嬉しい❗ アルバム用に収録し直しもたくさんある。 売れてほしいなあ～。 https://t.co/Q81neqaWMi
0	【キングダム-英雄の系譜-】あの話題の｢キングダム｣がスマホゲームになった！　集え、戦場に！ https://t.co/flbZ4RuGmr
0	【キングダム-英雄の系譜-】あの話題の｢キングダム｣がスマホゲームになった！　集え、戦場に！ https://t.co/flbZ4RuGmr
0	【キングダム-英雄の系譜-】あの話題の｢キングダム｣がスマホゲームになった！　集え、戦場に！ https://t.co/flbZ4RuGmr
0	【キングダム-英雄の系譜-】あの話題の｢キングダム｣がスマホゲームになった！　集え、戦場に！ https://t.co/flbZ4RuGmr
0	【キングダム-英雄の系譜-】あの話題の｢キングダム｣がスマホゲームになった！　集え、戦場に！ https://t.co/flbZ4RuGmr
0	【キングダム-英雄の系譜-】あの話題の｢キングダム｣がスマホゲームになった！　集え、戦場に！ https://t.co/flbZ4RuGmr
0	【キングダム-英雄の系譜-】あの話題の｢キングダム｣がスマホゲームになった！　集え、戦場に！ https://t.co/flbZ4RuGmr
0	【キングダム-英雄の系譜-】あの話題の｢キングダム｣がスマホゲームになった！　集え、戦場に！ https://t.co/flbZ4RuGmr
0	【キングダム-英雄の系譜-】あの話題の｢キングダム｣がスマホゲームになった！　集え、戦場に！ https://t.co/flbZ4RuGmr
0	【キングダム-英雄の系譜-】あの話題の｢キングダム｣がスマホゲームになった！　集え、戦場に！ https://t.co/flbZ4RuGmr
0	【キングダム-英雄の系譜-】あの話題の｢キングダム｣がスマホゲームになった！　集え、戦場に！ https://t.co/flbZ4RuGmr
0	【キングダム-英雄の系譜-】あの話題の｢キングダム｣がスマホゲームになった！　集え、戦場に！ https://t.co/flbZ4RuGmr
0	【キングダム-英雄の系譜-】あの話題の｢キングダム｣がスマホゲームになった！　集え、戦場に！ https://t.co/flbZ4RuGmr
0	久々に作ったったw https://t.co/AuWO2nPKB9
0	【キングダム-英雄の系譜-】あの話題の｢キングダム｣がスマホゲームになった！　集え、戦場に！ https://t.co/flbZ4RuGmr
0	【キングダム-英雄の系譜-】あの話題の｢キングダム｣がスマホゲームになった！　集え、戦場に！ https://t.co/flbZ4RuGmr
0	【キングダム-英雄の系譜-】あの話題の｢キングダム｣がスマホゲームになった！　集え、戦場に！ https://t.co/flbZ4RuGmr
0	プレモルの初夏限定サマースペシャル。 だいぶ上手い❗ 苦みよりさっぱり感が好みの方におすすめ。 https://t.co/rwRDigHAWl
0	【キングダム-英雄の系譜-】あの話題の｢キングダム｣がスマホゲームになった！　集え、戦場に！ https://t.co/flbZ4RuGmr
0	【キングダム-英雄の系譜-】あの話題の｢キングダム｣がスマホゲームになった！　集え、戦場に！ https://t.co/flbZ4RuGmr
0	【キングダム-英雄の系譜-】あの話題の｢キングダム｣がスマホゲームになった！　集え、戦場に！ https://t.co/flbZ4RuGmr
0	【キングダム-英雄の系譜-】あの話題の｢キングダム｣がスマホゲームになった！　集え、戦場に！ https://t.co/flbZ4RuGmr
0	【キングダム-英雄の系譜-】あの話題の｢キングダム｣がスマホゲームになった！　集え、戦場に！ https://t.co/flbZ4RuGmr
0	【キングダム-英雄の系譜-】あの話題の｢キングダム｣がスマホゲームになった！　集え、戦場に！ https://t.co/flbZ4RuGmr
1	限定のなかでは一番うまし❗ さすがはYEBISU♪ 苦みに品がある。 普通のヱビスをちょっとクリアになった感じ。人によっては普通のヱビスの方がいい人もいるかも。 https://t.co/Vw6cj02BBe
0	【キングダム-英雄の系譜-】あの話題の｢キングダム｣がスマホゲームになった！　集え、戦場に！ https://t.co/flbZ4RuGmr
0	【キングダム-英雄の系譜-】あの話題の｢キングダム｣がスマホゲームになった！　集え、戦場に！ https://t.co/flbZ4RuGmr
0	【キングダム-英雄の系譜-】あの話題の｢キングダム｣がスマホゲームになった！　集え、戦場に！ https://t.co/flbZ4RuGmr
0	【キングダム-英雄の系譜-】あの話題の｢キングダム｣がスマホゲームになった！　集え、戦場に！ https://t.co/flbZ4RuGmr
1	ワールドホビーフェア幕張メッセ開催。 はじめはまだ元気だが。。 https://t.co/1yU4FgvyLJ
0	人がゴミのようだw これでも並ぶだけの会場。 https://t.co/ZsXBJbMCMk
0	なかには入れた。 コレがホントの人がゴミのようだ‼だw https://t.co/nfImHkMGqf
0	妖怪ウォッチブース ここには用はないが。 https://t.co/wYLCkLNBSz
0	【キングダム-英雄の系譜-】あの話題の｢キングダム｣がスマホゲームになった！　集え、戦場に！ https://t.co/flbZ4RuGmr
0	【キングダム-英雄の系譜-】あの話題の｢キングダム｣がスマホゲームになった！　集え、戦場に！ https://t.co/flbZ4RuGmr
0	市販ビールの2巨頭! 上手い❗ 苦味と麦の旨味をあわせ持ちつつ、水のようにスッとのどを通る。 https://t.co/lN91fecWkx
0	【キングダム-英雄の系譜-】あの話題の｢キングダム｣がスマホゲームになった！　集え、戦場に！ https://t.co/flbZ4RuGmr
0	【キングダム-英雄の系譜-】あの話題の｢キングダム｣がスマホゲームになった！　集え、戦場に！ https://t.co/flbZ4RuGmr
0	【キングダム-英雄の系譜-】あの話題の｢キングダム｣がスマホゲームになった！　集え、戦場に！ https://t.co/flbZ4RuGmr
0	【キングダム-英雄の系譜-】あの話題の｢キングダム｣がスマホゲームになった！　集え、戦場に！ https://t.co/flbZ4RuGmr
0	【キングダム-英雄の系譜-】あの話題の｢キングダム｣がスマホゲームになった！　集え、戦場に！ https://t.co/flbZ4RuGmr
0	【キングダム-英雄の系譜-】あの話題の｢キングダム｣がスマホゲームになった！　集え、戦場に！ https://t.co/flbZ4RuGmr
1	ちょっとさっぱりしたフルーティーなプレモル。 これはこれで飲みやすくてんまい! プレモル独特の天然水の爽快な味。 https://t.co/GlVCZppDYg
0	【キングダム-英雄の系譜-】あの話題の｢キングダム｣がスマホゲームになった！　集え、戦場に！ https://t.co/flbZ4RuGmr
0	【キングダム-英雄の系譜-】あの話題の｢キングダム｣がスマホゲームになった！　集え、戦場に！ https://t.co/flbZ4RuGmr
0	【キングダム-英雄の系譜-】あの話題の｢キングダム｣がスマホゲームになった！　集え、戦場に！ https://t.co/flbZ4RuGmr
0	【キングダム-英雄の系譜-】あの話題の｢キングダム｣がスマホゲームになった！　集え、戦場に！ https://t.co/flbZ4RuGmr
0	【キングダム-英雄の系譜-】あの話題の｢キングダム｣がスマホゲームになった！　集え、戦場に！ https://t.co/flbZ4RuGmr
0	【キングダム-英雄の系譜-】あの話題の｢キングダム｣がスマホゲームになった！　集え、戦場に！ https://t.co/flbZ4RuGmr
0	【キングダム-英雄の系譜-】あの話題の｢キングダム｣がスマホゲームになった！　集え、戦場に！ https://t.co/flbZ4RuGmr
0	【キングダム-英雄の系譜-】あの話題の｢キングダム｣がスマホゲームになった！　集え、戦場に！ https://t.co/flbZ4RuGmr
1	@yutanpot 雨降ったよね。すごいね。
0	【キングダム-英雄の系譜-】あの話題の｢キングダム｣がスマホゲームになった！　集え、戦場に！ https://t.co/flbZ4RuGmr
-1	これからインディペンデンスディ見るぜ！ 久々の映画だ。楽しみ。 でもあんまりにんきないのか、まったくポスターもポップもないよw https://t.co/PdIXEwzgJu
1	インディペンデンスディ見終わった❗ スゲー面白かったー… https://t.co/jFNnOUilAq
0	【キングダム-英雄の系譜-】あの話題の｢キングダム｣がスマホゲームになった！　集え、戦場に！ https://t.co/flbZ4RuGmr
0	【キングダム-英雄の系譜-】あの話題の｢キングダム｣がスマホゲームになった！　集え、戦場に！ https://t.co/flbZ4RuGmr
1	これもきめ細かくて上手い❗ 苦みが少なくもコクはある。 https://t.co/TvjHskykSP
0	アクアマリンふくしまにて。 南国のスキューバダイビングみたい。 https://t.co/CFJlr63fTD
0	エイリアン襲来❗ 喰うか喰われるか! https://t.co/dlxIkFD8LJ
0	【キングダム-英雄の系譜-】あの話題の｢キングダム｣がスマホゲームになった！　集え、戦場に！ https://t.co/flbZ4RuGmr
0	【キングダム-英雄の系譜-】あの話題の｢キングダム｣がスマホゲームになった！　集え、戦場に！ https://t.co/flbZ4RuGmr
0	【キングダム-英雄の系譜-】あの話題の｢キングダム｣がスマホゲームになった！　集え、戦場に！ https://t.co/flbZ4RuGmr
0	【キングダム-英雄の系譜-】あの話題の｢キングダム｣がスマホゲームになった！　集え、戦場に！ https://t.co/flbZ4RuGmr
0	【キングダム-英雄の系譜-】あの話題の｢キングダム｣がスマホゲームになった！　集え、戦場に！ https://t.co/flbZ4RuGmr
0	【キングダム-英雄の系譜-】あの話題の｢キングダム｣がスマホゲームになった！　集え、戦場に！ https://t.co/flbZ4RuGmr
0	【キングダム-英雄の系譜-】あの話題の｢キングダム｣がスマホゲームになった！　集え、戦場に！ https://t.co/flbZ4RuGmr
1	今年の限定醸造 琥珀YEBISU。 ことしのは、かなりコク強く、苦味もある。 通常のヱビス好きにはたまらん贅沢さ。 https://t.co/ikeOtBwumc
0	【キングダム-英雄の系譜-】あの話題の｢キングダム｣がスマホゲームになった！　集え、戦場に！ https://t.co/flbZ4RuGmr
0	ステーキ!ステーキ!🍴😄 安かったからバーベキュー並みに買ったったw https://t.co/POLU5faF7x
0	【キングダム-英雄の系譜-】あの話題の｢キングダム｣がスマホゲームになった！　集え、戦場に！ https://t.co/flbZ4RuGmr
0	【キングダム-英雄の系譜-】あの話題の｢キングダム｣がスマホゲームになった！　集え、戦場に！ https://t.co/flbZ4RuGmr
0	プレモルがドクターイエローとタイアップ。 そっちは興味ないがプレモルは美味し。 https://t.co/kjf09mIqVU
1	プレモルの限定だから即購入! だが、、黒ビールだった。。 うまいのかもしれないが、黒は好みじゃないにで評価できん。 黒ラベルよりはさっぱりしてるかな。 豊かなコクをコピーにしてるが、まろやかすぎ… https://t.co/WNdq8xIm3k
0	【キングダム-英雄の系譜-】あの話題の｢キングダム｣がスマホゲームになった！　集え、戦場に！ https://t.co/flbZ4RuGmr
1	限定と見ると買ってしまうｗ プレミアム系ではなく、ペールエール。 オリオンビールの琉球ペールエール。 苦味が強い。女性には不向きかもしれないな。 リアルな、いわゆる地ビール好きだったら好みだと思う。 https://t.co/elxb4dipFB
0	【キングダム-英雄の系譜-】あの話題の｢キングダム｣がスマホゲームになった！　集え、戦場に！ https://t.co/flbZ4RuGmr
0	【キングダム-英雄の系譜-】あの話題の｢キングダム｣がスマホゲームになった！　集え、戦場に！ https://t.co/flbZ4RuGmr
0	【キングダム-英雄の系譜-】あの話題の｢キングダム｣がスマホゲームになった！　集え、戦場に！ https://t.co/flbZ4RuGmr
0	【キングダム-英雄の系譜-】あの話題の｢キングダム｣がスマホゲームになった！　集え、戦場に！ https://t.co/flbZ4RuGmr
0	【キングダム-英雄の系譜-】あの話題の｢キングダム｣がスマホゲームになった！　集え、戦場に！ https://t.co/flbZ4RuGmr
0	【キングダム-英雄の系譜-】あの話題の｢キングダム｣がスマホゲームになった！　集え、戦場に！ https://t.co/flbZ4RuGmr
1	新潟の友達にもらった地場の焼酎。 他にもらったおみやげもあるが。 焼酎旨かった! 北雪。 いいのは日本酒みたいなまろやかなコクがあるよ。 あんがと! https://t.co/hr4caUldTy
1	プレモルのコンビニ限定のやつ。 麦に違いがあるのかな? うっすらとした苦味があって、それでいて澄んだ味わい。 ビールが好きな人は間違いなく好きだろうし、そうでない人も飲みやすいと思う。 https://t.co/wa5gjTRqlF
0	【キングダム-英雄の系譜-】あの話題の｢キングダム｣がスマホゲームになった！　集え、戦場に！ https://t.co/flbZ4RuGmr
0	【キングダム-英雄の系譜-】あの話題の｢キングダム｣がスマホゲームになった！　集え、戦場に！ https://t.co/flbZ4RuGmr
1	伝説の名車27(ニイナナ)レビン! 40年以上前のクルマだ。 こんな粋なクルマにたまには乗りたいな。 https://t.co/Oaxz3SmQZt
0	【キングダム-英雄の系譜-】あの話題の｢キングダム｣がスマホゲームになった！　集え、戦場に！ https://t.co/flbZ4RuGmr
0	サントリーのクラフトビールのI.P.A(インディアナペールエール) ビアカクテルみたいに香りのある爽快な味わいだ。 ビールの苦味が苦手な人にも飲みたくなる、さっぱり感が好みの人にもってこいだな。… https://t.co/HfSM2z6nmS
0	ことしの北赤羽イルミネーションはちょっと寂しいな。 でも毎年のパチンコ屋みたいのよりぜんぜんいいわなｗ https://t.co/PDPooXsTNH
-1	北赤羽イルミネーションパート2 寂しいが洒落っ気出てきた感じ。 https://t.co/berXaBcq2Q
1	お歳暮でもらった、一番搾りプレミアム。 一等品の東北産ホップを使っているとのこと。 かなりスッキリ目だ。 水のように飲めてしまう。 間違いなく旨いが、もっとクセが欲しかった。 ちな常温で飲んでみ… https://t.co/mrTvCQCpRK
1	一番搾りのシングルモルト。 オーガニック麦芽を100%使用と書いてある。 そのためか、スゴイ麦のスッキリした爽快感が美味し。 昔のラガービールを彷彿とさせるな。 https://t.co/4HmFzZybTU
1	キリンブラウマイスター。 緑のパッケージがちょっと意外だけど、一言で言うと、ビール好きのすべてが詰まったベストなビール。 コクも苦味も、それでいてごくごく飲める爽快感まであった。 バランスがベス… https://t.co/2ONdRnbmbp
1	YEBISUでおもしろい色のパッケージのが出ててから、即買い。 和の芳醇という歳暮ギフト限定らしいが、セブンイレブンで買ったｗ 国産の麦芽とホップを使用と書いてある。 なんというか、、美味いんだ… https://t.co/B8HOQVjMRf
0	【キングダム-英雄の系譜-】あの話題の｢キングダム｣がスマホゲームになった！　集え、戦場に！ https://t.co/flbZ4RuGmr
0	【キングダム-英雄の系譜-】あの話題の｢キングダム｣がスマホゲームになった！　集え、戦場に！ https://t.co/flbZ4RuGmr
0	【キングダム-英雄の系譜-】あの話題の｢キングダム｣がスマホゲームになった！　集え、戦場に！ https://t.co/flbZ4RuGmr
1	久々に新品でデニムを買ったった! 今は高いからいつも古着にしてたが、ちょうどいいのが見つからず、やむなく直営のオンラインストアで買い。 1947年モデルと銘打ってるが、ディテールはさすがに完璧だ… https://t.co/MrD6ki14rx
0	【キングダム-英雄の系譜-】あの話題の｢キングダム｣がスマホゲームになった！　集え、戦場に！ https://t.co/flbZ4RuGmr
0	【キングダム-英雄の系譜-】あの話題の｢キングダム｣がスマホゲームになった！　集え、戦場に！ https://t.co/flbZ4RuGmr
0	【キングダム-英雄の系譜-】あの話題の｢キングダム｣がスマホゲームになった！　集え、戦場に！ https://t.co/flbZ4RuGmr
0	【キングダム-英雄の系譜-】あの話題の｢キングダム｣がスマホゲームになった！　集え、戦場に！ https://t.co/flbZ4RuGmr
0	【キングダム-英雄の系譜-】あの話題の｢キングダム｣がスマホゲームになった！　集え、戦場に！ https://t.co/flbZ4RuGmr
1	リリース2周年【キングダム-英雄の系譜-】＜160万人のキングダム好きが認めた＞超戦略RPG https://t.co/rEFr4PPLCq
1	リリース2周年【キングダム-英雄の系譜-】＜160万人のキングダム好きが認めた＞超戦略RPG https://t.co/rEFr4PPLCq
0	YEBISUの華みやびという商品。 ホワイトビールと謳っているが、これはめちゃめちゃフルーティなビアカクテルといえる飲み物です。 スッキリとした、スゴクアマーイ香りがのどと鼻に残る。 これは何だ… https://t.co/ICgcdMKrlA
1	きょうのディナーは男の手作りだ。 まずはローストビーフで巨大なカタマリ肉を焼いて、、  これだけでんまそーｗ https://t.co/AKRgQx42yd
0	赤ワインとコンソメとマスタードを肉汁で煮詰めて、ソース作成! https://t.co/2mZEva6iDu
1	つまみにトマトのカプレーゼ、生ハム包みオリジナル作成! 今日のトマトはめちゃフルーティだったから、そのままでも良かったかも。 ぶっちゃけモッツァレラチーズでなくてもいいんだよねえ。 https://t.co/2UzPmH4to8
0	出来上がったローストビーフは丼にする。 マグロとサーモンのカルパッチョはオリジナルのドレッシングで。 レシピは、、オリーブオイルに塩コショウにビネガーのオリジナルフレンチドレッシングだ。 https://t.co/SuRabp3Hyn
0	これで完成! これから特製ソースをかけて。 けっこう子どもたちががっついてた。 大人の味なのに想定外だったｗ 自分が食べるぶんなくなってた笑  まあ、つくった側とすると、作りがいがあったさ。 https://t.co/NhBH9QtGkV
1	リリース2周年【キングダム-英雄の系譜-】＜160万人のキングダム好きが認めた＞超戦略RPG https://t.co/rEFr4PPLCq
1	リリース2周年【キングダム-英雄の系譜-】＜160万人のキングダム好きが認めた＞超戦略RPG https://t.co/rEFr4PPLCq
1	リリース2周年【キングダム-英雄の系譜-】＜160万人のキングダム好きが認めた＞超戦略RPG https://t.co/rEFr4PPLCq
0	【GW記念！10人登用1回無料！】「キングダム-英雄の系譜-」今すぐダウンロードして始めよう！#キングダム #英雄の系譜 #キングダムGW_CP https://t.co/UEvgXnsbuU
0	@asano_emi0603 うちも買ったった!
0	ヱビス　マイスター。 前にも紹介したが、旨すぎる! 今はオマケ付きのキャンペーンをやっていて、いろんな電車のヘッドマークのチャーム付きだがそっちはあんまり興味なし。  それよりもヱビスの今までの… https://t.co/YrL598VxZz
0	ちなみにヱビスのキャンペーンの電車のヘッドチャームはこんな感じ https://t.co/RGg3AuOTat
0	【GW記念！10人登用1回無料！】「キングダム-英雄の系譜-」今すぐダウンロードして始めよう！#キングダム #英雄の系譜 #キングダムGW_CP https://t.co/UEvgXnsbuU
0	随分前にやっていたドラゴンクエストのミニチュアフィギアのコレクション。 これって中身選べなくて、何個買ったことか。。 とりあえず何とか、左から、天空の剣、天空の盾、兜、はぐれメタルの盾、兜、ロト… https://t.co/xcZONAF0dv
0	【GW記念！10人登用1回無料！】「キングダム-英雄の系譜-」今すぐダウンロードして始めよう！#キングダム #英雄の系譜 #キングダムGW_CP https://t.co/UEvgXnsbuU
0	GWにどこも混んでいくとこないから、埼玉のグリンセンターへ。 https://t.co/UxuY4qSLzf
0	自分御用達の能率手帳で、罫線だけのメモ手帳がオンラインストアのみ販売であったので購入。 いま仕事で使ってるGOLDと比較。 全く同じ。 GOLDで最も気に入ってる吸い付くような革。とても柔らかく… https://t.co/1CWN1OTcVO
1	GOLDもこの新しいメモ帳も同じ作りなので、手抜きのない仕上がり。 革のカバーと内側の紙との糊付けもしっかりしていて、1年やそこらの使用では1ミリも剥がれない。 GOLDも毎年買っていて、そこは… https://t.co/JDCvVsIDAc
1	メインのノート部分も当然GOLDと同じ。 糸綴で毎日使い倒しても使用感は変わらない。 金口で豪華な感じも同じ。 強いて言えば、メモなので、ページ数を倍くらいにしてほしかった。 4500円でけっこ… https://t.co/wQn0xmLUWA
1	リリース2周年【キングダム-英雄の系譜-】＜160万人のキングダム好きが認めた＞超戦略RPG https://t.co/rEFr4PPLCq
1	リリース2周年【キングダム-英雄の系譜-】＜160万人のキングダム好きが認めた＞超戦略RPG https://t.co/rEFr4PPLCq
0	ことしの運動会も暑いわ。 枚都市のジンクスだな。 https://t.co/Utbzr9KPt8
0	運動会にて。  わずか数時間の間でこの有り様ｗ 腕時計焼けも毎年の恒例だ。  恐るべし　初夏の日差しｗ https://t.co/q0BzBpo3ji
-1	@yutanpot ええよ。ずいぶん遅くまで。
