1	@P_chanx_x いいなー！オリンピックは燃えますよね(^^)行けるとき観戦いきましょう！
1	@P_chanx_x おおばか野郎すね笑 でも本気でロンドン行くつもりでした！笑 スポーツバーっすよ！
0	@P_chanx_x @nam_joe1204 めぐさん共々起こしてやるぜ！
0	@P_chanx_x 愛がありますから。あそこじゃなくても渋谷たくさんあるから他行きましょ！笑
0	あと2時間とかめっちゃ緊張してきたー！ロンドンオリンピック始まるよ！！
0	@P_chanx_x りょーかいです！この時間きら…なかなかツライすね笑
1	よし、勝ち点3。さあ寝よう。
0	おおつ！！！
0	オリンピック開幕オリンピック開幕オリンピック開幕オリンピック開幕。脳内メーカーやってみよーかな。
0	@rlim27 でもアメリカのラルフローレンの服、made in chinaだよ笑
0	@rlim27 人数分間に合わなかったんだって！
0	オリンピック開催期間はつぶやくよー！知られてないけどイケシオ初戦黒星(&gt;_&lt;)
0	@takapon0811 知ってたか笑
1	アーチェリー男子団体アツイ！インドにシュートオフで逆転勝ち！アーチェリーおもろいなあ。
0	福見さん銅メダルを！！
-1	@nonchan1988 辛すぎるけどね（ ;  ; ）
0	@masa17_07 負けてまいました…
1	平岡強い！！
-1	悔しいけど平岡選手銀メダルおめでとうございます！
1	重量上げ三宅選手銀メダル！！このメダルはほんとにうれしい！寝よ。
1	海老沼の判定くつがえるってすごい！でも準決勝進出良かった。なんか柔道の審判って毎回色々あるな。
1	@nopa610 まだ勝ったから良かったけどねえ。
-1	中村美里初戦敗退だったのか。前々から応援してたから残念だわー。
0	@yukako99 ケニヤンケニヤンって行ってみたいだろーがばか。笑
0	@nonchan1988 準決勝進出したよーでっせ！これから中矢の準々決勝！
0	@yukako99 行きたいすね！
0	@nonchan1988 間に合うん？決勝まで行ってくれたら見れる！
0	松本選手、金メダル！！！おめでとう！！
-1	悔しい！中矢選手銀メダル。愛ちゃん1-3からの逆転勝ちでベスト8！
0	@hoitter0926 え、ゆみか？ゆりか？さとみ？
0	@yachu1046 やつづか！予定出た？
0	上野選手銅メダル！にしても金メダルほしい！
0	@miiiiiii_chan 8月は全然休みないの？、
0	@miiiiiii_chan うそやんそれー！（ ;  ; ）飯いこーよー！
1	@miiiiiii_chan なんかその日によるんだよね(&gt;_&lt;)みんなが良い日ないかなって思ってさ！やっつんから返ってこないけど(｡-_-｡)笑
-1	@miiiiiii_chan それダメでしょ笑 直接メールするしかないかな。
0	さすがにTop:練習、B:試合、B:練習の3部練は疲れました… 帰ってなにがしたいかってオリンピックがみたい。
0	@kie_cia いつあんのー？
0	@yachu1046 予定出たらまた教えて！
0	男子サッカー準々決勝始まったよー！
-1	永井！ダメか。でも1点デカイ！
0	@Scorpion16mika ここでつぶやかなかったらつぶやくとこないですから笑
0	@Scorpion16mika 楽しみにする要素あります？笑 なんで知ってんすか！
0	@Scorpion16mika じゃあご期待に応えられずすいません。笑 飛行機がね…
0	@Scorpion16mika 新潟はねー、さすがにねー。
0	@Scorpion16mika お友達ほぼいないすよ（ ;  ; ）マイカーもうないし。
0	@Scorpion16mika そいつとはさっき電話してました笑
0	マヤ！！！
0	からの大津！！
0	@nopa610 それイージーミスすぎるw
0	勝った！ベスト4！7日誰か観にいこ！
0	@nopa610 あさやの方がしっくりこないっしょ笑 動体視力アプリでも取ろうか。
0	内村航平ゆか銀メダル！卓球女子準決勝！フェンシング男子フルーレ団体決勝！すいません、寝ます！がんばれ日本！！
0	ボルトみわすれたΣ（ﾟдﾟlll）
0	@oppeeeee 昨日ごめんなー。いつでも待ってるよ！
0	@P_chanx_x めぐさん起きてるんすか？
1	@P_chanx_x いいな～ 今日寝て明日なんも情報シャットアウトしてバイト先で見るってどー思います？
-1	@P_chanx_x 無理かな無理かなー。観ようかな…
1	@ERiriri_cyura さすがに行ってたらなかなか強いと思うよ笑
0	@ERiriri_cyura 行けるもんなら行きたかったけどね～今夜w
1	なでしこの準決観ないで今日朝からネット、テレビとか全部シャットアウトしてバイトしながら観戦してたら開始早々アメフト部の学生に結果言われたよ…そこまでの徹底ぶりは完璧だったのにorz
0	反省して今日は生で観ます。
0	バレー観るべき！オリンピックで中国に初めて1セット取った！さあ2セット目！！
0	日本3セット目とったー！2-1！行くぞ！
0	中道の狩野の2枚替えきた！
0	@ATAROU_ ヤバイヤバイ！
-1	日本勝ったー！！！アテネ、北京の5位の悔しさ晴らした！！
0	RT @ariyoshihiroiki: もう照れくさいけど、言ってしまおう『俺オリンピックが好きです！』
0	@ATAROU_ ちょっと疲れました…笑 中国食うよー！
0	@rinsashia のまえに卓球決勝！
0	@masa17_07 なにやらかしてんすか！
0	@tomoo_miii @satomiiiii0827 それ聞きたい。笑
0	@GMB_no3 Twitterが久しぶりすぎてやばい。
0	@GMB_no3 木更津ヤバイらしいね！
0	@oppeeeee チームB推してww
0	@oppeeeee 東京ドーム行ってくるわー！
-1	“@Inagakuaruaru: 男子5.2、女子4←伊奈学生ならこの数字だけで憂鬱になる #伊奈学あるある　” 分からん！！教えて！！
-1	@kaoboo02 伊奈学生なら憂鬱になるはずなんだけど…笑
0	今月2回目の菅平行ってきます！しっかり仕事してきます。勉強もね…
0	@0909Non 木曜！
0	@nonchan1988 返ってこなくなった(´Д` )笑
0	@yu_suketsuchiya おお！笑
0	練習後の全体集合でひとこと言う時に噛んじゃうとこをいよいよ選手にいじられはじめた…ww
0	@Scorpion16mika そーなんすか。全然確認してないです…笑
0	@Scorpion16mika Jは全然見てないんですよね～。土井さん電話出ないし！笑
0	@SpicaW 毎回じゃないけどなんか拾われる笑
0	菅平合宿終了！お疲れさまでした。めぐさん、先に帰らしてもらいます。笑 残りも頑張って～
0	@nam_joe1204 菅平でめぐさんと会っちゃったよ笑
1	@nam_joe1204 連絡取れた！なかなか近いホテルだった笑
-1	@P_chanx_x 軽くやれました！あざした！めぐさんカーで戻るんすか？
-1	@nopa610 明後日の方が怖いです。
0	AKB東京ドームライブまであと2日。。。
0	@nam_joe1204 買わない！笑
0	新組閣やばすぎるだろ。らぶたんHKT、あきちゃJKT、さえちゃんSHN移籍。きたりえSkE、ゆいはんNMB兼務。たかみなグループの総監督。
0	チームKのリーダーは才加から優子。Aはまりこさま。Bはうめちゃん！
0	@nam_joe1204 そーゆーのは買わないって決めてるんで。アルバムは買ったけど笑
-1	@nam_joe1204 でも昔の曲も歌うから厄介。笑 5万人どからね～
1	@nam_joe1204 でも初日での新組閣はショック大きいねー
0	@nam_joe1204 話についてきなさい。笑
0	@nam_joe1204 シンソカク！
0	@nam_joe1204 メンバーのチームぎ変わったり的な。
0	@nam_joe1204 だいたい最終日だけど今回はサプライズだね！
0	いよいよ明日AKB東京ドーム最終日！今からドキドキ。2日間のセットリストでとりあえずの曲は出尽くしてる感… どーなんだろ明日。
0	@breezie23 渚のチェリーはあついよね！Kの支えとかもくるだろーし。チームB推しもきてない！
0	thanx a lot,23.24,nice 2 meet u.fight together.happy bday 2 me!! lol
0	@P_chanx_x おつかれっす！菅平の天気に戻りたいすよね(&gt;_&lt;)ずっと晴れてたし！
1	@kazuu_xxx かずぅー元気かー？
0	@kazuu_xxx どこ住んでん？
0	@breezie23 思い出のほとんどには勝てない！
0	RT @mariko_dayo: あっちゃん卒業おめでとう( ; _ ; )/~~~ http://t.co/zH4qmnEp
-1	@kazuu_xxx 遊ぶとこ仙台くらいしかないんちゃう？
1	@kazuu_xxx 仙台遠いんか！新潟もめんどいから宮城がいい笑
0	@kazuu_xxx あいつヒマすぎてこないんじゃね？笑
1	@kazuu_xxx マジ？宮城まで？
0	@kazuu_xxx うざいなあいつ。じゃあ彼女連れてくわ笑
1	@kazuu_xxx いない！笑 今度会う子良かったら狙う！
0	@kazuu_xxx あやこはサクだろ笑 FBの友達かもにいんだけど！
0	@kazuu_xxx なっちゃおーかな、やっちゃおっかな！
1	@kazuu_xxx あんな太ってないわ！あやこって生でもいいんだよね？笑
0	@nam_joe1204 @yukako99 してしてー！ゆかこさん♡
0	@yukako99 @nam_joe1204 男が男に？ 先においたましたー！
0	@yukako99 @nam_joe1204 微少女でしょ？
1	@kazuu_xxx マジか！いっちゃう？かずやに渡してもいいけど！
0	@nam_joe1204 @yukako99 日本微少女コンテスト所沢予選からお願いします。
0	@kazuu_xxx 大人の階段のぼっちゃえよ！
1	衛生学のテスト対策のまとめプリントくれてこっからしか出ないっていうのはありがたいんだけど270問以上もある必要あんのか？覚えられるわけない！
0	@ATAROU_ 覚えましたー？
0	@markhan03 とぅーるはすげーやってるってうわさだよ笑
0	@Nice0w0b どこでなう？笑
1	@Nice0w0b マジか！ともみやるな！笑
0	@P_chanx_x 助手席乗った1人ですけど！笑
0	@P_chanx_x そーすね。いかついやつらが周りにいまくっただけか。笑
0	@P_chanx_x @yukako99 2人共癒し系っすよ♡
0	@P_chanx_x @yukako99 やったぜ！！
0	@nam_joe1204 ずぶ濡れになったら水も滴る中年女性になれるかもよ！
0	@yu_suketsuchiya iMacとTimecapsuleの前に免許ね。
0	@yu_suketsuchiya そっちじゃない、車の免許。笑
0	@MATSUOKAshota 知らねーよバーカ。笑
1	@MATSUOKAshota 早く連絡ちょーだいよ。
0	夜本3でLINEやってる人に送ったけど見れてる？
0	@MATSUOKAshota メール終わらしたのお前たい。
0	@nam_joe1204 それ売れすぎて在庫ないらしーね、ってゆーてつお情報。
0	@09067047707 まさゆきー
0	@09067047707 呼んだだけ。笑
0	@09067047707 調子のんなよ！笑
0	@09067047707 電話してこいよ！
0	@09067047707 あいかわらずうざいな笑
0	@yukako99 ゆかこしゃんhappy bday! ますますエロく育ってください。
0	@nam_joe1204 @p_chanx_x 戦慄迷宮じゃどーなっちゃいまそ。
0	@P_chanx_x @nam_joe1204 戦慄迷宮は反応とか入ってくるからアスリハ後期ですかね。
0	@GMB_no3 で？
0	@GMB_no3(^◇^;)(￣◇￣;)どっちも同じじゃねーか！
1	@GMB_no3 レスポンス重要っしょ！
0	原田くんtwitterやってるらしい。しかもフォロワー100人越えてるって自慢気だったww
0	@yu_suketsuchiya つぶやいたらフォロワー増えるとか言ってたw
0	@yu_suketsuchiya やり方教えてもらおうかな。
0	@sokonokimi0611 朗報すぎる！！
0	@GMB_no3 たかちんの方がかっここいいしょ。
0	気づいた？iPhone5のアイコンからYouTubeが消えたこと。
0	@yu_suketsuchiya さすが！ネットで見た方がキレイだしね～
0	@oppeeeee そんなこと言うなやー♡久しぶりだな。笑
1	@P_chanx_x @nam_joe1204 同じく二次会よろしくです(^^)なんじょー早くしろ！笑
0	@nam_joe1204 それを言ったらおしまいや。
0	@yukako99 @nam_joe1204 3年もまつのかー。お先いっちゃいますよ？
0	@yukako99 @nam_joe1204 でも3年後って… 先行きます笑
0	@25Mwk それむかーし言われたことある！笑 今はジャルジャルの後藤や。笑
0	@25Mwk 後藤洋次朗の方向で？笑
0	@h1a2r1u9 小出恵介なめたらアカン。
0	@25Mwk 市役所行ってきます。
0	@rinsashia ギャッピーはサンドラッグに売ってるよ。
0	@masa17_07 どゆことすか！笑
0	中居くんのアーティスト気取りイラっとする。
0	@nam_joe1204 やってもらいたい！学校ないんだったら…
0	@nam_joe1204 今は梨状筋やで。公欠申請してみようかな。笑
0	@keitakun53 元からじじいだよ。
0	@yukako99 来てません！笑
0	@keitakun53 いやリアルっしょ。笑 土曜学校で試合行かないんだよね(T ^ T)
0	@yukako99 MK行きたい！笑
0	@yukako99 それじょすぃーで行くやつか！それはさすがに気まずい笑
1	@keitakun53 マジ？笑 今週学校休みだったけどどっちみちいないと思うんだよねー( ；´Д｀)
-1	@yukako99 あいにく仕事があります( ；´Д｀)すんません！
0	@keitakun53 それなんか申し訳ないね。しかもドッキリ的な？笑 けーたくんの？
0	@yukako99 行きましょ♡明日頑張って！
0	@P_chanx_x 家の方パラパラ降ってますよ！雨は最悪すね(°_°)
0	@keitakun53 ドッキリが不発で終わるよこれ！笑 まだ1勝しかしてないから応援して！
1	@keitakun53 ナイスアイディアだけど明日いない！笑 松岡さんに連絡した方がいいかな？
1	@keitakun53 そっか。じゃあいいか。笑 明日こそは勝ってほしい！
0	@mmmnnnnmmm うそつき！
0	@masa17_07 でも北浦和には似合わない気が…
0	@mmmnnnnmmm 関係ある！CUPSだったし！笑
0	@mmmnnnnmmm いつ暇なんってこっちくんの？
0	@mmmnnnnmmm 来いよ！11月だっけ？
0	@mmmnnnnmmm そーなん？10/7呼ぶかも。
0	夏が終わる、いや終わった。夏終わったとか今年も終わりだよ。冬とかモチベあがんない囧rz
0	@yu_suketsuchiya 陰の季節耐えられない´д` ;
0	@P_chanx_x でも練習は寒いし、雨なんか降ったら… てかその2つの行事楽しくなるかは自分次第！笑
0	@masa17_07 そーだ！ばかうける！笑 やっぱ丸山珈琲で陽極まったね。
0	@yu_suketsuchiya 国試落ちたら陰から抜けられないし！笑
0	@25Mwk どーするわみこ！
-1	@masa17_07 てか昨日大雨だったし！陽極まると怖いすね。笑
0	@oppeeeee 行こ。
0	@MATSUOKAshota 一緒にあったまろーぜ！笑
0	@oppeeeee 帰ってこいよ！
1	@25Mwk 時間早くすぎて夏になれってこと？
0	@25Mwk でもそれも困る。笑 やることやんないと！
0	@25Mwk そーやっておばはんになるだけだぞ！笑
0	@25Mwk もともとないー(*_*)
0	@25Mwk わみこも大人になったな！笑
0	@25Mwk あのみわこが！どのみわこ？
0	@25Mwk で、11月はいつくんの？
0	@25Mwk そーいやまえそーゆー話したよな。
0	ゴルフ部トレーニング作成開始。今回は女子に加えて男子も加わりそう。いや、感謝！
1	@yachu1046 安定のコージーコーナーでおめでと！
0	@25Mwk なんで？電話かもーん！てるみちゃん家とまんの？
0	@ai_win34 @yukako99 ゆかこさんお願い！
1	@nam_joe1204 よーは吉川でも𠮷川でもどっちでもいいんじゃね？笑
0	@ai_win34 @yukako99 愛さんディズニーのおみやげあざーす笑
0	@nam_joe1204 本人出てくるまで待と。
1	@ai_win34 @yukako99 あの箱写メっときゃ良かった！あのバカにした文章。笑
0	@yukako99 @ai_win34 今度写メ撮ってきます！愛さんの謝る気ない文章を。笑
0	@rinsashia @nam_joe1204 待ってました！
1	11:00〜リハビリ、13:00〜Iリーグ、15:30〜トレーニング。台風はどこまで待ってくれるか！18:00〜勉強会は大丈夫かな。にしてもいい天気(°_°)
0	@P_chanx_x それ肉食女子ってゆーんすか？笑
1	@masa17_07 早く帰れー！
0	@masa17_07 台風やばそうなんで勉強会あきらめて帰宅しました。
-1	@ATAROU_ いや、無理っしょ！笑
0	@P_chanx_x @nam_joe1204 シェアハウスします？笑
0	@nam_joe1204 @p_chanx_x 乗らないでー。せめて4:4:2にしません？
0	@nam_joe1204 @p_chanx_x 4:3:3で決定ー＼(^o^)／
0	@yachu1046 ナイスアシスト！
0	台風一過の快晴のおかげで埼京線から富士山見られたし10月がんばろう。
0	@kazuu_xxx かずやちゃんとはたらいてんのか？笑
0	@yachu1046 明治戦日曜だから試合行けるんだよね！残留のためにもう負けられないんで！！笑
0	@kazuu_xxx なにやってん？
1	この前原宿で食ったバイカパオ。うまかったよ！これから食通を気取ってみようと思う。 http://t.co/I55oqyYe
-1	@masa17_07 いやこれが限界！見た目は悪い！笑
0	@mmmnnnnmmm たまにはいいじゃん。
0	@MATSUOKAshota VOLVOのロゴをEVOLEと見間違えた。全然興味ねーから！！笑
0	@mmmnnnnmmm こいよ！はまうら喜ぶよ(^^)
0	@MATSUOKAshota チームなんてないし(°_°)
0	@mmmnnnnmmm いつきまんの？予約しちゃおーと思うからさ！
0	@MATSUOKAshota じゃあスウェット！
0	@mmmnnnnmmm おっけー。明日連絡して（＾ω＾）
0	@MATSUOKAshota カタログ見して！ない？笑
0	@kazuu_xxx つまんなそー笑
0	@kazuu_xxx むっちゃヒマじゃん！
1	@kazuu_xxx 楽しいならいっか。笑
0	@mmmnnnnmmm てことは来るね？？
0	@mmmnnnnmmm は？え？なんで？
0	@mmmnnnnmmm もう部員として認めない！笑
1	@mmmnnnnmmm ゆうれいぶいんはかいこ！
0	@MATSUOKAshota 家帰ったらみるわ。
0	@mmmnnnnmmm 来ないだろ！！
0	@GMB_no3 @yu_suketsuchiya 俺の前になおきとつっちーととぅーる倒してからかかってこいや！
0	@mmmnnnnmmm 気持ちだけじゃ相手に伝わらんからね！気持ちより結果！笑
0	笑えない笑えない笑えない。
0	@yu_suketsuchiya あえての笑う！
0	@nam_joe1204 ほんとお前きらい！笑
0	@tetsuooo0912 中田ちさと
0	@tetsuooo0912 しりとりじゃなかったの？笑
0	@nam_joe1204 許す！教えない！笑
0	@tetsuooo0912 片想いFinally
0	@nam_joe1204 待ってる！
0	@nam_joe1204 本人は秘密主義らしいよ。
0	@kikuri17 おー！笑っちゃうね。笑
0	@nam_joe1204 ほんときらい！笑
0	早稲田に勝利！今季2勝目！笑 これから追い上げてくよ！ http://t.co/iho9cxZW
-1	@P_chanx_x 会場平塚でした！めぐさん平塚から通ってんすか？めっちゃ遠いすね… 勝ち試合を見に来てほしかったです(&gt;_&lt;)
1	今日の勉強会はなかなか濃かったなー。良い刺激と新しい発見と。やっぱいいね！
0	@kazuu_xxx はんぺんとかセンスない！
0	6時半に家出てやっと家着くとか今日なかなかだな。
0	@kazuu_xxx 食ったことないとか意味わからん。笑
0	WBCくそ楽しみ！絶対東京ドーム観に行こ！！
1	@MATSUOKAshota 泊まり行っていい？笑
0	@P_chanx_x ぽい写真にしてみた。笑 なんもやってないすけどね！
0	@chie2ka54 おい！東川口ってもろじもとじゃないか！！観光ね…ないよ。笑
0	パンツ忘れたーT^T
-1	@prmmmmzi 大変な忘れ物の方。笑 ま、替えだけど！
0	@P_chanx_x 今日中大と練習試合ですよ！めぐさん中大います？
0	K-POPはKARAでさえ下降線。残るはソシだけ！fight snsd.
0	@ai_win34 愛さんといるときは忘れません。笑
0	@kaoboo02 2PMさBeautiful以降シングル出した？
0	@tsuru_ambient ハワイに別荘。男気！
0	@P_chanx_x めぐさんの彼氏はなにやってんすか？
0	@kaoboo02 なにげに全シングル入ってるから。それからアルバムも笑
1	@tsuru_ambient 分かる！あれはヤバイ！やっぱ海重要だよな。
0	@P_chanx_x 天然と言ってほしい。笑
0	@masa17_07 やるしかない！
0	@kkohira @p_chanx_x 小平さんにいわれたら謝るしかないです。めぐさんごめんなさい笑
0	@P_chanx_x @kkohira いきましょー！笑
0	@yukako99 今iOS6ですけど…
0	@yu_suketsuchiya 天才だもん。
0	下半期の目標はONとOFFの切り替え。
0	@masa17_07 @kie_cia 見たよ！
0	@09067047707 やるときやるっしょ。
0	Numeron仲間増えてきたよ！みんなやろ！
0	明日味の素スタジアム西競技場で11:30kick offでvs筑波大戦です。今年も残り6試合勝てるように頑張りますんで応援よろしくお願いします。 時間ある方はぜひ観にきてください！
0	試合に向けて出発！勝ってきます！学園祭組も頑張ってー。
0	@P_chanx_x めぐさん土曜だけかーorz
0	@yukako99 ゆかこさんも今日かorz
0	@luv_v2fuyu メールしたよ！
1	@ha_ka0303 楽しかったね！残すは国試だけとかさみしすぎる(;_;)
0	@ha_ka0303 あいかわらず賞にはからまないけどね。笑 みんなで集まろうよ！11月？12月？
-1	@ha_ka0303 それはじめっからダメなやつじゃん(T^T)とりあえず実技認定終わってからだね！てかてつおにタグ付けの恐怖やられたーーー
0	@ha_ka0303 じゃあはるちゃんの写真もタグ付けするわ。笑
1	@P_chanx_x 六本木でいー店見つけましたよ！やりましょ！
-1	@09067047707 でぶ。
0	@nam_joe1204 人が作った焼きおにぎりには勝てないよ？
0	@tetsuooo0912 @nam_joe1204 7杯しか売れてないん？あれ起死回生のやつじゃなかったっけ？笑
0	@giggs0514 @nam_joe1204 そこ口説かない。笑
0	@giggs0514 @nam_joe1204 なんじょーのこともなおきさんのこともなんでも知ってるよ！
-1	@giggs0514 @nam_joe1204 みんなで買いいこ。休みは作るもんしょ。ま、無理だけどさ。
1	@nam_joe1204 @giggs0514 そーだよね！勉強しろってサインかな。
0	何回見てもカラオケ大会のAKB笑える！
1	@tetsuooo0912 USBでもいいよ。DVDにもなるか。
0	@nam_joe1204 吐息で温めよっか？なおきさんが。
0	@nam_joe1204 なおきさーん
0	@nam_joe1204 @giggs0514 結局なおきさんはそんなもんだよ。
0	@nam_joe1204 @giggs0514 味方はミネストローネだけだったってことか。
0	@nam_joe1204 @giggs0514 まとめちょーだい。なおきさんがんばろ！
0	@25Mwk 明日までいんの？
0	1日授業5コマってキツい。疲れまひた。
1	今冬の映画はCAVINと96時間 リベンジ の2つがくそ面白そう！よーちぇけだよ。
-1	@P_chanx_x 俺の誕生日(8/26)と勝手ですけど愛さんとはるちゃんとのぐっさんの誕生日も調べてみたけどほぼ当たってるΣ（ﾟдﾟlll）笑
0	@P_chanx_x 几帳面でマジメですよ？なにかありました？
1	@P_chanx_x まだほんの一部分しか知らないからなんでしょうね。今日熊谷で試合だったんですけど控え室広すぎません？笑
0	@P_chanx_x そーなんすか！2部屋分はありましたよ。
0	@luv_v2fuyu してないよ笑
0	@giggs0514 絶対固定！
0	@luv_v2fuyu メールしたよ！笑
0	@giggs0514 ちょい前に比べても今かなり下がってますから！今後も上がるとは思えないすよー(;_;)
0	腹いっぱいだった30分後にめっちゃ腹減ってきた。なんだこれ。
1	@Scorpion16mika いまさらすけど。ありがたいです。笑
0	@ATAROU_ ちょっと前からそんな気はしてました…
0	@nam_joe1204 なんじょーのコンポタ飲みたいと思ったのは内緒ね。
0	@nam_joe1204 あのコーンが最後溜まっちゃうのだけを除けば。チャイ飲みいこ！
-1	@tetsuooo0912 おまん こちん こ〜はマズイだろ。
0	@tetsuooo0912 運転見合わせ？
0	@tetsuooo0912 どーすん？
0	今の感情のままならあと3週間後は泣くんだろーな。ってふと。
0	@0909Non いろいろそこまでの過程ってあるじゃん。笑
0	@masa17_07 ダッシュで7分乗っちゃった！
0	@masa17_07 風邪引いてる場合じゃないからね！
0	@nam_joe1204 ついにミサキング牧師って呼ばれたか！
0	@masa17_07 あ、その泣きじゃない！笑
1	@nam_joe1204 謙遜しちゃってー。前髪切ったくせに。
0	@masa17_07 色々あるからねー
1	@nam_joe1204 ハロウィン終わったよ？ぱっつんのカツラ取った方がいいんじゃね？
0	@nam_joe1204 @giggs0514 でもなんじょーの女子力3。なおきさん5。
0	@masa17_07 @tetsuooo0912 再々来週の土曜ね。
0	@giggs0514 @nam_joe1204 さすがやわー。カレー味すよね？
0	@P_chanx_x めぐさん知らなかったんすか！！！
-1	東学大1-3明治大 来シーズンの2部降格が決まりました。今年の悔しさを糧に1年で1部復帰しないと。残り3試合、自分にもチームにもまだ大きな仕事が残ってる！最後に笑顔で終われるように。 応援ありがとうございました。
0	明日はXデー。事後報告します。
0	@nam_joe1204 47点！
0	@nam_joe1204 長谷川式なんとかテスト！
1	@ahmoomin 近いうち集まろ！笑
0	@ahmoomin 12月かずきも来るよ！
0	となりに中尾明慶なう。まじかっけー@中目黒
0	@prmmmmzi 普通にカフェいた！笑
0	@saeko904 向こうが帰る時気づいたんで。笑 ガタイやばかったすよ！
0	@nam_joe1204 射程圏内！
0	@prmmmmzi トレ科いかなそうだから考え中！
0	@saeko904 キンコン西野だって猫ひろしだって綾部だって浅野忠信だってみましたぜ！笑
0	@nam_joe1204 今日も徒歩である
0	@saeko904 新潟は西山茉希すらいない。笑
0	@giggs0514 @nam_joe1204 食後のチャイ持ってくわ！
0	@GMB_no3 やまさんもそこまでの人間か！
0	@nam_joe1204 読書カフェ行ったん？
1	@nam_joe1204 結構いい？
-1	@nam_joe1204 それダメなやつ。笑 見てみ！このあからさま感。 http://t.co/IYLD2YZe
0	@nam_joe1204 なんじょーもまだまだ子供だな。ここ代官山だから！笑
0	@nam_joe1204 大人に染まりつつあるけどね！
0	@nam_joe1204 Safari読まなきゃ。
0	@nam_joe1204 今にみとけ。
0	@nam_joe1204 マーチンルーサーキング？
0	@nam_joe1204 いよいよ牧師感いなめない。
0	@nam_joe1204 so good! good nite lol
0	@ATAROU_ 艾でかすぎません？笑
-1	@ATAROU_ 鍼柄全部覆っちゃうのはダメらしいですよ！
0	まさたか帰りやがったな！あと1コマあるよー。
0	@ai_win34 行きたいんですけどトレーニングと試合あるんすよorz
0	RT @gakugei_soccer: 【アイリーグ最終節】vs慶應義塾大学(KEIO-A)明日18:00kick off@学芸大G Bチームの4年生にとって最後の試合になります。アツい気持ちのこもったプレーを最後まで見届けて下さい！！！
0	@GMB_no3 日韓戦アツイ！！
0	@GMB_no3 さすがにあれはやばかった！オリンピック行ってほしいね！
0	@GMB_no3 今すぐアイスホッケー協会フォローしろ！笑
0	RT @meidaisoccer: 【マネージャー日記更新】リーグ戦第19節 vs.東京学芸大学  http://t.co/CXi7TD0R
0	Ralph Lauren RUGBYが2013年の年内までに全世界のストアがクローズだって(;_;) omg! これからなに着ろってことだよ！
0	@giggs0514 そーすよね。アバクロにしよ。
0	@nam_joe1204 なんじょーには勝てん。
0	@rinsashia 見たけどなんかいまいちな感じだったってゆー視聴者の意見！笑
0	@nam_joe1204 調子にのんな牧師のくせに
1	@giggs0514 確かにそーすけどね。笑 じゃあどこにします？
0	@rinsashia 普通にキレてたじゃん！笑 Topではないんだ？
0	@nam_joe1204 牧師そんな権限もってんの？
0	@rinsashia そーなんだ。しかも代表側！東海の戦術もスペースをあけるに変わるねこれで笑
0	@MATSUOKAshota 候補に入れとく。
0	@MATSUOKAshota 5にしたんか？入れてやるから家こいよ！
0	@MATSUOKAshota むりー！笑
0	@kazuu_xxx くるぶしはれてる？
1	@YujiTom ともてぃーならモーマンタイ！
0	今日は試合会場でやっつん、瑛、ふえに会えた！来週も明治と会場一緒だね(^^)
0	@yukako99 とりあえず今日乗り切りましょう！
0	@P_chanx_x お互い頑張りましょう！
0	@nam_joe1204 がんばるよみんな！
-1	@GMB_no3 勝手にしろ
0	@yachu1046 きてないよー。
0	@nam_joe1204 すがさんて誰って思った笑
0	先週のテラスハウス録画してたの消されたー(;_;)てっちゃんときたりえのドライブ気になってたのに。
-1	@tetsuooo0912 鹿が悪いのか？車掌が悪いのか。
0	@14_massy まさ見てんの？さすがだな！
-1	どんどんさみしくなってくるもんだなぁ。
0	@tomoo_miii だいじょぶはだいじょぶ！
-1	@MATSUOKAshota この時期は嫌だねー。ってやつ。
0	そんなこと考えてたら胸がいっぱいになってきた。
0	@ATAROU_ この場合どーしましょ。
0	@satomiiiii0827 @tomoo_miii さとみるくーーー！
0	@MATSUOKAshota ばかやろ！なめんな！
0	@P_chanx_x 今日は外仕事ないけど応援してますよ！同志として。笑
0	@P_chanx_x こっちは明日の試合が最終節でインカレも行けないんでシーズン終了です。分かりますその泣きそうな感じ。熊谷は見に行きます！
0	念願のUNIQLOへ！でも車使えなくて電車。2代目のマイカーの必要性！
0	@0909Non もち美園っしょw
0	@0909Non 言ってよ！連れてってよ！笑
0	@0909Non 萎えるー。これだからほんとに。笑
0	@0909Non これからは連絡するよーに！
0	@masa17_07 バカにはしてない！おかげで8000円も使ったw
1	いよいよ明日関東大学サッカーリーグ最終節です。今年からのサポートですが明日で引退する4年生の4年間の色んな想いを1番近くて目に焼き付けたいと思います。まずは最高のサポートを。 11:30 kick off vs順天堂大学 @味の素フィールド西が丘 ぜひ応援よろしくお願いします！
0	@ai_win34 頑張ります！
0	@masa17_07 あざっす(^^)
0	@ha_ka0303 @nam_joe1204 明日なにすんのー？
0	@ha_ka0303 @nam_joe1204 はぅ((((；ﾟДﾟ)))))))
0	@ha_ka0303 @nam_joe1204 9時っしょ？
0	JOYSOUNDに慣れちゃうとDAMとかちゃっちく聞こえちゃうよね。って電車でとなりの女子が語ってるけどDAMが1番だと思ってた俺はどーなんの？笑
0	@h1a2r1u9 だよね！カラオケ行こ笑
0	@nam_joe1204 音楽やってる人から言わせるとそーらしいよ。(°_°)
0	@h1a2r1u9 もち！DAMしばり！
-1	瓶ビールイッキしてお先です！みんな朝まで楽しんで！のぶと最後話せなくて残念だ。
0	@25Mwk サッカー部のノリは裏切れないしょ笑
1	@25Mwk すぐ赤くなる！強くはないはず！でも飲まなきゃいけないじゃん笑
0	@25Mwk それがベスト！でも世の中はねー笑
0	@25Mwk わみこ飲めないんだっけ？
-1	@kazuu_xxx ただのでぶやん。
-1	@kazuu_xxx でぶのヤツ(°_°)
-1	@giggs0514 勉強してないっしょ！笑 明学ダメだったしねー。
0	@tetsuooo0912 まさか甲斐市から渋谷の専門学校に通ってるなんて誰も気づかないだろーなw
1	@giggs0514 なおきさんのやってないはマジでやってなさそう。笑 亜細亜、降格です…
0	@kuma22sai 4年間お疲れさま。あんまりBチームを見ること出来なかったけど空馬はほんとにサッカーが好きなんだなって見てて思ったよ。次の目標に進んでる姿をみると心配することもないなって思った。1年しか関わること出来なかったけど、ありがとう！これからも応援してるよ！
1	@nobu0288 リーグでメンバーから外れることが続いた試合もあったけど試合の後トレセン戻ってトレーニングしてる姿見てると当たり前のことなんだけどそれが出来ない人が多いから感心したよ。表には出さないと思うけどやるべきことやり通したことはこれからに繋がるはず。4年間お疲れさま！
1	@happytarokotaro 試合の時は幸太郎がチームまとめることも多かったと思うし大変だったと思う。メンバーから漏れてて少し心配したけど昨日サッカー続けるって聞いて安心したよ。まだやれると思うし気持ちあるなら進むべきだと思う！1年間だけだけど関われて良かった。4年間お疲れ。
1	@korosuke_35 4年間お疲れさま。試合の後もトレーニングしてるの見てて航大は前に進んでるなって思ってたよ。自分のやるべきことやって前だけ見てれば絶対道は開けるから自信と信念を持ってこれからも前進して下さい！航大なら大丈夫だと思ってるけど応援してるよ。1年間ありがとう。
0	@25Mwk みわこ浅田真央ちゃんに似てるw
0	@25Mwk このプリだけねw
0	@25Mwk 現役引退した真央ちゃんw
0	@nobu0288 性病も気にしてたのも忘れずに笑 噛むのは…努力します。
0	ケンタなんかで勉強するもんじゃない！22:30閉店とか…勉強時間40分。やっちまったぜ！
0	@GMB_no3 いける気するっしょ？横並びはあきらめましょ！
0	@GMB_no3 最悪○×だし。
0	@yu_suketsuchiya 一応あ東臨ってやつね笑
0	@ai_win34 今日科目なんすか？
0	@yu_suketsuchiya ビデオ、ビデオ、ビデオ！！
0	とりあえずテスト終わったらアバクロとAmerican apparel行こ。誰か。
0	@mmmnnnnmmm 東京くんの？
0	@mmmnnnnmmm 15は学校´д` ;
-1	@masa17_07 この前軽く見たけど欲しいのあった！
0	@nam_joe1204 いこーぜ！
1	@breezie23 マジ？ISSAは関係してる？
0	@nam_joe1204 アメアパの流れでいこ。
0	@taro8138 行っちゃいますー？
-1	@masa17_07 じゃダメやんorz
1	@tetsuooo0912 @nam_joe1204 GAPのでか文字パーカーで十分。
0	@masa17_07 そーゆーことね。じゃあ行こ。
0	@taro8138 そーなっちゃうか。サイズの壁出てきたね。笑
0	@breezie23 卒業と同時にDiVA消滅(;_;)
0	@nam_joe1204 お母さんに負けた(;_;)
0	@tetsuooo0912 ギャッパーはやめとけ！ファストファッション詰め合わせでいけ！
0	テスト終了！テラスハウスは録画してるから内容言わないでね。
0	@EITROU_ さすがにそれはヤバイ笑
0	@EITROU_ それこそ内緒。
0	phitenでマッサージクリームもらったけど、さあ誰で試そうか。
0	@satomiiiii0827 @myuuuuuuuun @tomoo_miii じゃあ参戦する！！
0	@prmmmmzi 皇后杯頑張ったからやってやろう！
0	@MATSUOKAshota そんなやったことねーわ！笑
0	@yukako99 じゃあお互いにしましょ。笑
0	@MATSUOKAshota まずはトレーニング！
-1	@tomoo_miii @myuuuuuuuun @satomiiiii0827 そーだね。余計な人もいなくなったことだし！
0	@nam_joe1204 アルバム貸して！返してないけど。
0	@nam_joe1204 そう。いまだ手をつけず。
-1	@GMB_no3 キムチくさい。
0	@GMB_no3 弁当には普通いれないよね。
1	RT @messagefromTARO: もうすぐクリスマス☆ 今年もあっと言う間やったな(^^;; あっ、来年も佐川印刷でプレーします！ サッカーできる環境があることに感謝しながら頑張ります！ 良かったら応援してやってくだい(^^)/ http://t.co/WS0txjti
0	@messagefromTARO あそーさん東京来ないんすか？
0	@messagefromTARO 仕事が忙しい感じなんすか？
0	@messagefromTARO マイケル行くと思います？笑 かずきに聞いてみようかな。
0	@messagefromTARO 誰か行くやついたら行きますよ？笑
1	RT @4JPN: 報道ステーションに各党の党首が生出演してるけど、これコントとして見るなら、意外と面白いｗ　「はい！はい！」って挙手して徹底的に無視される福島氏とか、「言ってることが難しすぎてわからない」と一蹴されるとことかｗｗ
1	RT @4JPN: 今日の地震、３．１１の数日前にあった奴に似てるなと思ってググってみたら、３月９日にあった地震とマグニチュードが同じ、震源地、深さ、震度分布もほぼ一緒→ http://t.co/PviQeDTk
0	党首討論おもろー！
1	結局11党首も出てたらなにが正しいかなんて分かるはずない。原発についてもっとメインに討論してもらうのが世論の声では？
0	@masa17_07 録画中！
1	@nam_joe1204 笹川流れマジいいよ！
0	@nam_joe1204 砂！BBQやってた！笑
-1	@giggs0514 @nam_joe1204 無理！
0	@nam_joe1204 行ける！もりで魚捕まえてたなー(^^)
1	@nam_joe1204 結構波強くて取れなかったけど…
0	@giggs0514 @nam_joe1204 27は大事な日だからダメなんすよ！26にする？はるちゃんも呼んで。笑
1	@giggs0514 @nam_joe1204 26なら大丈夫すよ！この際26にしよ笑
0	@kkohira @p_chanx_x @kumiko_sakazaki こちらこそありがとうございました！やっぱり色々話すといい刺激になります。また集まりましょう！
0	@masa17_07 これ行くよ？
0	@masa17_07 国試終わったら！って今決めた！くそ高いんしょ？
-1	@masa17_07 ヤバイすよね！せめてもの救いはシンガポール＄が安いこと。
0	@masa17_07 スコールさえなければ。とりあえず年内にパスポート取るわ！
0	@09067047707 あの又さんっしょ？
0	@katu_y_utak なんも見えないんすけど… まあ1人で見てましたけど…
1	@katu_y_utak 監督！ならいいや。笑
1	@katu_y_utak うんいいや。うらやましい限りだけど今回は遠慮しとく。笑
1	@katu_y_utak え！詳細決まったら教えてねー。
0	@rlim27 結局ハンパない！
1	@denchan71 大丈夫すかー？？笑
0	@denchan71 ピーチウーロンなんか飲んでるから。
0	@denchan71 なら許す！てかあの時間に出たのに結局終電なんですけど…
0	@denchan71 次回は風子さんも。笑 でんちゃん家で開催しましょ！
0	@denchan71 じゃあ国試終わったら行きます！笑
0	@denchan71 りょーかいです。3月飲みましょ！
0	@denchan71 よろしくです！おつかれっす。
0	終電20分遅れとかさすがにやりすぎ。
0	選挙投票完了！有権者のみなさん投票忘れずに！！
1	@GMB_no3 からの勉強！早起き重要だからね！
0	@GMB_no3 だってほんとヤバイんだもん。
0	@tetsuooo0912 そう！つっちーも買ったから買え！
0	今日までH&amp;M学割23％OFFだよー。行ってきました！
0	@giggs0514 感謝しかしてない今日だけは。
0	@giggs0514 パンツ、シャツ、シャツ！やっぱ外人気取りで攻めますわー。
0	投票率16時現在34.87％だって。みんな投票行きましょー！
0	@kie_cia 結局自民だったね(._.)
0	@GMB_no3 どこでやんの？ネット？特にたかちん！
1	@ai_win34 大丈夫すかー？気絶するやつじゃん！それかやっぱ脳ドック…
-1	@tetsuooo0912 ソロでは無理っしょ。
0	@GMB_no3 え、行く！21のバイトの後！魔女！
0	自民党の得票数は前回と変わってないらしい。民主に大敗した前回と。てことは民主の票が第3極に流れただけ。国民が原発にも増税にも憲法改正にもGoサインだしたんじゃない。自民の支持層が広がったんじゃない、民主が負けただけ。それだけ。
0	@nopa610 @breezie23 あっちゃんはやっぱ神だったよ。ぱるるにはちょっと出来ないよ。才加はもうひと花咲かせましょ！
0	@GMB_no3 録画し忘れた∑(ﾟДﾟ)
1	@ai_win34 え？ほんと？でも国試直前じゃなくて良かった。学校も一旦落ち着くし。休んでください！
0	よう！ナイスゴール！“@meidaisoccer: 【速報:全日本大学サッカー選手権大会 1回戦vs.中京大学】  延長後半4分 上松 3-2”
0	明日インカレ行けないってことは行けるとして24日？クリスマスに一緒に行ってくれるやつなんかいるんかなorz まずは明日の試合、明治勝て！
0	@ai_win34 あなたは病院でしょーが！
0	@yachu1046 マジで頑張れ！西が丘で会いましょう！！
-1	@25Mwk 結局でぶコース。
1	21日国立感染研究所からインフルエンザ流行宣言が出ました。今年は昨年同様A香港型が多いそうです。感染に注意してください！
0	@25Mwk ハーゲンダッツ食べてるあたりとか笑
0	@25Mwk 普通あげたくないよハーゲンダッツは。笑
-1	@25Mwk そうとう器でかいな笑 から揚げもでぶ。
0	25日までもうソナポケしか聞かない、うん。
0	@miiiiiii_chan 一昨日男バスのストレングスやってる酒井さんと飲んだよ！キキのことフワッと話といた笑
1	@miiiiiii_chan えっ？笑 キキのこと話したのに…笑 元気してるよ(^^)サッカー部シーズン終わったからやっつんとかと集まる予定。ま、予定は未定だけど！
-1	PITBULLなんかiPodに入れたもんだからさっそくソナポケから浮気中…
0	@MATSUOKAshota きこーぜー
-1	@miiiiiii_chan 知ってますよくらい笑 バスケ部休みないじゃん(&gt;_&lt;)
0	@miiiiiii_chan そーなんだよ。この話も1年越しだし笑
0	@ai_win34 @miiiiiii_chan 愛さん今日来るんすか？
0	パンケーキなうなんだな。 http://t.co/P904CFaS
0	@prmmmmzi 夕飯！笑
-1	オレンジの皮だけ食いきれないメンタルの弱さ。 http://t.co/OSIOzP2B
0	@saeko904 @scorpion16mika わわわわわー
0	@Scorpion16mika @saeko904 そんなやつ世の中にいるかもしんないですよ？
0	@nopa610 大人ぽいしょ？
0	@nopa610 坊ちゃんorz
0	@nopa610 気使ってもらってありがと。笑 よろシークレットだよ！
0	@25Mwk 呼ばれてない(｡-_-｡)
-1	@25Mwk つら。
0	ソナポケLIVE@Zeep Tokyo with 愛さん http://t.co/a9UPU4M2
0	venasfortでの神ショット。あそこってなにして楽しむとこ？ http://t.co/hUOwW0Pp
-1	@katsu_0611 結局つながり悪いらしい。登録してる人少ないから電話する相手みつかんないし(._.)
0	@katsu_0611 なんだかんだLINEなんじゃん？それか050＋は？
1	@mmmnnnnmmm ぜんぜんおもろくないよあそこ笑
1	@mmmnnnnmmm ダイバーシティのガンダムの方がいい！
0	@masa17_07 愛さん観覧車きらいらしい(-｡-)w
-1	@katsu_0611 そんなことあんの？笑 050＋がどんくらい使えんのかわかんないけどねー
0	@mmmnnnnmmm いなかもの、なまけもの。
0	@masa17_07 でもあれ下からみてもパンツみえないorz
0	@mmmnnnnmmm うそだよ(^з^)-☆ あめとムチじろう
0	@mmmnnnnmmm 年始！笑
0	@mmmnnnnmmm むりっしょ、よろ！
0	@0909Non 最終的に出てる窓部屋とまる！
0	@0909Non 泊まりにいく！笑
0	中目につっちー。見つけたよーw
0	@0909Non じゃあ大晦日に。
0	@0909Non 行かねーよ！w
0	@0909Non 行っていーの？w 年越し前くらいにいこーかな。
0	@0909Non 基本ひま。勉強しなきゃだけどw 28〜2まで予定ない！29までトレーナーの仕事あるけど。
0	@nam_joe1204 なんじょーさんを今度お連れしようじゃないか。
0	@nam_joe1204 アイコンが戻ったw
0	@nam_joe1204 誕生日なんじょー反映されてたよ？
-1	@yu_suketsuchiya かけてない！twitterの怖さだねーw
0	@yu_suketsuchiya FRAMESに3人でいた！
0	@yu_suketsuchiya なんだ(°_°)片方彼女説出てたのに…
0	やべ！家にいながらテラスハウス見忘れたorz
0	@mmmnnnnmmm 青春ストーリーw 見出すとやめられん。
0	@prmmmmzi それ以上は言うな！w
0	@mmmnnnnmmm まあずっとはいないと思うけど。
0	@tmt817 @prmmmmzi そんな今回ヤバかったのか(;_;)
0	@Tokyo2020jp 2020年絶対東京に招致させたい！個人ではなかなか活動出来ませんがどういう形であれ貢献できればと思います！ロンドンの感動を次は東京で！！フォローしてください(^^)
0	@GMB_no3 語呂合わせ考えて。
0	DISELのsale行こう。ダウン安くなるかな？
0	色々ありまして明日仙台→松島行ってきます。
0	@nam_joe1204 ちょっちゅね。
-1	@kazuu_xxx 石巻とおいー
-1	@25Mwk 急にもほどがある決定だったからね。
0	@25Mwk 明日帰るけど笑
0	@masa17_07 そうそう、誰かみたいに。
0	@25Mwk そうなんだなー
0	大掃除終わった(^^)とりあえず年は越せる。
0	@25Mwk お葬式！
1	お通夜と火葬を終えて帰ってきました。喪中なので新年のあいさつを控えさせていただきます。みなさまよいお年を。
0	ボクシングあついな！世界タイトル戦の2人とも88年組(^^)
0	井岡いけ！！！！！
1	井岡かっこよすぎるわ！こんな24になりたいwww
0	@MATSUOKAshota トレーニングしましょう。
0	@25Mwk 犬が豚足かじってるよ。
0	@25Mwk 見間違えなんかなー。
0	昨日のトレンドの「日体大」にめぐさんのツイートw http://t.co/EFfhElsn
0	@ai_win34 愛さん今日バスケ行きます？
0	TGI・Dライズvsパナソニック観戦！選手ってよりよりトレーナーのみきてぃーの応援(^^)笑 http://t.co/TC1fPqpP
0	@P_chanx_x こっちがウケる笑
0	@yu_suketsuchiya 75-84！
0	@yu_suketsuchiya 最後追い上げてたよ！力的には結構差あんの？
0	@yu_suketsuchiya そーなんだ！相当頑張ってんじゃん！
0	雄磨に渋谷で遭遇。ちゃんと合流出来たのか…
0	@gonzayuma 雄磨なら出来ない気もしたからさ笑
0	@gonzayuma バスケの天皇杯見てきた！twitterに書いた！笑
0	@ai_win34 Dライズ負けちゃったんで行かないです(&gt;_&lt;)
0	@P_chanx_x リンク栃木応援してー！
0	@P_chanx_x 7日リンク栃木のトレーナーさん来るけど(￣Д￣)ﾉ笑
0	@P_chanx_x あとでメールします(^^)
-1	@kuma22sai え、今日今冬1番の寒さ…
0	@kuma22sai いやいや今日ハンパないから。
0	@kuma22sai 埼玉→新潟→埼玉
0	@kuma22sai こんなんでヒーヒー言ってる場合じゃねえな。
0	マイケルと会ってくるよー
0	マイケルごち！ http://t.co/k3cVa3rA
0	おしゃんな店から油そば。mj drinking jumbo coke!! http://t.co/GsTMjBLs
0	@0909Non まかせろまかせろ！
0	@Scorpion16mika 年に1回しか会えないんでね。
0	@ai_win34 どっちのこと？
0	@0909Non …が名前に変わんだよ！とりあえず会議w
1	@0909Non 早くしないと席なくなるw
0	@0909Non ついてないw 充電したらイイネして。
0	@aaatakashi このバティーさすがにやばいだろ。 http://t.co/7tI5rMXb
0	よう、やっつん、きき。2年越しにやっとみんな集まれた。 http://t.co/gjr0bdyZ
0	FREE'S SHOPでくそ欲しいのあったけどSしか残ってなかったorz 正月初ショック…
1	@keitakun53 けーたならピッタリ笑 買った方がいいよマジで。
1	@keitakun53 気にしてんの？笑 先払いでいーすか。
0	@keitakun53 そんなんやめちまえ！俺がめっちゃほしいんだもん笑
0	@keitakun53 あれだよあれ！
0	@goki319 本人いた！笑 太り過ぎっしょ。
0	@aaatakashi @goki319 脱いでもらおーか。
0	@yu_suketsuchiya 名称違います笑
1	花田トレーナー会無事終わったー。詳しくはみんなタグ付けしてFBに載せます。ありがとうございました(^^) http://t.co/O3zD2tMx
0	@masa17_07 そーだよー。
0	@yu_suketsuchiya その方が違うっしょ笑 花田会！！！
0	@yu_suketsuchiya おけおけ！見かけたらワンギリ笑
1	@P_chanx_x ありがとうございました！なんとかなって良かったです(^^)次回は坂崎プレゼンツなんで期待してください笑
0	@P_chanx_x いえいえ。初の大仕事！笑 次回楽しみです(^^)
0	@yu_suketsuchiya 分かっても他人のふりすること。
0	@yu_suketsuchiya そんくらいがちょうどいい。笑
0	@yukako99 ありがとうございました！また集まりましょう！
1	@kkohira 面白そうですね。でも国試前なんです笑
0	@yachu1046 知らない間にヤツさんって呼ばれるよーになって気づいたら4年。時間が経つの早すぎ！笑
0	@nam_joe1204 でた現実逃避！
0	@GMB_no3 それに埼京線遅延。なかなかの好条件。
1	@GMB_no3 違う経路で行くから大丈夫！ホテル取ろうかな笑
0	@GMB_no3 間違えて板橋本町まで行っちゃった！google mapで調べたら板橋まで徒歩35分とか出て焦ったw
0	@GMB_no3 新板橋から板橋ついたら埼京線動いてないしorz
0	@masa17_07 早々と帰りました、埼玉高速鉄道で。埼京線動いてないすよね？
1	@masa17_07 買い物して帰ろうと思ったけどそんなバカな考えはやめてよかったw 勉強道具もってんすか？
1	@nobu0288 ちょっと早ければチケット2枚あげたのに！
0	@nobu0288 友達が4日間当たったらしくて欲しい人探してた！
0	@nobu0288 聞いてみてやろっか？
1	@nobu0288 5/18のスーパーアリーナのだったと思うけど大丈夫？
0	家の前から駅に続く道の雪かきしたよ！宮川宅前を通るやつら感謝しろw http://t.co/pFQNAlLJ
0	@kazuu_xxx ここにきてのうそw
0	@nogushiho そーなんすよ！もはや年賀状じゃないんで手紙出しますね＼(^o^)／笑
0	@nogushiho 赤ちゃんかわいすぎ♡旦那さんにも似てますよね(^^)
-1	今日の模試、天気→雪 朝→埼京線遅延 会場→大正大学 教室→寒い よーするに最高のシチュエーション！！
0	@prmmmmzi 新潟かと思った笑
1	@nogushiho あったかくなったら遊び行きます(^^)
0	@prmmmmzi 鍼は今年だよ！今年国試(*_*)
0	@yukako99 大正大学で模試があったんすよー！
0	@prmmmmzi やってあげるよー(^^)
0	@yukako99 土日もあったんすか？どっちみち今日もありました！
0	そりゃ発売中止になるわ。 http://t.co/T2PRMXPT
0	@masa17_07 発売前に差し押さえ！笑
0	@masa17_07 男の子の手になりたい。
0	@rrh_nagisa なにそれどーゆーことー？笑 魔女に聞きに行こうかな。
1	Mステの1D録画しといてよかった:)
0	JBいつのまにこんなにタトゥー入れたんだ。少なくともBeauty and a beatんときはなかった… http://t.co/Q4KoqgtV
1	@h1a2r1u9 良かったよ！国試がんばろ！
0	1D soooo cool :-) 風呂入ってもうちょい勉強しよう。
0	@h1a2r1u9 2/23,24
0	トレーナーミーティング7時間かけて終了。あー日が暮れる…
0	@luv_v2fuyu いやいや小2の元彼て…
0	国試まであと1ヶ月。やれることやるだけ！ http://t.co/JEIGQGb2
0	@prmmmmzi ありがと(^^)
0	@luv_v2fuyu 聞きたいw てかLINEわり！
-1	@MATSUOKAshota うぃ！
0	@tetsuooo0912 それ考えちゃいかん！
0	@ahmoomin 国試終わったらなんでもすろよ笑
0	@kie_cia うわ！なにこの写真笑 お礼になんじょー http://t.co/VdalrUqR
0	@kie_cia 癒された～w なんじょーが全ての光をうばってるからそー見えるだけ。
0	@tetsuooo0912 @masa17_07 欲しい！アプリの名前教えて！
0	入れ歯にやられた:(
0	RT @kiYOUmizudera: 名言頂戴したので、ツイートさせていただきます。RTしちゃってください。 『恋は常にしている。サッカーボールにな。』by FC東京 三田 啓貴 http://t.co/OPabFZDF
1	@EITROU_ 入れ歯は外すてー。胸骨数回強打正しいてー。
0	@masa17_07 @tetsuooo0912 いつの間に伝説になっとったの。この頃はまだなはず。 http://t.co/ktvnCGXj
1	@EITROU_ 幸運にも心拍が戻るときがあるんやてー。
0	@nam_joe1204 @ai_win34 billsでバイトしてるってゆー例の？笑
0	@nam_joe1204 @ai_win34 専門通ってたんだっけ？
0	@h1a2r1u9 武蔵野線おくれてるよー
0	@h1a2r1u9 なんか南浦和ついたらホームに電車待っててくれたw 待ち時間なしってやつ！
-1	@nam_joe1204 あ、そーなん？まどじぇやるー
0	@nam_joe1204 違うよねー まどじぇかわいいからねー
-1	@nam_joe1204 ずるい。若いってずるい。
0	@h1a2r1u9 でしょーね。笑
0	シンガポール、タイ、グアム、インドネシア。国試終わったらどこ行こうか。
0	@nam_joe1204 でもね飛行機乗ってられるか心配w
0	@EITROU_ タイって言ったらA太郎さんやね！
0	@ai_win34 @nam_joe1204 美人…姉妹？姉妹？妹？
0	@ai_win34 インドネシアって何時間すか？
0	@EITROU_ そーなんすか？Aさんからタイ取ったらなに残るんすか。笑
0	@yukako99 ゆかこさんには怒られますよね笑
1	@EITROU_ 飯もうまいらしいじゃないすか！とりあえず海入りたいんすよ。
0	@14_massy シンガポール行ったらまさんとこ行くぜ！
-1	@ai_win34 7時間かあ(&gt;_&lt;)遠い…笑
0	@aaatakashi ナナプラザってなにあんの？
0	@yukako99 moneyとの問題すよね。
0	@Scorpion16mika 映画3本とかつらー笑
0	@aaatakashi ググれってやつか。
0	@tetsuooo0912 @masa17_07 てつおデブ韓国人のときっしょ？
0	@kuma22sai インド行ったら腹ピーピーになって終わる気すんだけど。
0	@yukako99 根拠のないやーつね。笑
0	@katu_y_utak @kuma22sai グアムでパーリナイはあつい！行く？笑
0	@breezie23 さえちゃん卒業？
0	情熱大陸見てるとこの前学校の前で福田彩乃見かけた理由が分かってきた。事務所→アミューズ→渋谷→インフォスタワー→花田学園 間違いない！！
0	@luv_v2fuyu 虫のバラード5位っしょ！
0	@luv_v2fuyu ヤバイよね！才加ヲタの底力！
0	@luv_v2fuyu 佐江ちゃんは卒業なの？
0	@lovlilyurica 桐谷さん。
-1	@tetsuooo0912 @masa17_07 悲しくなってくるやろーが。
-1	@nam_joe1204 熟したイチジク←卑猥w
0	Yかこさん今日パンツモロ見えだったよw
0	@nam_joe1204 熟したなんじよ←いまいち
0	@yukako99 Yかこさんってゆかこさんのこと？笑
0	@nam_joe1204 これからの予想。
0	@nam_joe1204 @ai_win34 未来は切り開くもの
0	@lovlilyurica @yukako99 ピンクだったってw
-1	@ha_ka0303 @yukako99 @lovlilyurica 一瞬ショーパンはいてるかと思ったくらいスカート上がってたからねw なのにいつものセクシーポーズ！
0	@yukako99 @ha_ka0303 @lovlilyurica 今度はタイツなしのスカートで！
0	@nopa610 これはヤバイよね。
0	@breezie23 このツイートはさすが。
0	@tetsuooo0912 買ったん？
0	八幡カオルは3ヶ月前から坊主らしいw あれはヅラか。役作りぱない！
0	@lovlilyurica 下は機能するんすね！
0	NHKまで特集を組むとは。 http://t.co/tE2x69cP
-1	@yu_suketsuchiya @tetsuooo0912 そんなに推してないし。うちのクラスで4、5番目くらい？笑
0	@satomiiiii0827 普段と変わんないじゃん。
0	@yukako99 場所どこすか？
0	@nam_joe1204 me tooooooooooo!!!!
0	@nam_joe1204 なに当てんの？
0	@EITROU_ ほいほーい。
0	@nogushiho そんな料理出来る人だったんすか？？笑 食いに行きます！
0	@nogushiho ニョッキが食いたいです笑
0	@tetsuooo0912 学校来ないの？
0	国試前に営業終了とかさすがにやりすぎ。 http://t.co/nk56AXLE
0	@nam_joe1204 間に合わないってゆー。
0	@nam_joe1204 土曜に行くしかなくなくない？もう買えそうなもんはないと思うけど。
0	@masa17_07 おじさん
1	@nam_joe1204 それよくなくなくなくなくない？セイホーオ！ホーオ！
0	@katu_y_utak ほんとホウレンソウ。本人が思ってる以上に周りは困るもんね。
0	Maroon5がヤバすぎてチャック全開気づかなかった_(:3)L チャック閉めてミスチルに変えて勉強しよ
0	@masa17_07 あかばねちゃうかったー
1	@rrh_nagisa なんか心地いいアゲアゲ的なw
0	FUN.グラミー賞2冠おめー。We Are Young 6部門ノミネートすげーわ:)
0	@luv2fuyu まだはじめてなかったん？笑
0	2020年オリンピックからレスリングが除外へ。20年オリンピックを招致を目指す日本にとっては突然の悲報！！！
0	@luv2fuyu チョコもって恋！
0	@luv2fuyu 愛に行くから愛をくれ！
0	@14_massy でもランキング6位だぞ！
-1	@14_massy しょぼい
0	@lovlilyurica やっぱテストやんなかったから明日もらえたらもらってくんろー。
0	@yukako99 @ai_win34 明日ハッシュドポテト無料すよー
0	@lovlilyurica それより今日の月曜から夜ふかしまた株主優待生活やるからみて！
0	@tetsuooo0912 あたかも哲夫が追い出せって言ったかのよーなw
1	@h1a2r1u9 うらやましすぎる…
0	@rinsashia 先生、あましの古法按腹腹診が覚えらんないっす。
0	@rinsashia 先生あざす！
0	@ai_win34 愛さんもう帰ったの？
0	@nobu0288 当たったよ？笑
0	@tetsuooo0912 いや結局泣くなこれ
1	@rinsashia もっかい自己採した方がいいよね。
0	@nobu0288 5/19のスーパーアリーナ！友達にも頼んだから合計6枚当たったわ！
0	@nobu0288 スーパーアリーナは競争率低いっぽい笑 誕生日とかはどーでもいいけど笑
1	@nobu0288 たぶん。別に祝ってもらえねーし笑 とりあえず2枚でいい？
0	@nobu0288 期待しとけ！2枚申し込んどくわ。とりあえず金払っとくね。
1	@nobu0288 感謝してもしきれないな！四送会行くからそんとき金もらってもいい？まあいつでもいいけど！
0	@korosuke_35 これを参考にプログラム用の写真撮ってくださいって言われたけど全然参考になんなかった。 http://t.co/edELqnN3Sb
0	@korosuke_35 @nobutakayamada なんでこうだいが選ばれたのか笑
0	@nobu0288 お願いしまーす。
0	@korosuke_35 @nobutakayamada でもこうだいは参考になんなかった笑
0	@korosuke_35 @nobutakayamada しいて言えば後ろのかべはひび入っててもいいんだなくらい。
0	5/19(日)ケツメのスーパーアリーナのチケット4枚余ってるけど欲しい人いない？
0	@yukako99 ゆかこさんタイまでの航空券いくらしました？
0	@1130_0819 マジで行く？
0	@1130_0819 何枚いる？
0	@1130_0819 りょーかい！金どーする？先払っとくよ？
0	@takapon0811 ばかやろーだなおめーは！
0	@1130_0819 はいよー
0	@h1a2r1u9 引っ越すのか！
0	@yukako99 安いすね！シンガポール9万しましたよ！
0	@yukako99 あ、全部込みです！笑
-1	@MATSUOKAshota え、遅っ！
1	@yukako99 ほんといーよねー。
0	@yukako99 むしろそれ葵くんが許します？笑
0	@yukako99 なら1泊しよーかな！
-1	@aaatakashi 1時間くらい遅かったわー
1	@1130_0819 こうきが支払い出来そうなんだけどコンビニどこがいい？セブン以外ね！
0	@P_chanx_x めぐさん行ってないんすか？
0	国試終わったし3月になったしやっちゃう？第2回やつづかの会。よう、きき！ http://t.co/ORYNMSPipy
0	@yachu1046 初回から！
0	@miiiiiii_chan @kiyoumizudera おう！やろー！最終的にはキキの予定次第。笑
0	@yachu1046 年齢的な話にとどまんないからこの会は！笑
0	@yachu1046 とりあえず開催しよ！
0	卒業式に向けて謝恩会での言葉も考えなきゃだし謝恩会でかけるCDもつくんなきゃだし二次会の店との打ち合わせしなきゃだし先生方への招待状つくんなきゃだし、やること山積み！ なのに6日に発育発達学のテストとは… あれテスト範囲とか内容とかなんも言われてないのにorz
0	@0909Non それよりおごってー笑
0	@EITROU_ なんかあったらお願いします！
0	@nam_joe1204 ほんと困るわ～ 移すべなし！
0	@kiYOUmizudera よーLINEやってない？
0	@kiYOUmizudera 出てこないんけど。
0	@tetsuooo0912 許すから合コンしよ！
0	@nam_joe1204 ありがとう。
0	@kazuu_xxx デブだな
-1	@kazuu_xxx 今のうちに言えるだけ言っておこう。でぶでぶでぶみわこでぶ
0	@kiYOUmizudera グループ的なやつ？
0	@miiiiiii_chan @kiyoumizudera そーゆーことだから早急に作って！笑
1	@miiiiiii_chan @kiyoumizudera マジ！もう寝るから作っといてねー。おやすみー(_ _).｡o○
0	@kazuu_xxx 本人出てこないぞ笑
0	結局学校で謝恩会のもろもろを作業。これから尾野先生らと打ち合わせ。にしてもおわんない疑惑… http://t.co/AxPqJXD3FM
-1	@25Mwk @kazuu_xxx 呼んだ！でぶ
-1	@kazuu_xxx @25mwk でぶのやつらの会話に乗り遅れたー
0	@chibeeeev ばかやろ！笑 やり直しでましたー
0	@rinsashia え、いたの？笑
0	@chibeeeev 見返りがほしい！
0	@chibeeeev give&amp;take!
0	謝恩会の招待状は修正かかりました。はい、早急に直します。
0	@chibeeeev アイス詰め合わせ！
0	帰ったら謝恩会のCD作ります。はい、早急に作って会場の担当の方に渡しにいきます。
0	@luv2fuyu それ今ここにいるよ！
0	@luv2fuyu ここ！おれ！笑
0	RT @CSPark_soccer: 『全日本大学選抜 ドイツキャンプ DENSO CUP SOCCER 第10回大学日韓（韓日）定期戦 メンバーリスト』 - 大学スポーツ総合サイト CSPark http://t.co/WoYHWZGwWx @CSPark_さんから
0	@yukako99 クラスでディズニーすか？
0	@yukako99 ゆかこさんパンツみえてる！
0	@yukako99 その写メヤバイですって！笑
0	@yukako99 どーかんがえてもパンツ見える要素ゼロじゃないすか笑
1	@yukako99 そしたらおもしろすぎる！笑 さすがっす。
0	@yukako99 これから用事済ませに渋谷行きますよ(^^)ついでに理事長に招待状渡しにも！
0	@yukako99 理事長いなかったorz まだタイのチケットは取ってないんすけど20,21はタイの予定です！
0	@yukako99 ミラクルすぎますよ笑 でもめっちゃ楽しみ！
1	@yukako99 なにがいいんすかね！海が見えるテラスのレストランがいい笑
0	@yukako99 そんな船揺れないすよねー？
0	@yukako99 それでも全然いいすよー(^^)
0	@yukako99 @lovlilyurica やはり透けてたか。
0	@yukako99 お願いしまーす！
0	RT @gakugei_soccer: お待たせしました！ http://t.co/jCAmWZzPGJ #jugem_blog
1	花田学園卒業式！謝恩会の準備とかで全然実感ないけど3年間早かったなー！これからみんなそれぞれの道に進むために今日は楽しもう！！
0	@yukako99 泣くのは今日オッケーすから！笑
0	@nam_joe1204 じよんさんは韓国の着物でしょ？
0	@tetsuooo0912 どーせくそ泣くんだろ？笑
0	@ai_win34 あいさーん！一眼レフで写真取りましょ笑
0	@yukako99 泣いたらパンツ透けますね！
0	@ai_win34 へっ！！！ま、それが最善かも笑
0	@prmmmmzi さんきゅー！
0	@nam_joe1204 楽しみすぎる♡
0	@nam_joe1204 お雛様にはなれないクオリティってことね！
0	@kkohira え！今日学芸いましたよ？
0	@tetsuooo0912 よーこちゃんそれ持ってるよ！
1	@tetsuooo0912 いいと思っただろ！
0	18〜22までシンガポールとタイ行くわけですがなーんも準備してなくてさすがに焦ってきた(°_°)明日の授業終わったらガチで買い物行かないと。
0	@EITROU_ いよいよっすよ！iPad2台は最強！
0	@Scorpion16mika 卒業1人旅行です笑 ホテル決めてません！笑
-1	@Scorpion16mika まさん家ダメっていわれました&gt;_&lt;
0	@Scorpion16mika ほんと使えない笑 マリーナベイ高いっす…
1	@14_massy まさになにで連絡とればいい？
0	@14_massy ゆーどんのー？
1	@14_massy じゃーどーすりゃいいんだ！笑
0	1日目のホテル代浮いたわー！まさサンキュー:)
0	@taro8138 渋谷いた？
0	@taro8138 たろうくんらしき人みた！
0	@taro8138 確信なかった笑 トイレいた？
0	@taro8138 そう！笑
1	@taro8138 マジか笑 痩せたっしょ？だからなんか違うかと思った！赤羽で乗り換えた&gt;_&lt;
0	@taro8138 人違いを懸念してチキったわ！笑 家大宮っしょ？
1	@taro8138 いいよ！再来週とかなら！
0	@lovlilyurica 今週の月曜からよふかし見ました？
0	@yukako99 FBよりtwitterの方がみます？
0	@lovlilyurica かれの1回目と2回目の総集編やってた笑
0	@yukako99 DMみてください！
0	カジノで＄30しかかけてないけど＄100勝ったぜ！まさ、明日おごるぜー:-) http://t.co/2V9F7WgNa9
0	これからタイ行きます！マサんとこのprivate beachはアツイなー！ http://t.co/6MU6cJTC8x
0	ゆかこさんとあおいくんはエステに行ってこれから別行動だからゆかこさん家のプールでくつろぐー http://t.co/QiHExX9WQO
0	@taichi002 結局あのあとどーなったん？
0	@lovlilyurica 今日の月曜から夜ふかし要checkですよ！
0	@lovlilyurica 録画中ーーー！
0	@YujiTom @yukako99 あんたがたなにを今更桐谷さんに注目してんだ！国試前からなべゆりかと盛り上がってんのに。笑
1	@yukako99 @yujitom 有名だよー！ともてぃー…話しましたね…笑
0	@ai_win34 @yukako99 @nam_joe1204 @yujitom ゆかこさん明日一緒に行きましょ！
0	@yukako99 @ai_win34 @nam_joe1204 @yujitom てことは9時？
0	@miiiiiii_chan 諦めないように頑張ろうって努力することは誰でも出来る、最後は諦めなかったっていう結果を得られるかどうか！
1	@miiiiiii_chan 良いこといっちゃった♡
0	@yukako99 @p_chanx_x 確認してないんすか？笑 一応さ…
0	@P_chanx_x @yukako99 覚えときましょ笑 それよりめぐさん飲み会！！
0	第21回国家試験の合格率  あん摩マッサージ指圧師 86.3％ はり師 77.7％ きゅう師 79.0％
-1	意外とはりの合格率低いなー
0	@h1a2r1u9 そーなんだ！
0	@yukako99 ミートゥー！
0	@25Mwk 戻った以前に別れたことを聞いてない！！
-1	@yukako99 ほんと残念！木曜も関東労災行くんですけどその後練習出るんで時間ないんすよ&gt;_&lt;
0	トレーナーミーティングも終わりやっと帰宅中。日曜からのリーグがんばりましょ。
1	@yukako99 エラワンってうまいんすか？今度行きましょ！
0	@taichi002 でも大阪だろ？&gt;_&lt;
0	@yukako99 予定合わせて行きましょ(^^)
0	@taichi002 連休とかあったら行きたいなー！
0	@yukako99 逆にゆかこさんは？笑
0	@taichi002 おっけー！また飲もう(^^)
0	@P_chanx_x ゴミとか1番イラっとしますよね。笑
0	@yukako99 お願いします(^^)
1	@P_chanx_x ならまだいいすね！笑
0	@GMB_no3 おおお奥さん…
0	@14_massy パエリアにはかなわんやろ。
0	RT @gakugei_soccer: 【関東リーグ】第1節vs東京国際大学13:50kick off@朝鮮大学校 ついに本日開会式が行われ、関東大学サッカーリーグが開幕しました。明日は我が東京学芸大学の初戦です。荒天が予想されますが、最高のスタートを切れるようみんなで応 ...
1	@breezie23 ブログ読んだー&gt;_&lt; でも賢い選択だと思う！
1	@breezie23 ドーム終わったのと同時に！今年は選挙がんばんなくて良くなったから安心。笑
-1	@kakunoshin_ そーゆーの少なからずありますよね！
0	@P_chanx_x 今日の開幕戦でまさかの晴天にやられました…
0	@kakunoshin_ 発言内容制限されますもんね。水曜にちょっと報告が出来ることがあると思いますんで！
0	@kakunoshin_ お願いします(^^)やっと歯車がまわってきた感じです。
0	@P_chanx_x 今年もめぐさんに披露しますよ！笑
0	@tetsuooo0912 わり！LINEする！
0	@lovlilyurica なべやんキャンパス日吉すか？
-1	@lovlilyurica これから週3日くらい日吉におじゃますることになりそうです。
0	これから現場実習で日吉に週3日行きますよ！日吉近辺のみんな！！
0	@yukako99 今日も終わってから連絡しよーか迷ってたとこ！笑
0	まだ大学付近歩いてんのにあと20分で終電きちゃうよ！！！
0	間に合った(^^)あとは寝過ごさないように寝る！
0	@nogushiho @kkohira え、あのお方ですか？笑
1	部員150人の前で自己紹介だけでも壮絶だった笑
0	@nogushiho @kkohira やっぱり笑 詳しく聞きたいくらい。笑
0	@P_chanx_x @yukako99 ここだけの話木、金の夜日吉いますよ！笑
-1	@yukako99 @p_chanx_x みなさん日吉着おそいかんじ？笑
0	@tetsuooo0912 研修講座？
-1	陸上のメダリストの方のスピードトレーニングを選手と一緒に受けさせていただきました。単純に速い選手と遅い選手でなにが違うのか。実際そこが1番難しい。
1	RT @gakugei_soccer: 【関東リーグ】第3節vs東海大学4/20(土)13:50kickoff@荻野 これから怒涛の連勝が始まる予感！乗るしかないこのビッグウェーブに！！
0	@nam_joe1204 next generationきたなこれ。
-1	走ったおかげで終電の1本前間に合ったー。日報の字ちょっと汚くて申し訳ないが。
0	@nam_joe1204 ジェラ女時代！
1	@Yuuuuuki55 大塚と陽次の茶番がなければもうちょい早く帰れたはず。
0	@Yuuuuuki55 元々背中のコースはありません。
0	RT @gakugei_soccer: 【関東リーグ】第4節vs青山学院大学4/28(日)11:30kickoff@麻溝 今回の相手は強豪•青学大！この大一番を制してGW3連戦の流れを掴め！！
0	@masa17_07 先週のモヤさまにもりこ！！！笑 http://t.co/ZzdoNOkMaT
0	@moriko30 ひっさしぶりー！誰かわかる？？笑
0	@moriko30 モヤさまみたよー笑
0	リンカーンメンバーがいきなりTwitter始めたぞ？ http://t.co/on9RHYwrLX
0	@Iamhiromu 2作目のやつね。
0	RT @gakugei_soccer: 本日、4年•茶島雄介選手が来季よりサンフレッチェ広島へ入団することが発表されました！！我が蹴球部の10番を背負うチームの大黒柱には、ぜひともプロの世界でも活躍して欲しいです！！！本当におめでとう！！！！
0	RT @college_soccer: 東京学芸大・茶島雄介選手のサンフレッチェ広島来季加入内定が発表になりました。 http://t.co/x2YbyzsvG0 #collegesoccer #jufa #sanfrecce
0	最後のなおの治療が終わってやっぱり終電。水曜の終電は鉄板だなこれ。
0	@Yuuuuuki55 気持ちだけありがとう。気持ちだけ！
0	録画してるよー“@mkh917: 今日ラストシンデレラちょこっと出演するので観てね♪22時～フジテレビ♪”
0	@kazuu_xxx かずやおめっとー
0	@kazuu_xxx ちょっと乗り遅れただけ笑
0	昨日のテラスハウスに出てたBistro ku hanareにランチにでも行こう。 http://t.co/KrwZG51ACj
0	@MATSUOKAshota ガチで行こーや。
0	@MATSUOKAshota 月曜？
-1	@MATSUOKAshota 15時に行かないと行けないから14時すぎくらいまでだけど！
0	@MATSUOKAshota なんも知らんで話てたのか笑 渋谷だよー
0	@MATSUOKAshota もち渋谷で！
0	@yachu1046 ゆこうよ。
0	@yachu1046 この前ようと前期終わったら行こうって話してたとこ！
0	@yachu1046 次はやっつんプレゼンツで！
0	ここにきてKARAがアツイ！！
0	@MATSUOKAshota まつオススメの店ないの？
1	ケツメのライブのチケット届いたけど早く受け取ってもらえません？笑 ちなみに5/18×2枚、5/19×4枚。連絡来なかったら他の友達に譲ります！心当たりあるやつら！
0	@prmmmmzi ちゃんはー(^^)
0	@nobu0288 チケット！！
0	@1130_0819 チケットいらないの？
0	@keitakun53 あげられるかも！
-1	@keitakun53 17:30くらいから！
0	@keitakun53 スーパーアリーナ！
0	まつとランチ。宣言通りBistro ku hanareで http://t.co/OgwjdX0zOn
0	@keitakun53 土曜の持ってなかったわ！
0	@keitakun53 チケットあげるよ！お前アドレス変えたっしょ笑
0	@keitakun53 DMした！
0	@P_chanx_x 電話待ってたけど来なかったすよ？？
0	すいません、トレーナールームにキャラメル忘れました。
0	@Yuuuuuki55 携帯使う時にどけたのがすべてでした。
0	今日の試合のあの緊張感だったり緊迫感って去年はなかなか味わえなかったと思う。ああいう舞台に選手としてもチームとしても味わせてあげることってトレーナーが直接出来るものではないけど導かせることは仕事のひとつなんだと思う。
0	なおきさんはぴば！ http://t.co/BijZmg9l23
1	いままで経験のない現場を見させてもらってるのですが本当に勉強になる。これをアウトプットするためにはまだまだ努力が必要。
0	@P_chanx_x @yukako99 なんだって！！
0	ゲオが半額だからってさすがに借りすぎ。でも満足感ハンパない！ http://t.co/wESnMh9FFd
-1	@giggs0514 150円くらい！ソナポケ気づいた？笑
0	@giggs0514 one ok rockとか借りようかなおきさんに聞こうか迷ってた！安いの23日で終わりましたよ笑
1	@giggs0514 完全に借りれば良かったわ！もっと早く聞くべきっしょ！
0	@h1a2r1u9 映画いつも安いから逆に借りない！
0	6/1(土)総理杯予選1回戦、順天大。トレーナーサイドとして連戦闘えるリカバリープログラムを急ピッチで組んでるわけで。選手は全国へのchallenge、トレーナーは選手のコンディション維持へのchallenge。各々チームに関わる人すべてに全国へのchallengeがあるわけで。
0	@Yuuuuuki55 おおつかの代役は出来ないわけで。
0	@lovlilyurica おめれとー！
1	@nam_joe1204 なんじよあんたはえらい！！
-1	終電が遅延なことほど厄介なことはない。今日は余裕をもって終電に乗れたのに…こんなときはPCで作業を進めるしかない！！
0	@lovlilyurica 飯にでもでかけちゃおーよ！
0	@yu_suketsuchiya バラード聞きながらつっちーの運転でドライブしよう！
0	@oppeeeee ただの変態じゃん笑
-1	@yu_suketsuchiya あーこわいこわい笑
0	@lovlilyurica なべゆりか生誕祭！
1	@yu_suketsuchiya そういうの冷静に言うよね笑
1	@yu_suketsuchiya @tetsuooo0912 それ懐かしい！なんでか窓手動だったけど笑
-1	総理杯予選負けて本当に悔しい。トレーナーとして一喜一憂すべきではないのかもしれないけど今回は連戦を戦わせる準備はしてたし自分としてもそれに対してchallengeしたかった。今回必死こいて準備したプロセスは絶対無駄じゃない。まだ終わってないし最終目標はここではないはずだから！
0	@yukako99 @lovlilyurica タイ料理屋行ってナマステしましょ！
0	@katu_y_utak 色々話したいことあるし飲みいこうよ！
0	@lovlilyurica @yukako99 コップンカーね。バッポーン！！笑
1	RT @keispo2013: 【ラグビー】交流戦vs早大  試合終了 慶大43-5早大 終始試合の主導権を握ると7トライをあげて早大に歴史的完勝をあげました！！！これで慶大は交流戦優勝に大きく前進しました！！！
0	国分寺のカレー屋でのトレーナーミーティング終わりましたー http://t.co/ww6WZuTSdS
1	@kaito_hk いや、普通にかわいい！
0	@yachu1046 明治のTopは総理杯出ないの？
0	@moriko30 オクトーバーフェスト行きたい！行こうよ！
0	@yachu1046 教育実習で抜けてるのか。明治次どこと？
-1	@yachu1046 法政か！惜しかった要素ないよ？って言ったら選手に怒られるだろーけど笑
0	@yachu1046 @nakamu09 やっつんとの会話を風太に見られてんの分かってたからビクビクしてたとこ。笑
0	@yachu1046 @nakamu09 あとは風太に聞いといて。笑
0	@nopa610 @breezie23 ちょ、なっつみーの卒業にも触れて！！
0	@nopa610 @breezie23 結構ショックだったんだから笑 それ開催しようよ！中間地点の桶川あたりで笑
0	@nam_joe1204 のろけてやがる！
0	@nam_joe1204 @lovlilyurica なべちゃんやっちゃいますか！
0	@lovlilyurica @nam_joe1204 じゃあいつもの場所に24時集合で！
-1	@P_chanx_x それって非常ーーーに難しいすよね。
0	@nam_joe1204 @lovlilyurica あと5分後覚悟しときな！
0	@yukako99 これどこすか？またマンゴスチン食いたい！！
0	RT @keispo2013: 【ラグビー】春季交流戦 vs法大 慶43-38法 試合終了 後半33分浦野のトライで追い付くとラストワンプレーで混線の中で押し込み逆転のトライを決め試合終了。劇的な展開で勝利しました。
-1	@nam_joe1204 @lovlilyurica @yukako99 勝手に下ネタにもってかれるけどね笑
0	@nam_joe1204 @yukako99 @lovlilyurica 下半身がパンパン！おさまりきらないってやつね！
0	@yukako99 @lovlilyurica @nam_joe1204 飯田様の名言には勝てません。
1	たとえどんなにテーピングが早く巻けてもどんなにアスリハを的確に早期に進められてもグランドに立つ以上救急処置が正確に行えなければ存在価値は低い。まずはそこの徹底から。自分にも言い聞かせる意味でも。
0	@nogushiho がむばります！笑
0	@yukako99 すぽると見ましたよー！
0	@P_chanx_x @yukako99 めぐさんすいません笑
0	@yukako99 @p_chanx_x めぐさんに言ってなかったですね。笑
0	携帯で「洋次朗」って打つときなんで予測変換は自分の名前より先に「陽次」が出てくるんだ。しかも毎回毎回。そんなに陽次の報告とかした覚えないんだけどな…笑
-1	学校の先生という仕事をはじめてやらせていただきました。教えるって難しいね。出来るか出来ないか別としていつのまにかそんな立場になったことにビックリ。
0	@yu_suketsuchiya どこで研修してんの？
0	@yu_suketsuchiya ま、まつもと先生！
0	@satomiiiii0827 代講でやっただけなんだけどねー。ちょっと昔はそんなことも考えなかったのにねー
0	@yu_suketsuchiya そーなんだ！つっちー飲みいこー
0	@katu_y_utak わりー！どーしてもリハおわんなくて…
0	@prmmmmzi ただの代講なんだけどさ。笑
0	@P_chanx_x 行きましょ！7月OFFあります？
0	@yukako99 @p_chanx_x 金曜夜ならたぶん行けますよ！！
1	@yukako99 @p_chanx_x 7月は慶応OFFだけど12なら確実に休みになるはずー
0	アナザースカイでシンガポール！また行きたいなー:)
0	@yukako99 お金かかる…w
0	次はやっぱマリーナベイ泊まりたいな！ http://t.co/1TKL1cYuwv
0	マーライオン来たら誰でもやること。 http://t.co/O0wCerLvBA
-1	@Scorpion16mika そーすよね！でも1人でとまんのむなしくないすか？笑
1	@Scorpion16mika そーします笑 はやく作ろ！
0	@lovlilyurica なべゆりも行ったことあるんすか？
1	@chibeeeev 好きそー笑
1	@chibeeeev よし、やるがいい！
1	@yu_suketsuchiya そーゆーこと！何曜が大丈夫そう？
1	ありがたいことにここで研修させてもらってます。“@horinouchi20: 浦和レッズ、チームドクターだった仁賀先生の新たな挑戦！！ http://t.co/WKVscqW3l8”
0	RT @horinouchi20: @yojiro0826 仁賀先生によろしく！
0	堀之内選手からリプライきたー！
0	@katu_y_utak そう！花田から行かせてもらってんの！
0	@katu_y_utak そーゆーこと！
0	@kokkinokaze17 自分でもビックリした！
1	@luv2fuyu 大丈夫、胸落ちるほどはしんないから。
0	@yukako99 いわゆる100円寿司。めぐさんすいませーん笑
1	やっぱり！笑 サックスで似てる人いると思ってたわ！“@moriko30: 今日はまゆゆのバックバンドでMステに出たよ。あっという間に終わってびっくりだったな♪見てくれた皆、気づいてくれた皆Thank you so much!!! まゆゆ、キラキラしててメッチャ素敵だった〜♪”
0	このマイケルあまりにかっこいいから勝手にFBからTwitterに載せるw http://t.co/JjFYop4dDY
1	@Scorpion16mika 本当に仲良いですよ笑
-1	@nopa610 4年くらい前だねもう…&gt;_&lt;
0	トレーナールーム出てから最寄り駅までの約1時間半の間iPodが1曲リピートだったことに最寄りついてから気づいた！笑 おつかれさまー
0	@yudoofusaikoo おいおい侵害だなw
0	@masa17_07 しめていくらっすか？
0	@yukako99 @masa17_07 ゆかこさんは食費節約しなさい笑 でもたまにはのぐっさん飯行きましょー
0	@masa17_07 @yukako99 まさかのおごってもらったやつすか？
0	@yukako99 @masa17_07 さっそくごちです！笑
0	町田って西の渋谷って言われてるらしい。うそだろ？笑
-1	@yu_suketsuchiya ですよね。笑 でも不覚にも行ってみたくなった笑
0	@yu_suketsuchiya だいぶ昔！笑 つっちー町田だっけ？
0	@Y3A2S8U それ渋谷じゃん笑 29歳学生ってみるとかなりのワケありっぽく見えるね笑
0	@yu_suketsuchiya 神代高校か！おしゃれボーイだな笑
1	華ちゃん渋谷にいたけどマジかわいい！あ、テラスハウスのね！
0	@prmmmmzi gleeコンサート見たい！新潟行ったとき鑑賞しよう！
0	愛さんとやつと表参道でランチしてからの仕事してきたー http://t.co/BaQ2cANOLe
0	ようとキキは次は参加しろよー
0	@34Win やりましょ！愛さんのオフに合わせるんで！てか月曜！笑
0	@miiiiiii_chan 愛さんレアだったのにー。またやるよ(^^)
0	@yudoofusaikoo わり！次誘う！
1	@P_chanx_x ぜひめぐさんをパイ投げで盛大にお祝いしたい！！笑
0	@miiiiiii_chan フォローされていますになっとるよ？
0	@miiiiiii_chan 伝えといたよー！
-1	寝過ごすとかつらい…
0	@Scorpion16mika 花火やばかったです！
1	RT @albirex_pr: 舞行龍ジェームズ選手の新潟復帰をお知らせしました。今季受傷した負傷からは既に回復。サイドバック、センターバック、ボランチと守備的なポジションで、人への強さを発揮してくれるはず。お帰り、これからともにがんばろう。 http://t.co/PrHTX…
0	マイケル新潟復帰おめでとう！舞行龍って日本語名はイケてないって言ったら怒られんだろーけど笑
1	@kokkinokaze17 本人には良いでしょって言われたから良いね！って言っといた笑
1	ひとつ結果が出せた。模索し続けたことも良かったけど、なにより選手がうれしがっていたのが1番良かった。
0	OFFのことでチームがざわついてる。そりゃそうか。
0	@CoalBlacker そーなるよね。笑
0	リハビリ見終わっていざ京都へ！明日からの関西遠征頑張りましょー。
0	あそーさん家でマイケルとSkypeなう。 http://t.co/XShVvja7Uw
1	菅平合宿唯一の午後オフは菅平で有名な焼きカレーに連れていってもらいました。 http://t.co/Skgtt5vwUj
0	@Narito2255 今年はKO大の合宿！明日チームより先に下山するけどね！
0	@Narito2255 午前練習だし&gt;_&lt; 山喜荘とまってる？
0	@Narito2255 おとといくらい津田が乗ってるトラックみたよ笑 ゾンタック泊まってっけどくそいい！！
0	@Narito2255 菅平のホテルのイメージ変わったもんね！こんなレベル高いとこあるんかって笑
0	@Narito2255 ガチでレベル違うね！飯とか比べ物になんない！
1	@Narito2255 飯うまいならいいか！馬刺し食った？
0	チームより先に菅平から下山しました。ホテル最高だった！！ http://t.co/KrWsrjl7DI
0	@Narito2255 みんな行ってたもんなー笑 もう帰ってきた！
0	@Narito2255 でも明日下山しょ？
0	i take my own course 4 my own future. thanx 4 everything ,see u again tomorrow!
-1	@MATSUOKAshota @yuuuuuki55 うるせーうるせー
-1	@sumiyo728 ギリギリだったなー笑 そーすよ！
0	@sumiyo728 でもアウトです笑
0	1人で情報把握しても全員に共有されてないと結果として意味がない。チームとしての質が下がる。それは前からの課題だけど改善されてないなあ。まあただの独り言でした！！
0	2020年オリンピック開催地決定まであと7日！power of Japan to the world!!!
0	@morikei177 @sumiyo728 でたーーー！このアイス笑
0	@sumiyo728 @morikei177 いやいやこれ今日の朝練のときから話してたよ！むしろ8月の関西遠征から！！笑
0	@Iamhiromu みれた！了解！
0	朝の雷雨みて水着にビーサンで出てきたのに案の定雨あがってね、もうそりゃただの夏を諦められない人だったよね。
0	@34Win 勢いだけのやつ的な。笑
0	@sumiyo728 ていうか夏が終わったら1年終わりっすよ！
0	西野カナのシングル21枚のうち失恋の曲が9曲。そのうち6曲が会ってない。 会いたい気持ちだけで歌詞書けるとか妄想力ハンパないwwww
0	いよいよ明日AM5時頃に2020年オリンピック開催地決定！歓喜の準備を！！ i believe Tokyo holding earnestly!!! http://t.co/iHGSJaST7B
0	RT @Tokyo2020jp: 東京は1回目の投票を1位で通過し、決選投票へ進出いたしました！！  皆さまのご声援のお陰です！   さぁ、開催都市発表は、40分後、午前五時からです！！  2020年 オリンピック・パラリンピックを日本で！ http://t.co/UQyH3o…
0	マドリード1回目で落選とか驚き！！いよいよイスタンブールとの決戦投票！
0	やばい緊張感ハンパない！
0	東京！！！！ http://t.co/HzkC5JfR1U
0	RT @Tokyo2020jp: 祝！東京オリンピック・パラリンピック開催決定！！  あの感動がまた日本にやってきます。  たくさんのご支援、ご協力本当にありがとうございました！！！  ２０２０年東京オリンピック・パラリンピック招致委員会 http://t.co/uzoby8U…
1	東京国体に関われることになりました！新潟国体以来だから嬉しい！！
0	@sumiyo728 東京都AT連絡協議会からの募集のやつ！
0	@25Mwk 人として尊敬してもらえます？笑
-1	@tetsuooo0912 順位ばか低かったくせに、見せしめか！笑
-1	@25Mwk あーうそくさい笑
0	@yudoofusaikoo これだろ？ http://t.co/MArH8E44Bq
0	@prmmmmzi 学校とかで出来る治療ってこと？
0	@25Mwk @kazuu_xxx その前にみずきん家でも泣いた笑
0	@kazuu_xxx @25Mwk それこそ立ち直れない
0	@prmmmmzi いつやったの？
0	RT @atlasweb_rugby: 試合中に後頭部強打 高校ラグビー部員死亡（新潟県） - 日テレNEWS24 http://t.co/fBLPSVc8qo
0	@25Mwk @kazuu_xxx 関西弁より顔で選ぶしょ笑
0	@prmmmmzi それちゃんと治さないとめんどいやつだよー。ハムを使うときに一緒に使う筋肉が張ってたりするからそこほぐすとちょっと楽かも。
0	RT @keispo2013: 【ラグビー】関東大学対抗戦 vs筑波大 スタメン 1三谷 2中尾 3青木 4小山田 5白子 6濱田 7木原 8森川 9南 10宮川 11下川 12石橋 13大石 14浦野 15児玉
0	RT @keispo2013: 【ラグビー】関東大学対抗戦 vs筑波大 前半終了 慶13-7筑 前半ラストプレーでSH南が抜け出すとFB児玉へつなぎトライ！リードで試合を折り返します。また、負傷した三谷に代わり秋田が入っています
0	RT @keispo2013: 【ラグビー】関東大学対抗戦VS筑波大 後半15分、木原が執念のトライを決め20ｰ7と点差を広げました！
0	RT @keispo2013: 【ラグビー】関東大学対抗戦VS筑波大 試合終了！20ｰ12で慶大が3年ぶりに対抗戦で筑波大に勝利しました！今年の慶大には期待です！
0	来週から復帰します。やっと調整者欄からネームプレートが外れました！ http://t.co/qvDpcCd1ps
1	まさかの武蔵野線平常運転とか。たまにはすごいことすんな！モーマンタイで出勤できるよー
0	@morikei177 そうそう、最弱にして最強！
0	え、西浦和から北朝霞まで20分かかるだと？1駅だぞ。走ってることに感謝か。
0	@h1a2r1u9 ほんと何年に一度かの奇跡だったわー
-1	サンフランシスコのお土産もらった！地味に海外の集めてるんだなー http://t.co/uyjpSsmLCq
0	@katu_y_utak むむ！チェキラするしかないそれ。
0	@katu_y_utak 88年会やろうよ！
0	明日Jr.選手権とかあって忙しいのに練習後にATの筆記・実技試験対策をしていただいて本当に感謝！AT試験まであと2ヶ月、よっしゃ気合い入れて勉強しよう！
0	@34Win なんの仕事すかー？
1	早いけどまつおめー！“@MATSUOKAshota: 長野の皆さんが少し早い誕生日祝ってくれました(T ^ T) http://t.co/ccLq8CRbRT”
1	@MATSUOKAshota あれから1年とか早いなー。またみんなで飲もう！ http://t.co/HrvRGwaxqB
0	@P_chanx_x めぐさんおめでと！ http://t.co/rZMSVi73VP
0	@P_chanx_x 一応王冠かぶってますからね！笑 あと中央カラーにしときました！！
0	練習後のAT試験対策の課題地獄始まったー。地獄と言う名の感謝だけどね。
0	@yukako99 日吉ー！
0	@yukako99 さすがに今日の課題は終わったから帰宅中っすよ笑
1	@yukako99 でしょーよ笑 早く病院帰ってください。
0	@yukako99 同じくー。寿司行きましょ！退院祝いに。
0	@tomoo_miii どこ異動なの？
0	@tomoo_miii いよいよ最強都市だね！
1	@yukako99 いーなー。早く退院してくださいね！
1	@yukako99 今日ゆかこさん売り上げすごかった？
1	@yukako99 月曜の時点で良い感じでしたもん。
0	おー、全然JBのLIVE行けんじゃん。あとは行けるかどうか。
0	あまちゃん終わっちゃった(&gt;_&lt;)仕事がんばろー！
0	@Scorpion16mika おお！ありがとうございます。
0	Believe tour行ってきた！開始1時間遅れるとかJustinやりすぎ。 http://t.co/OqDne8sw03
1	@nam_joe1204 可愛い子からは買わなかった(&gt;_&lt;)
0	@Yuuuuuki55 うちうちな話。
0	Live終わってもJustin repeat :) Believe最高と思ってたらHeartbreaker発売されんじゃん！Selena gomezとの破局の曲っしょこれ。
0	でも集中したい時はミスチルに限る。これ鉄板。
0	@P_chanx_x @nam_joe1204 賛成！
0	@P_chanx_x @nam_joe1204 @yukako99 月曜20時以降ならあいてますよー！
0	一日、一回、一瞬の積み重ねが大事なんだよね何事も。分かってるはずだけどつい目の前にある事しか見えなくなる。でも全ての事象はそうやって作られていくはず。まだ遅くない、まだ間に合う。
0	@MATSUOKAshota お気に入りしとけ。
0	@P_chanx_x @nam_joe1204 @yukako99 リアルに行っちゃいますー？
-1	@yukako99 @P_chanx_x @nam_joe1204 ラブホ女子会アツイらしいっすねー！でも男が1人しかいないの悲しすぎる(&gt;_&lt;)
0	@nam_joe1204 @P_chanx_x @yukako99 ええーーー！
0	サポート終了！選手のみなさん明日から頑張ってください！！ http://t.co/u5Eu9KqMLw
0	今日から全国障害者スポーツ大会東京大会が開幕します。パラリンピアンも多数出場しますのでお時間ある方はぜひ会場まで足を運んで下さい！
0	あーあー昨日のアナザースカイ長谷川潤だったのに…先週は覚えてたのに…見忘れるとか…朝から萎えorz
0	@shotachanemi ドンマイじゃすまされない笑
0	@daihuku_pa ハセジュンのレベルが異次元すぎて妹がいまいちってゆー笑
0	障害者国体最終日！選手、役員の方々お疲れさまでした。 http://t.co/gIjxVb3QU8
0	@P_chanx_x それ言われんのツライ…笑
0	@P_chanx_x 子どもの純粋さは時として残酷。めぐさんファイト！
0	@oppeeeee わからん(&gt;_&lt;)とりあえず東京こいよ
0	@yachu1046 これやばい！で、いくら？
0	@yachu1046 これで1200円ならno problemっしょ！
0	@miiiiiii_chan @yachu1046 行きましょや！
1	@yachu1046 @miiiiiii_chan 八幡山新宿から意外と近いから別にいいよ笑
0	RT @sugadairaaaan: 故セブンイレブンの今。涙 http://t.co/Zdq2XYYWHT
1	@katu_y_utak 地域決勝がんばれ！ほんとに初戦が大事だから！と、経験者は語る。笑
1	@katu_y_utak JAPAnサッカーカレッジの時！そんときは山雅とウーヴァが昇格したなー。全社の連戦はほんとサポートする側としても地獄だよね…
-1	@katu_y_utak 地決も地獄だよ。タイムスケジュールとかリカバリーとかかなり大変だったもん…でも地域リーグならではの醍醐味でもあるよね！
0	@P_chanx_x @yukako99 わー全く同じことしてる。しかも鍵閉めたあとだから諦めた笑
-1	@yukako99 @P_chanx_x なんか傘の出費ってバカバカしくて許せないんですけど。笑 てことで府中の控え室に2本傘あります。どっちも僕のです。笑
-1	@P_chanx_x @yukako99 それほんと嫌になるやつだ！笑 年のせいにしちゃダメっすよ、たぶん。
-1	靴下の中のゴムチップ具合が半端ない。なぜかスニーカーの中にも。
0	「AT試験10人に1人しか受からないんだよ、でも落ちる意味が分からない」ってなかなかプレッシャーかける言葉だよね。
0	明日(11/2)はナビスコ決勝も日本シリーズ第6戦もあるけどラグビー日本代表vsNZ代表もあるんですよ！26年ぶりのオールブラックス戦、サッカーは録画でぜひラグビーを観てください！TV放送は15:00〜日テレ。試合は14:00KO！ http://t.co/BlvJAbVBJQ
0	RT @gakugei_soccer: ザキーポッターと謎のプリン　　山崎直之 http://t.co/LhgCZMEzdd #jugem_blog
1	RT @gakugei_soccer: 【拡散希望】集中応援 関東リーグ第19節 vs関東学院大学 13:50 ko@朝鮮大学  今期最後の集中応援！ 会場は東学大から自転車で20分で、今までのどの会場よりも近いです！ 朝は小金井祭！昼からはサッカー部の応援をしよう！！ htt…
0	明日は関東リーグvs関東学院です。学芸大集中応援日ということでチームに関わる全員と応援してくださる方々が笑顔になれるよう勝利目指して最大限のサポートをしてきます！試合は13:50KO@朝鮮大学です。
0	あんなにバカにしてた小金井祭り普通に楽しんでしまった。
0	@nocross_nocrow1 いまさらながらそれは奇遇。笑
1	@kumiko_sakazaki @yukako99 かなり緊張したけど終わってみればたいしたことないなーって思えるから大丈夫ですよ！頑張ってください！
0	@MATSUOKAshota @shuhei119832 @mmmnnnnmmm まつおかどーせいかねーだろ笑
0	@mmmnnnnmmm @MATSUOKAshota @shuhei119832 東京賛成！！
1	Bチームの4年生には4年間の想いを下級生に行動で、プレーで伝えて欲しい。ここまできたら言葉はいらないんじゃないかな、もう十分伝わってるから。
0	@prmmmmzi 見たかった！！
0	@lovlilyurica いや思ってないじゃん笑
0	RT @CSPark_soccer: 本日は東京学芸大学にて、広島内定の茶島雄介選手(4年)の取材がありました。ユニバーシアード日本代表としても活躍された茶島選手。この模様が何に載るのかはお楽しみです！大学のテラスとあって、話が弾みます(^o^) http://t.co/W44…
0	これ明らかになおだけ写真のシチュエーション違うと思うんだけど http://t.co/JaSlVrsrDO
0	今日の移動、川口→国分寺→渋谷→日吉→浦安→川口。神奈川からの千葉は最強！
1	最近くっそ交通費かかるなーって思ってたら定期切れてた。バカすぎてひいた。
0	@mizukingyo23 いざわが働くおっさん見てたなんてもう喜びでしかないよね。DVDbox買った身としては笑
-1	@mizukingyo23 なんなら働くおっさん劇場もおっさん人形も持ってる。YouTubeなんかで楽しんでるのはまだ甘い。
0	@mizukingyo23 15000したわばかやろう
0	@prmmmmzi ほんとだよ…ここ最近でいくら使ったことか(&gt;_&lt;)
0	@prmmmmzi やめれーー
0	@34Win あるあるなの？笑
1	東海大バスケ部の強さはどこにあるのか？ パート1 キーワード「ポジティブ」 : コラム | J SPORTS http://t.co/EAzw9mTO6V #SmartNews 最終的には選手自身がどう変わるか、変われるか。そこへのアプローチは必要だけど。
0	@yu_suketsuchiya つっちーの時からの監督？
0	@Tommyyammy えーちゃん買ってきて欲しいものあんだけど！！
1	@Tommyyammy スタバのnew yorkマグカップが欲しい！笑 本気で。
1	@Tommyyammy newyorkって入ってるやつがいい！ベーシックなやつ！写真取れたら送ってー
0	@Tommyyammy うそー、あるはずなのに…
0	@Tommyyammy えーちゃんタンブラーじゃなくてマグカップ！！
0	@denchan71 校友会行ったんですか？
0	@denchan71 でんちゃん皆勤ですよね笑 毎年つまんなくなってる気がします。行ってないけど笑
0	@denchan71 行くメリットがないですもんねー笑 もう絶対行かない！
0	RT @asahi_apital: 脳しんとう「競技・練習すぐ中止して」　学会が提言 http://t.co/IZnSuRDJiI
0	RT @YOL_science: 半月板を細胞移植で修復…国内初の臨床研究へ http://t.co/wustgMCKZL
0	年末年始の休みはなくなりましたがそれ以上にチームの一員として年を越せることに感謝してます！2月の日本選手権まで自分が出来ることをやるだけです。少しでもチームに恩返しが出来るように！目指すは日本一！！
0	大晦日・元旦練習、ジャージ授与式も終わっていよいよ明日です！ 大学選手権準決勝 vs帝京大学 14:00KO@国立競技場 最後の国立、NHKで生中継するのでぜひ観戦して下さい！！お時間ある方は国立競技場へ！ http://t.co/V5lQMpvJ5D
0	@mizukingyo23 なにそれわろた。
0	@Yuuuuuki55 スタンドで観てるからどーだろね。笑
0	@Iamhiromu @Yuuuuuki55 もうちょい左スクロールして！
-1	やす、購入2日目でポイント外れる。 日本出発まであと2日。不安だなこいつ。 http://t.co/A2MoqD5ndh
0	@korosuke_53 なんとか言ってやってよ笑
-1	@katu_y_utak 筑波惜しかったね！攻めてるときにトライ取りきれてれば流れ違かったと思うけど。
0	@korosuke_53 たしかに。結局自分でどうにかできる。
1	昨日はしょーさんの結婚式でした！久々に新潟のチームメイトに会えて楽しかったわー！ http://t.co/A1Sc1b3jZH
0	@Scorpion16mika どゆことすか！こんなのもあります。笑 http://t.co/ljGXWGGZgF
0	@Scorpion16mika いやブレてるだけっす！笑
0	@Scorpion16mika マイケルは相変わらずですよ。笑
0	@h1a2r1u9 それはどーゆーこと？笑
0	@kazuu_xxx プロじゃないからな http://t.co/LRyQzPrpod
0	@kazuu_xxx 栄養学んだんじゃねーのかよ http://t.co/VmSdR94Uil
0	@25Mwk 遅れておめ
0	@sumiyo728 ちゃんすーがんばれ！あのBOSSのもとで…笑
0	@sumiyo728 あのリングのネックレスをほんとにくれる人が見つかりますよーに！
0	@sumiyo728 そろそろいこ！笑 午年ですから。
-1	伊藤みき予選1棄権かー。第2エアーの着地見たけど後方重心での右膝外反ですよ…明後日の予選2滑れるのか。オリンピックって舞台を考えるとなにを最優先にすべきかって本当に難しいな。 http://t.co/pL6gHE94o5
0	@Scorpion16mika @14_massy 昔はその役目スケジュール公開の役目果たしてたなー笑
1	連絡取れず失礼しました。今日唯一の観光で世界的に有名なスタバ行ってきました。観光がスタバてよくわかんないけど逆に他になんもないんで仕方ないんです。笑 お世話になりました！ http://t.co/vYqCdaWckG
0	@tani_brown バカにしてないけど駅前のなんもなさハンパないよ！笑
0	@nam_joe1204 やっぱ見ちゃうよね。来週も授業あるんだと思ってるけどね。
0	@nam_joe1204 それなんだよ😢あるはずのものがないって。終わっちゃったねー
1	@nam_joe1204 そーだよね。でもいい時間だったよね！日曜はオフ？笑
0	@nam_joe1204 そうだね！どこで？
0	@nam_joe1204 学校じゃないのね笑
0	@nam_joe1204 会えないねー😔
0	“@gakugei_soccer: やっとラストです　木下裕美子 http://t.co/RjBTBguVUR #jugem_blog” ゆみこちゃんさすがです。分かる女の子は違うわー
0	@okajibombaye @shikitokishi778 タレカツは食うべき。これガチ。ドンキの上にあるから。
0	@okajibombaye @shikitokishi778 あーわりー。それならBarだったらHot Spot行くべき。これガチ。
0	【ご報告】2014シーズンも東京学芸大学蹴球部でトレーナーをさせていただくことにしました。自分の決断を信じて進むだけです。ラストシーズン、よろしくお願いします！
0	Bチームのみんな直接言えずすいません！！笑
0	今出来ることはただ自分のフィールドで自分の仕事を自分の基準でやること。 それで伝わるはずだしそれで十分。 そこまで築きあげてきたものがあるから。
0	@kurikankan 恥ずかしくて行けなかった。今更返信したのも恥ずかしくてなかなか出来なかった。
1	@prmmmmzi かっこつけといてよかったって出来事が今日あった！笑
0	@prmmmmzi 試合だったよ！まあ人との約束ってとこかな笑
0	今年お世話になる職場です。ブログも更新するのでチェックしてください！ http://t.co/m7ZRL4rC2M
1	@scrumtry2 復活嬉しいです！笑 本国出て下さいね！
0	@goal2310 ありがとうございます！！
0	PCP centerで検索してください。代表はEXILEのトレーナーをされている吉田輝幸さんです。
1	@goal2310 プロゴルファーさんが多いですけど一般の方ももちろん治療します！
1	@scrumtry2 おめでとうございます！僕も無事合格しました！
0	@scrumtry2 あんまり参考にならなかったかもしれませんけど…笑 とりあえず合格すればいいんですよね！！
0	@morikei177 @sumiyo728 なにを今更。笑
0	@chibeeeev それ！Generations多すぎ
0	@chibeeeev 山本世界やろ笑
0	@chibeeeev にしてもメンディーはやばい
0	@chibeeeev いや調子のるて絶対。
1	@chibeeeev 早く飯いこ
1	W杯official songノリいい感じだけどPitbullってのがなんかやだなー。 http://t.co/pFGdJWgKBv
0	officialにshakiraもあった！やっぱドイツ、南アフリカに続いてshakiraは最高！！クソ美人！ http://t.co/idFzTGUCmI
0	@shikatakaoru そんなことよりだるま屋いたっしょ笑
1	@masar111 優しか知らないから良いっしょ笑
0	@shikatakaoru サッカー部めちゃいたからシカトした。あえて笑
0	@kojikojitokyo @shikatakaoru たかさきいたのも知ってる。笑
1	6時起きで氷の争奪戦に勝ったよ。既にまず1勝。今日は良い日な気がする。
1	本気で全国に行くために、5連戦闘い抜くためにRecoveryをメインにサポートしました。負けたけど120分走り切った選手をみたら少しはチームの力になれたと思う！プレーで気持ちに応えてくれて、そして信じてついてきてくれてありがとう！ http://t.co/oo0FXcwrYH
0	@horihori168 次は1部昇格だね！
0	@gonzayuma 勝ちたかった！次はリーグで勝とう！
0	@nopa610 そーしよー。前のとこはNumber Aだよ😏
0	@shikitokishi778 いやいや。笑 また昇格に向けて頑張ろう！
0	@tani_brown はっちゃけてたのか？笑 いつもそんなつもりはないよ笑
0	@34Win おつかれーっす！行きましょー😁LINEします。
0	@okajibombaye しゅうサンキュー！
0	@papilyonchan いつも応援、サポートありがとうございます！これからも一緒に戦いましょう！
1	総理杯のRecoveryを色んな方々に褒めていただきやったことに間違いはなかったと改めて感じた！その中でも反省点、改善点を見つけて次につなげることが何よりも大切。
0	それより中国かー。9ヶ月ねー。チャンスっちゃチャンスだけど芯だけはぶらしたくない。
0	Recoveryに関しては代表関係の方々が大会期間中もたくさんご指導していただいたおかげです。本当に感謝してます！！
0	@kurikankan あ、うん
0	@P_chanx_x いやなんにもわかんないですよー！それよりそろそろ飯行きましょう！！
0	わおわお
0	@Fhzgcuin ひょうって読むんだ
1	@horihori168 あれだけ良くなるとはわおわおだったな！
1	@horihori168 純粋な気持ちなんだけどなー。でも共犯です。
-1	明日のトレーナー専門学校での代講の授業まさかの肘のテーピングだった。AT試験でも肘のテープが一番苦手だったしちゃんと教えられるかめちゃ不安だなー。 日体協AT取ってからAT取得を目指す学生に教える事にすごい責任感じるな。 とりあえず帰って教科書見直さないと！笑
1	母の日も父の日も姉の誕生日も全部つめこんじゃったけど大事なのは気持ちっしょ。ケーキ高かったんだから。 http://t.co/vZJFp293wM
0	@mariiiine_6i27 フルーツの次元が違かった笑
0	@Scorpion16mika ですよね！！
1	ブラジルメキシコおもしろかった にしてもオチョアスーパーだったわ
0	@kurikankan iPhoneでみれたのに
0	@kurikankan 俺全部みた。5時の電車だけど全部みた。impossible is nothing
0	RT @TaylorTwellman: Any questions about Perriera being unconscious?! This has to stop FIFA. #URUvsENG http://t.co/VX3la5mje5
1	http://t.co/90EVafxTsq 頭頸部外傷に対する正確な知識と対応、判断はサッカー界全体で向上させないといけない問題だと思う。そういう自分も常に対応出来る準備をしておかないといけない。
0	F-MARCの報告ではサッカーの頭頸部外傷は1000play/hで1.5件である。 対してラグビーのTop Leagueでは1000play/hで1.4件という報告がある。このような状況でもJFAの指針はあやふやだし疑問点が多すぎる。
0	Why the USA and Portugal Got a Water Break http://t.co/JjpXihGeCs
-1	@nam_joe1204 @P_chanx_x くだらないとか失礼！めぐさん本気なんだから笑
0	RT @meidaisoccer: 本日の天皇杯東京都予選決勝 vs横河武蔵野FCとの試合は3-0で勝利し、優勝いたしました☆☆その結果、5年ぶりに天皇杯出場が決まりました☆☆雨の中、ご声援ありがとうございました！ http://t.co/tDAE6KY2L8
1	@breezie23 アルジェリアの1点は完全に魂だったね笑
-1	@breezie23 金を賭けてるのはスイス。笑 でもドイツが優勝するとバルバッコアおごってもらえる。複雑！笑
0	RT @SoccerKingJP: 伊藤健史、八塚利朗の日本人2選手がオーストリア2部に移籍 http://t.co/HD0zIWWNx8 http://t.co/5NYiFrUmP4
0	@___arinko おしゃべりYM子の仕業ね。
0	ブロガーさんに取り上げてもらいました！謎にガッツポーズ多めです笑 http://t.co/q4JADT1kt7
0	@korosuke_53 それな。ケインでよければいつでも笑
0	@scrumtry2 いやこの日からです笑
1	@___arinko 普通と好きの差が激しいやつね。笑
0	@___arinko 誰にたいして？笑 たしかにー。誰から聞いたの？
0	自分1人と思ってたけどこんなにもたくさん応援してくれる仲間がいたんだ。ありがとう、頑張ってきます。
0	明日のB,Cの朝練の後いらない服あげるから欲しい人もらってね。
0	@horihori168 @gonzayuma でもあきらか履けなくね？
0	@horihori168 @gonzayuma うーん、M？ようはゆーまサイズ笑
0	@nocross_nocrow1 欲しいのあれば！
0	@nopa610 鉄博却下！！笑
0	@yachu1046 @nocross_nocrow1 逆に全然意外じゃないっしょ！笑
0	@yachu1046 @nocross_nocrow1 それよりこの前夢にやっつん出てきた笑
1	@yachu1046 @nocross_nocrow1 早く会いたい的な内容だった気する笑 恋かこれ？
0	@yachu1046 @nocross_nocrow1 そーだよね😔次いつ日本戻ってくんの？
0	いらない服パート2がまだまだあったから駒沢終わって学校戻るからそんときもらってー！ http://t.co/qAq80BtDPG
0	@kazuu_xxx CUPSのあげるわ笑
0	@kazuu_xxx じゃあアディダスのスウェット。CUPSでもらやつ。
0	@nocross_nocrow1 がくし、ここにいるよ！
0	部員全員(選手80人、マネージャー7人、学生トレーナー1人)に手紙渡しました。2年半お世話になった東京学芸大学蹴球部へ今出来る感謝の気持ちです。何か伝わってくれれば蹴球部での最後の仕事を全う出来たはず。ありがとうございました。 http://t.co/0k06Jr0YxC
0	よーじ頑張れよ！次の舞台で絶対会おう。 http://t.co/QbdvVKlPfE
0	@MATSUOKAshota @Yuuuuuki55 中国行くことになった！
0	@14_massy 知ってんの？
0	@prmmmmzi 最近ノーワックスライフなんで。
0	@korosuke_53 あー、待ってて笑
0	中国行ってきます！！！ http://t.co/IyHF7L43iA
0	@tomoo_miii 頑張ってくるわ！離陸しまーす！
1	@chas_maco すごいじゃん😁残りも頑張れ！！応援してる！
1	VPNがつながるってこんなに嬉しいとは。ホテルの1階ならTwitterもLINEもFacebookもみれるー！ちなみにホテルはここ。 http://t.co/cbHgT8iIHP
0	陸トレはここでやります。 http://t.co/xydDrKf01I
0	@Scorpion16mika 中国ではずっとここです！
0	@tetsuooo0912 アイスホッケーのチームと契約した
0	@gonzayuma いやそれ！結局ベッドの隅で寝てるし。笑
0	@nocross_nocrow1 かおるなにそのTシャツ。センスなっ。
0	空き時間にチチハルの街行ってきた。スーパーくさいしモラルないしこれ慣れるかな笑 とりあえずカフェでも信用してないからクソ暑いけどホットにしといた。ミルクティーまっずーー。 http://t.co/Zh2u9nhvUy
0	@nocross_nocrow1 それ言ったやつ出てこい。
-1	@yojiro0826 うるせーうるせー。でも頑張るよ。笑
0	@satomiiiii0827 グレーばっか持ってきてるから大丈夫！
0	@shikatakaoru かおるだもん。そんなことしないよな。諏訪にあげたのかおるに全部あげるわ笑
1	あ、腹痛。これ下しそうな予感。昼の飲むヨーグルトだなこれ。さっき生のメロン食ったけど大丈夫かな。
0	@horihori168 がんばれよ！！
1	リンクでの練習でアイシングの氷ある？って通訳に聞いたらザンボニー(整氷車)が出す雪使えと。製氷機からブロック氷が自動に出てくる幸せ、食べられる幸せ。日本のみなさんかみしめて。笑 http://t.co/LGKzepJliq
0	@horihori168 結局6週かかるってこと？
-1	@horihori168 なにがダメでそんな固定期間伸びてるの？
0	@Y3A2S8U 落ち着いたらFB更新するけどね。ほんとジャパンクオリティーってハンパない！！
1	@___arinko お金かけずにどうするか考えた方が良いよー。選手に紙パックに氷作ってこさせるとか！泣いてる場合じゃないんだよ😏笑
1	今日の夜飯は過去一うまかった！まあ毎日中華に変わりはないけど…笑 久しぶりに木村沙織観れてうれしかったそんな日曜。 http://t.co/RpfTIYP9Dx
1	午後tr.の3000mチーム3位でした。ただただチームの刺激になれば良いんです！
0	@takkuncho39 頑張っちゃった笑
-1	@gonzayuma そーゆーこと！まあ選手もサッカー部よりは全然遅いんだけどね。
-1	一瞬ここは中国なのかって錯覚さえ覚える景色。空気きれい。池の水くそ汚い。クラクションばっかりうるさい。あちらこちらが臭い。あ、やっぱり中国だここ。 http://t.co/zrxJjwHzH7
0	アメリカ人のEVANが合流して英語でmedical checkするだけでsooo tired. と思ったら今日からAlexも合流してきたー。offでやること整理しなきゃー。日本遠征まであと3週間だよ！最後に一言、chinese are so noisy lol
0	出来るぶったけど結局英語出来ないよ。笑
0	@yu_suketsuchiya LINEする！笑
1	@horihori168 今んとこ大丈夫。笑 あ、らしいね。
0	@mmmnnnnmmm あなたも出来んやろ笑
0	@nam_joe1204 頑張れ！いつも通り！
0	アメリカ人のAlex、カナダ人のBrettも合流して今日から選手全員でトレーニング。2人のmedical checkとSCAT2もとって選手のトリートメントも終わって本日終了！そろそろ毎日に追われてる日々から自分で掴みにいく、挑戦する日々に変えてかないと。って思うこの頃です。
1	アジアリーグ開幕まであと10日。日本遠征に向けてピッチ上げて準備中。少しでも良いパフォーマンスの手助けが出来るように！ http://t.co/cCynLstbnb
0	@hide5592yu42 そうなんです！
1	@hide5592yu42 まさに！教えてください。笑 なんかいい本とかありますか？
0	offなので1人で初めてcafeに行ってみる。さあどうなるか。ホテルじゃやっぱ勉強出来ないし、やんなきゃいけないこと消化しきてれないからねー。
0	朝の6時に北京のホテル出発して成田経由の羽田から北海道入りしたけど移動で15時間はさすがに疲れた。
1	@netENZO いきなりすみません！写真使わせていただいてもよろしいですか？
1	@chas_maco お疲れ！なんか最後少しは力になれたかと思うと嬉しいね😁
0	@chas_maco 俺はなんもやってないけど笑 テイクキュアに感謝だね！
0	RT @HockeyBreakaway: 【アジアリーグ＠苫小牧】王子イーグルス 3-2 チャイナドラゴン（試合終了） イーグルスは先制されましたが、FW久慈修平選手の2ゴールなどで逆転。開幕2連勝です。 本誌ご購読方法は：http://t.co/i95m1JRmmt #アイス…
0	初めてサインを求められた。笑
0	@yu_suketsuchiya ご経験おありですか？笑
0	先週からアイスホッケーアジアリーグが開幕しました。王子イーグルスとの2連戦は共に2-3で敗れました。このチーム2009年11月28日の以降4シーズン以上勝ててません。今年は勝ちます！残りの苫小牧の2連戦応援よろしくお願いします。 http://t.co/L4e29jBg67
0	RT @HockeyBreakaway: 【アジアリーグ＠苫小牧】王子イーグルス 4-2 チャイナドラゴン（試合終了） イーグルス、接戦を制して開幕3連勝！ 本誌ご購読方法は：http://t.co/i95m1JRmmt #アイスホッケー #alih
0	王子イーグルスとの3戦目の本日も負けました。明日は苫小牧ラストのゲームです。苫小牧ながらチャイナドラゴンのホームゲーム扱いです。応援お願いします！アイスホッケーをもっと知ってもらえるように頑張ります。 http://t.co/DA3sHnhUOl
0	@Y3A2S8U 11月に横浜であるよー。
0	RT @HockeyBreakaway: 【アジアリーグ＠苫小牧】チャイナドラゴン 3-7 王子イーグルス（試合終了） イーグルスは第2ピリオドに4得点でドラゴンを突き放して開幕4連勝！ 本誌ご購読方法は：http://t.co/i95m1JRmmt #アイスホッケー #alih
1	王子との4戦目は3-7で負けました。2ピリオドに4失点で逆転負け。明日苫小牧から釧路に移動して週末から日本製紙クレインズと3連戦です。アイスホッケー、面白いです！ http://t.co/oLeZ9ArfnT
-1	土曜からのクレインズとの3連戦は1-4,2-8,1-6で3連敗でした。今回の日本遠征は7戦全敗。やっぱり悔しい。ただ負けるために来てるわけじゃないし。なにか変えないといけない。そして決めました、嫌われます。全ては勝利のために。 http://t.co/k1FlUQIidd
0	2週間ほどいた日本もあっという間に終わって明日上海に移動します。試合は続くので中国でまた頑張ってきます！
0	@miiiiiii_chan 頑張ってくるよー！
1	上海に移動してきました。今日はオフなので行ける時にと思って観光してきました！やっぱり上海すごい。おかげで先月1ヶ月で使った金を1日で余裕で越えちゃった。笑 使える時に使うべきだから良いだろう！明日から切り替えて頑張ろう！！ http://t.co/LuDRaZw1wZ
1	大好きなザボンも食べ放題でめちゃ嬉しい！ちなみにLINEの調子が悪くて全く見られてないんでご了承を。 http://t.co/x4XtNcnnJ8
0	RT @HockeyBreakaway: 【アジアリーグ＠中国・上海】チャイナドラゴン 3-5 ハイワン（試合終了） ハイワン、逆転で3連勝！！ 本誌ご購読方法は：http://t.co/i95m1JRmmt #アイスホッケー #alih
0	RT @HockeyBreakaway: 【アジアリーグ＠八戸】東北フリーブレイズ 2-1 日本製紙クレインズ（試合終了）  フリーブレイズ、FW山田淳哉選手の決勝ゴールで3連勝！！クレインズは今季初黒星。 本誌ご購読方法は：http://t.co/i95m1JRmmt  #ア…
0	RT @HockeyBreakaway: 【アジアリーグ＠韓国・安養】アニャンハルラ 5-0 王子イーグルス（試合終了） ハルラ、FWキム・ギソン選手の2得点などで快勝！ 本誌ご購読方法は：http://t.co/i95m1JRmmt #アイスホッケー #alih
1	クレインズがフリーブレイズに負けるし王子がハルラに完敗とは。なかなか面白い。
-1	ホーム開幕戦vsHigh1戦。3-5の逆転負け。勝利の2文字って今まで思ってたよりもずっとずっと難しいことなんだと実感してます。1つずつ変えてかないと、勝利までは近いようで果てしなく遠い。 http://t.co/nhpngf5SY4
0	RT @HockeyBreakaway: 【アジアリーグ＠中国・上海】チャイナドラゴン 4-3 ハイワン（GWS／試合終了） ドラゴンは5季ぶりの勝利！連敗も182でストップ！ 本誌ご購読方法は：http://t.co/i95m1JRmmt #アイスホッケー #alih
1	GWSの末High1に勝利しました！チャイナドラゴンの連敗は182でストップ。中国にきて約2ヶ月勝利のためにトレーナーとしてどう貢献すべきかって本気で悩む日々でした。正直課題ばかり残ってます。2勝目のために自分もまた一から出直し。 http://t.co/kPFrEN3i7S
0	第3ピリオドの終了1秒前の同点ゴールはほんとにシビれた！これがスポーツなのかって。
0	@nam_joe1204 止まったことには違いないから笑 頑張りまーす！
0	imPACTとSports Concussionsについて英語文読んでみようと思う。何事も挑戦っていう意味でも。 http://t.co/nG63Hhr8Ag
0	自分の英語力じゃいつ読み終われるのか…
1	@yu_suketsuchiya そうそう！imPACTの詳細知りたかったのもあるしなんなら英語で読んでみようかなんて。笑
0	CCTVでアジア大会女子決勝やってくれてるー！しかも中国戦じゃないのに。日本加油！ http://t.co/azISdNcJs5
1	RT @HockeyBreakaway: ＜アジアリーグ＞チャイナドラゴンが大勝！チーム発足6季目にして初の2連勝！中国チームの連勝はチャイナシャークス以来6季ぶりです！！ 詳しくは：http://t.co/pmPQu4O2Z2  #アイスホッケー #alih
0	RT @HockeyBreakaway: 【アジアリーグ＠中国・チチハル】チャイナドラゴン 9-1 デミョンサンム（試合終了） ドラゴンは発足以来最大得点差をつけて史上初の2連勝！ 本誌ご購読方法は：http://t.co/i95m1JRmmt #アイスホッケー #alih
1	齐齐哈尔でのホーム開幕戦9-1で勝利しました！チャイナドラゴン発足以来初の2連勝です！2000人以上のお客さんが入り会場の雰囲気がすごかったです。やるべきことは変えずにあと2戦勝てるようにまたもがこうと思います。 http://t.co/akgeoJ8OEt
0	RT @HockeyBreakaway: 【アジアリーグ＠中国・チチハル】チャイナドラゴン 5-4 デミョンサンム（試合終了） ドラゴンは3点差からの逆転勝利で3連勝！ 本誌ご購読方法は：http://t.co/i95m1JRmmt #アイスホッケー #alih
0	vs sangmuの2戦目、5-4で逆転勝利しました！3連勝です。Icebucksが敗れたため最下位脱出。チーム発足以来初の最下位脱出です！今日の入場者数の3,168人も今季アジアリーグ1位の動員です！明日の3戦目に向けて頑張ります。 http://t.co/5SSjyPRBTE
0	RT @HockeyBreakaway: 【アジアリーグ＠中国・チチハル】チャイナドラゴン 3-2 デミョンサンム（試合終了） ドラゴン、逆転勝利で4連勝！ 本誌ご購読方法は：http://t.co/i95m1JRmmt #アイスホッケー #alih
0	vs sangmu 3-2で逆転勝利！sangmuとの3連戦3勝出来ました。次のハルラ戦までまた頑張ります。 http://t.co/rUQ8QT5TOa
0	vs sangmuの写真です。きっと日本の方々は中国の情報がなかなか見つからないと思うので出来る限り現地の写真など載せたいと思います！ http://t.co/0ebX6tMxhi
0	ほんとにもらったもので生きてるって感じてるわ。笑 サッカー部のみんなのセンスの抜群さに逆に焦ってるくらい！チャイナライフ満喫します、ありがとう！！ http://t.co/5jLPWkKM8d
0	@prmmmmzi 心拍数がはかれる優れものなんですよ！
0	vs Sangmu 第1戦目、チチハルでのホーム開幕戦の選手入場シーンです。中国で動画が見つかったので日本の方々も是非見てください！ http://t.co/NINWYN2ZRT
1	RT @keispo2014: 【ラグビー】関東大学対抗戦 vs筑波大 慶36-29筑 試合終了 慶大勝ちました！！！最後の最後で筑波の猛追を受けますがDGもあり凌ぎきりました！見事な勝利です！！好守に良いところが凝縮されたナイスゲームでした！
0	今日はPM2.5が朝からすごかった。以前の写真と見比べたら一目瞭然！！昨日まで26とかだったのに今日は224。暖房解禁したらもっとひどくなるのかな。対策しないと… http://t.co/Zy7knxxgdV
0	@Fhzgcuin つまりそういうこと！笑
1	RT @yu_suketsuchiya: おはようございます。  今週からNBDLも開幕します。 VS東京海上日動ビッグブルー 10/18(土)13:00〜 10/19(日)13:00〜  ２日とも会場は東京海上石神井体育館です。 アウェイでの開幕ですが、たった１回しかない創立…
0	@yukako99 @yu_suketsuchiya @NBAInjryNews みんなで英語の勉強しましょう！
0	next Japan expedition…omg…
0	@myuuuuuuuun あるよー！16時から！観に来る？笑
-1	@myuuuuuuuun 結婚式何時からよ？笑 日光いるのに来れないとか残念すぎる！
0	@myuuuuuuuun 新横浜の試合もあるよー
0	なんだかこの腰の痛み方は坐骨神経痛な気がする。
-1	@mizukingyo23 呼んだかい？でぶ澤さん。
-1	@mizukingyo23 色々矛盾！笑 ゴルフくらいしか動いてないの？
-1	@mizukingyo23 …。そりゃでぶ澤になるわ…
0	@yachu1046 奇遇だな笑 http://t.co/ydkUAyRm1k
0	@hide5592yu42 @yachu1046 懐の方は使うことないんであったまってきてますよ笑 となりに寝てくれる人はいませんが…
-1	@yachu1046 @hide5592yu42 女の子の方は寒すぎます…。やっつん日本で行くべ！
0	@hide5592yu42 @yachu1046 1日限定未婚ということで。海外にいると色んなもんが溜まるもので😏
0	vs SAKHALIN 1st game 1-5 Lose HALLAの3連戦と合わせて4連敗。 自分に言い聞かせていること、諦めない。色々なこと、諦めたらここに来た意味がない。明日も試合です！写真はHALLA戦のticketです。 http://t.co/iixG6BD7Pl
0	@yu_suketsuchiya 連続リプライに戸惑っています笑 ありがとー！自分の中の基準だったりやるべきこと変えなければ見えてくるもの絶対あるもんね！頑張ろう！！
0	Bチーム4年にとって最後のIリーグ。どこに行ってもお世話になった学芸大蹴球部は忘れないよ！ 4年生、いつも通り自分らしく輝いてね！ 4年が誰もいない写真でごめんなさい。笑 http://t.co/piRTm4YMZp
0	vs SAKHALIN 2nd game 5-6 Lose GWSの末負けました。今日はハルビンに移動して明日のgameに備えます！明日はなんとしてもhomeで勝利を！ http://t.co/FkdfVxD87v
0	@takkuncho39 見に行ったの気づいた？
-1	ホテルのWifi全然ダメだー。LINE繋がらないと意外と困る。
-1	@takkuncho39 気まずいから隠れて見て隠れて泣いた。
0	omg, harbin AQI is 493.  とんでもない。そりゃあんだけ空曇ってればな。 http://t.co/xr3ehjXYxe
0	本質を見失わない。
0	RT @black9kei: 明日は今年国内最後の代表試合！ vsMAORI ALLBLACKS 14時KO @秩父宮  テレビでもやるので日本の応援お願いします！ http://t.co/HFPjzEG45r
0	RT @JRFUMedia: 【日本代表】＜リポピタンDチャレンジカップ2014＞ 試合終了：日本代表（JAPAN XV）18-20　マオリ・オールブラックス #rugbyjp #JapanWay
0	美談で終わらせないで欲しい。“@figureskate_bot: 【ニュース】それでも滑る！羽生　衝突で流血も頭に包帯姿で涙を浮かべながら再びリンクへ http://t.co/MvcvwkZlMU”
0	RT @daijapan: 気持ちの強い選手はどんな状況でもいくらでも頑張ろうとするわけだから、選手を命の危険から守るのが競技会側とメディアだと思う。
0	@denchan71 画像しか見れてないけどあかんねー。
0	@denchan71 フィギュアとかだと頭部外傷に対する対応とかしっかり体制整ってないんすかね？？
1	@denchan71 どうスタッフ側が判断したかですよねー。気になるところ。泣いて滑りきってもなにも凄くない！
0	RT @JUFA_kanto: ブログを更新しました。 『東京学芸大学蹴球部』 ⇒ http://t.co/h7hhh1oXeG
1	RT @HockeyBreakaway: ＜女子世界選手権トップディビジョン予選＞日本かチェコか。勝負を決する第3戦は明日19時フェイスオフ！今後にとって大事な試合。スマイルジャパンを応援しに新横浜スケートセンターへ！！ 第2戦の結果は：http://t.co/bvNztf3I…
0	【AL試合情報】  11/19 vs日光アイスバックス 18:30 日光 11/20 vs日光アイスバックス 18:30 日光 11/22 vs日光アイスバックス 16:00 日光 11/23 vs日光アイスバックス 14:00 日光
0	【AL試合情報②】  11/26 vs東北フリーブレイズ 19:00 新横浜 11/27 vs東北フリーブレイズ 19:00 新横浜 11/29 vs東北フリーブレイズ 17:00 郡山 11/30 vs東北フリーブレイズ 15:00 郡山
0	今シーズン日本でチャイナドラゴンの試合が観られる最後のチャンスです。というよりもう日本で試合ありません…。 お時間ある方は是非観戦にいらしてください！お待ちしてます。
1	@myuuuuuuuun 勝って良かったね！是非お待ちしてますよーーー。
0	@hrom23 観にいらっしゃいませ！！
-1	関東で寒いって言ってる君たち、大丈夫寒くないから。ほら見て今−8℃だから。 http://t.co/R8VhqcGfEl
1	北京経由で日本帰ってきました。やっぱり日本は良いって感じたいところだけどすぐバス移動だから実感なし。
0	みんなの写真見てるとやっぱりあの場所に自分もいたかったなって。ふと。ふとね。
0	実家のめちゃくちゃ近くをバスで通過。あー、帰りたい。
0	@gonzayuma 気づいたな笑
0	@hide5592yu42 マフラーぜひ！
0	RT @HockeyBreakaway: 【アジアリーグ＠日光】 栃木日光アイスバックス 4 チャイナドラゴン 3 （試合終了） バックスはFW上野拓紀選手の2得点などで3連勝。 本誌ご購読方法は：http://t.co/86ayBWYMLF #アイスホッケー #alih
1	アイスバックスとの4連戦終わりました。4連敗でしたがアイスバックスは本当に良いクラブだなと感じました！きっといちファンだとしたら日本では必ずアイスバックスを応援すると思います。もつとアイスホッケーが盛り上がること期待！！ http://t.co/SNKxWh7LPQ
0	生でセルジオ越後さん見られて感動。笑 GMもしっかり観戦に来るんだね。
0	RT @HockeyBreakaway: ＜アジアリーグ＞今日から東北フリーブレイズ×チャイナドラゴン4連戦！初戦は今夜19時、新横浜スケートセンターでフェイスオフ！！ http://t.co/sqJGCdBtyC
0	さよなら、日本。
0	Bucksがんばれー！！“@HockeyBreakaway: ＜全日本選手権＞栃木日光アイスバックスと東北フリーブレイズが明日の決勝に進みました。両チームの全日本決勝での対戦は初になります。
0	RT @HockeyBreakaway: ＜全日本選手権＞栃木日光アイスバックスが日本一に輝きました！バックスとしては初めて、前身の古河電工時代以来52年ぶり5回目の優勝です！おめでとうございます！！ 試合結果、最終順位などは：http://t.co/3CWoH3eSoK ht…
-1	おや、今日寒い。 http://t.co/3ynUad2bCY
0	RT @keispo2014: 【ラグビー】大学選手権vs流経大  試合終了  慶大27-24流経大 そのまま守りきり準決勝進出を決めました。
0	RT @UnivRugbyJP: ＜1月2日準決勝組み合わせ＞ 12:15〜　筑波大学（3位）vs 東海大学（2位） 14:00〜　帝京大学（1位）vs 慶應義塾大学（4位） #rugbyjp #UnivRugby
0	@yuji94jfa アルビレックスの方ですか？
0	今天赢比赛了,我太累了😞
0	RT @HockeyBreakaway: 【アジアリーグ＠中国・チチハル】 チャイナドラゴン 2 栃木日光アイスバックス 1 （試合終了） ドラゴンがバックスに競り勝ち日本チームから2連勝。 本誌ご購読方法は：http://t.co/86ayBWYMLF #アイスホッケー #a…
0	@hrom23 ありがとう！明日も試合頑張りまーす！
1	@goal2310 お元気です。
0	@si25310 遠くチチハルまでBucksの応援でお越しいただきありがとうございました。昨日はご迷惑をおかけしたみたいで申し訳ありません。チチハルはすごく田舎ですがまた来年チャンスがあればチチハルでお待ちしています！お気をつけてお帰りください。
-1	RT @HockeyBreakaway: 【アジアリーグ＠韓国・安養】 アニャンハルラ 2 チャイナドラゴン 3 （GWS／試合終了） 首位ハルラ、最下位ドラゴンに不覚。ドラゴンの連敗は6でストップ。 本誌ご購読方法は：http://t.co/86ayBWYMLF #アイスホッ…
0	@yu_suketsuchiya 応援してるよ！東京で試合ある？
0	@yu_suketsuchiya 見に行きます！ホームページでスケジュール確認出来る？
0	RT @JRFUMedia: ＜RWC2019＞ RWC2019の開催12都市が決定しました。 http://t.co/wQIAFB9QDo 札幌市 岩手県・釜石市 埼玉県・熊谷市 東京都 神奈川県・横浜市 静岡県 愛知県・豊田市 大阪府・東大阪市 神戸市 福岡市 熊本県・熊本…
0	今年の関東リーグ埼スタ第3とかある。しかも学芸。観にいくよ。なんと言ってもチャリで行ける範囲。
0	@1027_kazu きも
0	@1027_kazu すき。なんならはよ
-1	@1027_kazu きも。月曜夜英会話だから無理だったわ笑
0	@yu_suketsuchiya 外国人選手使うよね笑 くしゃみした時！Thanksで返しちゃうけど。
0	RT @HockeyBreakaway: 【アジアリーグ／プレーオフ・ファイナル第3戦＠韓国・安養】 アニャンハルラ 2 東北フリーブレイズ 6 （試合終了） フリーブレイズ、敵地でスウィープ！2季ぶりのアジアリーグ制覇！！ 本誌ご購読方法は：http://t.co/86ayB…
0	FreeBladesおめでとうございます！！！ Asia Champion!! 来シーズンはFree Bladesから1勝でも上げられるようChinaも頑張らないといけないですね！！
0	Boston初日楽しんで行こう！初アメリカ！テンションMAX！睡眠時間3時間！
1	@scrumtry2 今井さんも秩父宮行ってたんですか？声かければ良かった！
0	RT @fleague_t: 今シーズン、ゼビオグループ様とのエグゼクティブパートナー契約を締結し、タイトルが「SuperSports XEBIO Fリーグ」となることが松崎COOから発表されました。　#fleague
0	RT @SJN_official: 政府主導の「中国サッカー改革」は成功するのか？（週刊SPA!） - Yahoo!ニュース http://t.co/MeVgdtUcVX
0	RT @IIHFHockey: The Division II Group B in South Africa has started, New Zealand vs. Israel. Schedule: http://t.co/HfhO6UXrJ3 Stream: http:…
1	Ice Hockey World Championship Division2 Group B in South Africa 開幕しました！中国代表の初戦はブルガリア代表です。China Dragonの選手も多く選ばれています！中国队比赛加油！！
0	先に行われた女子世界選手権Division1 GroupB in Beijingでは中国女子代表は3位で大会を終えています。她们辛苦了！ http://t.co/vwRJyasBoT
0	RT @IIHFHockey: Congrats to China for winning the Division II Group B. Our tournament recap from Cape Town: http://t.co/8jIkjGpW06 http://t…
0	中国代表が世界選手権Division2 Bで優勝しました！おめでとうございます！！ http://t.co/XHfsrwvmS9
0	初ポカスタ！ http://t.co/J4bpGCIqyu
1	RT @HockeyBreakaway: ＜アジアリーグ＞王子イーグルスはチャイナドラゴンからのDF有吉祐哉選手の移籍入団と、桜井邦彦監督、キャラー アーロンコーチの続投を発表しました。  詳しくは：http://t.co/opPHqHNkDa #アイスホッケー http://…
0	@tllolln まいかー！
1	@tllolln 博多楽しかったなー
0	これから12時間の電車移動。中国の電車2回目。  #chinadragon
0	チチハルでの練習スタート！毎日2部練です！Off Ice！！  #chinadragon #icehockey #qiqihaer
0	RT @IIHFHockey: More background info in English on NHL draftee, Chinese U18 national player Andong Song. http://t.co/3z99Gt1yTX http://t.co…
0	今日はいままで暮らしてきた中で一番の快晴！PM2.5ほぼないんじゃないかな。  #チチハル #齐齐哈尔 #空気きれい #chinadragon http://t.co/1PQhAjHXlv
0	今年のIIHFのランキング 日本20位 韓国23位 中国38位 北京冬季オリンピックも誘致してるし頑張らないといけないよねー。  #中国 #アイスホッケー #Icehockey #worldrank #asia
0	明日は2022年冬季オリンピック開催地の決定日です。北京かカザフスタンか！ 開催地決定の瞬間をみんなで見てきます。  #2022 #winterolympicgames #beijing #china #731 http://t.co/rfNpQfd0FY
0	RT @IIHFHockey: Following up @2018PyeongChang, ice hockey to be on display in China as Beijing gets  #Olympics2022 http://t.co/xa9Of793Np
0	RT @Tokyo2020jp: 2022年冬季オリンピックの開催都市が「北京」に決定しました。平昌（2018年）、東京（2020年）についで、3回連続でのアジア開催となります。 #128IOCSession #olympics #Tokyo2020  https://t.co…
0	RT @IIHFHockey: Off to China for 2022 Winter @Olympics , congratulations Beijing! #Olympics2022
0	http://t.co/VksTcJ2Uy3
0	チャイナドラゴン今季初勝利！！  #チャイナドラゴン #chinadragon # アイスホッケー #icehockey #アジアリーグ #asialeague #初勝利 http://t.co/bYDuOc9YUW
0	@yurica0530 ありがちょーん！
-1	JAPAN大金星！！おめでとうございます！！放送がない環境てなんてつらいんだ… http://t.co/7xHlciO8O2
0	@kurikankan そうだとおもう
0	RT @Goro_15: ラグビーが注目されてる今だからこそ日本代表にいる外国人選手にもスポットを。彼らは母国の代表より日本を選び日本のために戦っている最高の仲間だ。国籍は違うが日本を背負っている。これがラグビーだ。 #JapanWay
0	RT @HockeyBreakaway: 【アジアリーグ＠中国・チチハル】 チャイナドラゴン 5 日本製紙クレインズ 6 （試合終了）  クレインズ、FW上野拓紀選手の2得点などで3連勝。  本誌ご購読方法は：http://t.co/86ayBWYMLF #アイスホッケー #a…
0	RT @HockeyBreakaway: 【アジアリーグ＠中国・チチハル】 チャイナドラゴン 0 日本製紙クレインズ 5 （試合終了）  クレインズ、完封勝ちで4連勝。FW入倉大雅選手がアジアリーグ初ゴールを決めました。  本誌ご購読方法は：http://t.co/86ayBW…
1	今日の試合は完全シャットアウトだったな。今日のクレインズは強かった。
0	Cramerって中国にもあるんだ！バスケのナショナルチーム使ってる。
0	RT @HockeyBreakaway: 【アジアリーグ＠中国・チチハル】 チャイナドラゴン 3 王子イーグルス 4 （GWS／試合終了）  イーグルス、苦しみながらも勝点2を獲得。  本誌ご購読方法は：http://t.co/86ayBWYMLF #アイスホッケー #alih
0	男子バスケ準決勝 日本vsフィリピン！ これからテレビ観戦！！頑張れー！
0	今季2勝目！！OT勝ち。 王子イーグルスから史上初の勝利！  #チャイナドラゴン #アジアリーグアイスホッケー #王子イーグルス #ChinaDragon http://t.co/9wcb89g0zQ
0	RT @HockeyBreakaway: 【アジアリーグ＠中国・チチハル】 チャイナドラゴン 3 王子イーグルス 2 （OT／試合終了）  ドラゴン、イーグルス戦史上初勝利。  本誌ご購読方法は：http://t.co/86ayBWYMLF #アイスホッケー #alih
0	RT @HockeyBreakaway: 【アジアリーグ＠中国・チチハル】 チャイナドラゴン 3 王子イーグルス 9 （試合終了）  イーグルスはFWレイモンド・サワダ選手の3試合連続ゴールなどで快勝  本誌ご購読方法は：http://t.co/86ayBWYMLF #アイスホ…
0	RT @HockeyBreakaway: 【アジアリーグ＠中国・チチハル】 チャイナドラゴン 0 サハリン 5 （試合終了）  サハリン、敵地での完封勝利で連敗脱出。  本誌ご購読方法は：http://t.co/86ayBWYMLF #アイスホッケー #alih
0	RT @HockeyBreakaway: 【アジアリーグ＠中国・チチハル】 チャイナドラゴン 5 サハリン 4 （GWS／試合終了）  ドラゴンが終了1秒前に同点に追いつき、ゲームウイニングショット戦の末、サハリンに勝利。  本誌ご購読方法は：http://t.co/86ayB…
0	シビれる試合！ 試合終了1秒前に同点に追いつきPS勝ち！サハリンから初勝利！！  #チャイナドラゴン #alih #アイスホッケー #icehockey http://t.co/MCg3kmLMyv
0	スタンレーレディースゴルフトーナメント2日目終わって若林選手単独首位！！大江選手も4位！最終日優勝目指して頑張ってほしい！！！ http://t.co/lx3ObnVXKZ
0	RT @HockeyBreakaway: 【アジアリーグ＠中国・チチハル】 チャイナドラゴン 0 サハリン 6 （試合終了）  サハリンは完封でドラゴンとの3連戦を勝ち越しで終える。  本誌ご購読方法は：http://t.co/86ayBWYMLF #アイスホッケー #alih
0	RT @HockeyBreakaway: 【アジアリーグ＠日光】 栃木日光アイスバックス 4 チャイナドラゴン 3 （試合終了）  バックス、苦しみながらも逆転勝利！  本誌ご購読方法は：http://t.co/86ayBWYMLF #アイスホッケー #alih
1	RT @albirex_pr: またまた嬉しいお知らせが飛び込んできました！このたび舞行龍が入籍いたしました！！ ご家族にも紹介できたようでよかったですね。おめでとうございます！ https://t.co/nQnIif9Lxb #albirex
0	RT @HockeyBreakaway: 【アジアリーグ＠八戸】 東北フリーブレイズ 2 チャイナドラゴン 1 （試合終了）  ブレイズ、FW山田淳哉選手の今季10点目で試合を決めて、今季初の同一カード3連勝！  本誌ご購読方法は：https://t.co/86ayBWYMLF…
1	東京異常に外人多くない？
0	外人に英語で恵比寿にオススメの店あるって聞かれて頑張って答えてたけど、恵比寿な時点で引き出しないわ。笑 すいません埼玉県民なんです…
0	@yukako99 それ忘れてた！笑 むしろあんなに紹介するとこ持ってるのにね。
0	@yukako99 結局AFURIしか紹介出来なかった笑
0	@yu_suketsuchiya すいません笑
1	@yukako99 なにが食べたいって言われてなんでも良いって言われてラーメン。笑 相手はタイ料理行こうとしてたけどね。
1	@yukako99 ゆかこさん家の方も紹介しようと思ったけど場所をなんて説明すれば良いかわかんなかった笑
0	RT @HockeyBreakaway: 【アジアリーグ＠釧路】 日本製紙クレインズ 5 チャイナドラゴン 1 （試合終了）  首位クレインズ、試合中盤のペナルティキリングをしっかり守って2連勝。   本誌ご購読方法は：https://t.co/S43Jx7TpjD   #アイ…
0	日本でも応援ありがとうございます！今日は15:00Face Offです！ #チャイナドラゴン #gameday https://t.co/llRleOnucz
0	RT @HockeyBreakaway: 【アジアリーグ＠釧路】 日本製紙クレインズ 4 チャイナドラゴン 3 （OT／試合終了）  クレインズがFWジェフ・ラベッキオ選手の決勝ゴールで接戦を制して3連勝。   本誌ご購読方法は：https://t.co/S43Jx7TpjD …
0	NHLの試合でもフランス国旗が浮かび上げられています。まずはお亡くなりになられた方のご冥福をお祈り申し上げます。#PrayForParis https://t.co/X4ALw8woUf
0	RT @HockeyBreakaway: 【アジアリーグ＠釧路】 日本製紙クレインズ 2 チャイナドラゴン 3 （試合終了）  ドラゴンの連敗は9でストップ。   本誌ご購読方法は：https://t.co/S43Jx7TpjD   #アイスホッケー #alih
0	Away日本での初勝利！！！！！ そして首位クレインズに3-2の60分勝ち。 応援ありがとうございました！ 日本での残り3試合、また頑張ります。 #チャイナドラゴン #alih https://t.co/NhUjTEJFqt
0	RT @HockeyBreakaway: 【アジアリーグ＠苫小牧】 王子イーグルス  5 チャイナドラゴン 2 （試合終了）  イーグルスが第3ピリオドに3連続得点でドラゴンを振り切り3連勝。  本誌ご購読方法は：https://t.co/86ayBWYMLF #アイスホッケー…
1	RT @JRFUMedia: 【#Sakura7s】 いつも明るい笑顔でチームを支える(左から)安永華南絵アシスタントトレーナーと平井晴子トレーナー。  合宿レポはこちら https://t.co/3MvNUw92oa #rugbyjp  #美人過ぎるトレーナー https:/…
0	RT @HockeyBreakaway: 【アジアリーグ＠苫小牧】 王子イーグルス  9 チャイナドラゴン 1 （試合終了） イーグルス今季初の4連勝。10試合連続の勝点獲得。 FWステファン・ベイユ選手がリーグ初ゴール。  本誌ご購読方法は：https://t.co/86ay…
0	RT @HockeyBreakaway: 【アジアリーグ＠苫小牧】 王子イーグルス  5 チャイナドラゴン 1 （試合終了） イーグルスはFW寺尾裕道選手、FWステファン・ベイユ選手の2試合連続ゴールなどで5連勝。  本誌ご購読方法は：https://t.co/86ayBWYM…
0	今シーズンの日本での全試合が終了しました。次は北京でのホームゲームです！ これからもチャイナドラゴンへの応援よろしくお願いします。 #チャイナドラゴン #alih https://t.co/Lfz3v0qByY
0	RT @gonzayuma: J3優勝しました！  J2昇格！ レノファ山口を支えてくれた全ての方々に感謝しています👏最高です！ これからも応援よろしくお願いします！！！ https://t.co/fdaKTUimV1
0	RT @kiYOUmizudera: JFL昇格できました。応援ありがとうございます。これからも応援お願いします♡ https://t.co/JrOb5ap62h
0	Which type do you like? part1 #チャイナドラゴン https://t.co/anBPX7xWUv
0	Which type do you like? part2 #チャイナドラゴン https://t.co/wMudE6X4mq
0	RT @JRFUMedia: 【女子セブンズ日本代表（#Sakura7s）】  「女子7人制ラグビーアジア予選 第2戦 日本大会」決勝 カザフスタン戦、試合終了。リオデジャネイロオリンピック出場決定です！ FT: #JPN 14-7 #KAZ  #rugbyjp #RoadTo…
0	女子セブンス日本代表リオオリンピック出場決定おめでとうございます！！！ #Sakura7s #RoadToRio
0	RT @CSPark_soccer: 東京学芸大学 脇本 晃成選手(4年・サンフレッチェ広島Y)のカターレ富山来季加入内定が発表されました！おめでとうございます󾮞♪#kataller  #jufa  #sanfrecce  https://t.co/jgqNyWbNv6 htt…
0	RT @katallertoyama: この度、カターレ富山に東京学芸大学の脇本晃成（わきもと こうせい）選手が来季より新加入することが内定いたしました！... https://t.co/tRnSiPdGJJ
0	北京の空が驚くほどキレイ！さすが工場停止命令！！笑 https://t.co/gkRiUlGhUt
0	泣ける差し入れ。𠮷野家の牛丼しみる〜😭先輩あざす！！@kosuke73019 https://t.co/aqAX7YdiMo
0	RT @kosuke73019: 明日から北京シリーズvsHigh1👊💥 @yojiro0826 @10konchan https://t.co/tZMPgvBGZg
0	@yukako99 作ってるの見たことない。笑
0	@yukako99 オートミールしかない。笑 ANTA！！🇨🇳笑
0	RT @HockeyBreakaway: 【アジアリーグ＠中国・北京】 チャイナドラゴン 3 ハイワン 4 （試合終了）  ハイワンが逃げ切り勝ちで連敗脱出。マイケル・スウィフト選手がハットトリック。  本誌ご購読方法は：https://t.co/86ayBWYMLF #アイス…
-1	@yukako99 誰かには無縁の話ですね。
1	本日もGame Dayです！17:00Face Off！ インターネット中継は↓  https://t.co/3GsbfOPTGS  インストールが必要みたいですが是非！ #チャイナドラゴン #gameday https://t.co/Mx9tJLgc2F
0	RT @HockeyBreakaway: 【アジアリーグ＠中国・北京】 チャイナドラゴン 3 ハイワン 5 （試合終了）  ハイワンがFWマイケル・スウィフト選手の2得点などで2連勝。  本誌ご購読方法は：https://t.co/S43Jx7BOs5 #アイスホッケー #al…
-1	北京の空気がまたひどいことに…何日か警戒レベルが続いてます。今日から車の通行規制などが始まるとのこと。はあああ。曇りではないので見間違いなく笑 https://t.co/6ob5WAvE6Q
0	@yukako99 はい？なにか言いました？？
1	@mt725930 そうなんですよ。規制かければ一時的には良くなるんですけど…やっぱり国の先決課題だと思います！
0	RT @HockeyBreakaway: 【アジアリーグ＠中国・北京】 チャイナドラゴン 2 栃木日光アイスバックス 3 （OT／試合終了）  バックスがDF佐藤大翔選手の決勝ゴールで連敗脱出  本誌ご購読方法は：https://t.co/86ayBWYMLF #アイスホッケー…
0	RT @kosuke73019: 北京での試合がインターネット中継されています🎥 天天綫ってところで観ることができます💻📱 時差は日本より−1時間です！ https://t.co/X2fcbCTycP https://t.co/kwXeCcJAWj
0	RT @HockeyBreakaway: 【アジアリーグ＠中国・北京】 チャイナドラゴン 0 栃木日光アイスバックス 4 （試合終了）  バックスがGK春名真仁選手の今季初完封で、約2カ月ぶりの連勝！  本誌ご購読方法は：https://t.co/S43Jx7BOs5 #アイス…
0	RT @HockeyBreakaway: 【アジアリーグ＠中国・北京】 チャイナドラゴン 6 栃木日光アイスバックス 5 （OT／試合終了）  ドラゴンは連敗を8で止め、今季5勝目。  本誌ご購読方法は：https://t.co/S43Jx7TpjD #アイスホッケー #alih
1	バックス戦6-5のOT勝ちでした！！北京最終戦なんとか勝ち点取れて良かったです。これからチチハルに帰ります！ https://t.co/itzqvFW8kC
-1	@yukako99 したいけどむなしく国内線。笑
0	@yukako99 あ、北京なかった😨
0	@yukako99 でもスーパーじゃない？ああいうのって。
0	@yukako99 チチハルでも見てみるけどなさそう…笑 2月に上海行くんでそこならきっと……
0	@yukako99 たしかに。そんなに珍しいものでもないし…。山西にはなかったんすか？
0	@yukako99 カルフール行ったけど今回なかった！
0	@yukako99 チチハル戻ったら中国系のところで見てみます！
0	@yukako99 1000元で許す。
0	@kumiko_sakazaki お疲れさまです！またみんなでご飯でも行きましょう。
0	RT @nhk_news: 【速報 JUST IN 】サッカー女子 澤が現役引退を発表 https://t.co/m66IMvFbBI #nhk_news
0	RT @SJN_official: 五輪＝中国、2022年冬季五輪に向け大気汚染改善を約束（ロイター） - Yahoo!ニュース https://t.co/j8f3apu7O6 #Yahooニュース
0	今日は餃子だけっていうなんともツッコミどころ満載の寮の昼飯だったけど味はピカイチ！ https://t.co/iZMeNESFgg
0	@moriko30 え！おめでとう！！そして久しぶり笑
0	@yu_suketsuchiya お疲れさま。後半戦も頑張って！
0	RT @UnivRugbyJP: ＜DRS36⑪慶應義塾大学＞本日ご紹介するDRS36は、慶應義塾大学 の成瀬大知選手、湯沢　一希選手。慶應義塾大学がミスター大学選手権だと思う方はこの投稿をRT！#rugbyjp #UnivRugby #DRS36 #イケメン https://…
0	RT @HockeyBreakaway: ＜アジアリーグ＞現在の順位 1サハリン 勝点76（33試合） 2クレインズ 65（31） 3ハルラ 61（27） 4イーグルス 56（31） 5ブレイズ 50（31） 6バックス 43（31） 7ハイワン 36（28） 8サンム 18（…
0	@denchan71 ノナさんに有終の美を。澤さんと引けを取らないですねこれ。笑
0	Game day!! vs HALLA🇰🇷 久しぶりのチチハルでの試合。頑張りましょう！！ #チャイナドラゴン #gameday #homegame
0	RT @HockeyBreakaway: 【アジアリーグ＠中国・チチハル】 チャイナドラゴン 1 アニャンハルラ 3 （試合終了）  ハルラが3連勝。  本誌ご購読方法は：https://t.co/S43Jx7TpjD #アイスホッケー #alih
0	@P_chanx_x さすがパリピFamily
-1	@nam_joe1204 あのアシメの頃では無理な気が…
0	RT @albirex_pr: 2015シーズンまでレディース監督を務めた能仲太司氏のトップチームコーチ就任についてお知らせいたしました。なでしこジャパンテクニカルスタッフ、そしてレディース監督として得た経験を存分に発揮してもらえればと思います。 https://t.co/Ke…
0	楽しみだこれは。楽しみすぎる！
0	@kosuke73019 おっはよー😎
0	@Scorpion16mika そんな器じゃないですー笑
0	RT @HockeyBreakaway: 【アジアリーグ＠中国・チチハル】 チャイナドラゴン 3 デミョンサンム 2 （OT／試合終了）  ドラゴンがFW石岡敏選手の決勝ゴールで連敗を脱出。今季6勝目。  本誌ご購読方法は：https://t.co/S43Jx7TpjD #アイ…
0	RT @HockeyBreakaway: 【アジアリーグ＠中国・チチハル】 チャイナドラゴン 5 デミョンサンム 3 （試合終了）  ドラゴン、日本人4選手の得点などで今季初の連勝。  本誌ご購読方法は：https://t.co/S43Jx7TpjD #アイスホッケー #alih
1	サンム5-3、連勝です！今季7勝目！！ 今季チチハルでの最終戦、勝ちで終えられてよかったです！！ #チャイナドラゴン #アイスホッケー #アジアリーグ https://t.co/8GQmpIlEeL
0	RT @hockeyinasia: China Dragon goalie Han Pengfei first career win tonight. 1st Chinese goalie since Yu Yang in 07/08 to get a win in Asia …
1	今から中国に向けて出発です！北京まではANAなので今回はザ・ウォーク観よう。オデッセイも面白かったですよー！
1	@kosuke73019 どーでも良いけどお気に入りの数。笑
0	@kosuke73019 ちゃんとハチにも返信して！笑
0	新疆で初練習！この大会のために4つもスタジアム作って聖火も灯ってます🔥 https://t.co/pREjjPrFMy
0	RT @HockeyBreakaway: ＜アジアリーグ 23日現在の順位＞ ①ハルラ 勝点96（39試合） ②サハリン 91（39） ③クレインズ 78（40） ④イーグルス 68（39） 5ブレイズ 58（37） 6バックス 47（37） 7ハイワン 39（39） 8サンム…
0	ザ・ウォーク★★ オデッセイ★★★ マイ・インターン★★★★  俄然マイインターンがオススメ！って言ってもレンタル開始してると思うけど。 映画評論家か😏笑
0	@okajibombaye いやほんと思った！あれは観るべき！
0	@nam_joe1204 映画館で観たのは絶対最高！
0	CCTV(国営放送)デビュー笑 https://t.co/TrS7Hbqygz
0	RT @jfa_nadeshiko: 石垣での最後のトレーニングが始まりました。日本女子代表候補トレーニングキャンプ。 2/29〜3/9 大阪でアジア最終予選(リオデジャネイロオリンピック2016) #nadeshiko #jfa https://t.co/URiHYlDySt
0	全国冬季运动会男子冰球比赛！予選リーグ3勝で準決勝進出です！！ https://t.co/E718vpeAEH
0	準決勝、8-1で北京に勝利し明日決勝です！！ https://t.co/it0lr7pzNL
0	@yukako99 ホーキーポーキーってなに？？
1	@yukako99 うまそそそそう。飯も食べられるんですか？
0	@yukako99 たべたい！明日めぐさんとの感想教えて笑
0	champions!!! Final vs Haerbin 3-1 第13届全国冬季运动会、3大会ぶり優勝です！！！ https://t.co/dqZqx9b5ud
0	@yukako99 @P_chanx_x めぐさん頑張ろう！！
0	@yukako99 @P_chanx_x 相席屋って女の子は安いとこですよね？
1	@yukako99 @P_chanx_x それめちゃ良いじゃん！じゃあ行ったらどんな女の子来てたかチェックしてくださいね！
0	@kosuke73019 @10konchan ファイターズの試合チチハルでやるんすか？一般のファンの方ですよね？
1	ナオミとカナコが面白い！ 高畑淳子中国人女社長の評判良いけど、林さん日本語のリスニング完璧なのにあれだけ話せないのはあり得ない！！笑
1	@saeko904 ネットで見てます！面白いっすよねー！
0	@saeko904 雰囲気で言いたいこと分かりますけどあんなには理解出来ない笑
-1	RT @kosuke73019: ラスト牛乳プリン🍮  てか誰この人😥めっちゃ笑顔だけど邪魔でショーケース撮れない…😰 #牛乳プリン  #無添加  #のはず  #店長いい人  #店長宮川の友達  #事前予約もお手の物 https://t.co/FMSRmOtqKc
0	新年快乐👏 中国では春節の始まりです！ 外ではまだまだ花火、爆竹が終わりません笑 https://t.co/WfoxRcdxuI
0	RT @sapporo_i: アイスホッケー 【2016男子オリンピック 2次予選グループJ】情報！ 第2試合 日本vsクロアチア 試合終了 日本  3 クロアチア  0 シュート数 日本   10-23-10 計43 クロアチア   3-2-3 計8 ゲームベストプレーヤー …
0	RT @SJN_official: NATA公認アスレティックトレーナー(ATC)になるには https://t.co/4e7EYKc2iw @@rolfer_beさんから
0	RT @HockeyBreakaway: 【平昌五輪男子2次予選グループJ＠札幌】 クロアチア 0 日本 3 （試合終了）  日本、終盤にクロアチアを振り切って初戦勝利。  本誌ご購読方法は：https://t.co/S43Jx7TpjD #アイスホッケー
0	@kaoboo02 いつ行くの？
0	@kaoboo02 2/29,3/1だけね笑
0	@kaoboo02 クラブでも行こ。笑
0	@kaoboo02 違いますわ！笑 試合の帰りのトランジット！
0	RT @IIHFHockey: The Japanese celebrate another win, 7-0 vs. Romania, to set up final with Ukraine. https://t.co/GendY4v5iw https://t.co/Cgm…
0	RT @HockeyBreakaway: 【平昌五輪男子2次予選グループJ＠札幌】 日本 7 ルーマニア 0 （試合終了）  日本、快勝で2戦全勝。FW久慈修平選手が2得点の活躍。GK小野田拓人選手はフル代表デビュー戦で初完封。  本誌ご購読方法は：https://t.co/S…
0	RT @HockeyBreakaway: 【平昌五輪男子2次予選グループJ＠札幌】 日本 2 ウクライナ 1 （試合終了）  日本、平昌五輪最終予選進出！  本誌ご購読方法は：https://t.co/S43Jx7TpjD #アイスホッケー
0	RT @Japan_Olympic: アイスホッケー男子の2018年平昌冬季オリンピック予選の3戦目で日本は、ウクライナに2-1で勝ち3戦全勝。勝ち点9のグループ1位で9月の最終予選進出を決めました。 https://t.co/nyEQUEokce #オリンピック #アイスホッ…
0	RT @IIHFHockey: Also thanks to a stellar performance of goalie @44fuji Japan beat Ukraine 2-1 and advances. https://t.co/pcXqMSa0XH https:/…
0	RT @HockeyBreakaway: 【アジアリーグ＠中国・上海】 チャイナドラゴン 3 東北フリーブレイズ 5 （試合終了）  ブレイズが3連続得点でドラゴンを逆転し、連敗脱出。  本誌ご購読方法は：https://t.co/S43Jx7TpjD #アイスホッケー #al…
0	RT @HockeyBreakaway: 【アジアリーグ＠中国・上海】 チャイナドラゴン 4 東北フリーブレイズ 5 （OT／試合終了）  ブレイズが接戦を制して2連勝。ドラゴンの最下位が決定。  本誌ご購読方法は：https://t.co/S43Jx7TpjD #アイスホッケ…
0	RT @HockeyBreakaway: 【アジアリーグ＠中国・上海】 チャイナドラゴン 2 東北フリーブレイズ 6 （試合終了）  ブレイズが逆転勝利で3連勝。  本誌ご購読方法は：https://t.co/S43Jx7TpjD #アイスホッケー #alih
0	RT @NHL: The Minnesota alumni have a 2-1 lead over Chicago. #StadiumSeries  Watch: @NHLNetwork (US), FS-N,  CSN-CH. https://t.co/pZwG5e0lc5
0	RT @HockeyBreakaway: 【アジアリーグ＠ロシア・ユジノサハリンスク】 サハリン 3 チャイナドラゴン 2 （GWS／試合終了）  2位サハリン、7連勝もレギュラーリーグ1位獲得へ大きな勝点1を落とす。  本誌ご購読方法は：https://t.co/S43Jx7…
0	RT @HockeyBreakaway: 【アジアリーグ＠ロシア・ユジノサハリンスク】 サハリン 6 チャイナドラゴン 3 （試合終了）  2位サハリン、逃げ切り勝ちで8連勝。  本誌ご購読方法は：https://t.co/S43Jx7TpjD   #アイスホッケー #alih
0	RT @HockeyBreakaway: ＜アジアリーグ＞レギュラーリーグの順位が確定しました。1位はアニャンハルラ。来週は日本4チームによるプレーオフ・ファーストラウンドです！ 今日の結果、RL最終順位は：https://t.co/DcDQY86iIu #アイスホッケー ht…
0	RT @JAPANBASKETBALL: 大会：「第17回Wリーグ」プレーオフ・ファイナル結果  ★第1戦 JX-ENEOS ○ 71-54 ● 富士通  ★第2戦 富士通 ○ 103-78 ● JX-ENEOS  1勝1敗に。明日、代々木第2体育館にて第3戦が行われます。 h…
0	RT @HockeyBreakaway: ＜アジアリーグ＞プレーオフ・セミファイナル第2戦が行われ、アニャンハルラとサハリンが2連勝。日本2チームは窮地に。頑張れ！ 今日の結果は：https://t.co/Luh2ohjyME #アイスホッケー #alih https://t.…
0	RT @ai_otsuka99: 姉さん、李社長だけはユルシテアゲテ、、、AIO　#ナオミとカナコ
1	ナオミとカナコ最終回 原作は逃亡成功らしい。 だけどそのままだと世間的にNGだから最後はお姉さんのあの顔で想像してくださいパターンか。 最近面白いドラマは終わり方考えさせるの多い！！
-1	RT @ai_otsuka99: まさかの終わり方。 姉さん、、、半端ねぇっす。 AIO　#ナオミとカナコ
1	@25Mwk ほんとね！でもあの終わり方で良い気する笑
-1	@25Mwk あれで終わりっしょ！にしてもいちいち行動遅すぎ。とりあえずのんきに一泊するな笑
0	@MyorinDir1 それめちゃ思いました笑
-1	@MyorinDir1 吉田羊の演技力も半端なかったですね！最後の顔なんてもう。笑
0	@10konchan こんたん見てないの？？
0	@10konchan 女とばっか遊んでないでちゃんと観るとこみないと笑
0	@10konchan 今度最新キャスケット情報教えて！都内まで届いてないから！
0	@10konchan いや都内ね。
0	@nam_joe1204 あれ視聴率一桁台。笑
0	@nam_joe1204 ほらね笑
0	@kosuke73019 急ぐことを知らないでいつまでものんきな2人にイライラしたけどね。笑
0	@mt725930 さすがです！また色々教えてください！
0	@yu_suketsuchiya 明日で全て決まるんだ！！今日で4位？
1	@yu_suketsuchiya うわ、すんごいところでの僅差なんだ…
0	@yu_suketsuchiya しかも2点…勝負の世界だねー！
0	@yukako99 まだ言ってるよ笑 加藤ミリヤだっつーの。
0	RT @weekly_fb: 本日「週刊フリーブレイズ」では今季限りで引退される5.今城和智選手と50.木本栄人選手の収録を行います。ぜひ両選手へメッセージを！facebookのコメントかメッセージへ17:00まで。https://t.co/jTzgG2LWyY https:/…
0	@yukako99 出た富裕層の考え😒ナオトさんの正式名称知らないくせに笑
0	RT @Japan_Olympic: カーリングの世界選手権で、日本代表のLS北見が準決勝でロシアを破り決勝に進出、銀メダル以上が確定しました。日本のメダル獲得はオリンピック、世界選手権を通じて初の快挙です。https://t.co/EqxwVEuLsn #カーリング http…
0	RT @HockeyBreakaway: 【アジアリーグ／プレーオフ・ファイナル第2戦＠韓国・安養】 アニャンハルラ 2 サハリン 3 （1OT／試合終了）  サハリン、OT勝ちでタイに持ち込む。  本誌ご購読方法は：https://t.co/S43Jx7TpjD    #アイ…
1	サハリン勝ってきたか！プレイオフ面白いなー！
0	RT @HockeyBreakaway: 【アジアリーグ／プレーオフ・ファイナル第3戦＠韓国・安養】 アニャンハルラ 0 サハリン 4 （試合終了）  サハリン、完封勝利で初のアジアリーグ制覇に王手。  本誌ご購読方法は：https://t.co/S43Jx7TpjD    #…
0	フィギュアの世界選手権TD Garden会場だって！初めてNHL観戦した思い出のとこだ😆😆
0	RT @HockeyBreakaway: 【アジアリーグ／プレーオフ・ファイナル第4戦＠ロシア・ユジノサハリンスク】 サハリン 0 アニャンハルラ 1 （試合終了）  ハルラが土壇場で決勝点！決着は最終第5戦へ。  本誌ご購読方法は：https://t.co/S43Jx7Tpj…
1	プレイオフ決勝が面白すぎる！第5戦観たい😤😤
0	RT @HockeyBreakaway: 【アジアリーグ／プレーオフ・ファイナル第5戦＠ロシア・ユジノサハリンスク】 サハリン 3 アニャンハルラ 5 （試合終了）  ハルラ、5年ぶり3回目のアジアリーグ制覇！  本誌ご購読方法は：https://t.co/S43Jx7TpjD…
1	Halla champions👏👏🇰🇷 強かったなーー！！
0	@yu_suketsuchiya アメリカまで行ってたの？？？
0	@yukako99 いやなってないし認めません。どーせボールペン代わりに使ったんでしょ笑
0	@yukako99 変人…
0	@yukako99 顔のこと？笑
0	@yukako99 え…………(絶句)
0	@yukako99 Out👍
0	RT @JRFUMedia: 【日本代表】 本日行われた #ARC2016 韓国代表戦より、1試合で5トライを決めた日本代表の児玉健太郎選手。#rugbyjp https://t.co/V8SANVxoIe
0	@yukako99 セーラームーンコスプレ期待。
0	@10konchan 隣はどうせ女の子
-1	@kosuke73019 八王子でチチハルのジンギスカンを山梨出身の奥さんとただのでぶで食う。ね。
-1	足の母指の爪剥がれたよ、痛い。でも出血少ないもんなんだね。感染に気をつけなきゃ。
0	仕事のため青森到着。寒すぎる。今何月？ここ日本？やっぱり都会が良い。青森のみなさんごめんなさい笑
0	@kazuu_xxx いや逆に来てすぐ
0	@ymkaz21 行くっしょー！八戸まで2時間もかかるんすね。笑
0	@ymkaz21 たしかに八戸越えて来ましたわ！それっすね。
0	@ymkaz21 たぶん木曜とかまでっすかね！青森まで来てくれます？笑
0	@ymkaz21 行くなら帰り際っすよね！
0	@ymkaz21 了解です！！
0	@anemone_nirvana 自分も態本で検索かけたら出てて笑いましたww
1	青森から帰宅中🚅 疲れたけどそれなりに楽しかった！ かずきさん八戸行けずすいません🙏
1	RT @mt725930: 中国の小学生らしいですが見た目は完璧におっさんです。  栄養がなく、カロリーの多い物ばかりを食べる新型栄養失調ですが有害物質は脂肪分に溜まるので加齢などで太る事は病気にも繋がるって。  体調管理って大事。 https://t.co/BZdXzxydTv
0	RT @crz_official: ゴール裏には、先日急性白血病であることが発表されたアルビレックス新潟、早川史哉選手への激励メッセージが掲出されています。「がんばれ、早川史哉　大阪からも応援してます！」#cerezo #早川史哉 #albirex https://t.co/7…
0	RT @hockeyinasia: KHL Officially Announces Chinese Expansion Team - TSS for 2016-17 #alhockey https://t.co/fau4Dw0iTd
0	RT @IIHFHockey: Meet the Chinese @KHL expansion team as Beijing's Kunlun Red Star is taking shape. https://t.co/nj8Q1E29fj https://t.co/uMV…
0	griezmann
1	RT @HockeyBreakaway: ＜アジアリーグ＞日程が発表されました。今季は日本4チームによる集結シリーズが釧路、苫小牧などで5回開催される予定です。 開幕日、新チーム参加など詳しくは：https://t.co/Ba1n5Rf5IZ #アイスホッケー #alih ht…
0	@P_chanx_x いますよね、ほんとに。ありがとうは？って言うのもなんだし。笑
0	Cross Fit Games2016めちゃ見たいけどNetflixなのか…
0	@yu_suketsuchiya フィットネスの大会的な？ほんと超人。
0	@P_chanx_x まさに。しかもそれがいい年齢とかだと悲しくなる。
0	@kaoboo02 ありがとう。笑
0	4日ぶりにGo to China🇨🇳🛫
0	@nam_joe1204 やりたやりたい！てかこの後ろ姿なんじょーじゃん笑
0	@yukako99 食べたひ…
0	@yu_suketsuchiya お疲れさまです。
0	@nam_joe1204 これって対戦出来んの？？
1	@yukako99 絶対そう！インチョン空港で新しいイカキムチ買ったからいま満喫してます笑
0	@nam_joe1204 でもチチハル全然ポケモンいないらしい笑
0	@yukako99 今年はスルメ食べる！今シーズンは韓国が最後じゃないからお土産買えない😱
0	@yukako99 今年は北京土産なら…笑 月餅？笑
0	RT @claymoreberserk: 9週間に渡ってホエイとソイを比較したところ、ホエイのほうが少しだけ筋肥大効果は高かった。 https://t.co/hUdASBPRDl
0	@yukako99 はあ…これだから…
0	@yukako99 水着いらない！クッキングペーパーでも巻いておきな！
0	@yukako99 どうせ小豆しかないから大丈夫。それでも嫌なら海藻でも巻いといて。
0	リオにハイパフォーマンスセンター開設。選手村にバスタブないのはなかなかネックになりそう。  https://t.co/OieGpsCsFO
1	@yukako99 大丈夫、いつもよくわからないから。
-1	@taro8138 中国も基本的にはシャワーだけだからねー。やっぱりそれが根付いてる国ではなかなか取り付けるのは厳しいのかね？
1	@taro8138 そういうこともあるのか。あと氷とか調達十分にできるのかな？オリンピックだからさすがに大丈夫だろうけど、中東とかはいくらお金出してもこれしか出せないとかあるみたい。
1	セルフケアしながら昨日の好きこと観てる。 #オフなので #選手ではなく自分のケアを #スキコト https://t.co/3IHjrQNpAw
1	カレーライス最高😭😭 うますぎて心も満足🍛✨ チョンウェイありがとう！ https://t.co/i0gpUrxKXF
-1	@yukako99 梅酒2杯でって…。ダメだねほんと😰😰
0	@kosuke73019 その中身これらしい。 https://t.co/loNYgNpiJ4
0	@yukako99 それはヤバイ…笑 逆にゆかこさんにしてはそんな飲んだの珍しい！
-1	@kosuke73019 遠慮しないでまずこっちガラしてからその変な丸いやつ食いましょ。 https://t.co/XTCRJ2CtaW
0	@kosuke73019 おしゃれテラスに雪花ビール、最高っしょ。 https://t.co/SXej2xGLSy
1	@yukako99 いいだになにがあった！！笑
0	事務作業やってもやっても終わらない。ああオフ返上のパターンだよ😢😢
0	RT @daijapan: カッコイイ  RT @wwd_jp ラルフ ローレンがリオ五輪の米国代表選手ユニホームを発表 https://t.co/TBtQyvTR1u
1	@yukako99 潔い！！笑
-1	@hide5592yu42 なんかどんどんやらなきゃいけない事務作業が増えていくのです…仕事が遅いんですきっと😨笑
0	@yukako99 ドクターX的な。致しませんパターン。
0	@yukako99 深夜のマッサージは？
0	@yukako99 致しません。って言いなさい。笑
0	@yukako99 @yu_suketsuchiya 絶対びっくりしない。
0	@yukako99 なに女性力って。はじめてきいた。
1	RT @sy_littlelily: French leg-break gymnast Samir Ait Said back on his feet https://t.co/nHNcDWajnc こういう話もちゃんとシェアしないとね！派手に足を折ったフランスの体操選手、手術…
0	水谷すごかった！けど惜しかったなー。はじめてオリンピック感じたな今。笑 毎日重量上げと飛び込みと卓球、体操しかやってないよこの国🇨🇳
0	RT @JAPANBASKETBALL: 代表：【結果速報】#Rio2016 #basketball　予選A・第5戦  ■試合終了 #JPN ○ 79-71 ● #FRA  #AkatsukiFive 世界4位のフランスを破るも、得失点差でA4位で準々決勝へ。 https://…
0	女子バスケ、アメリカと準々決勝か！これは楽しみ！どんな戦いになるんだろう😍😍
0	RT @Japan_Olympic: 【DAY9】バスケットボール女子は1次リーグ最終戦で前回大会銀メダルのフランスに勝利。吉田亜沙美選手がチーム最多の24点をマークしました。準々決勝はB組1位のアメリカと対戦します。#がんばれニッポン #バスケ #Rio2016 https:…
0	RT @katsuyatakasu: ナイジェリアのサッカーチームがメダル取ったら褒美はいくら？って問い合わせが来たので「全員にもれなく、金メダル300万円、銀メダル200万円、銅メダル100万円を各自に手渡す」と伝えたぞなう。
0	@hoitter0926 増田明美じゃなくて？笑
0	@yukako99 ほんとに観たいですよね！！！
0	@hoitter0926 そう。松野明美には出来ない笑
0	@hoitter0926 9月だけど試合だけー😭
0	@hoitter0926 年末とかむしろない。笑 1月中旬かな！
0	@hoitter0926 ほーい、さん。
0	@yukako99 あ、うん。
1	@yukako99 冷静と言ってほしい。笑
1	レスリング3階級とも金。すごすぎる。今日の残り3階級どうなるんだ。
0	RT @Tokyo2020jp: #伊調馨 選手👏はオリンピック史上初の女子個人種目4連覇🎉  #登坂絵莉 選手👏と #土性沙羅 選手👏はオリンピック初出場での金メダルとなりました🎉 #Rio2016  #リオ2016 #Gold #JPN https://t.co/AVs9m…
1	卓球決勝もすごいことに。会場の声援が日本寄り。行けーーー！！🇯🇵
0	@25Mwk 仕事ー？
0	@25Mwk そういうパターンあるよね笑
0	水谷勝った！マッチポイント3回しのいで5連続ポイント！！ 中国から１勝！！
0	RT @Olympics: The Olympic flag has been handed over to Tokyo, the next Olympic city! #RioToTokyo #Tokyo2020 #ClosingCeremony https://t.co/l…
1	@denchan71 え、そうなんすか！？良かったあのクールな感じ！！クールジャパン！笑
0	@denchan71 メンバー選考ナイスすぎる。そして土管から安倍さん。笑
0	RT @Olympics: Amazing from #Tokyo2020! #RiotoTokyo #ClosingCeremony https://t.co/1L10VkarxN
0	RT @Tokyo2020jp: 閉会式フラッグハンドオーバーセレモニー出演者の皆さんです。本当にお疲れ様でした。東京2020大会に向けた最初の一歩がまさに踏み出されました！ #RiotoTokyo https://t.co/yxnAFzwsUD
0	@yukako99 相席屋か。
0	@25Mwk 楽しみー笑
0	omg😨0-9とは… https://t.co/UN7V35agkm
-1	@yukako99 裸はそろそろやめなー、30だし。まな板に小豆だし。見る方に失礼だよー。
0	@yukako99 トータル3
0	@yukako99 ああどら焼きの皮に小豆か、ごめん。
0	@yukako99 ほらね、結局トータル2でストップ。
1	@yukako99 特別に生クリーム乗せてあげる♡
0	@yukako99 裸で外歩いたからマイナス5
1	@yukako99 大丈夫中に入れてもどーせすぐ潰れるから。
-1	@yukako99 日本人女性として日本語下手なのはマイナス7
-1	@yukako99 うるさいからもうわたあめにしてあげる！
0	@yukako99 気づいた？まだマイナスって。
0	@yukako99 こんなやりとりつっちーに見られたら怒られるよ。
0	@yukako99 プラスになったら対応考えます。
0	@yukako99 つっちーは仕事なうだよ。
0	@yukako99 ごめんなさい、プラスになったことありません。
0	@yukako99 ラジオ体操？スティム？ばばあとは違うの。byつっちー
0	@yukako99 あやまるしかできない。
0	@yukako99 天の声。
0	@yukako99 めぐさんに聞いて。
0	@yu_suketsuchiya @yukako99 タイムラインに流れてたよ、30歳のわたあめに小豆の女性らしき人が恵比寿徘徊してるって。
0	@yukako99 @yu_suketsuchiya そして女性らしき人。はっきりとは断定してもらえてない。
-1	@yukako99 @yu_suketsuchiya その前にこのくだらなすぎるやりとりをつっちー止めて！！
1	@yukako99 @yu_suketsuchiya 逆に丁寧に扱ってくれる人いましたっけ？
0	@yukako99 @yu_suketsuchiya 愛されキャラ？くまもん？まな板もん？裸もん？小豆もん？おばもん？どれ？
0	@yu_suketsuchiya @yukako99 ほんとに意味はない。でも今チチハルじゃなくて吉林にいますからーー
-1	@yukako99 @yu_suketsuchiya いやくまもんは先約ありでした、残念。
0	@yukako99 @yu_suketsuchiya いや吉林省知らない？
0	@yukako99 @yu_suketsuchiya じゃおばもんで。
0	@yu_suketsuchiya @yukako99 もうスルーするしか方法ない笑
0	@yukako99 @yu_suketsuchiya 黒竜江省の下笑
0	@yukako99 @yu_suketsuchiya どっちにしろね。笑
0	@yukako99 @yu_suketsuchiya つちやしスルーの報告。
0	@yukako99 @yu_suketsuchiya さすがアークフレンズ。まだ試合時間3秒残ってます。
0	@yu_suketsuchiya @yukako99 やべ。てことは 宮川78-16飯田 か、今は。
1	RT @HockeyBreakaway: ＜平昌五輪最終予選E＞日本の初戦の相手ドイツはNHL選手を7人擁する強豪。堅い守りで、バンクーバー五輪最終予選初戦のリベンジを！  注目の「ドイツ×日本」戦はラトビア・アリーナリガで日本時間21時30分フェイスオフ！  五輪最終予選は4…
0	ロシアW杯アジア予選のあとは、平昌オリンピックアイスホッケー世界最終予選、日本vsドイツです🇯🇵🇩🇪 オリンピック出場に向け奮闘する日本代表、応援してください！！
0	RT @HockeyBreakaway: 【アジアリーグ＠中国・吉林】 チャイナドラゴン 1 アニャンハルラ 4 （試合終了）  本誌ご購読方法は：https://t.co/S43Jx7BOs5    #アイスホッケー #alih
0	RT @HockeyBreakaway: 【アジアリーグ＠中国・吉林】 チャイナドラゴン 3 アニャンハルラ 6 （試合終了）  本誌ご購読方法は：https://t.co/S43Jx7BOs5    #アイスホッケー #alih
0	RT @HockeyBreakaway: 【アジアリーグ＠中国・吉林】 チャイナドラゴン 1 アニャンハルラ 6 （試合終了）  本誌ご購読方法は：https://t.co/S43Jx7TpjD    #アイスホッケー #alih
0	RT @gs_performance: ケツやハムを使うテクニックでスクワットやランジ運動を行っても内側広筋や大腿四頭筋にも筋肉痛が来る。 これはテクニックミスではなく、人体が足腰の後側を使えば自動的に前側の筋群も使われるようにできているからだ。 でも逆は起きない。 だから後側…
-1	これだからCA便はダメだ。 明後日試合だよ😤😤あ、日本なうです。
0	@Scorpion16mika 楽しみにしてます！
0	RT @HockeyBreakaway: 【アジアリーグ＠日光】 栃木日光アイスバックス 4 チャイナドラゴン 3 （試合終了）  本誌ご購読方法は：https://t.co/S43Jx7TpjD #アイスホッケー #alih
0	RT @HockeyBreakaway: 【アジアリーグ＠日光】 栃木日光アイスバックス 6 チャイナドラゴン 2 （試合終了）  本誌ご購読方法は：https://t.co/S43Jx7TpjD #アイスホッケー #alih
0	RT @icehockeystream: チャイナドラゴンが劇的な勝利！終了間際に続いたペナルティのチャンスで勝ち越しゴール！ https://t.co/jWwdXv1M0m
0	RT @HockeyBreakaway: 【アジアリーグ＠日光】 栃木日光アイスバックス 3 チャイナドラゴン 4 （試合終了）  本誌ご購読方法は：https://t.co/S43Jx7TpjD #アイスホッケー #alih
0	RT @n_o_m_u_r_a: 月9最終回。最後は冬真と美咲が結婚します。 https://t.co/0uqv6kpmdz
0	@yukako99 @yu_suketsuchiya 一回り違った結果、30だよ。ってつっちーそんなこと言わないの！！
-1	@yu_suketsuchiya @yukako99 たしかにそこ敬わないとね。三十路っていう言葉もあるくらいだしやっぱり30年生きてる人は貫禄あるよね、そりゃ化粧も下手だわ。
0	@yu_suketsuchiya @yukako99 だってすず広瀬とゆかこ飯田比較したらそりゃあね、かよこ大久保とかの間違いでなく？
1	@yukako99 @yu_suketsuchiya レスポンスの速さも30越えると格段に落ちるって研究結果あるらしいよ。
0	@yu_suketsuchiya @yukako99 20代最高ーーー！って言えるうちに言っとこ。
-1	RT @korosuke_53: J2通算100試合出場を達成することができ、節目の試合でゴールも決めることができました。これからももっともっとたくさんのことをコツコツと積み重ねていきたいと思います。 今の厳しい状況を、みんなで乗り越えましょう！ 台風にもお気をつけて^^;
0	RT @HockeyBreakaway: 【アジアリーグ＠八戸】 東北フリーブレイズ 11 チャイナドラゴン 4 （試合終了）  本誌ご購読方法は：https://t.co/S43Jx7TpjD #アイスホッケー #alih
0	@yu_suketsuchiya がんばれー！
0	八戸で今日ミスチルのライブがあったとは。。。
0	@kosuke73019 カバンでかくね？
1	RT @Japan_Olympic: レスリングの伊調馨選手が出身地の青森県八戸市でパレード。集まった約4万人から祝福を受けました。また八戸市から市民特別栄誉大賞が贈られ「ここで生まれ育って本当によかった」と話しました。 https://t.co/pHetrTlVCu #レスリ…
0	やっぱり日本に住みたいと心から思った遠征。笑 今日のフライトで北京へ✈️そのあと韓国遠征です🇰🇷
1	@yukako99 バンコクも良いけどやっぱ日本でしょー
0	@nopa610 1月に少し帰るよ🐸
0	なんて荷物の量@羽田空港 https://t.co/hjtbmGHyjp
0	@yu_suketsuchiya 合計52個…。新しい防具とかスティックも買ってるから余計に増えるの。
0	@shotana22 what the fuck
0	@coco0310812 こちらこそありがとうございました！またよろしくお願いします😉
0	@kosuke73019 今ストレスフルだからヤバイっすよ笑
0	6:30AMに出発して1:30AMホテル着。八戸→羽田→北京のDoor to doorでなんと19時間…なんて日だ😲😲
1	@yukako99 リプライの速さ◎
-1	@yukako99 脚太いからのノーメイク。寒いと思ったらアンダーアーマー中に着る。ああ女子力のなさ。
0	@yukako99 行こう！
1	本日も長旅お疲れさまでした。無事韓国入り。焼肉ーーーーー😉😉😉とテンションは上げておく。おやすみなさい。
0	@yukako99 まあ今日から韓国だからイカキムチ存分に楽しんでくる笑
1	@yukako99 たまにはそれくらいしないとさ笑 うらやましいだろーーー
0	@yukako99 おいでー笑
-1	@yukako99 2日くらい休み取りな。施術後にお客様にどんなキムチ提供しようか考えてるんでって言えば問題なーい
0	RT @NHL: The Champions. #WCH2016 https://t.co/IOxu7XxMaw
0	RT @HockeyBreakaway: 【アジアリーグ＠韓国・仁川】 デミョンキラーホエールズ 4 チャイナドラゴン 5 （OT／試合終了）  本誌ご購読方法は：https://t.co/S43Jx7TpjD #アイスホッケー #alih
0	RT @chinaicehockey: 5:4 OVT WIN! https://t.co/noIvDEjGwQ
1	@yukako99 マッサージスクールって誰でも買えるんですか？
0	@yukako99 パタヤでホテル取るってこと？
0	@yukako99 カー？
1	RT @mitsuki_tamago: とと姉ちゃん  テレビの前のみなさんにテレビ画面を引っぺがして、現場の仲の良さをエッヘンと見せつけたいくらいの、爽やかな、素晴らしい、チームでした。私に足りない爽やかさを、みんなで補ってくれるような、笑  ここでも沢山の、嬉しい言葉が私の…
0	RT @HockeyBreakaway: 【アジアリーグ＠韓国・仁川】 デミョンキラーホエールズ 5 チャイナドラゴン 3 （試合終了）  本誌ご購読方法は：https://t.co/S43Jx7TpjD #アイスホッケー #alih
0	RT @Tokyo2020jp: 本日の朝刊はご覧になりましたか？ 読売新聞、朝日新聞、日本経済新聞、毎日新聞の朝刊に、東京2020大会に向けた広告が掲載されています。コンセプトは「次へ」！ #Tokyo2020 https://t.co/Xej3O6Ij4c
0	Daemyungとの3連戦が終わり明日からHigh1との3連戦です！ 10/7   19:00 faceoff 10/8   19:00 faceoff 10/10 19:00 faceoff 応援よろしくお願いします😁✨ https://t.co/1jUXZosyoi
0	RT @HockeyBreakaway: 【アジアリーグ＠韓国・高陽】 ハイワン 6 チャイナドラゴン 4 （試合終了）  本誌ご購読方法は：https://t.co/S43Jx7TpjD    #アイスホッケー #alih
0	約1ヶ月の日本→韓国遠征が終了しました。2勝10敗。あと2つは勝てたなー😢😢 明日チチハルに戻って3日後からまた6連戦です！ https://t.co/b6CCixIH6Z
0	@yukako99 でも荷物いっぱい。笑 今年クリスマス韓国だから次買う！
0	@yukako99 イカキムチケーキに辛ラーメンとキンパにするわ笑
-1	今日しれっと初雪観測してきたけどなんなんこの寒さ。
0	RT @HockeyBreakaway: 【アジアリーグ＠中国・チチハル】 チャイナドラゴン 5 王子イーグルス 4 （OT／試合終了）  本誌ご購読方法は：https://t.co/S43Jx7TpjD #アイスホッケー #alih
0	RT @HockeyBreakaway: 【アジアリーグ＠中国・チチハル】 チャイナドラゴン 0 王子イーグルス 1 （試合終了）  本誌ご購読方法は：https://t.co/S43Jx7TpjD #アイスホッケー #alih
0	准备好了。明天我们去哈萨林比赛完以后去上海 ✈︎🇷🇺✈︎🇨🇳 明日からロシア・サハリン遠征。そのまま上海での6連戦に入ります。 3週間分の準備って読めなすぎる… https://t.co/7DE6CZrdGC
1	RT @KEIORUGBY1899: 10日間お送りしてきた4年生による早慶戦カウントダウンも、本日最終日を迎えました。 明日の早慶戦、部員一丸となって6年ぶりの勝利を掴んで参ります。皆様ぜひ秩父宮に足をお運びいただき、熱いご声援のほど宜しくお願い致します！！ https://…
0	RT @HockeyBreakaway: 【アジアリーグ＠中国・上海】 チャイナドラゴン 2 東北フリーブレイズ 6 （試合終了）  本誌ご購読方法は：https://t.co/S43Jx7TpjD #アイスホッケー #alih
0	RT @HockeyBreakaway: 【アジアリーグ＠中国・上海】 チャイナドラゴン 1 東北フリーブレイズ 9 （試合終了）  本誌ご購読方法は：https://t.co/S43Jx7TpjD #アイスホッケー #alih
0	RT @HockeyBreakaway: 【アジアリーグ＠中国・上海】 チャイナドラゴン 3 東北フリーブレイズ 4 （試合終了）  本誌ご購読方法は：https://t.co/S43Jx7TpjD #アイスホッケー #alih
0	RT @HockeyBreakaway: 【アジアリーグ＠中国・上海】 チャイナドラゴン 10 ハイワン 2 （試合終了）  本誌ご購読方法は：https://t.co/S43Jx7TpjD #アイスホッケー #alih
0	初の2桁得点で4勝目！ 明日の中日を挟んで残り2戦、また勝てるようにサポート頑張ります。 https://t.co/5pYFn09bYk
0	#31 #BarneyScott 現在アシストランキング1位です！ チャイナドラゴンから1位って初じゃないかな。笑 https://t.co/TVjhtyBwSI
0	RT @HockeyBreakaway: 【アジアリーグ＠中国・上海】 チャイナドラゴン 2 ハイワン 6 （試合終了）  本誌ご購読方法は：https://t.co/S43Jx7BOs5 #アイスホッケー #alih
1	毎年1月に開催されてた日体協AT研修会今年はやらないって、じゃあどうすれば良いんだよ単位…
0	@scrumtry2 毎回シーズン中でなにも出られてなくて今年ちょうど日本いるタイミングだったんで行こう！って思ってたのに…。7月もいないんです…
-1	@scrumtry2 ほんと、資格更新しないともったいなさすぎます！どうにかします！！
-1	@P_chanx_x 残念すぎるんですけど。3年目でやっと行けると思ってたのに😢
1	大事に大事にとっておいた校閲ガール最終回を観て案の定校閲ロス😢😢 面白いドラマだったなー。 #校閲ロス
1	@hide5592yu42 ですよね、あの可愛さ。そしてあの性格。あー素晴らしい☺️
0	@nam_joe1204 徹夜明けなのにあれだけ顔崩れないあたりとかね笑
0	RT @HockeyBreakaway: 【アジアリーグ＠中国・チチハル】 チャイナドラゴン 3 サハリン 11 （試合終了）  本誌ご購読方法は：https://t.co/S43Jx7TpjD #アイスホッケー #alih
0	RT @HockeyBreakaway: 【アジアリーグ＠中国・チチハル】 チャイナドラゴン 1 サハリン 7 （試合終了）  本誌ご購読方法は：https://t.co/S43Jx7TpjD #アイスホッケー #alih
0	RT @HockeyBreakaway: 【アジアリーグ＠中国・チチハル】 チャイナドラゴン 5 サハリン 8 （試合終了）  本誌ご購読方法は：https://t.co/S43Jx7TpjD #アイスホッケー #alih
0	RT @HockeyBreakaway: 【アジアリーグ＠韓国・安養】 アニャンハルラ 8 チャイナドラゴン 2 （試合終了）  本誌ご購読方法は：https://t.co/S43Jx7TpjD #アイスホッケー #alih
0	RT @HockeyBreakaway: 【アジアリーグ＠韓国・安養】 アニャンハルラ 8 チャイナドラゴン 3 （試合終了）  本誌ご購読方法は：https://t.co/S43Jx7TpjD #アイスホッケー #alih
0	2016年と最後ということで、 20分バイク漕いで16本階段ダッシュでフィニッシュ！！ 1年間ありがとうございました😊 https://t.co/rWyQ9xDHlL
1	RT @korosuke_53: 讃岐のみなさん、今まで本当にありがとうございました。いつも温かく応援してくださったことは必ず忘れません。讃岐での経験を活かして頑張ります！盛大なブーイングで迎えていただくというのも、一つの夢でした。またスタジアムでお会いしましょう！
0	@kosuke73019 シコさんもう今存在感なさすぎてチリと化してるから却下。
0	@yukako99 待って、なぜ108本。
0	@yukako99 107本の間違えね😉
-1	@yukako99 そういうことね。でも108本て無理でしょ笑
1	@yukako99 1日かけてって…すごすぎ。ゆかこさんはポテチ108袋とか？
0	@yukako99 スイム108本に対抗するならそれくらいやらないとね笑
0	@yukako99 階段ダッシュ残り92本か…😫
0	@yukako99 筋肉痛で寝正月になるわ笑
0	@yukako99 なにを知ってんの笑
0	@yukako99 ゆかこさんにバカにされるからね😑
0	@kie_cia 毎年1年かけて毒溜めてんだよ😂
1	@oppeeeee タイうらやましーー！
0	@cyami827 東川口に作るならどのあたり？なんか思いつかない笑
-1	紅白歌合戦をLIVE観られるなんて😭😭お願いだからWiFi遅くならないで🙏
-1	@cyami827 そういう事ね。そうしたら駅直結でそのまま埼玉高速鉄道にも外に出ずに行けると良さげ！軽い駅ビル的にして地下のセブンのとこともう1店舗くらい店入れたら活性化するんじゃない？
1	@cyami827  そうするとりそな銀行に出るビルとアサヒだっけ？ジムのビルも全部いけるとなお良い！笑
0	@P_chanx_x 「何名さまですか？」「2名さまです。」パターンね😅笑
1	冬季アジア大会の日本選手団旗手が豪さん👏👏アイスホッケーから選ばれるのは嬉しい！
0	@shotana22 3兄弟は上から豪、シコー、遼でしたっけ？
0	@shujiman08 1番後ろにただの子供いますけど笑
0	@masa17_07 もう中国いますそのとき😭😭
0	RT @NHL: Ready to fly. #NHLAllStar https://t.co/BNdFwjyiJC
0	RT @hockeyinasia: Korea is hosting a EIHC 2/9-2/11 2/9 14:30 🇭🇺 vs 🇯🇵 19:00 🇰🇷 vs 🇩🇰  2/10 14:30 🇯🇵 vs 🇩🇰 19:00 🇰🇷 vs 🇭🇺  2/11 13:00 🇩🇰 vs…
0	RT @JPN_Ice_Hockey: 【第２８回ユニバーシアード冬季競技大会男子アイスホッケー】  ２月７日　７、８位決定戦  日本4　vs　5スウェーデン （1-3,2-1,1-1)  【得点】  06:49　スウェーデン　　　　　　　　　　　　　　（EQ)... http…
0	RT @HockeyBreakaway: 【平昌五輪女子最終予選D＠苫小牧】 🇦🇹オーストリア 1 🇯🇵日本 6 （試合終了）  本誌ご購読方法は：https://t.co/S43Jx7TpjD    #アイスホッケー
0	18時からvsドイツ🇩🇪戦！ 勝って平昌へ！！ Go! Smile Japan!!🇯🇵 #スマイルジャパン #アイスホッケー女子日本代表 #世界最終予選
0	RT @olympicchannel: 🏒 Women's Olympic Qualifiers   🔥🇩🇪 vs 🇯🇵 🔥   1️⃣ game decides the ticket to #Pyeongchang2018   Vote who is going to win…
0	RT @HockeyBreakaway: ＜平昌五輪女子五輪最終予選D＞苫小牧市・白鳥王子アイスアリーナでは、日本・ドイツ両チームがウォーミングアップを終えました。 18時からいよいよ、平昌五輪出場権を懸けた一戦「日本🇯🇵×ドイツ🇩🇪」です。勝者が五輪へ。Let's go, S…
0	RT @icehockey_ch: 運命のドイツ戦はこの後18:00〜 頑張れ、スマイルジャパン！  中継はこちら https://t.co/n0Cc4Hz540 #スマイルジャパン https://t.co/jVfRVHP963
0	RT @HockeyBreakaway: 【平昌五輪女子最終予選D＠苫小牧】 🇯🇵日本 2 🇩🇪ドイツ 1 （第2ピリオド終了）  本誌ご購読方法は：https://t.co/S43Jx7TpjD    #スマイルジャパン #アイスホッケー
0	RT @HockeyBreakaway: 【平昌五輪女子最終予選D＠苫小牧】 🇯🇵日本 3 🇩🇪ドイツ 1 （試合終了）  おめでとう、スマイルジャパン！ 平昌五輪出場権獲得！！  本誌ご購読方法は：https://t.co/S43Jx7TpjD    #スマイルジャパン #ア…
0	🇯🇵3-1🇩🇪 平昌オリンピック出場決定！！ おめでとうございます✨✨ アイスホッケーがもっと注目されますように！！ #スマイルジャパン #アイスホッケー女子日本代表 #世界最終予選 https://t.co/HIIrsYzWHQ
0	RT @IIHFHockey: Japan has done it! The women's national team beat Germany 3-1 and will compete in the @pyeongchang2018 Olympic Games https:…
0	RT @olympicchannel: Game 1️⃣: ✔️ Game 2️⃣: ✔️ Game 3️⃣: ✔️  @JPN_Ice_Hockey 🇯🇵🏒goes to @Pyeongchang2018❗️ #SmileJapan @IIHFHockey @Japan_Ol…
0	ネイティブスピーカーでも間違うLとR、恥ずかしいミス事例集（＠ＤＩＭＥ） https://t.co/WUKYqADHNg
1	@yukako99 大好きすぎる❤️
-1	@yukako99 2個くらい1ヶ月の間保管しといて😂
-1	＜東京マラソン＞安易な服用は危険　レース時の痛み止め（毎日新聞） https://t.co/dS6K0Ya8fF
0	他人の服に残る柔軟剤は「毒ガスの苦しみ」　理解されない化学物質過敏症の患者（産経新聞） https://t.co/ecn1Sk7pVS
0	@mt725930 重症化パターンは少ないんだと思いますけど、この過敏症を持ってる人は意外と多いと思います！でも個人的な好き嫌いで済まされがちですからね…もっと周囲の理解が進まないとなかなか解決出来ない問題でもありますよね。
0	RT @HockeyBreakaway: 【アジアリーグ＠中国・北京】 チャイナドラゴン 1 栃木日光アイスバックス 2 （GWS／試合終了）  本誌ご購読方法は：https://t.co/S43Jx7TpjD #アイスホッケー #alih
0	RT @HockeyBreakaway: 【アジアリーグ＠中国・北京】 チャイナドラゴン 1 栃木日光アイスバックス 6 （試合終了）  本誌ご購読方法は：https://t.co/S43Jx7TpjD #アイスホッケー #alih
0	RT @HockeyBreakaway: 【アジアリーグ＠中国・北京】 チャイナドラゴン 1 栃木日光アイスバックス 3 （試合終了）  本誌ご購読方法は：https://t.co/S43Jx7TpjD #アイスホッケー #alih
0	RT @HockeyBreakaway: 【アジアリーグ＠中国・北京】 チャイナドラゴン 3 デミョンキラーホエールズ 1 （試合終了）   本誌ご購読方法は：https://t.co/S43Jx7TpjD   #アイスホッケー #alih
0	さすがキングカズ。 中国の国営放送(CCTV5)でもニュースになるなんて😳 https://t.co/mWE8kpEfvw
-1	@kosuke73019 そのユニクロのダウン(チチハルでつかってたやつ)いい加減捨てたら？
0	RT @HockeyBreakaway: 【アジアリーグ＠中国・北京】 チャイナドラゴン 4 デミョンキラーホエールズ 3 （OT／試合終了）   本誌ご購読方法は：https://t.co/S43Jx7TpjD   #アイスホッケー #alih
0	RT @HockeyBreakaway: 【アジアリーグ＠中国・北京】 チャイナドラゴン 2 デミョンキラーホエールズ 1 （試合終了）   本誌ご購読方法は：https://t.co/S43Jx7TpjD   #アイスホッケー #alih
0	昨日のデミョン戦で2016-17シーズンを終了しました。 最後のデミョンとの3連戦は3連勝、そしてチャイナドラゴンとして同一カード初の勝ち越しでシーズンを終えられました。 今シーズンもたくさんのサポートありがとうございました。 https://t.co/PYxCO3AhUo
0	イチローが語る休日の過ごし方とは？ https://t.co/k35rqFoQBu
0	RT @HockeyBreakaway: 【アジアリーグ・プレーオフ・ファーストラウンド第2戦＠苫小牧】 王子イーグルス 5 栃木日光アイスバックス 6 （試合終了）   本誌ご購読方法は：https://t.co/S43Jx7TpjD   #アイスホッケー #alih
0	RT @NIKKOICEBUCKS: アイスバックス、プレーオフ ファーストラウンド連勝で突破！このまま快進撃を続けましょう！まだまだホッケーができるぞ！優勝目指して、We Believe！！  #icebucks https://t.co/qz1fQK5R3y
0	RT @HockeyBreakaway: ＜アジアリーグ＞東北フリーブレイズと栃木日光アイスバックスがプレーオフ・セミファイナル進出を決めました！ 試合結果は：https://t.co/C16RHGhdnd https://t.co/T2fTNxofYi
0	RT @HockeyBreakaway: 【アジアリーグ／プレーオフ・セミファイナル第2戦＠ロシア・ユジノサハリンスク】 サハリン 2 栃木日光アイスバックス 3 （試合終了）   本誌ご購読方法は：https://t.co/S43Jx7TpjD   #アイスホッケー #alih
0	RT @HockeyBreakaway: 【アジアリーグ／プレーオフ・セミファイナル第3戦＠韓国・安養】 アニャンハルラ 4 東北フリーブレイズ 1 （試合終了）   ハルラのファイナル進出が決定。  本誌ご購読方法は：https://t.co/S43Jx7TpjD   #アイ…
0	RT @HockeyBreakaway: 【アジアリーグ／プレーオフ・ファイナル第1戦＠韓国・安養】 アニャンハルラ 6 サハリン 2 （試合終了）  本誌ご購読方法は：https://t.co/S43Jx7TpjD #アイスホッケー #alih
0	RT @HockeyBreakaway: ＜アジアリーグ＞プレーオフ・ファイナルでアニャンハルラがサハリンに3連勝して、2年連続4回目（単独では3回目）のアジアリーグ制覇！ プレーオフMVPはハルラのGKマット・ダルトン選手です。 試合結果、最終順位などは：https://t.…
1	ランニングは「ウェイトトレーニングの後」にした方が良い理由 https://t.co/KjTfGeX2Lq
0	RT @HockeyBreakaway: 【世界選手権ディビジョンIグループA＠ウクライナ・キエフ】 🇰🇷韓国 2 🇺🇦ウクライナ 1 （GWS／試合終了）   韓国、来季のトップディビジョンを決める！  本誌ご購読方法は：https://t.co/S43Jx7TpjD…
0	RT @gogo_impulse: 【試合結果】 グリーンボウル決勝は55-3で勝利！ MVPはRB#33横田選手！  暑い中たくさんの応援ありがとうございました！  【神戸ボウル】 2017.6.4(日) 14時KO vs関西学院大学ファイターズ @王子St  次戦もインパル…
0	ああ、今日トレーニング出来なかった…さあ明日からやらないと！！
0	https://t.co/Q5aDo83ygh
