0	@Hiro_bknb0907 わーなんかくるくるしてるーと思って眺めてたよ（笑）
0	@Hiro_bknb0907 なるほどな！がんばれさいとうくん！
-1	誰かイブかバファリンをキリストに持ってきて(訳:生理痛つらくて死にそう帰りたい)
1	キリストはバレーボール大会なるものがあるんだが、それの優勝賞品去年ディズニーチケットだったらしくてものすごく大学生すごいと思いましたね。
0	やった！！！！！！！！！！ペヤング再開！首都圏のみだけど！！！！
0	花粉症でなのかはしらんけど目痒すぎて死にそう目開かないむしろ開けたくない
-1	こんなクソ寒いのに学校がスカートで来なさいとかいうからもうほんと凍え死にそう
-1	まじで寒すぎるでしょ。
-1	靴擦れ起こす一歩手前くらいになったのでいまどき女子風な靴下購入したら足細く見えるしなにより今どき感溢れててものすごく感動したわ
0	つーかなんか花火あがってんのなに？
-1	後ろから変な人付いてくるから死んだかもしれん。
0	早足になって距離とったらUターンしていなくなったからまじでやばかった気がする（笑）
0	けどさ、リュックから長ネギ飛び出してるからあんま人通りある道行きたくないんだよね…
1	@_gzrichpp123 いざってときは奇声あげながら全力疾走する準備出来てるから多分平気！
-1	@_gzrichpp123 なかむらだよ？女神だよ？たとえ声でなかったとしても逆に威嚇するくらいはできるよ？(絶対ムリ腰抜かす気をつけるよありがとう。)
0	@_gzrichpp123 そうだよね…みんなの女神だからね…　もう寂しがりなあさみたんめ💕💕あさみの家行くまで死ねないから平気🙆♥
0	@_gzrichpp123 呼ばれなくても行くから期待してて💓
0	日立の桜まつりきたから皆見かけたら声かけてね( ✧д✧)ｷﾗｰﾝ
1	ヨーカドーの磯山純さんのやつ間に合わなくてしょげてたらすれ違ってすごいびっくり。
1	毎年恒例の桜まつりでのロックですが、多分うちの弟のチームが一番かっこいい。(ブラコンじゃないです。) http://t.co/vF2I7xdtpv
0	ごめんなさい頭沸騰中です。
0	@tkms8329 うん！！！！
0	@tkms8329 そうだよあごちゃん！！
0	いやほらさすがに名前はちょっとあれだよ（笑）
0	マグカップ叩きつける系女子
0	@tkms8329 ほんとに！！！それ！！！そろそろ学習能力つけてほしい！！
-1	@tkms8329 言ってた！3回くらいもう聞いた！しかし！まだ懲りない！
-1	@tkms8329 そのくせ別れ話になっても別れたくない！ってなるから余計に訳がわからないの！
-1	@tkms8329 でしょ！！心の中で話しなさいくらいわけがわからないのよ！！！！
1	@tkms8329 そうだよそんで一緒にアゴでもなんでも伸ばしてればいいんだよ！！！！！　やだなんかものすごく褒められてるwwww
1	@tkms8329　顎子と顎樹になればいいよもう！！！！！　うへぇ( ´ิ∀´ิ )褒められてるぅ↑↑↑
0	いつものごとく寝たらすっきりしてるからツイ消ししとく
1	今日健康診断でレントゲンがあったため女子大生の生着替えうはうはだったので元気です。
0	@reita360 うはうはですよ興奮しますよ
0	@reita360 あっそういえばうちの大学AKBいるらしいですよ？？噂ですけど（笑）
0	@reita360 調べられたらお教えしますね（笑）
0	あっ幸楽苑落ちました。。。
0	@Nakatyan1997 まじかよ…！！！！！うらやま…
0	@Nakatyan1997 やってる！！！
0	@Nakatyan1997 夕凪だよ〜！！しんせいしたお(＾ω＾≡＾ω＾)
0	@Nakatyan1997 (ｄ･ิω･ิｄ)ｵｩｲｪｰ♪
0	@Nakatyan1997 いたいた（笑）　ストーリー終わっちゃっててアリーナしかやることないんだけどね（笑）
0	@Nakatyan1997 金有り余ってるわ（笑） http://t.co/1PIFhMW9Mq
0	@Nakatyan1997 なんかねーやることなくて曜日クエスト結構行ってるからかな？wwwwww
0	@Nakatyan1997 …がんばれ！！！← 知らない！！やる！！！
0	@Nakatyan1997 行きまくったから！！！！！そんで落ちた雑魚とかも売り飛ばしてるからかな（笑）
-1	雨降ってるとかくそ寒いとかつゆ知らずにチャリンコで全速力で駅まで来たから服濡れるし、袖まくってたから出てる部分だけ寒さで赤くなるしもう今日ダメな日。
1	大甕駅前の麺や亮きた！がしかしカタメンにしてしまった…。次こそバリカタ。あっカタメンも美味しかったです。 http://t.co/zw3QkcQZCd
0	@R_D_J1ro バリカタのほうがよさげ！！！！！
1	@R_D_J1ro めっっっっちゃうまかった！！！！！！
0	えっ雪降ってるんだけど（笑）何事よ（笑）
-1	昨日今日って落とし物ひろって届けるっていう良い事してるのに、バイト落ちるわ雪降るわ転けるわ貫入爪悪化で脈打つくらい痛いわ家の電気ガス止まるわでもうほんと悪いことばっかり続く。
1	@R_D_J1ro いやいやいやいいんだよ！！！！えっそんな幸楽苑怖いとこなの…wwwむしろ落ちてよかったレベルじゃないですかそれ（笑）　とりあえず他のとこ応募したから問題ない！！ありがとうね！！
0	じゃあわたしを乗せて？
0	我が家はキャンドルナイトでした。 http://t.co/BdTJFm7yHh
0	@haku_ushi_love 次だめだったらわりとまじで松屋行くわ←
0	3限目で帰れる♥♥♥とか思ってたのに授業取れなくてそんな夢は打ち砕かれた。求めたのに救いはなかった。門は開かれなかった。まじアーメン。
0	？！あべさんとルフィ共演…？！
-1	くぱぁ///ってやるオムライス。卵はけちっちゃいけません。 http://t.co/d9RXF5zaE7
1	ものすごく久々に奈々とカラオケ行ってきた💕💕💕奈々の助手席とかときめいた(*´ω`*)ｱｰﾊﾝ　やっぱり誰と行って一番楽しいって奈々だわ（笑）愛してるよんーまっ(❁´3`❁) ♥ http://t.co/Y4VZ0N110y
1	ミオヤマザキやらマトリョシカとかなんちってとか奈々とじゃなきゃ歌えないようなやつ勢いでたくさん歌いまくったから今朝はものすごくいい気分です。
0	@kirakira1433 おめでとうε٩( º∀º )۶з♥♥♥♥♥♥
0	@kirakira1433 (ｄﾟωﾟｄ)ｵｩｲｪｰ♪　頑張るのだよ！！
-1	大学生ってもっとゆっくり起きて10時くらいから授業だと思ってたわ。高校生のときと変わらん時間で電車乗るとかげせない。
0	@Hiro_bknb0907 そりゃさいとうくんは高校地元民だったから（笑）
0	清松のきっと1年生おるんだけど着崩し方がぎこちなくて可愛いわ
0	@Hiro_bknb0907 は？！まじかよ…もうこの時間には学校にいたわ…
0	@haku_ushi_love まぁね、君は北だからね
1	ごーどんとまなかんに会えたから今日は良い日！と思ったら今日めざましの占い1位だったからほんとに良い日だよ。
-1	@haku_ushi_love えっつら（笑）
0	@haku_ushi_love 平日ば（笑）でも帰り5時半ならいいじゃないか！！わたし遅い時は授業終わるの19時超えるで！
0	@haku_ushi_love 祝日！！！祝日頑張って遊ぼう！！！！
1	@Hiro_bknb0907 高校大好きだったのよ（笑）
0	@haku_ushi_love のろけんなくそ💕💕💕💕土日仕事じゃまじで会えないじゃん（笑）
0	@haku_ushi_love …どんまい！！！(´&gt;ω∂`)
0	@deiki0227 なりましたよ！！！茨きりですよ！！
0	@deiki0227 まじです！！！（笑） わっありがとうございます！こちらこそよろしくおねがいします！！ F科に入りました╰( º∀º )╯
1	授業空き時間暇だから図書館でディズニー映画。トレジャープラネット見たことなかったから素直に嬉しい。けど一人でディズニーアニメはちょっと恥ずかしい気もする。気にしないもん。(気にしてる)
1	@deiki0227 ですよね(´;ω;`)！！頑張ります！（笑）  いいんですかわたし歌うことしかできないですよ（笑）
1	@deiki0227 うまくはないですけど！歌えます！（笑）  ずいぶん前に挫折しました。（笑）
0	@deiki0227 まじすか（笑）  もちろんです行く気まんまんです予定既に開けてます！！！
0	駅に向かう途中の桜が綺麗だったんすよ http://t.co/oy5rW4NBXL
1	大学の軽音ぽいサークル見学行ったけどやっぱりノリが高校と変わらなくて楽しかったわ（笑）
0	やっぱり絶対許さないからの話は鉄板。ウケた。
0	今作ってて気が付いたんだけど玉子焼きフライ返し使わないで菜箸だけで作れるようになってた…！！！！
-1	いまだに顎子とラインやめられないし内容悪化してるからほんとそろそろだめになるなって感じ
0	西田先生が着ていたやつは×白衣　○ブルー衣です。わたし白衣もブルー衣も着るようになりました。リケジョ。
0	マイスケールとマイ包丁。やべぇ。 http://t.co/oUnYXKk3v1
-1	泥沼な夢見てもうやる気でない。ほんとにありそうだから嫌だわ（笑）
1	白人のイケメンお兄さんと超絶距離近いから満員電車もいいもの。
0	そろそろ清松遊びに行きたい。
0	イーアスつくば久々に行きたい∧( 'Θ' )∧
0	電車すぐ来る！と思ってたら特急だった。。。
0	大学の子上りで帰る子多すぎて下り寂しい（笑）
1	すげーイケメンが嫁は要らん。俺の遺伝子持った子どもだけほしい。シングルファザーでいい。って真顔で話してて凍りついてる。
1	大学もたのしいんだけどやっぱり高校の時にゃ敵わん。楽しかったお。 http://t.co/drsLqZOMqQ
1	クラスも良かったし会長もやらせてもらったし、歌わせてもらったし吹奏楽部と一緒に妖怪になったしその他諸々考えるとだいぶワンダホーな高校生活だった。
0	絶対前に座ってる人ドラマーだよこれ
0	@R_D_J1ro イヤホンしてスコア見ながら指でパチパチしてたお
1	ごーどんとぶっしゅと三島そしてさわじゅんに会った。相変わらず楽しい（笑）
1	大学のサークルのライブ行ってきた！高校と雰囲気違う感じでそれも楽しかったし機材がはんぱなかった。
1	「オズの魔法使い」をベースにした、笑って泣けるテキストファンタジー！招待を受けて始めると豪華な特典も！このコードを入れて始めてね♪056-001-820ダウンロードはこちらから http://t.co/4b3F5MdCW1
1	誰かやってくれたら嬉しいです。。。
0	今年もネモフィラ見に行きたいけど、行けなそう
1	行けないかも…とか言ってたけど行ってきた。何回見ても飽きない美しい海浜公園だいすき。 http://t.co/2a5hYgfTeF
1	そういや昨日バイト面接行ったとこゆうかたんがいるの忘れてて本気で恥ずかしかった。
0	@Hiro_bknb0907 それな…
1	良いサークル入れた。きっともう大学生活は安泰。なはず。
0	携帯止まりましたのでLINE返せませんTwitterにれんらくください。。
0	そっこう復旧しました。（笑）
0	幸楽苑も落ち、まねきねこも落ち、次もだめかと思ったらはま寿司と同じグループのすき家に受かったからわたしおそらくゼンショーに愛されてる。
0	イケメン同期だからウハウハ。
1	@ara5sca4fka9nin あらほんと？？？(*ﾉ´∀`*)ﾉ♡　けどわたしまだハンディ教育だから一緒には働けないよ(☝ ՞ਊ ՞)☝
-1	ねぇなんでメロンパンたちそんな荒ぶってるの…
0	@ara5sca4fka9nin 頑張るね！！！！！
0	寝ろよ（笑）
0	初めて1人でスタバ注文で悩みすぎたの見越して店員さんがおすすめ教えてくれたからそれにしたら700円したからスタバこわぼったくりかよ…と思いながらちゅーちゅー吸ったらクソうまくて店員さん天才。 http://t.co/3C8jzpugYx
0	なんで毎回電気が止まるんすか…
0	なんで清松の2年生はわぁ可愛い💕って言ってくれるのに3年生はちっちゃくなった？www鎖骨やべぇw全然出てないww幼いよwwwなの？？ねぇ？？？？
1	知ってる人っぽいな〜と思ってもチキンだから話しかけられなくてものすごく後悔する系女子
0	モンストに使徒、襲来！？人気アニメ「エヴァンゲリオン」と「モンスト」がコラボ実施中！碇シンジや式波アスカ、綾波レイと一緒に使徒を迎え撃て！渚カヲルや真希波マリも登場！更に、今ならペンペンと獣神玉GETも！ #モンスト http://t.co/k4CxMbbLUa
0	アーケードゲーム版「モンスターストライク MULTI BURST」とアプリ「モンスターストライク」の連動キャンペーン開催中！オリジナルモンスター「マルチバースト」をゲットしよう！ #モンスト #マルチバースト http://t.co/ef2JjUmXB0
0	授業三限からは行く気萎える。
1	@mhxxxy_69 めちゃくちゃ美味しそう！！！！どこにあるお店？！
0	バイト休憩はいってご飯食べたら眠気に襲われた。やばい。がち寝しそう。
0	@mhxxxy_69 ありがとう！！！！今度行く！！！！
1	サークル楽しすぎでやばい。二時間しか寝てないけどめちゃくちゃ元気有り余ってる。
1	バンドマンたちでカラオケ行くと色んな曲聞けるからものっそい楽しい。
0	同窓会総会って何着るの？！スーツ！？私服？！！？？
0	@nazodayo_ 文化祭以降やってないわwwwwwwwww
0	@nazodayo_ いやちょっと無茶すぎるよ（笑）ブラック健在だのぅ（笑）
0	@nazodayo_ 荒ぶりすぎwwwwww いやでもほんとそれ(╭☞ ˙-˙　)╭☞色々語り合いたい(╭☞ ˙-˙　)╭☞
0	近々携帯止まりますの予告
0	浮上
-1	嫌なこと多々あるけど楽しみがたくさんあるから頑張れる〜
0	RT @gasiyama90: 7月4日(土)    勝田七夕祭り 7月25日(土)  大洗花火大会 7月26日(日)  阿字ヶ浦花火大会 8月7日(金)、8日(土)、9(日)水戸黄門祭り 8月11日(火)  那珂湊花火大会 8月22日(土)、23日(日)ひたちなか祭り 10月…
1	自分のことかわいいと思ってる辺り痛すぎる。
-1	よくもまぁ恥ずかしげもなく奪って云々いえるなぁと。彼氏が可哀想でしゃあない。
0	【募集開始】- サントリー天然水の森 人類以外採用 -  森を育む私達と、一緒に働いてみませんか？ http://t.co/gl3vD9tcUU http://t.co/mIb3fWzdqX
1	サントリーなにしてんの…すんごい可愛いんだけど…
0	Tummyみたいなこと言ってる人と結婚したい
0	結婚できるかどうかもわからないけど(´&gt;ω∂`)☆
0	高校時と比べるとツイッターくる回数減ったわ
0	ああさっぱりしたラーメン食べたい
1	やだみんなラーメン食べたいの？私の知らないうまいラーメン屋知らない？
0	@DreamLife1117 くるまやらーめんってチェーンじゃないの？（笑）
1	@he62_i21 みんな大好き幸楽苑
-1	@ORs277 わかんねぇよ情報少なすぎだよ（笑）
-1	@ORs277 無茶言わないでwwww日立ですら未だに行ったことないお店あるんだから（笑）
0	@ORs277 ご当地ラーメンはそのうち食べたいと思ってます！！！！！！！
1	@miruki04122 ローファー就活とか進学のとき多分履くからね…！新しく買うのだぞ…！
0	@Hiro_bknb0907 さいとうくん！！！！清松行くやつっていつだっけ？！
0	@Hiro_bknb0907 ありがとう！！！(´;ω;`)
0	@Hiro_bknb0907 うん！スーツで行く！
-1	ああもう笑っちゃうくらい辛い
-1	やっぱお化け屋敷の企画段階嫌い（笑）
0	狐面を付けたいがためにこっくりさんを話に盛り込みたい
1	狐面可愛くないですか？？？
1	狐面。浴衣でも着てお化け役やれば立派なこっくりさんだし、学園内に狐面浴衣男子が誕生という素晴らしいことが起こると思うんだよ。うん。 http://t.co/xK79O1Ft0B
0	そうなのよ！！！！口元！！！さすがわかってるじゃないの。。。
1	ナイスセンスじゃないかwwwwwww うん、般若面もいいと思うよww
-1	皆さんご存知だと思うのですがわたしバレーくそほど下手くそなのにバレー大会出てます。。。。
0	一回戦勝ってしまいました
1	なんかもうものすごく大学生してる。一人暮らしの友達の家行って複数人で泊まりに来てその中の男と女がいい雰囲気寝室に入りづらいとかもうほんと大学生。
0	結局わたしはキッチンでごはん作ってバイトの友達待っとりまする。
0	清松と日北の高1が隣でぎゃーすかしてるんだけど、修学旅行2回行くとか言ってて驚愕したんだけど、二年生はぁ沖縄でぇ三年はぁディズニー💓っていっててそれは遠足です(真顔)って伝えたい
-1	えっちょっとわたしの知ってる後輩の名前出して悪口言い出したんだけど怖いんだけど（笑）
0	知ってる高校生は妹弟子供のように可愛いんだけど知らない子たち怖いm9(^Д^)
0	「ウルトラストリートファイターⅣ」と「モンスト」がコラボ実施中！リュウや春麗、ガイル達と一緒にシャドルーを叩きのめせ！ベガ、サガット、バルログ、バイソンもクエストに登場！ #モンスト http://t.co/kUcYNcx95O
-1	13時間休憩なしの社畜してきたのに明日もバイトとかもうつらいでやんす
0	なんかかっぱ寿司ご飯食べに来てるんだけども普通のピンポンの他にティンコティンコティンコ…って聞いたことない音なってるんだけどナニコレ
0	あー浴衣来て花火行きたひ
0	そんで焼きそばとかたこ焼き食べたい
0	魔法石やオーブ、LINEスタンプを無料でゲット！ ドルッチャ→http://t.co/f90zRm2JrX 招待コード:jGiVgvk
0	最近喋ってない気がするから油そばで飯テロどーん http://t.co/btN5ff1R97
1	昨日梅塩ラーメン食べたのに写メ忘れたんすよねけどめちゃくそ美味しかったです。あそこの餃子初食いしたけどなんか甘みがあって美味しかったんだよねーなんの甘さなんだろあれ
1	絶対許さないからの人が垢新しいの作ったっていう通知がきてて名前見たらなんかもう草不可避
0	はあああああああわたしもいちゃラブしたい海行きたい青春したいよおおおおおおおおお
1	後輩の子たちに声かけてよし！お前らうまいもん食いに連れてってやる！車乗れ！って言いたいけど車ないからさ…
0	みんなで電車移動なら…
0	@nazodayo_ あん！抱いて！
0	朝7時から９時のとこ11時まで働いてこのあと20時からまたバイトとかほんと稼いでる感
1	とりあえず今は早く家帰って風呂入って冷房効いた部屋で寝たい気分
0	ふえええええ18から0になってもうたよおおおおおおおお
1	仕事中に痴話喧嘩始めて、挙句に外行って店舗内にまだお客様いらっしゃるのにバック完璧でないわたししかいない状況にするわ、グループラインで揉めるわほんとなんなんすかもう
1	小木津駅で自転車倒れたの戻すの手伝ったからきっと明日は良い日になるはず
0	久々高萩訪れてる http://t.co/4P0GFcRXaR
-1	清松のやつ一応役員やし行くべきなんかな〜～～～～～～～～～～～みんな行かなそうだから寂しいんだよな〜～～
0	ねーだれか行く人いないのおおおおお
0	@nazodayo_ そうだよ？！！
0	@nazodayo_ 忘れてるだけだよ…！！
0	@nazodayo_ あれだよ！！同窓会！！
-1	ほん怖はよ～～～～～ほんとは誰かと共に見るとか電話しながら見るのがベストなんだけど生憎携帯止まってて電話もできへんし一緒に見る人も残念なことにいないから一人で毛布にくるまって見るのだ～～～～～～～～い
1	そしてものすごく前髪切りたい！！！！！眉上！！！おんまゆ！！！！したい！！！！！！！！！！
-1	はああああああああああ心臓痛い
1	セーラー服可愛いのぅ
-1	急すぎて無理もっと話長いかと思ったわ
0	@nazodayo_ いやなんか同窓会の中の生徒会（？）みたいなやつに私そのうちなるらしいから挨拶やらかねて来たら？？とか先生に言われてたような・・・
0	@nazodayo_ けどさ、めんどいじゃん・・・
0	えっまじでだれ？！さっきと違う番号からかかってきたよ？！
-1	なかむらむらっていう名前のせいかこんな人たちからフォロリク来るから困惑してるんすよね http://t.co/VMte8dZiK2
0	この微妙な時間にお腹減るのほんと困る肉食べたい肉肉肉肉肉肉肉肉肉肉肉肉肉肉肉肉肉肉肉肉肉肉肉肉肉肉肉肉肉肉肉
0	すき家とかそういう肉じゃなくてからあげとか焼き鳥とかの居酒屋メニューの肉が食べたい
-1	@deiki0227 よい！！ですね！！骨付きカルビとかハラミとかあああああああああお肉ううううううううううう
0	@deiki0227 ああああああ！！ごはん！白米！お腹減りましたよおおおおおおおおおびえええええええええ
1	やべぇあと2時間しか寝れねぇ…本気で寝なきゃ…
-1	一時間しか寝てない…つらい…
0	トマトジュース飲みたい。。。
0	昨日の夜から二本飲んでるけど飲みたい。。。
-1	昨日の夜弟に22時位におつかい頼んだのに3時間くらい帰ってこなかったんだよ http://t.co/L4zgBDD3o7
1	ああああゴキブリが全力で私の方に飛んでくる夢見てうわああああああ！！っていって飛び起きた。一人でよかった。
0	どうしようトマトジュース美味しすぎてつらい
0	1日で720ml飲み切るのはさすがにやばいかな…？
0	あー秋だなぁって http://t.co/3FfjyVUgMu
0	獲物は俺がいただくぜ！ルパン一味がモンストにやってきた！？新TVシリーズ「ルパン三世」と「モンスト」がコラボ実施中！ルパン、次元、五ェ門、不二子や銭形警部がコラボクエストに登場、捕獲せよ！ #モンスト  http://t.co/zFOp7loJH0
1	ものすごく久しぶりにヨーカドー訪れてる。
0	ぱぱんと弟のバイト先の居酒屋で晩御飯！！お酒は飲んでないよ！！( 'ω'o[]o http://t.co/ilzMg6QxR0
1	寝れなすぎるからもう7時まで起きててそのままバイトでいい気がしてきた。。
0	考え事しすぎて眠れねぇ
-1	結局オール⊂( ˆoˆ )⊃頭痛い⊂(^ω^ )⊃
1	大洗水族館来てるんだけどこいつが可愛すぎてやばい http://t.co/hlPlDhSPX5
0	今日の大本命のかねふくいってたらこ入手したから今日はたらこ祭りL('ω')┘三└('ω')」
-1	（´-`）.｡oO(明太子辛くて食べられないのは秘密)
0	たらマヨで！からあげ！食べたいのおおお！！！って駄々こねたら作ってくれる辺りがイイ男。 http://t.co/nB1tFEhXej
0	こんなんあるとああもういいやって投げやりになる
0	なんか外ぼんぼん言ってない？なに？花火？
0	@nazodayo_ へんみせんせい
0	@tkms8329 @nazodayo_ その間にゆうかちゃんを入れれば解決？？？
0	@tkms8329 @nazodayo_ ベッドはダブルベッドに新調かな…
1	@tkms8329 @nazodayo_ 二人でゆうかちゃんの悩みを解決していたんだ！！！！先生二人とダブルベッドを購入すればいいって結論に至ったんだよ！！＊*(ू•ω•ू❁)*＊
1	あさみホントへんみせんせい大好きだよね…
0	@hageatamadesu えっイコールなの？
1	@nazodayo_ @tkms8329 ふっかふかのふわふわで大きい枕だよ？？
0	@hageatamadesu わたしあんなに内蔵腐ったような口臭してないもん
0	@hageatamadesu へんみディスるとあさみたんが怒るよ？？
0	@tkms8329 @nazodayo_ いけるいける！！！
-1	@Matsu7Na @hageatamadesu だって息臭いんだもん…
0	@hageatamadesu そうそう
0	@tkms8329 @nazodayo_ トトロのシーツでくるめばいいんじゃないかな？！？！
1	@tkms8329 @nazodayo_ それがいい！！！！！！！
0	@nazodayo_ @tkms8329 そこに先生二人も流れ着きました！！！！
1	@nazodayo_ @tkms8329 しかし波によって無人島に舞い戻りました！大きくてふわふわの先生が介抱してくれました！
0	@nazodayo_ @tkms8329 終わっちゃったじゃんwwwwwwwwwwwww
1	@tkms8329 @nazodayo_ 森で大きいクマさんに遭遇しました！
-1	@nazodayo_ @tkms8329 名の無き一人の少女はﾀｸﾛｳの前で眠りにつき、それから目を覚ますことはなかった…
0	@_gzrichpp123 え、だってほんとのことだよね？？？？
1	@_gzrichpp123 なんで？！？！　(あんもう可愛いな💓)
1	@_gzrichpp123 あさみがへんみ好きなの皆分かってるんだよ（笑）(そろそろ！会いたい！ほんとに！！)
0	牛丼食いながら延々と電話してるイケメンがお会計の時伝票忘れて、しかも伝えた代金と違う金額渡してきて、そしたらなんかぐだぐだでごめんなさいってキラキラ笑顔で言うから疲れなんか吹っ飛びました。。
1	すごい今日鼻水出る日なんだけど、静かな空間にいると思いっきりぶじーん！！！ってかめないからつらい。
-1	鼻水ひどすぎて眠れない
1	ここ最近寝れない日多すぎな
0	高校生に戻りたい４０分かけて学校徒歩で向かってたあの頃に帰りたひ
0	@hageatamadesu　そうそう咀嚼されてぐちゃぐちゃになった口の中の食べ物を毎日のように見せられていたあの頃だよ
0	@hageatamadesu そしゃくだよ…くちゃくちゃすることだよ…
0	@hageatamadesu 何言ってるのさ被害者きっとたくさんいるよ？？？
0	しwwwwげwwwwwるwwwwwww
0	まさかビックダウンで会うとは…
0	やっぱ彼女は美人だよねー
0	RT @Fu_kun1015: 我が校の先生が一部の生徒に対して送った煽り(正論)が最高にキテる http://t.co/WTmOgTrD2a
1	田村先生そのうちやりそうああ田村先生大好き
0	炊き込みご飯でさつまいもが余ったのでスイートポテト作ったらめちゃくちゃ好評すぎて驚いた！！！また芋あったら作ろ… http://t.co/Mzn8nwHHoY
0	五浦ハムがおる…
0	海浜公園入園無料だよおおおおお http://t.co/sNrCz9eBvW
0	@boxing0123 秋の都市緑化なんたらで無料らしい！よくわからん！！！
1	五浦ハムやっぱうまうま。うまるしぇ懐かし。 http://t.co/wyHRmw4VZs
-1	モンストは10/10に2周年！記念キャンペーン開催中！当日はマックスむらいとHIKAKINが限定キャラ「キュベレー」降臨に挑戦、勝敗はニコ生で！オーブZEROガチャ、経験値2倍 等も！ #モンスト http://t.co/d69SbWWuwL
0	一緒にラブライブ！やる！って言って君がインストールしたのはアイドルマスターだし、きっとフルコンボのことを言いたいんだろうけどあとちょっとでノーコンだったのに！惜しい！とか言ってる君はほんと可愛いと思う
0	久々高萩はちに訪れる🙌✨
1	やっぱりはちに美味しいよぉ(＾ω＾≡＾ω＾)ってなってたらけーこちゃんとありくみもはちに来たからほんと幸せ。 http://t.co/6Jo0cbEV3k
0	杏仁プリンと瓶ジュースで締めくくった∩^ω^∩さらば高萩。 http://t.co/3Xz8XRzv66
0	帰り道ローソン寄ったらみっちゃんに会った💕💕💕💕💕💕相変わらずフルパワー
1	今更感だけど五月の蝿の野田さんすごいエロいしその野田さんに抱きしめられるJK羨ましすぎて悶絶
-1	演奏中の人って無駄にエロく見える
1	ああああ思わず保存してしまったああでもあれだよね保存できるとこに載せとくのがいけないよね大丈夫悪用しないし…見るだけだし…！
1	炊き込みご飯のところ間違えておかゆモードで炊いてしまった…！大丈夫かな大丈夫かなああああああああああああ！！！！！
0	機械油の匂いスキ
1	たまに道歩いてて機械油の匂いふわってすると元気になる
1	ノー加工で割と綺麗にお星さままで撮れてものすごく満足。くそ寒いし海行くとかいって神峰の上だし猫に逃げられたけど綺麗だしはしゃいだしその後の朝マックも美味しいから大満足です。 http://t.co/awa2u7nzT0
-1	キングダムハーツ久しぶりにやったんだけどピノキオのところに出てくる二回目のボスが何回やっても倒せなくてやめた。連打しすぎて親指痛いつらい。
-1	わたしぶつぶつしてる蓮コラ的なやつホントに無理すぎてなんでだろう！と思って調べてたらこれはこういうこと！こんな名前！って紹介されててああそうなのか…と思ってたらそんな人たちが嫌う画像だよおおおお！！！！っていっぱい穴だらけ画像たくさんでほんとに吐き気催したんだよね、うん。
0	しばらくウェブサイトはやらない…画像非表示設定のツイッターだけやる…
0	ああもう夕飯作る気力も萎えた…
0	あああああああほんっと気持ち悪…
-1	理屈がわかっても気持ち悪いもんは気持ち悪いよおおおおおおおお
-1	@Nakatyan1997 わかる？！？！ほんっとにあれ！！！無理！！！！すでにトラウマ！！！
-1	@Nakatyan1997 なんなんだろうねあの気持ち悪さはどこから来るんだか…
1	@Nakatyan1997 そうなの！！！それだったらぐちゃぐちゃのゾンビ映画とか見てたほうがまだいいの！！！
0	@Nakatyan1997 ほんとそれ…なんかもうゾンビが清潔に見えてくる不思議…
0	@Nakatyan1997 蓮コラの話はもうやめとこ、うん…
0	夢に出てきた異性が魅力的過ぎたんだけどいつ現れるんですか…誰なんですかどこにいるんですか…
1	ああああほんとにイケメンかつ良い男だったわ…
0	ゲスの極み乙女ってゲス乙女って略すの…？耳に馴染みがないよ…けどCMでそういうんだからそうなの…？
1	@nzk_61 そうなんか！！！！知らなかった！！！！！！！！また1つ賢くなれた！！！
0	@tomo_19857917 同士よ…！
0	@tomo_19857917 きっとそうなんだよ…田舎モンだからわかんねぇんだよ…
0	@nzk_61 ゲスで伝わっちゃうからね(  ｰ̀дｰ́ )
1	@nzk_61 そうだよねゲスってよくない言葉だもんねwww いいぞもっとやれ( ﾟ∀ﾟ)o彡ﾟ！！！
0	よ、よし…あたしゃ髪染めるよ…
0	あーどんな色にしようかなぁ
0	午後の紅茶のラプンツェル揃えたところで断髪しにゆくでござるよ https://t.co/FxENffF7WF
-1	鼻水垂れそうでつらい
0	ちゃんと言うぞ…ティッシュくださいって言うぞ…
-1	予想以上に前髪短いワロタ
-1	髪染めたら急激に老けた気がする
0	@hageatamadesu 脱高校生
1	@hageatamadesu よこづは乳が高校生じゃないから平気じゃない？？
0	なんかニット帽と大きい眼鏡かけたらすげー首からカメラ下げてそうなサブカル系女子大生風でつらい
1	前のハチロクからプードル頭出してる…耳なびいてる…くそ可愛い…
0	非日常的な感じがとても不足している非日常体験したい
-1	高校なんて毎日非日常みたいな感じだったからほんと今じゃ物足りない感MAX
0	今日はりっちちな晩飯。奮発した。 https://t.co/8zbb4lLvTK
0	ハロウィン！メイク！お菓子！はしゃぐぞ！って思って昨日の夜眠りに就いたのに起きたら吐き気頭痛はんぱなさすぎてそれどころじゃなくてつらい。
0	ハロウィンメイクはまた今度ハロウィンじゃないときにやろ
1	今から寝たら絶対起きれないからって海来たら流れ星3つ見れたから寝てもいい気がしてきた…
1	スタバってやっぱ高いけどその分店員さんの笑顔素敵だし何より美味でスキ♡ https://t.co/SCMsoTlIZ8
0	ところで昨日今日って流れ星見てるんだけど流星群でもきてるの？？
0	@tkms8329 どれがピーマンに見えてるのかわからないけどピーマンなんてスタバ行ってまで食べません。。。
1	@tkms8329 違うよ！！！フルーツだよ！！なんのフルーツかよくわからないけど！！美味しかったもの！！！
-1	@tkms8329 甘かったよ！！！気分的にはりんごだったよ！！！！
0	@tkms8329 ピーマンからはなれよ！！わたしピーマンだったらきっとスタバのことディスるよ！！！
-1	@tkms8329 ピーマンも辛いのも嫌いだよ！！！！！！！！！！
-1	@tkms8329 だってみんなあんまり食べてくれないんだもの。。。　というかよく覚えてるねww
0	@tkms8329 懐かしい…かなちゃん…愛おしい…
0	@tkms8329 まだ清松いる！はず！
-1	@tkms8329 まじだよ！会いに行きなよ！！寂しがってたよ！！
1	@tkms8329 前行ったらすごいテンション上がってたもの！！！！
1	最初の夢はかっこよい刃物の精霊？妖精？と仲良くなる夢だったのに二度寝したらその夢に出てきた刃物くんがおれは人を殺すのが目的なんだみたいな感じでばっすばす人を切り刻む夢で急展開すぎて飛び起きたんすよね
0	わたしが襲われることはなかったし切り刻むのは包丁で野菜切る感じだし絶叫とか血もないから全然スプラッタ感皆無で怖くなかったけどあれはなんだったんだっていうのが強い
0	ホットドッグ無性に食べたい
0	理想としてはキャベツ千切りで火通っててケチャップとマスタードかかっててウィンナーは細くもなく太くなく程よい長さでパンはオーブンでほどよく焼かれてパリッとしてるようなやつが食べたい。
1	こんなホットドッグ出してくれるところは今のところぱぱんだけなんだけど誰か良いお店あったら教えてください。。。
1	イライラしすぎてもう！一人で美味しいの食べるからいいわ！ってなったのはいいもののやっぱ一人で食べても…とか色々熟考した結果、空腹は最高の調味料だしまずいのを誰かと食べてもまずいしと思い至りましてわたくしのランチが終了しました。
0	@ORs277 あんいつでも喜んで💗
-1	もう！なんで！どいつもこいつもだめだこりゃ→報告なの？！？ダメになる前に報告しろよ！！！もっと頭使ってよ！！！
-1	だめになってからじゃ遅いの！一番面倒なの！！！ああああ！！！！
1	@ORs277 もう可愛いな💗
1	@ORs277 わりとまじでいつでも平気だお💞
0	@ORs277 いつでもどこでもどこまでも_(:3 ⌒ﾞ)_=3 ✨
1	@ORs277 どこでもいいわよん💝💝　はま寿司以外なら（笑）
0	@ORs277 はまはネタ以外のなにものでもないよ（笑）　ああああラーメン😍♥♥♥♥♥♥♥♥♥♥♥♥♥♥♥♥♥♥♥
0	@ORs277 ラーメン食べる💓💓💓💓💓💓💓💓
0	@ORs277 どこのラーメン？！？？！！？！🙈💞💞💞💞
0	@ORs277 あーん困っちゃう😚💕💕💕
0	@ORs277 そうなのよ…やっぱその日その日でラーメンナンバーワン決定戦行わなければ…
1	@ORs277 口内炎でラーメンとかなんの罰ゲームだよwwwwwww もう♥可愛いな♥♥
1	るろ剣アクションとか衣装とか諸々すごいと思うんだけどやっぱりめぐみさんとゆみさんがなぁ…イメージと違うんすよねぇ…
0	もっと年上おねえさまキャラの女優さんのイメージなんだよなぁ…
-1	ココ壱のカレーうますぎてやばい香味タルタルソース最強すぎてやばいあああああ食べきるのが嫌になるうううう https://t.co/HShPwttE7M
1	@_gzrichpp123 だって美味しいんだもん…！！！！　腹減ってないならいいじゃんか（笑）
0	@_gzrichpp123 は？！？！絶対！！絶対！行くべきだよ！！！！！！　レッツゴーココ壱！！
1	@_gzrichpp123 カツ系カレーにチーズとかタルタルとか載せるのが個人的に好き！！！！！！！
0	@Matsu7Na @_gzrichpp123 みんなでいこ💓💓
0	今日22からゲリラダンジョンって！書いてあるのに！来なかった！なんでよ！！
1	なかむらむらは赤ワイン。大人っぽい。ゆったりとした空間が落ち着く。お洒落。とっつきにくく見えるが、仲のいい人には素直。自由が好きで縛られることが嫌い。女性にもてる。赤ワインの人とは恋人関係。 https://t.co/TGGqcJk2b2
0	RT @Re__van: 😊😊😊😊😊 https://t.co/UW3XOmosnW
-1	動物園は平日に行くべき。人少ないからちっちゃい子に気を使わなくていいから餌あげ放題！！！癒やされた💞 https://t.co/j1c7wFFzMS
0	@hageatamadesu 腹減ってんだからやめろよ。。。
1	@hageatamadesu あーいいよ今度一人焼肉キメてくるからいいもん。。。
-1	@hageatamadesu 一人牛丼もつらいのに一人焼き肉とか苦行だわ
0	@hageatamadesu 一人牛丼は頑張れば…！
0	@hageatamadesu それでいっか。。。
0	私「チュニック欲しいなぁ…」 彼「ちんこ？！？！欲しいの！！？」 私「…(＾ω＾)？」 私「？！？！」←イマココ
-1	わたしそんな滑舌悪いかなぁ
0	RT @kaisinnot: 彼氏に「ブラジャーのホック３つなんだね！」ってびっくりされて、お前どんだけ胸ちっちゃい女しか抱いてこなかったんだよって思ったわけだけど、ちなみにA～Dまではホック２つ、Eからホック３つになります。これテスト出るから。
0	えっこれ嘘だよね？
0	A〜Dでも3つあるやつはあるよね？
1	@miiiichi_910 だよね！！！！よかった安心😂💕
0	ひっそりと迎えた二年目のポッキーの日でした。 https://t.co/wJKNDOlti7
1	@hageatamadesu 美味しかったよ
0	@hageatamadesu チョコのほうはねっとりしてた
0	@hageatamadesu ねっとりすぎて手汚れる系
1	@hageatamadesu そうなんですよ〜　まぁ美味しかったからよいのだけど😎
0	早起きできたのでイーアスつくばにきちゃったてへ
0	味噌ラーメン貪り食いたい
0	高校生に戻りたい病発症
0	誰かれ構わずだる絡みしてたのが懐かしいうわああああん｡ﾟ(ﾟ＾ω＾ﾟ)ﾟ｡
0	何でも鑑定団で今使われてる曲聞いたことあるなと思ったらヨーカドーで忙しい時に流れるやつじゃん
0	モンストに再び使徒、襲来！エヴァンゲリオン×モンスト第2弾！今度はモンストキャラとのコラボで、カヲル×ルシファー、アスカ×ウリエル、レイ×天草四郎！？更に、今ならペンペン×ケンチーと獣神玉GETも！ #モンスト https://t.co/gSCwCbEcZj
1	@_gzrichpp123 あさみたんかわいくて❤❤
0	そういや先日高萩を満喫してきたんすよ https://t.co/TPHfHpNCfy
-1	RT @meguro_staff: 不倫相手との関係をどうするべきか？  とご質問頂きました。  皆様のご想像と99%同じ回答をさせて頂きましたが、それとは別に「優柔不断は何故いけないか」ということもお応えさせて頂きました  優柔不断でお悩みの方は是非お読みください  http…
-1	ほんとこれ〜〜〜！！もう少し前に上野さんに優柔不断について書いて欲しかった！お前は！！！こういうことだ！！はっきりせぃはげ！！と怒鳴りたかった！！！
-1	録画してた世にも奇妙な物語見てるんだけどズンドコベロンチョ気になってしゃあない
0	ファナモのときはすっきりしたのに。。
1	19歳初日楽しすぎた！！！この調子で楽しい1年にします😎おめでとしてくれた皆ありがとうございました！！！嬉しかったですι(// `-´///)/ https://t.co/ICAs0iwHC6
0	@wwwbkb いやいやいやむしろありがとう！！！！！　つか会長は君だろうwww
0	@wwwbkb ここまでやっておいて何を言っているんだ君は( ºωº )　十分十分（笑）
0	@wwwbkb まぁあと少しだから頑張って！！！！！
1	麺二郎に清松の制服の子いるんだけど可愛いなぁ一年生かなぁ可愛いなぁ
0	@_gzrichpp123 @hageatamadesu びっくりした！！！ありがとう❤❤❤❤
1	RT @_gzrichpp123: (遅れちゃったけど😭)11月24日は大好きなふたりが生まれた日💗🎂!!!お誕生日おめでとう💕お昼は毎日一緒で軽音もあってか高校3年間の3分の2以上は一緒にいたことでしょう笑 これからも末永くよろしくね😂💕ほんとに会いたい😭大好き😭💗 http…
0	@_gzrichpp123 @hageatamadesu ばばあになってもズっ友💓だよ💖💖あさみちゃん💝
0	温野菜の店員さんのしまださんがイケメンすぎて照れる
0	茨大生かなぁキリ大生かなぁ…
1	@ymdng_1220 いいのよいいのよおおおおお✧*｡٩(ˊωˋ*)و✧*｡❤❤❤❤❤ うまい棒なんか要らないから！！！構ってくれればいいから！！！！！今度遊び行くね！！！
-1	ペヤングとか食べるたびに思うんだけどさ、焼きそばのかやくと麺ってびっくりするくらい絡まなくて最後キャベツだけ残るよね
0	@hageatamadesu 今それと同じサイズ食べてて四苦八苦してるからほんとあいつやばいんだなって改めて実感してる
0	@hageatamadesu 消化されずに腸とかにいってるんじゃ…
0	@nne_5454 @hageatamadesu カスミに入荷されてて即買いしてしまったよ
0	@nne_5454 @hageatamadesu なかなか売ってないよね超大盛り
-1	@nne_5454 @hageatamadesu 狂気じみてて怖いよななえたむ…
1	奈々絶対新しいiPhone買ったやん
1	かなちゃんとココスで運命的再会果たして本気で驚いた
0	YouTubeでディズニーパーク内で流れてるBGM聞いてたら非常にディズニー行きたくなってもうしょうがない
0	大人の塗り絵なるものがやりたくて、けどお金ないから自分で書いたら割と塗り応えありそうなのできたから満足してる https://t.co/vzqKKS4tdL
-1	三角チョコパイ食べたいけど遠いから困難
0	そろそろ言いたいなぁけどなぁタイミングわかんねぇんだよなぁ
0	有栖川さんの本のやつドラマ化と聞いてドキドキ
-1	朝五時から今まで寝てたこわい
0	夜ちゃんと寝なきゃだめってことですね
0	#USJスタジオパス10枚 に投票しました！ #クリスマスボックス で #JALに願いを みんなも@JAL_Official_jpをフォローして、欲しい賞品に投票しよう！ https://t.co/KYINhKFSjk
0	久々に椎名林檎聞きたくなった
0	湯楽の里来てもうた極楽天国
1	@m_koikesan 小池さん！！すごく可愛いですすごくダイスキ！！！ゴッドタンギリ笑えなかったです！頑張ってください！
1	中古でいいからミシンとアイロン欲しい
-1	寝ぼけてたのかほんとに見ちゃったのかどっちか分からないけど、とりあえず死ぬほど恐ろしかったから明日の夜のお留守番めっちゃ嫌😂😂😂😂😂😂😂😂😂😂😂
-1	ほんとに怖い時まじで動けないし声だってひ、ひえええ…みたいな声しか出ないしほんとおっかなかった😂あれもしかして所謂金縛り的なやつだったんかなぁ…
-1	こんな感じで怖すぎて二度寝したんすよ https://t.co/IxvrTwp067
0	@_gzrichpp123 https://t.co/BJBb9vFSYM
0	@_gzrichpp123 口内炎になったからちょうど塗りこんでるところだった😚💕💕
-1	@_gzrichpp123 塩分取りたいならやっぱ塩だよね☆☆ めっちゃ痛いんだけどそれが痛すぎて治るっていうか忘れられるよ（笑）
1	@_gzrichpp123 そうそう良い感じ☆☆ そんな口内炎なんかにお金掛けたくない系女子だから！女は黙って塩だよ😋
0	ニンテンドー3DS版モンストが12/17発売！そして、アプリではモンストクリスマス'15開催中！クリスマスは友達や家族とモンストで盛り上がろう！更に、今ならミッションで獣神玉GETも！ #モンスト #モンスト3DS https://t.co/VcVeplZ7jy
0	@ymdng_1220 ちぇず！！！！！あたしのちぇず！！！！！はぴば！！！！！
1	奈々の反応早すぎて笑った（笑）
0	@Hawaiian_smn 愛人にしてあげる👄👄
0	@Hawaiian_smn 愛人はほら、秘密な存在にしなきゃじゃん？二人だけのひ・み・つ❤だろ？
1	@Hawaiian_smn いい子だね😏☝💕💕　どうしたの奈々休憩時間なの？（笑）
1	@Hawaiian_smn ああああああ！！！！！いいないいな！！！
0	RT @SEGA_NWS: 【応募用ツイート】 チェンクロ聖夜フェス開催中☆ フォロー＆ツイートをリツイートで、チェンクログッズプレゼント！12月25日（金）まで https://t.co/GUXzZQPFJT #セガゲームアプリ #チェンクロ https://t.co/ZPg…
0	今年のクリスマスは手作り料理にこだわって本気出した⊂( ˆoˆ )⊃　プレゼント探しはだるいだるい言いながらやってたけど実は楽しかった⊂( ˆoˆ )⊃欲しかった塗り絵あってびっくりだしプーさん可愛すぎでした･*･:≡(　ε:) https://t.co/8DwyIxKhqj
-1	さーて、怖いの始まった始まった
-1	やっべお茶飲み過ぎたトイレ行けないつらい誰かトイレ一緒にはいろ
1	@ara5sca4fka9nin いいよ！！！！！！！！！
-1	@ara5sca4fka9nin 普通に怖い！！舐めてた！！！！！心臓痛い！！！
0	@ara5sca4fka9nin あーこれ見たことあるわーみたいなのばっかなのに今回見たことないのばっかでほんと焦ってる😂😂
0	@reita360 えっ
0	@reita360 なんで嫌々なんですか？喜んで入ってきてくださいよ。
0	@reita360 そう！！その調子！！！！
0	@reita360 これからもその調子でしっかりやるんですよ！！！！
-1	背中のぽつってなってるの痛いなぁ痛いなぁと思って潰してもらったら石みたいな栓出てきてきもてぃわるい
-1	最近口内炎出来過ぎ痛い
1	新しい垢作るときに電話番号入力するようになったおかげで色んな人の別垢の通知が来て鍵かかってないもんだから覗きたくなっちゃうから是非とも鍵つけるとか通知しないようにするとかしてほしい
-1	電話帳一回登録した人を消去することがあまりないので余計に来るんす
0	今年は早めに村松行って屋台巡る💞
0	@_gzrichpp123 帰ってきてる？！？！
0	@_gzrichpp123 ねぇ！！！！！会いたい！！！！！！
0	@_gzrichpp123 いつ暇なのよ！！！！！！
0	@hageatamadesu @_gzrichpp123 勿論ともに！！！！！！
0	@hageatamadesu @_gzrichpp123 わたしはいつでも！！！！
0	@hageatamadesu @_gzrichpp123 うちもいける！
0	@_gzrichpp123 @hageatamadesu @MatsuNa7 マツモト就寝？（笑）
0	今年も1年お世話になりました！！！
0	明けましておめでとうございます！！年賀状あげるね！！ https://t.co/2l104DWEb2
0	@m1216616 ありがとう！！！(*´∀｀)
0	@maricn716 やった！！！待ってる！💓
0	@nzk_61 ありがとう！！！！！！😂
0	@maricn716 そうなの？！？！？！よろしくお願いします！！！（笑）
0	@ogotansuki 久々！！☺💕　ありがとーう❤❤❤
0	@maricn716 あん！！なったら治して！！！！！！
0	@ukiowa ありがとー！！！！！！頑張ります！！！！！
0	@9soRnkm まじなんです！！！！ありがとう！！！！！
0	@saku__yua 開けちゃったねおめでとう！！！さっき村松神社行ったら吉田さんが真後ろで参拝しててときめいたよ！！！！ありがとう！！
0	@saku__yua 運命かとおもったわよ！！　頑張る！！！！
0	@MatsuNa7 @hageatamadesu @_gzrichpp123 えっ…(´°̥̥̥ω°̥̥̥｀)
0	@_gzrichpp123 @MatsuNa7 @hageatamadesu あれや奈々の仕事終わったらみんなで晩飯しよう
0	@_gzrichpp123 @MatsuNa7 @hageatamadesu あっ…
-1	@hageatamadesu @_gzrichpp123 @MatsuNa7 年末年始忙しい言ってたからわりと遅めだと思うなりよ
0	@MatsuNa7 @hageatamadesu @_gzrichpp123 夜！！！！！！何時まで！！仕事！！！！？！？
0	@MatsuNa7 @hageatamadesu @_gzrichpp123 あさみたん2日の夜空いてない？？
0	@MatsuNa7 @hageatamadesu @_gzrichpp123 3日あさみたん開いてるらしいんだけどよこづが微妙ぽい！あたしも3日微妙ぽい！
0	メンタルリセットwwwwwwwwww
1	GACKT様可愛い（笑）
1	格付け見てたらお腹減った🙈うまいもん食いたい
1	auのCM！新しいの初めて見た！好き！
1	@nne_5454 年明けたしいいかなって（笑）　こちらこそ今年もよろしくちょんまげ💗💗　そんなの2秒で連絡するよ😉😉
0	@Orisa528 いやんあはんありがとう❣‹‹\(///'ω'///)/››❣
0	@MatsuNa7 言っちゃったー言っちゃったー(灬´ิω´ิ灬)
1	@Orisa528 出てきたら可愛がってね(☞ ´´ิ∀´ิ` )☞❤
0	@MatsuNa7 はよ病院行きたい〜〜〜〜！！つか痔になった☆～(ゝ。∂)
0	@s7tnn_ あけおめ！ひさびさ！ありがとう😌💕
0	@Orisa528 禿げない程度でよろしくね！！！！！
0	@MatsuNa7 善処します🙈　だめ！踏ん張ると血ブシャーなるwwwwwwww
1	@saku0414 ありがとう！！！！もちろん❤あたしの子供は可愛いわよ❤動けるようになったら遊びに行くね！！！！
-1	@MatsuNa7 それがね！全く痛くないの！！！！血ブシャーするだけ！！！wwwwwww
1	これまで伝えてきたのごく少数だったからおめでとう言われるの嬉しいありがとうございますヽ(；▽；)ノ❤　ちなみに予定日は4月30日です👶
1	大人でも40cmくらいにしかならないジャワマメジカ可愛い！飼いたい！けど名前がジャワってことは飼ったら捕まるんだろうなぁ…ってつぶやいたらジャワカレー食べて平気だからイケるんじゃない？なんて真顔でボソって言うもんだから可愛すぎてジャワマメジカなんてどうでもよくなった
1	お母様めちゃくちゃいい人だった緊張して損した！！！！！
-1	病院を8:45の朝イチ予約したのにきっと9時予約くらいの人たちが病院開く前から待機してるせいで予約の意味ない:(´◦ω◦｀):呼ばれない:(´◦ω◦｀):これでも20分前待機してるのに:(´◦ω◦｀):
0	95%ほぼほぼ女の子とのことでした！！！！！！！
1	超音波で確認できるへその緒やら逆子やら身体の大きさやら異常は特にありませんって聞いたら多分安心しすぎて体調崩して爆睡してた😂
0	@Hawaiian_smn 寝たら復活😎
0	RT @tomomilove5751: おいやめろ、この画像wwwwwwwww https://t.co/0AfqvR3L8B
0	違和感なくてやばかった
0	水戸市の成人式で新成人が妨害行為 警察官20人駆けつける - LINE NEWS  https://t.co/nafWkMbZfy #linenews @news_line_meから　 これは茨城恥ずかしいwwwwww
0	卒論…
0	イッテQベッキーでててそれ気になってまう
0	ベッキーwwwwwwwwwwwwwww
0	そうか疲れていたのかベッキーは（笑）
1	最近乳が巨大化してきたからブラは付けずにシャツとパッドが一緒になってるやつ着てたんだけども、ふと気になってブラ付けてみたら窒息死するかと思った
1	@MatsuNa7 大丈夫そのうち縮むから…
0	RT @RADWIMPS: 成人のみなさん、おめでとう。  受験生のみさなん、もう少しでセンター、そして本試験だ。頑張ってください。
1	LDLコレステロールが異常に高いという健康診断結果持ち帰ってきたから本気出して食材考えてたらいつまにか大学の授業受けてきたようなノート出来上がってた https://t.co/uwYbuhzUBP
0	好きな食べ物がほとんどコレステロール高いつらい生きていけない
0	ラーメンパンとんかつからあげケーキマヨネーズチャーハンたらこ焼き菓子うわああああああああああ！！！！！！！！！！｡ﾟ(ﾟ＾ω＾ﾟ)ﾟ｡
0	献血好きだし検査のために血抜かれるのは全然構わないんだけどそれでも針を腕に刺してからぐりぐりするのはやめてほしい普通に痛い…😂
-1	ちゃんと腕抑えてたのに出血えぐい😂😂バンソコー駄目になるwww
0	ようやくお顔を見ることができたべびー🙈💕   　#baby 　#動画は可愛かったのに　#シンプソンズみたい https://t.co/MDwZjemXhq
0	目と口はわたしに似てほしいな〜〜〜写真の感じだとまるまる🌰なんだよな〜〜〜
-1	っていうか🌰のお母様に似ていらっしゃる気がするんよね〜なんか悔しいからあれなんだよね〜
-1	清松きたけど人少ない😂
0	わざわざ先生にわたしの妊娠報告したの誰😂自分で言いたかったんだけど😂
1	「モンストグランプリ2016 闘会議CUP」の優勝チーム予想で「モンスト一家」に投票したよ！見事予想が的中したら、なんとオーブ50個ゲット！投票は1/31 13:30迄！ #モンスト #モンストグランプリ https://t.co/EV011sdeO5
1	仕事決まって家決まってほんとルンルン
0	明日はそろそろ遠出できなくなってくるっていうのと仕事内定いただけたということで水族館行く予定🐬🐠🐡🐙🐚🐧🐟
0	楽しみすぎてはげそう
1	@Hawaiian_smn よかった💕💕嬉しい💓
0	久しぶりに大洗水族館いってきた🐬💕アシカとイルカのショーも大水槽の泡のカーテンも新入りマンボウさんに餌付けも大好きなエトピリカも水槽掃除したばっかりで水少なくて至近距離でペンギンたちも見れたしし… https://t.co/VK3UmC1GN8
0	あらためて内定おめでとう💓　#内定祝い　#苺タルト　#KOSAI #遠近法　#私の方が　#顔エグい　#めちゃんこ美味しかった https://t.co/UWienPmXn4
-1	朝ご飯食べて竜田揚げ食べてスコーン食べて焼き肉プレミアムコース食べてケーキ食べて今日1日のカロリー消費量えぐい気がする
1	2年以上付き合ってようやくSNS投稿許可が下りた👏聞いたらもう夫婦になるんだしいいんじゃねとのこと。。彼の線引きが謎🙈
0	婚姻届めんどくさすぎワロタ｡ﾟ(ﾟ ^o^ ﾟ)ﾟ｡
0	@amu_sax あらウソやだごめんよ…！！！！　さささっといなくなってた😂😂　ありがとう♡♡
-1	@Hawaiian_smn いやなんかもう本気でめんどくさいwwwwwちょっと喧嘩勃発するくらいめんどくさいwww
0	@MatsuNa7 降ってるわよ
0	12月にオープンしたてのまぜめん　91いただいてきた💓餃子もまぜめんも大変非常に美味しかったです！また行きます☺　#まぜめん91 #味付き餃子　#醤油いらず　#メンマうめぇ… https://t.co/QKOWnOKm5y
1	はよ新居移りたいな〜〜〜〜〜そんで早く1000ピースパズル購入して玄関に飾りたい〜〜〜〜
-1	うつ伏せとかちょっと屈んだ体制してるとめちゃくちゃ腹連打されるから狭いんですけど？！って抗議してると思うんだけどさ、癖なんだ、、すまん娘よ、、
0	恵方巻き食べるために布団から脱出｡･*･:≡(　ε:)
0	@MatsuNa7 ごめん。。2本しか予約してないんだよ。。
0	孫の手欲しい背中クッソ痒い
0	@MatsuNa7 あーあ…コンビニの海苔巻きで再チャレンジ！！だよ！！
-1	@MatsuNa7 ロールケーキくらいで再チャレンジ！
1	恵方巻き美味しかったちゃんと食べられたから今年も良い年（●＾o＾●）
0	@MatsuNa7 多分今日ならコンビニで恵方ロールっていって売ってるよ😎
0	@MatsuNa7 売れ残ってれば。。。
0	お腹妊娠線できないのに乳の妊娠線だけ増えてゆく〜だれか妊娠線消す魔法掛けて〜
-1	車乗ってたら後ろからハイッ！ホッ！みたいな掛け声聞こえてきたから見たらチャリ乗りながら足を急に振り上げたり、封印されし右手が暴れてるような動きさせてる20代くらいの男の人がいて草不可避
0	さすが東海卍
0	目合っちゃったよwwwwwwwww
0	@tkms8329 違うwwwwwwwくりさん隣で運転してたからwwwwww
1	目合ったらやめちゃったよごめんねwwwwwwwもっとみせてくれてもいいのにwwwww
1	ムービー撮っておけばよかった…
1	@tkms8329 東海村行けばそのうち会えるよ！！！！！会ったらムービーよろしく！！！！
0	@tkms8329 そうだよ！！髪の毛さらさらしてた！！！
0	新居でごろごろ　#新居　#3DK #ウォシュレット嬉しい　#追い焚き機能も嬉しい https://t.co/rA5jwVLe7U
0	新居の初めての夜ご飯💓　#カーペット　#めっちゃ気に入ってる　#後はデカイ荷物ダケ https://t.co/hdR0P2LYss
-1	そういや検診で体重測ったら元の体重より7キロくらい増えてることに気がついてそりゃ腰痛くもなるよねって
0	RT @BoxingMovieNet: #ボクシング #茨城   タイトル 高萩清松高校ボクシング部員　インターハイでの活躍誓う〈高萩市〉茨城新聞ニュ... http://t.co/24OWZLHoLv http://t.co/KwiR9jbb1B
0	ツラタンバリン＜(՞۝՞)＞ｼｬﾝ∠(՞۝՞)／ｼｬﾝ＼(՞۝՞)／ｼｬﾝ
0	RT @82ramen: 拡散希望をお願い致します https://t.co/Lc4fykTp8U
-1	妊婦だとマッサージしてくれるところ少ないからヘアカットついでにヘッドスパしたいけどな〜お金がな〜
-1	予約しておいたからいっておいで☺とかいってくんないかな〜無理か〜
0	そういや11日に婚姻届出してきたからわたしもうなかむーじゃないんだけどさ、わたしなかむーって呼んでほしいからなかむーって呼んでね
0	@tomo_19857917 いえい✌('ω')✌
1	ケーキ買いに行ったらみかみ居た💓ケーキ美味しかったよ💓 https://t.co/frKJhGZTjN
-1	@maricn716 ワァオヤォイェー二ーチャー↑ラー↑↑↑(あんなに言いまくってたのに忘れかけてる怖い)
-1	@maricn716 なんでそんなん思い出してんのwwwwww 今考えると授業中に急に中国語で叫ぶとか頭おかしすぎてヤバイ😂😂😂😂wwwwwwww
0	@maricn716 じゃあまた磨きをかけておくね😉✨✨wwwwwwww
0	@mky_615 そんなことないでしょwww
1	ああああああやっぱかっこよいいいいいいトキメクぅぅぅぅぅ
1	水戸のフルーツバスケット来てるんだけどもすごく良い雰囲気でドキドキ
1	@MatsuNa7 あらうそん！！！さっきめちゃくちゃ近く行ってた！！！！
1	@MatsuNa7 行けばよかった…😧
1	イトーヨーカドーにきてるおこわやさんのイカ飯すんごい美味しかったからすんごいおすすめ＜|:3ミ
1	@mky_615 えっ…死ぬほど羨ましい😧
0	@hai6san こちらこそフォローありがとう〜!!!重ねてありがとう🙈💕💕
1	RT @akachanbot: さぁ産まれよう！って頑張った時、「すごい便意来た！」ってママにウ○コと間違えられた時のあの気持ち。忘れられない。
0	RT @akachanbot: オムツケーキって何それマズそう
1	なにこのbot可愛いwww
0	体重気にしてご飯の量減らしてたら貧血の薬また出されてしもうた😂もうこれ気にせず食えってことかな…
1	食っていいよね！？！？！わたしは食う！！！もう決めた！！！！！
-1	にしてもいろんな薬出てしまったお金かかってしまううううう
0	病院でもらった張り止めの薬飲んだら動悸おさまらない〜
0	ベビーカーやらチャイルドシートやらベビー服やらようやく全部買い揃えられた！！使うの楽しみ♡
1	(ベビーのグッズはなんでも嬉しいのでいつでもプレゼントお待ちしてます)
1	必要なもの多すぎてびっくらぽんするだよ｡ﾟ(ﾟ ^o^ ﾟ)ﾟ｡もっと早めから準備すりゃよかっただよ｡ﾟ(ﾟ ^o^ ﾟ)ﾟ｡
0	卒業おめでとうございます！！！最後の日を最高の日にしてきてください！！
0	@wwwbkb 最後の仕事頑張ってきてね！！！
1	ベリーペイントって普通の絵の具でいいんかねいいんだったら誰かに描いてほしい
0	@Hawaiian_smn やってやって！！❤
0	この薬副作用あるから嫌い他の薬は許せる
1	スタバのお兄さんにトレーナー可愛いですねって言われたんだけどなんでスタバの店員さんってあんなコミュニケーション能力高いの？なんか特殊な訓練でも受けてるの？
0	なんでここらへんパン屋さんないの。。。
0	パン食べたいのパ〜ン〜┌(┐_Д_)┐焼きたてパン食べたいのぉぉぉ
0	スタバでも行くかな〜〜〜〜
0	お出かけしたい
0	動物園とか行きたいけど一人で行く勇気もないしなー
1	一定の間隔でぽこぽこお腹叩かれるともしもーし？わかるー？叩いてますよー？って言われてるみたいですごく可愛いもう生まれる前からすんごく可愛いうちの子可愛い
-1	咳し過ぎて腹筋痛いとかナニゴト∧( 'Θ' )∧
-1	妊娠9ヶ月に入って遂に風邪を引いたった。市販薬飲めない普通につらい。
0	もう震災から5年か〜
1	籍を入れて1ヶ月ということで買ってきてくれた!!すんごい私好みの美味しいケーキありがとう💓 #あっという間に1ヶ月 #オレンジのほうが好き #栗家 https://t.co/RUiVSG80VC
1	RT @a_do_lf: 「お前の嫁は預かった」「なっ…！」「返して欲しくば私の言うことを聞くのだ」「分かった…」「賢明な判断だ。では苺のショートケーキを2つ用意しろ。さもなくば…」「分かった！用意する！その前に嫁の声を聞かせてくれないか…？」「ふっ…いいだろう…ママー、パパが…
1	昨日は日立市のパパママ教室行ってきた👫妊婦疑似体験でグラマラスになりすぎてて笑ったw 赤ちゃん人形可愛くなさすぎてまったく愛情湧かなかった、、 https://t.co/PsSN4zFY4W
0	今日さむすぎて動かなきゃなんだけど動く気起きない_(:3_ヽ)_ストーブあったかい_(:3｣∠)_
1	髪染めるのに美容室前回と違うところにしたらものすごくキレイに色出ててとっても満足したでござる。
0	@nne_5454 鼻の高さくらいじゃないか…？wwww
0	@nne_5454 ななえ鼻高けりゃ男の人ことみんなそういうんじゃないの（笑）
0	@nne_5454 いやそれは前髪後退してるあたり似てる！
0	@nne_5454 あとその困った顔ね！！
0	マフラー未だに手放せない
0	検診に病院きてるんだけど受付の人が外国のお客さん相手に英語できないからアタフタしてるところに助っ人来たと思ったらいっつもわたしのこと担当してくれてるおばちゃん先生が英語ペラペラで驚愕してる
0	お腹減ったから早く帰りたいのに〜今日流れ遅い〜
-1	やばいこの前の検診じゃ超平均体重の子だったのに急成長遂げてる…まだ34週くらいなのに2500g突入してる…
0	もう今日は歩きまくってやる
-1	洗濯物干し忘れた気がするつらい
1	交差点のところでハザードランプ出して一時停止して後ろの車つまらせるおじちゃんとか、平気で赤信号突っ切るおばちゃんとか絶対車乗るべきではないとあたし思うのよ、、、
1	久しぶりに高校生のときの夢見たけどやっぱりみんな大好きだよおうんおうんおうん.˚‧º·(´ฅωฅ｀)‧º·˚.高校戻りたい先輩も後輩もみんなだいすきだったよおうおうおおう。゜(´⊃ω⊂｀)゜。
0	久しぶりにどきどきした。夢だけど。
0	大盛軒のラーメン食べたあとに餃子と炒飯食べるっていうヘビーな夢見た。なんか食べてないのに胃もたれ気分。
0	グルメフェスきたﾟ+｡:.ﾟ(*ﾟДﾟ*)ﾟ.:｡+ﾟ https://t.co/9EwcSAUwYs
0	@saku0414 今ちょうど帰るところ！！！！
0	@saku0414 なんというすれちがい｡ﾟ(ﾟ´ω`ﾟ)ﾟ｡ すまぬのぅ、、、
0	@saku0414 きてください！！！！！！！
0	常総焼きそばとかひたちなかのたこ焼きとか常陸牛丼とかハム焼きとかレバー唐揚げとか常陸牛カレー食べて豆乳ドーナツとかいろいろ食べたのに1枚も写真撮らずに終わったアホやらかした、、、
1	グルメフェスからの内原〜*\( ^o^ )/*今日は活発〜
0	パパからインスタフォローされてなんとも言えない気持ちになってるなう
0	@_gzrichpp123 けどね写真1枚ちょっと前に載せてるだけなの〜！！使いこなせてないパパなの卍
1	RT @_gzrichpp123: あしたはずっっっっっっと集まりたかった４人がやっと揃う日😹💗卒業後初🌸明日が待ち遠しくて眠れない😍😍 (写真は懐かしの文化祭のアレ👃) https://t.co/Dr0hgKaT8f
-1	RT @MatsuNa7: 本日はお久ぶり過ぎの4人でした🙄 高校のときはいつも一緒だったのにな〜。 寂しいね、、、😭また遊ぼうね！！ #MAYN #軽音 #4人 #やっぱ最高 #ありがとう https://t.co/18EsWfdufs
0	我が家に遂にWi-Fi導入なるかの瀬戸際
0	やる気をなくさせないためにお菓子与えとこ…
-1	びっくりするくらい何をする気にもなれなくてつらい
1	RT @chirochiro_840: クレヨンしんちゃんカフェ！！！ かわいい！！！ 2.5スピンズで明日からだよ！ https://t.co/aqCXC2hVze
0	行く手段もお金もないけど食べログで美味しそうなお店見つけて行きたいリスト無駄に増やすのが最近の趣味
-1	朝の6時から掃除機って非常識な気がするんだけどそんなことないのかな〜〜〜子どもの足音くらいならいいけど駆けずり回って飛び跳ねて絶叫してるのも少しおかしいと思うんだけどな〜〜〜
-1	今までアパートマンション色んなとこ住んだけどここまでひどいの初めてなんだよな〜今までが恵まれてたのかな〜
0	昨日はお弁当持って海浜公園行ってきた🌼まだ咲いてないかと思ったらネモフィラちょろちょろ咲いてて今年も見ることが出来ました💮 #海浜公園 #ネモフィラ #気が早い #スイセンくらいしか… https://t.co/mri9MqK2Gu
0	入院準備もう10回は確認したんだけどそれでもまだ確認したくなる。ていうか絶対なんか入れ忘れてる気がしてならない。
0	うわん入院になってしもうた
1	明日から本気でなにしていいか悩んでる https://t.co/diXYAfU3nk
0	病院抜けだしてラーメン食べに行きたい
-1	通信制限かかったスマホじゃ乗りきれない気がするつらい
1	一人部屋がよかったな〜〜〜
0	@R_D_J1ro なんか！切迫？早産？みたいなので病院いったらその場で入院決定いたしたの！！
0	@R_D_J1ro 病気ではないとおもう！！ 多賀駅の近くの瀬尾医院ってとこだよ〜
0	@R_D_J1ro ありがとう！！！！
0	@R_D_J1ro えっ照れちゃう！！！！！
0	@R_D_J1ro だって！！！何年ぶりですか！！（笑） ほんとやることなくて死ぬくらい暇でしたら！！気が向いたらレベルで大丈夫ですよ！！！
0	@R_D_J1ro えっえっえっ！！！！ほんと？！まじ？！
0	@R_D_J1ro いやわたしお見舞い行けなかったから申し訳なくて（笑）
1	@R_D_J1ro ごめん一時間後だとちょうどご飯の時間だから今回は大丈夫です！！！！！！入院長引いたら来て！！！
0	おなじ病室の人多分だけど萩高のタメの人で知ってる名前の人のはなしバンバンしまくるから個人情報駄々漏れ（笑）
0	やめてｴｴｴｴ知りたくない情報が入ってくるよｵｵｵｵ
0	タメじゃないこれ一個下の子な気がする
1	病院食なのに！！美味しかった！！！！！！ https://t.co/KSxZfJULEe
0	@maricn716 あはん個人情報😂♥♥♥
0	@nazodayo_ 常陸多賀の瀬尾医院だよ！！！
0	@maricn716 もちろん！！！ぜひ！！！！
0	@nazodayo_ 出産のときにはぜひwwwwww
0	隣の子のいびき…😂
1	朝から品数多くてびっくり！！美味しい！！！！ https://t.co/KtTbgrcjGP
-1	薬も増えるし入院中の楽しみっていったらご飯くらいしかなくて泣ける
0	@miruki041223 wwwwwwwwww 赤ちゃんはまだ出てこないけどいつでも来てwww
-1	イヤホンないのつらい(　*ω*　)
-1	隣の子にお見舞いきた人たちが持ってきたサンドイッチだかなんだかのツナ臭半端ない〜
0	隣の子の寝言と寝起きのエロくて可愛い声のギャップえげつない
0	副作用的なやつで手震えるから文字書くと寿命わずかの人みたいな文字になる
1	ご飯美味しいのはいいんだけど夜ご飯17:30にはほんと慣れない。。
1	苺うんまっっっっ！！！！！！！昨日も隣の人から苺もらったけど苺ってこんな美味しかった？！？！それともお高い苺だからなの…？？？
0	アイスたべたい
-1	食べられない状況になると食べたくなるのってなんでなんだろうつらいシュークリーム食べたい
0	いつの間にか妊娠して250日だしあと30日で予定日だしなにもかもあっちゅう間や、、、 https://t.co/IC3mQmUAcF
0	@saku0414 笑ったwwwwww ありがとう💞💞
-1	ねぇ隣の子たちの話エグすぎてわたしつらい、、
0	@ara5sca4fka9nin いつでもおいで❤
0	@ara5sca4fka9nin なにもなければ来週の月曜で退院できる予定だよ！！！
1	@ara5sca4fka9nin いいのよいいのよ😋 どうせ産んだらまた入院だし、、（笑） ああ、、すき家、、（笑）懐かしい（笑）
0	@ara5sca4fka9nin がんばりまっす😤 すきすきセットもらいに行くね（笑）
-1	充電器壊れた死んだつらい誰か速達でAndroidの充電器送って、、、
0	病室でマック食うなよ外で食ってこいよ、、、
-1	つうかうるせえよ何時間いんだよここ病院だわ..
-1	高校生怖いわー
0	声量考えろよむしろ病室の外で話せよ、、、
0	┌(┌#＾ω＾)┐ｵｺｫ...
0	根岸とかいってるから萩高なんだっぺな〜
-1	苦手だな〜と思ってた看護婦さんが気になってた点滴の管なおしてくれた、、、💓だいすきになった瞬間でした。 https://t.co/EACSS4umsa
0	@tkms8329 わたしのこと意識したんでしょ？そうなんでしょ？
1	そういえば家にあるわたしの漫画本グロ要素強いから子供がおっきくなる前に隠す場所決めておかなくちゃいけないことにたったいま気が付きました
0	そういや旦那のエロ本とか見かけなくなったんだけどどこに隠したんだろう。
0	もう8時だよ！！！！朝ご飯！！来ない！！お腹減った！！ヾﾉ｡ÒдÓ)ﾉｼ ﾊﾞﾝﾊﾞﾝ
0	暇すぎて左手で文字書く練習してる
-1	先生から話あるって言ってんのになんで早めに来ようとか思わないかな〜馬鹿なのかな〜
1	なんだろ今日なんかすんごいイライラする(;´^;ิ益;^ิ;.｀)
0	@maricn716 20時までだよ〜！！
1	@maricn716 wwwwwww 今日栗原の方の両親来る予定だけど平気？wwwwwww
0	@maricn716 りょうかいwwwwwww
-1	ゆうかちゃんとまりかがお見舞いきてくれた❤❤❤ お見舞いの品がなんとも二人らしくて笑ったよ（笑) ぬり絵のほうもなかなかえげつないものがあってびっくりしたよ（笑） ほんとありがとう❤❤❤❤❤❤❤ https://t.co/akZlxknWsx
0	あっと1週間持てば早産だけど産んで大丈夫なんか先生一言も言ってなかったんだけど？適当なことばっかなんで親に話してるの馬鹿なの？何聞いてたの？
0	訂正すんのも面倒だしもういいわ、、😪
1	点滴！今日で！外れる！♪ ♬ ヾ(´︶`)ﾉ ♬ ♪ｳﾚｼｲﾈ
0	朝のうちに外してくれないかな〜〜やっぱ夜なのかな〜〜
0	わたしがシュークリームの中で一番好きなお店が潰れてたつらい
-1	チェーンだからまぁその気になれば買えるんだろうけどやっぱ通ったお店なくなるの寂しい
1	点滴外れたはいいけどもお腹が張る！非常に張る！ やっぱ点滴って効果抜群なんですね、、
1	夢にものすごく可愛い赤ちゃん出てきた。二度寝するくらい可愛かった。ただそれだけなんだけど😃
0	その子捨て犬飼いたがってたからこれもう飼うしかないと思ってる。
-1	いままで献血何回もやってるし、採血だって何回もやってるけどこんなに痛いの初めてだわ。絶対あの人下手っぴ、、、痛くない？っていうから痛いですって言ったのにまぁ針刺さってるからねぇwwwじゃないっすよ！！
0	痛いの頑張ったから大してお腹減ってるわけじゃないけど自分にご褒美。栗母父妹さまからのお見舞いの品めたんこ美味。 https://t.co/RRjytxYfdG
0	あとは診察と地獄の消毒さえ終われば退院じゃ、、、
0	隣の子の彼氏さん元清松wwwwwわたしのこと知ってたwwww
-1	世の中思った以上に狭いんだね、、、
1	約一週間ぶりに外に出たら桜が咲いてた。満開になる前に退院できてよかった。
0	@bskeeeeeee77 wwwww 生まれてないよwwww  早産になりかけて入院してた！！！
0	@bskeeeeeee77 今ね！！10ヶ月だよ！！！！
0	テラフォーマーズわりと映画館で観たかったわ、、
0	DVD出たらこっそり見よう、、
1	久々の湯船が嬉しすぎてのぼせた
0	RT @NIKONIKO_rewon: うちの上司が母乳飲んだら体調崩して病院行ったら、医者に母乳飲んだでしょう？って言われたそうです 母乳はあまりに栄養価が高すぎるので成人者には過剰すぎるらしいですよ だからすぐばれちゃうらしい なので、本気で母乳飲もうとするのはオススメでき…
0	明日で桜散っちゃうのか〜歩くの怖いから今年はいい感じの桜は見れなさそうだ〜😪
0	@_gzrichpp123 ｱｲﾗﾌﾞﾕｰ！！！！！！！😂♥♥♥♥♥♥
1	@_gzrichpp123 いいねいいね🌸💞💞 今月だよ〜😍♥ もうドキドキwww
-1	@_gzrichpp123 それ！！！毎年ブラブラしながら観るの楽しみだからちょっと残念だった😣😣💨 親馬鹿になる自信しかないwwww
-1	@_gzrichpp123 そうね来年は桜まつりあたり行ってくるよ😚💞💞🌸 なんでも買い与えてしまいそうで恐ろしいwww
1	スタバでどっかり座れる席座ってたら隣にも妊婦さん座ったからこの椅子は妊婦に優しいんだと思う。
1	ケーキ屋さんの美味しいシュークリーム食べたい。
1	RT @roloa9273: Halloween♡ 家族で仮装も楽しそう♡♡ https://t.co/bpOhOFqBH7
0	今年のハロウィンは楽しみじゃ、、┌(┌ΦωΦ)┐
0	ああああああ！もう！ムカツク！！！
0	さくらまつりなんだかんだできちゃった
1	トルコアイスのレインボー頼んだんだんだけど想像以上にレインボーで楽しいことになってる https://t.co/tQ1uSbxtKD
0	オールスター感謝祭小池さんどこにいるのか全くわからない、、、
0	ようやく！見つけられた！！
0	注射するためだけに30分歩いて病院まで来るとか解せない。錠剤でほんとは済むのに。解せぬ。
1	微妙に飲んでから気が付いたんだけどイラスト付きだった。可愛い。初めて見るお姉さんありがとう。 https://t.co/qfesOgtkA1
-1	薬飲んでないのにえげつない動悸。なんじゃこりゃ。
-1	お腹がぴりぴり痛いの前駆陣痛かな〜全然分かんない。
0	温泉行きたい
1	ちょっと古びた旅館で美味しい日本酒のみたい
0	なんでこんなに寝てたのか分からないけどほんとに寝過ぎでびっくり
1	それにしても楽しい夢ばっかりだった気がする。ほとんど忘れかけてるけど。
0	遠くにお出掛けできるようになったらいろんな人といろんなとこ行きたいから是非ともお誘いお待ちしております(受け身)
-1	病院行かなきゃなのに頭痛くて行く気がまったく起きない
-1	頭痛くて朝お弁当作れなかったなー申し訳ないなーと思いながら起きたらなんとも可愛いおにぎりがいた。そんな不器用だなんて思わなかったよ。ありがちょ。 https://t.co/icFQJJbomj
-1	叫び出したいくらい高校生に戻りたい1年生からやりなおしたいそれでお金貯めるとかじゃなくて別の使い方をしてもっともっと充実したものにしたいそしたらあのお誘いは断らないしライブも行ったしもっと友だちとお出かけしたのにあの時にしかできないことたくさんしておくべきだったと今更後悔してる
0	定期的に高校生に戻りたくなるときがある
1	@MatsuNa7 でしょ❤ 普通に寝不足だと思うから平気👍👍
0	ねえなんでわたしが外出ると雨降りだすの？
-1	えー傘買おうかなーけど途中で止まれるのも嫌だしなー
0	@miruki041223 その瞬間見たかった、、、
-1	@MatsuNa7 昨日お昼くらいまで爆睡してて夜眠れなかっただけ❤❤❤
0	@miruki041223 わたしがそこにいたら腹抱えて笑ってあげたのに、、ぜひ今度やってみせて☆〜（ゝ。∂）
1	@MatsuNa7 だろ？あたし可愛いだろ？？？？❤❤❤❤❤
-1	@miruki041223 タオルは用意しておくねwwww    えっなにそれなんでながたにあってんのずるい！！！！！わたしもながたにあいたいのに！！！ていうか朝のバスのメンバーにあいたい！！！！！
0	久しぶりにお顔見せてくれたけど手で潰しちゃってておじいちゃんみたい😂  #baby #3000g間近 #ブス #それでも #やっぱり #うちの子1番 https://t.co/K0WLQse36S
0	@MatsuNa7 何戸惑ってんの？ねえ？？
-1	@miruki041223 もちろん👍👍   うわーずるいずるいあたしも電車に乗る！！！ たしかに絶対出禁だwwwwwww防音仕様の個室じゃないと100%迷惑かけるwwwww
0	@MatsuNa7 嘘だね！！！！あたしにはわかるんだ！！！
0	@miruki041223 いや防音+個室なら今流行り(？)ラブホ女子会でも、、、、（笑）   そうだよ！！！！！みんなだいすき瀬尾だよ！！！
0	@MatsuNa7 もちろん❤以心伝心👭❤
0	@miruki041223 いやいやいやいないよね？？？？？  それはもう君のセンスに任せるよwwww
0	病院の帰りはスタバが定番になりつつある。店員さんにそろそろ顔覚えられてるんだろーなー
0	@_gzrichpp123 ドンキ＝彫刻
0	竜神大吊橋いってきた！！バンジージャンプやりたひ、、、 https://t.co/SZG7su040l
1	橋の途中の透明なとこでびびるやつ。だめだこりゃ。誰か一緒にバンジーしよ。 https://t.co/7xaF5tzeLz
1	なんか熊本の人たちに支援！いえい！ってそれはすんごくいいことだと思うし大切なことだと思うんだけどそこのお店のもの買い占めたらそこの付近の住民の人たちが困っちゃうんじゃないかな〜なんて。
1	車ある人ならいいだろうけど車がない人はそこのお店がライフラインかもしれないし、生鮮食品なら毎日補充されるだろうからいいだろうけど、粉ミルクとか買い占めなんてただでさえそっちの地方優先的に流すだろうからすぐ補充ってなるかもわからないし、、、私の考えすぎかしら
1	支援するってこと自体はすっごく良いことだしやらなくちゃいけないことだと思うけどね！！！
-1	ただ支援のやり方に疑問を抱くというかなんというか、、
0	( ´_` ).｡இ
1	大甕きたし小腹空いたしってカフェ入ったらかねこん働いてておったまげた😳久しぶりに来たけどやっぱオシャレだし美味しいしやっぱスキ💓 #otto #キャラメルラテ #イタリアンソーダ… https://t.co/ts9y1JVsFS
1	RT @MmmS268: 何が楽しいのか https://t.co/fXuFzschMj
1	これを見てそういやわたしも顎の下撫でるなと思って、やってみたらまったく同じように顎提供してきた面白い
0	朝もちゃんと起きて昼寝もせずに活動してるのに夜寝れないやだ
-1	なんか今まであんまり夜ふかししてこなかった人間だから夜に眠れないのやだ夜は寝たい。イライラしちゃう。
0	ベビー服ばっか買い集めてて自分の授乳服とか1枚も買ってないことに気が付いた午後11時
0	可愛い服いっぱい買ったのにこれじゃお出かけもままならない…こりゃいかん…
0	お宮参りのときのお洋服も考えなければ、、
1	何回見てもAmazonのライオンのCMかわいい
-1	ようやく完成した😂🙌✨ 全部で5分くらいあるんだけど（笑）よく頑張ったと自分を褒めたい。#明日は🌰の誕生日 #1曲 #フル #もはやPV #特に頑張った #OP… https://t.co/E5U10vaEQl
0	@MatsuNa7 ね！！！！！見るたび心癒やされる！！
0	ひさしぶりに電車乗る🙌がたんごとーん🚃
0	1駅だけなんだけどね、、、
0	ホームでタバコ吸うなよ喫煙所行けよ、、
0	日立市のケーキ屋さん食べログ1.2.3位全部回ってたら7キロ近くも歩き続けてて笑った
0	やったね！パパとデート！ドンキ！
1	昼飯食わなきゃよかった！！
1	RT @mi_baby_record: 個人的に、妊娠中旦那がしてくれたら嬉しいコト😗🌷 ワガママ妊婦でごめんなさい😆  #マタニティ  #妊娠 #ママ友募集 https://t.co/26sXMSNKhQ
0	わりと妊娠中どれもやってくれた旦那やっぱかわいいありがとうあと少しがんばる
0	@tkms8329 ながたは一体どこの立ち位置いるんだよ（笑）既に娘かよ（笑）
-1	歩きすぎて筋肉痛ひどくて眠れないつらい痛い
-1	運動しないとこんなに痛いのかよこえーよ
0	眠れないぐらい筋肉痛ってなんなの、ババァかよ、、
0	いや、12キロの重りを持って何キロも歩いたってことだし自衛隊とやってること変わらないよね、そうだよ、うん、あたしまだババァじゃない、うん、、、
0	いいや今日寝るのは諦めよう、、
1	膀胱蹴られたりかかとでグリグリされるのはほんと死にそうになるけど、しゃっくりでぴくんぴくんとかちょうど触ってるところ蹴ってくるのはたまらなく可愛い
0	でぃばでぃどゅっだーでぃばでぃいぇー
1	今更バケモノの子と予告犯見たけど面白かった満足でござる
1	旦那の妹さんが手作りおむつケーキとくまさんのお尻ふきくれた、、、！！！嬉しい！！ https://t.co/fiRKF65pvj
1	いいな〜またドリフトしてる車乗りたいいい
0	昨日1日で旦那のお義母さんとちょっとだけ仲良くなれた(気がする )
1	ハイローラック買っていただけた🙏高くて中々手が伸びなかったから非常にありがたい、、！！
-1	@nne_5454 マブダチまではまだ遠いな、、、
0	@nne_5454 ほんと！それ！！！一歩ずつ頑張るわ、、、 あ、モンスターホテル2DVD出てたで
-1	@nne_5454 さすがwwwwwwww 借りに行ったら無くて未だに見られてないんよ、、
1	なんでこんな病院こんな混んでるのさ、、付き添いの人多すぎて私座るところあるかないか微妙じゃないか、、
1	付き添いの人はどうせ呼ばれないんだから奥のスペース行けばいいのに、、
1	すでに3444gってなんやねん。しかも下がってきてないってなんやねん。さすが我が娘。将来ビッグになるな、、、
-1	@hageatamadesu なんか予定日より遅くなりそう😂
1	@hageatamadesu 多分そうなんだ、、うまいもんたらふく食ってるから、、
0	ここ最近同じ人夢に何回もでてくるんだけどなんだろ
0	なるほど
0	調べてみるもんだ
0	昼寝してもしなくてもどうせ夜眠れないなら昼寝しようそうしよう_(:3｣∠)_
0	最近すごく眠い
-1	カップ焼きそばのお湯切るときに手火傷とかすげーださいしめっちゃ痛いんだけどどうしようつらい
1	いいな〜わたしもディズニー行きたいいいい
0	いつもだったら湿潤療法やったら一発で痛いのなくなるのになんなの痛いんだけど？？ちゃんと冷水でしばらく冷やしたよ？そのあともだいぶ冷やしたよ？なんなの手オリーブオイル漬けにすればいいの？
-1	沈黙のセガール見ながらずっと氷水に手突っ込んでたのにまだ痛いとはなにごと？？
0	手ぬぐいでやけどぐるぐるに巻いてまでスタバ。wi-fiの工事終わるまではスタバ常連。 https://t.co/xqBwQj3w0B
0	あああああ暴飲暴食したいよおおおお
-1	ていうか陣痛こわいからいっそのこと帝王切開してくんないかな〜
0	@SeinaSv ありがとう！！！！！(❁´3`❁)
-1	やっぱ帝王切開やだ。麻酔死ぬほど恐ろしい。なんやねん脊髄麻酔って、、、
0	@xe0415ax ありがとう(๑´ㅂ`๑)♡*.+゜
0	@xe0415ax そう！！！なんだけど！！まったくでてくる気配なし😂
0	@hai6san ありがとう〜！！祈願してくれたからもう安産確定や😂💕💕
0	あ、あれだからね！！まだ産まれないからね！！帝王切開とか誘発やるとしたら9日だからね！！！
0	@m1216616 ありがと〜〜〜｡ﾟﾟ(*´ω`*｡)°ﾟ｡❤❤
1	@maricn716 虫歯菌ゼロの可愛いお口いくらでも見せてあげるわよ❤❤❤❤
0	@maricn716 そうだよね山田先生言ってたもんねwwww いっぱい見せてあげる❤❤
0	@37_kuruma もちのろん！！！！ありがとう❤❤
1	@tkms8329 誘拐せずともそのうち出てくるからね、、、いつ出てくるかなって真面目に考えたら林先生にドヤ顔されたちきしょう
0	@aika_0215 ああああ！！たしかに！！！ご祈祷！！wwwww ご利益ありそうありがとうwwww
-1	@k_ai1205 なんて縁起の悪いこと言うの😂笑 ありがとう死なないように頑張る💓
0	@k_ai1205 行く！めちゃくちゃ行く！👌💕💕💕
1	久々らーめん屋さん開拓してきた😳💓今回は混ぜそばに温玉と梅ジュレトッピング+プリンいただいた😋写真撮って大丈夫ですかって聞いたら素敵な笑顔で大丈夫ですって言ってもらえてお店の人の優しさ垣間見たし… https://t.co/Yqss3AC9S4
-1	このまま家帰ったら寝腐るっていってドライブしてたら見つけた。なんか市民の森って言うからちっちゃい子が遊ぶようなとこかと思ったら森っていうか山だった。多分あと100回くらい行けばトトロに会えそう。… https://t.co/4CvayDmYuf
0	打首テレビで見れると思わんかったー
1	遂にコストコのカード発行してしまった。。。コストコのパン美味しいんだもの。。。
-1	腰が痛い非常に痛い
-1	なんか、骨が痛い
-1	@aika_0215 非常にしんどい！！
0	@aika_0215 まぁもう少しで妊婦も終わりだしね、、😂  頑張るよ👌💓
-1	やだな〜痛いな〜痛いな〜と思ったんですよ、、病院に検診にいったら何だったと思います？陣痛だったんですよ、、
0	ってことで今から入院しまーす٩(　`ω´　)۶
0	報告いたしますまだ産まれません
0	生まれたあとでまとめてお返事するね、、
-1	陣痛は来てるんだけどもあたしのお腹すんばらしく居心地が良すぎるみたいでまだ出てきません。果てしなく腰痛いです。お腹は痛くないのです。腰なのです。
0	2日から粘りに粘ったけど結局帝王切開で昨日我が娘誕生いたしました。普通分娩で出してあげられなくて残念だったけど、元気に生まれてきてくれたので満足です🙆👌
0	3485gの大きめGirl👶🎀❤5/4の19:27に産まれました名前は随分と前から決まってた鈴奈😌画数も漢字の意味、名前の意味、… https://t.co/T4nXQEQQiQ
1	面白いのはななえたむと同じ誕生日ってところだよね、、
0	@hageatamadesu ありがとう😚💓💓 楽しみにしてるwww もう娘が出かけられるようになったらよこづの仕事場まで行くね❤
0	@bskeeeeeee77 ありがとむーさん😳💓💓💓💓
-1	@nazodayo_ ありがとおおおおお！お腹の傷痛くなくなったら塗り絵させてもらうね(*´∀｀)
0	@hei_006 ありがとうございます！！！！
0	@saku__yua ありがとう✨✨✨✨✨✨✨
0	@m1216616 ありがとう😚💕💕
0	@garagara58 ゆさりん💕💕💕💕もちろん！！ファミマまで押しかけちゃう😌💓
0	@wwwbkb ありがとう稲葉氏🙌✨
0	@Mika0330smile ありがとう🌼🌼🌼
0	@amam218 ありがとう😳♥♥
0	@pikachuuu_s2 みにちゃん💓💓ありがと☺💕💕
-1	お腹かっぴらいたからしばらく流動食なのがつらいところですな
0	@s7tnn_ ありがとう、、！もちろん！いくらでも拝んでくだせぇ🙏✨✨
0	@ymdng_1220 ちぇずちぇずちぇず!!!💓💓 ありがとう❤ だれがぶっ飛んでるって？？？😪😪💙 もちろん！！行けるようになったら行きまくるよ🙌👏✨
0	@xx_nenene24_xx ありがとう😋👐💕💕
0	@maricn716 ありがとう😳♥♥♥
0	@39_TandF ありがとうございます！！！(*๓´╰╯`๓)
0	@_gzrichpp123 ようやく出てきたんよ我が娘😂😂😂💓 ありがとう❤❤❤ あさみの変人パワー注入しに来て💉♥♥👏
-1	@_gzrichpp123 そうみたい、、😪💔いやーしんどかったwwww わたしの娘だよ？そんな化けの皮すぐに見破るから無駄だよ❤❤❤❤❤❤
1	うちの子可愛いけど初めて抱いて顔引き攣らせる弟も可愛い https://t.co/o75D6UDs6q
1	@hai6san ひいいいい嬉しきお言葉…😂💓💓💓 そうなれるように頑張るよありがとう🌼🌼
0	@UVER_NAO0127 あざお(^o^≡^o^≡^o^≡^o^)🌼
0	@_gzrichpp123 ほんとそれ😂💔💔 ありがとうそうするよ🙏💓💓 もちのろんあなたの奇行はわたしのお腹の中から聞いてるんだから今更猫かぶろうなんて遅いのよ❤安心して注入して💉❤❤
0	初孫とセルフィーするおじいちゃま、それをカメラに収める旦那、苦笑いのおじさんの図 https://t.co/MQxKZh4YOE
0	夜ご飯流動食どころかジュースと緑茶だけ。お腹減ったマン。
0	退院して食べ物好きなの食べられるようになったらひたすら身体に悪いのばっかり食べちゃいそう
0	@saku0414 安産だったかは謎wwwww 行けるようになったらたくさん遊びに行くね💕💕💕 ありがとう😌✨
0	@daaaaaaaichi027 産まれたよ！！！
0	@daaaaaaaichi027 ありがとう！！！😎
0	@hayazawa917 よっしーさんありがとう👌✨
0	なんだか娘出産してから顔の筋肉ゆるんでるんだかで気を抜くとスマホ見ながらんで常にニヤニヤしてる変人になってる
0	@ara5sca4fka9nin でへでへ😳😳😳♥♥♥ ありがとう❤❤❤
0	@0131Yuji あざす🙌✨
0	@umechamay ありがとう！そんな密かにだなんて、、😳  頑張ります😎♥
0	@amu_sax かなたんありがとう😚❤❤ たしかに！なんかそう言われるとじわじわ実感湧いてくる😳頑張らせていただきます😌✨ お外出られるようになったら積極的にメイツさんたちのいるようなイベント行くね❤❤❤笑
0	寝やすくするためにお薬出しとくね〜って言われて飲んだ薬が抜群に効きすぎて昨日いつ寝たのか本気でわからないくらい爆睡してた。久しぶりに一回も途中で起きないで眠れた
1	朝ごはんwwww白いwwwww ガチ流動食すぎwww米粒すらないwwww https://t.co/xomgdFYqV1
0	流動食わりとイケる。久々の食べ物だからそう感じるだけなのかしら。
0	@R_D_J1ro うほい！！ありがとう！！！
1	背中のチューブから痛み止め入れてくれたほうが気分的にいいんだよなぁ、、座薬すきじゃないんだよなぁ、、
1	RT @MatsuNa7: 大好きなお二人さんがお先に結婚してしまった🙄寂しいけど、素直に寂しさよりも嬉しいの方が大きい💕これからもお幸せに👰💍早く栗原と長谷川に慣れよう😳👏🏻💕だぁもうほんと嬉しいドキドキする幸せ🙄これからもあたしは二人の愛人やってくよ💞@yukaraage1…
1	うちの子可愛い。早く同室にしていただきたい〜〜 https://t.co/D01Eqq3fuP
1	@MatsuNa7 わりと美味しいよ！！！！！wwww やったね行く行く٩(　`ω´　)۶
-1	RT @ryo_taiseiken: 【大切なお知らせ】  この度、麺や亮は5月29日を持ちまして、閉店する事になりました。苦渋の決断に成りますが、人手不足そして変則的な営業でお客様には大変ご迷惑をおかけ致しました。  まだ当分先になるとは思いますが体制を整え、いつの日か麺や亮…
-1	うそつらい死ぬ
1	お昼ごはん、、たまごレンチンしたやつとお醤油と海苔の佃煮と重湯、、朝のほうが美味しかった、、 https://t.co/1rSIDy00p7
1	ご飯の割に薬の多さな。おんなじ漢方2袋も解せぬ。 https://t.co/nFIQpHb3r9
0	そういやご飯の時にでてくるお茶とか以外水分とってなかった、、そりゃむくむわ、、
-1	お腹痛くなったら遠慮なさらずにお声掛けくださいって書いてあるから！！声掛けたら！我慢できない？ってめんどくさそうに言われたよ！！我慢できないから呼んだのよ！！
1	痛いよ！！！！！つうか早く来て！！！！痛み止めなんでもいいからちょうだいよ！！
-1	今まで結構色んな注射やったけどやっぱ一番嫌い&amp;痛いのは筋肉注射なんだけど、今さっき急浮上したのはお尻のほっぺにする注射。何の注射か知らんがじわんじわんしばらく痛い。
0	今日の夜勤の看護婦さん好きくないよ、、せめて仕事中なんだからマナーモードにしようよ、、、Ki mi ni mu chuーじゃないよo si go to chuーでしょう、、
0	ミニストップのソフトクリーム食べたいしがってんのソースカツ丼も食べたいし三四郎のスタミナラーメンも食べたいし麺次郎も行きたいしメープルハウスのシュークリームも食べたいし麺や亮もなくなるまでにはまた行って新味バリカタにしたいしはちにのラーメン食べたいしペコちゃんのほっぺも食べたいし
1	もう夜ご飯おかゆ以外普通だしそろそろ普通の固形物食べていいかな https://t.co/7Jwl5g3Lpx
1	泣き止まないからちょっと見ててもらっていい？って連れて来られた我が娘やっぱ可愛い、、 https://t.co/CPPBdAv3hn
1	ところでさ、みなさまおじいちゃんおばあちゃんと住んでる人ってやっぱ一緒に暮らしててよかったって思うもの？？住んでない人は住みたいと思った？
1	なんか、ご飯食べてておばあちゃんのご飯美味しかったなぁとか考え出したら色々止まらなくなった💭
0	@_gzrichpp123 だってママがわたしだから💞♥💞♥💞♥💞
1	ねぇこれただの水だと思って飲んだらマンゴー味で死ぬほどびっくりしたしめっちゃ美味しいナニコレ https://t.co/5pJDDYvsmH
1	@haku_ushi_love @matsu301  松屋のプロフェッショナルや、、、
1	看護婦さんに前髪切りました？って聞いたら自分で切ったら失敗しちゃって、、ってすげー可愛かったほっこり
-1	@haku_ushi_love @matsu301 ご飯作るの面倒なときはベビー抱えてレッツゴーさせてもらう！！！
0	@haku_ushi_love なんで地味なの？！派手にサービスしてよ！！！  お子様皿なんかじゃなくてわたし牛皿欲しいんだけど？？？？
1	@haku_ushi_love 美味しいの？お子様カレー美味しいの？そしたら普通に頼むよ？？おもちゃもらいにいっちゃうよ？？
0	@haku_ushi_love じゃあ今度食べに行くねお子様カレー、、
0	腹減りﾊﾞｧﾝ_(･ω･_　三　_･ω･)_ﾊﾞｧﾝ
0	@haku_ushi_love えっお子様カレーを？？一人で？？wwwww ちなみにご飯大盛りとかできるの？？
0	@haku_ushi_love じゃあ2つ頼むようかな、、、 えっそんな人いるの？！？！チェーン店巡ってなにしてるの？！？！wwwwwwww
1	@haku_ushi_love それで足りなかったらサラダ頼むね、、  何してる人なのその人wwwwww松屋愛強すぎるでしょwwwwwww
1	@haku_ushi_love いやでもそれじゃあお子様カレーが食べられないじゃないか！！！！！  もういっそ松屋の正社員なればいいのに、、
1	なんか最近少女漫画実写化しすぎじゃね、、やっぱ漫画だからこそのよさがあると思うんすよ、、
0	@haku_ushi_love からいのは好きくないねん、、、  えっなんなのその人ほんと謎すぎ😂😂😂😂😂😂
0	@matsu301 @haku_ushi_love いくらでも作りましょう！！！！ベビー抱いててくださいね！！！
0	流動食とおさらば👋💓
-1	お尻痛い、、お尻のほっぺ痛い、、
-1	今日帝王切開の傷初めて見たんだけども、溶ける糸とホチキスで留めてて想像以上にグロテスク
0	綺麗に整列してるもんかと思ったらそうでもないのが余計にグロイ看護婦さんなんでそんな平気な顔してられるの、、、
0	おうちかえりたい
0	おうちかえりたくてしょうがない病
0	そうだ今日母の日だ、、、 https://t.co/7lEDZu9rz6
-1	そうか母になったんだって変なとこで実感
1	@ogotansuki 結婚式羨ましい〜〜〜😂💓💓 おめでとう！！ あと少し頑張ってね！！！
0	@ogotansuki 安定期できること楽しんで(๑ت๑)♡ ありがとう〜！！頑張るヽ(；▽；)ノ
1	@ara5sca4fka9nin わたしのとこは美味しいよ！！！！
0	3時間おきにミルクあげなきゃいけないの！！！って夢の中で怒鳴っておきたらまだ時間じゃなかった、、、
-1	今飲んでる漢方がシナモン100倍凶悪にしたような味だからシナモン系のお菓子ちょっと嫌になってしまった悲しい
0	からあげ！！！！からあげ！！！法定速度のからあげだ！！！！ブオオーーーーー！！！！ブボーーーーー！！！！ブボーーーーー！！！！ブボーーーーー！！！！ムシャア！！！！成功！！！解凍前のからあげです！！！！ https://t.co/QBvrHsb4xp
0	成功と言えるのか謎
1	そういえば今日3時頃おやつ初めて出た！美味しかった！！ https://t.co/Yxmw2CKv2u
0	病院のサービスで人生初フェイシャルエステしてもらった〜！！✨顔とか肩とかすんげえ楽になった😂💓💓💓💓💓 無料券もらったし今度サロンまで行く🙌
1	エステティシャンさんのあの手でほっぺたやるときのﾌﾟﾙﾙﾙﾙﾙﾙﾙﾙﾙｩ!!!!!って技術ほんとすごいと思う
1	うちの家族かわいい https://t.co/CPj1X3EoZO
1	幸せだよ〜((((((΄◞ิ(΄◞ิ(΄◞ิ౪◟ิ‵)◟ิ‵)◟ิ‵))))))
0	沐浴しにいったうちの子のギャン泣きする声が聞こえる、、ごめんね看護婦さん、、、😂😂 ちょうどさっきぐずり始めたところでお迎えに来たから、、！！
-1	ホチキスの針抜いてきたプチプチちょっと痛かった、、
-1	手術後初めてガーゼ取れて傷跡まじまじ見てたらなんか臭う、、クセェと思ったんすよ。おへその中に血こべりついてた😂そりゃ臭うわ。
0	あああようやく明日で退院じゃ〜〜１１日間長かったよおおお
0	看護婦さん絶対今わたしの話してたわ
-1	わたし陣痛きてるとき結構なおばちゃん看護婦さんにこんなん陣痛じゃない！騒がないの！って怒られてたんだけどその話してた。やっぱおかしいよねなんでわたし怒られてたんだろ、、
1	院長先生にも今日の退院診察の時にいやー頑張ったね〜３日だっけ？頑張りすぎたね〜って言われたんだけどだったら早く腹切ってくれよって、、、
-1	RT @atsumusic_soft: 常磐線下り 日立～小木津で緊急停車  何かと衝突したとのことです https://t.co/SOG9tNI2ef
0	Instagramアプデでアイコン変わったらしいけどカスタマイズしててわかんねぇ
-1	傷口の周りテープの粘着力残ってて黒くなってるところがあって、綺麗にしようと思って爪で引っ掻いてたらかさぶただという事に気がついたときにはもう既に手遅れでした
0	なにも、見てない、、
1	なんか出産後ものすごく情緒不安定すぎて死にそうでなんだこれは思ってぐぐったらマタニティーブルーなるものがあるらしい。ホルモンバランスって大事なのね。
-1	娘が高校生とか中学生くらいになったら一緒にロッキン行くんだもん、、、
-1	いやでもあと15年おあずけとかだいぶきびしい
0	どうしよう娘がクラシック好きになって、ママその曲うるさいから止めて？とか言われたらどうしよう
0	ベッキーきた
0	えっ、ベッキーじゃないのベックって誰なの
0	ベッキー最初だけ？
-1	合成雑wwwwwww
-1	寝汗がひどい。寒い風邪ひく。
0	はードキドキしたい胸キュンしたい刺激が欲しい
-1	最近のドキドキはおむつ替えてるときにおしっこされないかなﾄﾞｷﾄﾞｷかベッドに置いた瞬間目パッチリ覚まさないかなﾄﾞｷﾄﾞｷくらい
1	SNOWで遊んでたらちょうどいい具合にお花食べてるみたいになった🐑🌼 https://t.co/rEYcjZ03Cv
0	ああ死ぬかと思った
0	日立の求人見てたらロッキン休暇なるものがあるとこあるんだけどナニコレドウイウコト
0	うちの子どんどん顔はっきりしてくんだけどどんどん旦那の顔になってゆく、、
-1	わたしに似てるの髪の毛質くらいなんだけど、、
-1	@MatsuNa7 あたし悲しい、、、
0	ついに我が家にWi-Fi導入👏💗💞💜
1	自分で設定できた嬉しい！
0	@MatsuNa7 そうね楽しみに待ってる😢💓💓
1	パパダイスキ😂😂😂 https://t.co/7fjP8rnAtQ
0	@bskeeeeeee77 ぜひ会って😍💓💓💓 むーさんパワー注入して👏💞
0	@bskeeeeeee77 唇は残しておいてあげて😳♥ めたんこかわええよ😂
1	お腹いっぱいになってうとうとしてすぐベッドに置くと起きちゃうところ、わたしのお腹に仰向けで置いておくとすごく気持ちよさそうに寝てくれること発見いたした。 https://t.co/erM4rFbcch
0	@hageatamadesu 栗原帰ってきたら撮ってもらうわ（笑）
-1	@hageatamadesu よこづーほんとに食べそうで怖いよ😂
0	@hageatamadesu まじかよこえーよwww 2、3個食べてちゃんとお腹いっぱいにしといてね？？
0	@MatsuNa7 毎日いるよ💜
0	@hageatamadesu そうしておいて❤❤❤
0	@hageatamadesu やったね！！！！🙌✨♥💞💓💞❇💜💗💞
0	RT @grx_24k: 相手はぶつかってそのまま逃げていきました。 白の軽自動車、初心者マークを付けてるという事しかわかりません。 大甕のキリ大の近くでやられました。 相手の車の左側に擦れた跡がある車を見つけたら教えてください。 大学生だと思います。 https://t.co…
1	いちごフラペチーノ昨日の奈々たちが買ってきてくれたのに今日も再び飲んでるやっぱり美味しい😂 チョコソースとチョコチップとパンナコッタ追加したらすごく美味しい👏👏👏 https://t.co/UHdwiWvCZO
1	飲み終わったらスマイルちゃんが見えてすっごいほっこりした https://t.co/TJGFgxSGCh
0	えげつないおならしてるときの顔も可愛いうちの子 https://t.co/6Zdic7jfFg
0	@MatsuNa7 屁こいてるときの顔だけどね💝 嫁にはやらんぞ、、、
1	@_gzrichpp123 でしょ？！？！！可愛いでしょ！！！！！？このあと💩する顔とは思えないでしょ！！！？
0	母乳出ないのも困るんだろうけど出すぎても困るわ、、、
1	RT @akachanbot: 子育てはこう！って偉そうにしてるばぁばも、きっと昔はテンパッて子育てしてたんだろうなぁと思うと可愛いかもね。ママは僕の育て方を誰にも教えちゃダメだよ。2人だけのないしょないしょ。
-1	母乳血液って言うじゃん？一日で1Lくらい出てる気がするんだけどなんで死なないの？
0	RT @haku_ushi_love: 探してるそうです いたらリプください https://t.co/RnfjyCNXGE
-1	今日金縛りっぽいのあってめっさ怖かったんだけどやっぱ夢だったんだろうな〜〜って思い込んでる
0	スタバのチーズケーキフラペチーノうまぁ
0	自分の知り合い同士が同じ学校とかそういう訳でもなく関わりなかったはずなのにどこかで繋がってツイッターでお話してるとこ見るとなんだかオオオってなる
1	あっというまに1ヶ月🍼💛 早く色んなとこお出かけ行きたい〜！！ #🌰  #寝相アート #早く本物ケーキ一緒に食べたいの  #うちの子1番 #可愛すぎて #嫁に出したくない https://t.co/nnKoC9BXQh
1	人狼やりたい学生時代が懐かしい
1	@nne_5454 突然のフィリピンwwwwwww 美しくなったってどういうことなのwwwww
-1	スタバのチーズケーキ飲みたい甘いの飲みたい
0	ここ最近無性に糖分欲してる
0	お外にご飯食べに行きたい〜
0	@hageatamadesu だろ😳♥♥♥♥
0	@hageatamadesu そうだよあんなことやこんなことしてたなかむーもいつの間にかママなのよ、、 https://t.co/fCji1Rg4Hs
0	@hageatamadesu 待ってる😻♥♥♥
0	サイモンベイカー見たさにリング2見てる
0	心臓のトレーニング
1	日立市内の色んなケーキ屋さん行ってシュークリーム食べまくってたけど、今日行った大甕のパン屋さんのシュークリームが一番美味いと思った
0	@kana062489 行ったよ！！！！！あそこは2番目！！！
1	@kana062489 めちゃ！くちゃ！美味しい！！！！あそこの生クリームがとても好き😳♥♥♥
0	@kana062489 そうそうそうそう！！シュー生地がサクサクなのがまた👌💓💓
1	娘とロッキン行くのも夢じゃなさそう。将来有望。 https://t.co/Fpl64Y7TL1
0	テレビで女の子が「はたちですっピチピチの女の子ですっ」っていってるのみた旦那がいやー20歳はピチピチじゃねぇだろとかいってて絶望した、、わたしはいつの間にかピチピチでなくなっていたのね、、、
-1	新聞の勧誘のお兄さん今日しつこかったな〜前のお兄さんの方が好青年だったな〜
0	娘泣いてくれなきゃ断る理由出し尽くしてたわ😂ナイスタイミングだったわ
0	佐川の人だと思って出たのが間違いだったわ
0	つか佐川来ない、、
0	まいべいび♡⃛ https://t.co/2yeSiXF9dg
0	@msyaaa6251 緑川ｷｭｳｳｳｳｳｳｳﾝ！！！！ うわあああん！！久々だね！！！ありがとう！！♥♥♥
0	今多賀のワングーに絶対青ちゃん先生いたwwwちょっと太ってた気がする
0	中学生の時の夢見た懐かしすぎ死にたい寝覚め悪い
0	恥ずかしすぎて死にたい
-1	上の階いつもうるさいんだけど、ついさっき親の怒鳴り声聞こえたと思ったらなんかデカイものが倒れるような音聞こえた後に子供ギャン泣きしてるんだけど虐待かな大丈夫かな不安すぎ
1	赤ソニア好きだから3体目までは喜んでたけどついさっき記念すべき5体目出てもう喜べない
0	RT @Messiah_ore: 俺の勝ちだね https://t.co/BGDa1e7Ltb
0	やばいwwwwwwwwwwwww
-1	RT @2PVOzV7gFqBzZl5: 数日前に日立駅付近の常陽銀行のとこで集団暴行があったらしいんですけど 見た！とかなんか情報わかる人大至急で教えてください！人数は７人くらい！ 結構急ぎなんでお願いします  ※拡散希望
0	お仕事また葉お勉強でお疲れの皆様、どうぞ癒やされてください https://t.co/vKWemv9C1B
0	親ばかだからかもしれないけどとっても和む
1	@hayazawa917 よかったですお仕事頑張ってくださいませ
0	お宮参り自体は1ヶ月くらいにもうやってたけど記念にスタジオで写真撮ってもらってきた💓 スタッフさんにいっぱい可愛がってもらってた👏💕出来上がりが楽しみ💞
0	@Hawaiian_smn だろ？
0	@nne_5454 あなたの遺伝子はこれっぽっちも入ってないけどね😌😌😌
-1	歯が痛い死にそう
-1	歯痛すぎてずっと虫歯ポーズしてるつらい
0	遠吠えかな https://t.co/9hqyrqqGGS
0	@tkms8329 まだ北朝鮮について教育してないから多分違うよ
0	人狼ゲームやりたすぎてオンラインの人狼のアプリいれて何回かやったけど専門用語多すぎだし流れ早いし無理だった。
1	やっぱり普通に人狼がよい
0	だれか今度人狼やろ、、
0	子育て支援を謳っている選挙カーが歩道に駐車しててベビーカーで車道を歩かざるおえない状況わたくし解せぬ
1	子育て支援嬉しいけどその前に歩道歩かせて
0	紅茶のシフォンケーキホールで食べたい
0	こえ恋楽しみだけどあの超撥水性の紙袋とかどうするんだろ
0	@ogotansuki そんなこと言われるの？！？わたし出産のときも指輪付けてた、、（笑）
0	赤ちゃんおにぎり。手を離したら満面の笑み。 https://t.co/ehANqL5ect
0	@ogotansuki そうみたいだね（笑）びっくりした（笑） どこの病院なの？？🙋
-1	なんか！うちの子写真不適切な可能性があるって言われてるんだけど！！なんで？可愛すぎて不適切？？？
-1	@ogotansuki あれ！高萩なんだ！！！遠くない？？
-1	@ogotansuki そうなのね😣😣 市外だと色々大変じゃない？？
-1	@ogotansuki ええええええそんな待つの？！つらすぎ😨😨 今から病院変えるのも面倒だもんね😣大変ね😖
-1	@ogotansuki お腹大きくなってくると余計つらいよね😣💔💔 わぉもうそんなになるんだね…！！これから暑くなるからもっと大変ね😱😱
-1	@ogotansuki ねえそれめっちゃわかる、、（笑）妊婦あるあるかな（笑） たしかに！！出産の時余計体力持ってかれそうだね😭😭
0	@ogotansuki めっちゃしてたよ（笑） がんばって！！！ そうだね！（笑）一応長期戦に備えて体力つけとくことをオススメしておくよ（笑）
0	@ogotansuki なんかどんだけ動いていいのかとか動きすぎて赤ちゃん平気かなとか色々考えすぎて結局体力あんまりつけずに体重だけ増えて大変だったわたし😂😂 ぜひともがんばって（笑）
0	@ogotansuki 悪阻なのか、、！！そりゃ動くにも動けないね😱😱  安産なことをお祈りしとく🙏🙏🙏
0	観たい映画が溜まってゆく！！はよDVDになれ！！
0	年会費永年無料！！ 楽天カードのご紹介です。 今なら楽天カード新規入会＆利用で もれなく５,０００円相当のポイントプレゼント 今すぐチェック！！ =================== https://t.co/wQu2Egp7fU  紹介者ID:SMJUXMJ0
0	楽天カードマ〜ン https://t.co/yQb9C7YJTY
0	@motokuosu だしょ？？？😏😏😏😏😏😏😏😏
0	奈々からもらったお洋服まだ大きいけど着せてみたらぎゃんかわすぎてつらい https://t.co/xKwkGPWLUT
0	@motokuosu ハッピーバースデーお前
0	@motokuosu いやなんて呼んでたか思い浮かばなかった（笑） あざす( ´=ิ౪=ิ｀)
0	@arlequin___Aki せやろ？せやろ？？(ﾟ∀ﾟ)o彡ﾟ
0	歩きでしかもこの時間にラブホから出てくるとか強すぎかよ
1	@arlequin___Aki ほんと？！？！？！めちゃくちゃ嬉しい!!!!!😍😍😍😍😍😍😍😍
0	清松のチアの子たちとすれ違ったなんか高校時代がめちゃくちゃ昔に感じた
0	@Hawaiian_smn かもんかもん❤❤❤❤
0	シフォンケーキホールで食いたいって一週間言い続けたらほんとにホール買ってくれた(照)
0	#シフォンケーキ #ホール #念願 #saku-hana @ Saku-Hana https://t.co/7BPsmjhsMC
0	@_gzrichpp123 あさみたんお誕生日おめでとう💜💜
0	@_gzrichpp123 帰ってくるの待ってる❤❤❤❤❤
1	録画しておいたこえ恋見てるのだけども漫画とちょっと違うところもそれもまた面白い
0	緑川さんなにもの感だけど
0	しゃぶしゃぶ温野菜がスペシャルクーポンを大放出！クーポンは、「365日間食べ放題無料クーポン」の応募ツイート＋リツイートの総数に応じてランクアップ！ぜひ参加してね！https://t.co/W4JovwL5j7 #温野菜 #夏鍋総選挙 #ちょい足し総選挙 #365日間食べ放題無料
0	7/15 12時～「ウルトラマン」コラボ開催！5人のウルトラヒーローがモンストに集結！ウルトラマンと一緒にバルタン星人やゼットン等、怪獣たちの襲撃からモンストを守ろう！？ #きたぞモンストにウルトラマン https://t.co/EestIOEitU
1	アドレス帳に入ってる人がサブ垢作ると通知来るやん？ビッチさんがTwitterを始めましたって通知がきたんだけど誰なのか全然分からなくてものすごく気になってうずうずしてる
1	今日地震多くない？誘発されてるの？
-1	pixivコミックのアプリが不具合みたいで開けないので普通のpixivアプリ入れて暇潰そうと思ったのだけどもいかんせんエロが多いわたしはエロは求めてないのだ、、検索の仕方が悪いのか、、
0	@Hawaiian_smn いつでもおいで💕
-1	家の周りこうもりみたいなポケモンだらけでなんか嫌
0	@nazodayo_ ブラックおめでとうイェア！！！！！！
1	@ara5sca4fka9nin 懐かしい😂😂😂
1	@ara5sca4fka9nin 羨ましいwwww
1	可愛い子が自撮りする時の角度 #お風呂 #うきわ #爆睡 #swimva #赤ちゃん #baby #我が家のアイドル #すずたん #生後82日 #おっきくなりました https://t.co/lXbIMMDlfa
0	いっつも見てほんわかしてます〜！！ 当たれ当たれ！！(∩^o^)⊃━☆ﾟ.*･｡  #まき田アイコン企画
0	遠出したい病
0	長谷川夫妻から頂いた😂😂😂😂💕💕ありがとう❤❤❤❤❤❤❤❤ #長谷川夫妻 #野菜の妖精 #わたしはにんじん嫌い #だけど #これなら好き #ありがとうありがとう #夫婦セットも… https://t.co/664LdukE8J
1	@ogotansuki 産んでからだと中々染めに行けないから是非行っておいたほうが良いよ😂👌👌
0	@ogotansuki そうそう！！（笑） 預けるのもなんだかなって感じでもう3ヶ月は行けてないから今のうち行っとくのが👌👌👌
0	富士急のテンテコマイ乗りてええええええええええ
0	(双子ちゃんじゃないけれど)これあるあるすぎて笑えた😂😂😂 最近はイライラしなくなったけどちょっと前までイライラしすぎてほんとに汚れたオムツ顔に乗せてやろうかと思ってた😳 https://t.co/bZbmOTUq09
0	@hageatamadesu あの？？？wwwwwwwwww
-1	ほん怖今年は8月20日だって〜〜〜楽しみｳﾌｳﾌ https://t.co/5bHm6t6KR1
0	@hageatamadesu やばいなそれwwwwwwww やだ受かってしまったらよこづーに会いに行けなくなる😭😭😭😭😭😭😭😭💔
0	@hageatamadesu やばすぎて草しか生えないwwwwwwww でもよこづが微妙な顔しながら一緒に働いてるのも見てみたいわ😂😂😂😂
0	@hageatamadesu ああああなるほどなぁwwwww     よこづのなんとも言えない顔が目に浮かぶよ♥♥♥♥
1	@hageatamadesu なんか色々懐かしいわ😂😂wwwww
0	@hageatamadesu ヒィィィィwwwww今思い返してもやばいwwwwww
0	ポケモンGOのせいで祟り神さまがモンジャラに見えた
0	うちの姫が3ヶ月になりました👸❇ #すずたん #3ヶ月 #人魚 #というか #エビフライ #baby #🌰 #寝相アート #風 #おっきくなりました https://t.co/0g86Qtu2pm
0	長谷川夫妻遭遇率高くて笑う
1	内原のフードコートで優雅にご飯食べながらどっかの花火見る贅沢
0	なんかテンション高い https://t.co/2rJ8DjEknp
0	@s7tnn_ ママに似てんねん
0	@tkms8329 何言ってんだみたいなのやめろよ笑わせんなよwwwwww
0	@MatsuNa7 せやろ https://t.co/wmyrNz0rxt
0	@garagara58 さすがゆさりんわかってる😂😂💗
0	@MatsuNa7 食べないでよwwwwww
1	久々プリクラ楽しかった。最近のは動画までくれることに衝撃を隠せなかった。 https://t.co/YCoIgKTjJj
1	わたしはいいねとかの同意を求めてるのではなくてですね、じゃあ俺達も…っていうのを待ってる訳でありまして、、、
0	旦那が朝炊飯器の蓋閉めずに行ってしまったのでお昼のご飯が乾燥してがちがち。お茶漬けならいけるかと思ったらいけなかった。ぼりぼり。
0	パソコンできるのにWi-Fiが飛んでない。どこ行っちゃったの。
0	パソコン使えてたのにネトゲやろうとした瞬間フリーズしやがった、、、
0	ゲームしちゃいけない呪いでもかけられたかな
0	ネトゲ最初はソロプレイでとりあえず仕組み把握する予定だったのに勧誘断りきれずギルド入ってしまった、、、
-1	チャット苦手やねんけどこれ喋らなくてもいいの？？？？なんなのもうギルド抜けたい怖い
0	はああああチャット怖すぎてログアウトの波に乗ってログアウトしてしまったああああああまだクエスト進めたかったのにいいいいい
0	ああああやっぱ入る時期見誤ったああああああああ
0	@nazodayo_ せんぱいいいいいいいい！！！！！わたしは、、、！わたしは！！とんでもないミスをしてしまったようです、、、！
0	@nazodayo_ 課金したのか先輩、、、！！わたしもそうしようかな、、、、
-1	@nazodayo_ SORENA!!!!!!! たしかにまだなにが惜しいとかそういう段階ですらないわ！！！！ そうする！！！ありがとネトゲセンパイ！！！
0	@nazodayo_ がんばる！！！わたしひとりでがんばるよ！！！！！！ネトゲセンパイ！！！
0	@tkms8329 @nazodayo_ (ﾜｩﾔｩｲｪｰﾆｰﾁｬｰﾗｰみたいな感じだった気がするけど忘れてしまったので元ネタ持ってるあさみたんに要確認)
-1	@tkms8329 @nazodayo_ 二人ともそんなにどこが痛いの？心？トン！！！
-1	@nazodayo_ @tkms8329 ねえほんとまたそのうち集まろ？？？？？？あたし寂しくて死んじゃうよ？？？？
1	@tkms8329 @nazodayo_  よしみは呼ばなくて平気？？？？喋ると友達減るわよって言わせなくて平気？？？？？？？
1	娘寝たし、、と思ってネトゲしてたらこんな時間、、、ぐっばい貴重な睡眠時間👋💭
0	ちきしょう！！！！娘の予防接種B型肝炎自費でやった直後に公費になりやがる！！！損した気分！！！
1	アルバム見返してて作るだけ作って満足してた😂😂 すったん100日おめでとう(だった)👶🎊✨ これからもすくすくとおっきくなってください😌 #🌰 #我が家の姫 #8月12日で  #生後100日… https://t.co/JSxXcrJGnd
0	夜ふかしはいけないよ、、、
0	家の駐車場の隣の車にキンタマぶら下がってるんだけどドウイウコト
0	えっそういうキンタマアクセサリー売ってるもんなの？？？wwwwwwwww
0	それともあれキンタマじゃないのかなわたしの心が汚れてるだけなのかな、、、、
0	RT @9Hiro2593: トレンドの安倍マリオってそういう事ねww  https://t.co/Uv9UB8etng
0	雨ヤバァ郵便局行きたいのに行けない〜メルカリ発送しなきゃなのに〜
0	なんかサブタイトルみたいになった
1	高畑さん24時間テレビのなんか担当じゃなかったっけ大丈夫なのかね。見ないけど。
-1	うちの子寝相悪くて犬っぽくなってる🐶 https://t.co/YLEccVl3jz
1	まだ完璧に首座ってないのに寝返ってしまった我が娘。嬉しいが夜怖い。 https://t.co/VSsYlBcK8J
0	スマホの画面つかないラインの音だけ聞こえるｗｗｗ
0	ラインみれませ～～～～～ん
0	@Hawaiian_smn じゃあ将来奈々みたいになるかも・・・？！気を付けないと・・・
1	@Hawaiian_smn いやいやいや安心なんてできないだろ_(:3 」∠)_
0	@Hawaiian_smn う～ん・・そういうとこ、かな・・・
0	朝からドコモショップ行ってきます。
0	@docomo_cs ショップのほうに行かせていただいたのですが改善されなかったので機種変更か修理したいと思います！！　わざわざありがとうがざいました(*'ω'*)
1	RT @docomo_cs: @yukaraage1124 こんにちは。ドコモ公式サポート小林です。ご不便をおかけしております。スマホの状態により、次のサイトの電源に関する診断を行うことで改善できる場合があります。ご来店前でしたら、お試しくだされば幸いです。 https://t…
1	ドコモの公式からリプきててすこぶる驚いた。わたし一生ドコモさんについていくわ、、
1	おっきくなると大変よ～可愛いのは今だけよ～って言ってくる人たちばっかりなのに、早く大きくなるといいな～って言うからなんでか聞いたら楽しいじゃんの一言。男手ひとつで大変だったろうに楽しいっていってくれる。ほんとパパの娘でよかったと思う。
-1	お店行ってああこれはもう無理ですね的なこと言われたのに、つい癖で電源ボタン触ったら何事もなかったような顔してつきやがった、、、どうしよう修理出すに出せないぞこれ、、
0	@Hawaiian_smn 私も喋れって言い続けようかなwww  ❌ 一緒に遊ぶ  🔴  奈々が遊んでもらう かな？？？？？？
-1	今は動かせるけどいつまたダメになるかわからないのでデータバックアップとったりログイン情報確認してきた。画面の色がおかしくなってきたからわたしの判断は間違っていなかった。願わくば土曜日まで持ち堪えてくれ、、、
-1	いつの間にやら寝てた。最近天候悪くて外出られてなかったから余計に疲れてたかな〜
-1	@Hawaiian_smn 初めて喋る言葉がシャベレヨ！とかだったら私悲しい😂😂😂  だよね👍👍👍あ、首座りそうだからそろそろ抱っこできるんじゃない？？？😎✨✨✨
1	前髪ぱっつん姫毛の可愛い女の子が車高低いかっこよい車乗っててギャップにやられた。よいね。
1	喋りながらプーさん触りまくってて可愛いうちの子 https://t.co/zUfoCeuWkf
0	@Hawaiian_smn いつもありがとうね😳♥♥♥♥ https://t.co/1Xt94sAenR
1	@Hawaiian_smn 奈々のおかげですずが順調にプーさんに染まっていってるよ🐻🐝✨✨ 家族全員プーさんになれる🙆💕
0	旦那が帰ってこない。腹減った。
0	_(:3」∠)_
0	(:3冫 ﾉ)ﾉ
1	スマホ大好き赤ちゃん https://t.co/qs1VOws1rx
0	RT @poppop_32: このリングやばすぎwww https://t.co/V0gsIVQLhZ
1	みんなして君の名は観やがって！！羨ましいよ！！楽しんで来いよチキショー！！！
1	スタバの新作飲みたいいいいいい
0	@motokuosu つ https://t.co/zwaBputMGZ
0	我慢できなかった、、、！ https://t.co/v8yqOL3lyt
0	RT @MIYAVI_STAFF: [スペシャルムービー期間限定公開‼️⚡️] 手塚プロダクションとコラボした『FireBird』 火の鳥バージョン🔥のMVが公開されました！ https://t.co/qaK6aT4br7 映像ディレクションはファンタジスタ歌磨呂氏！ http…
1	@motokuosu めたんこ美味かったよ👌
0	想像してた遊び方と違うんだけど、、、 #可愛いからまぁいいか　#うちの子１番　#🌰　#すずたん https://t.co/db9V8KqrCg
1	やっとこさズートピア見ることができた👏👏　誰が黒幕か途中で当てちゃって怒られたけどよかった。何が良かったってニックが、もう、言葉にできない。抱いてくれって感じ。
1	@garagara58 そう！！名前忘れちゃったけど！！笑　面白かった😂
1	冬用の帽子と歯固めバナナくわえてるだけなのにこの可愛さ。ほんとオムツモデルでもやってもらおうかしら。 https://t.co/l4DJmCjLiy
0	@tkms8329 やだよ美女楽団とかに入れられそうだよwwwwwwwwwwwww
1	@tkms8329 かわいいだろ？なんてったって母親がワイだからね？？　あれ北朝鮮にも美女軍団みたいなのいなかったっけ？www
1	マジ歌ライブ武道館とかやばいwwwww
-1	@tkms8329 やばい恐ろしすぎるwwwwww なんかニュースで結構前見たような気がする！！たぶん！！！
1	@tkms8329 wwwwwwwwwww 大丈夫きっとこの子も打ち勝てるはず…！！！
0	@ogotansuki ようやく出てきてくれたか！！！お疲れ様頑張ったね😌✨　今はとにかくゆっくり休んでください😳
-1	@ogotansuki わぁもう同室か！楽しみのような不安のようなだよね（笑）　そうしときな〜（笑）
-1	毎度毎度思うけど予防接種予約する時の電話苦手だからウェブ予約できるようにしてほしい、、、
0	ていうか予約全部ウェブでできるようにしてほしいわほんと、、
-1	油そば系のお店ってカウンターばかりだから悲しい。腰の座らん赤ちゃん居ると行けない。食べたい。。。
1	お座敷あるとこダイスキ https://t.co/1s8yAIQCcY
0	なんだか怖くてずっと見られなかったMステの２時間スペシャルようやく見れた。テレビでもやっぱRADはかっこよかった。泣きそうになった。語彙力なさすぎて言葉にできねぇ。
1	当時は多少気になってた程度な気がしてたんだけど最近その人の夢ばっかり見るから実は好きだったんかな〜〜〜と思った今日の朝
1	はぁ懐かしい😂
1	きょうのよかっぺ弟が出店で働くらしいから行ってみる予定
0	Choo Choo SHITAIN笑った（笑）
1	@haku_ushi_love 出会うかもやね…！！お主は行かんのか？！バイト戦士？？？
-1	「イラッシャイマ、セ〜！」って片言で大きな声で聞こえたから留学しにきた人か〜と思って多少遅くてもしゃあないよなと思っててさ、並んだのよ。やっぱ遅いし、チキン頼んだのに入れ忘れられるし結局違うやつ入れられたし、まぁしゃあないと思って名前見たらザ日本人の名前だった私の気持ち分かるかい
0	@Hawaiian_smn 19時まで！！！！
0	@Hawaiian_smn ざんねんやね、、😥
0	@Hawaiian_smn おいでよなかむらのいえ
0	@Hawaiian_smn　今週の木曜予防接種だからそれ以外なら👍👍👍
0	@Hawaiian_smn カモン！！！
0	ハイハイしだすまでは我慢しようと思ってたけどやっぱりこらえ切れなかった。ほふくぜんしん。 https://t.co/hUZxCpOid1
1	成人式の写真諦めてたのに撮ることに、、！！！　旦那様様ありがたや😭
0	既にテレビっ子 https://t.co/OkLv58pgLL
0	Choo Choo SHITAIN　(はよ乳よこせ) https://t.co/Fz94t34CnS
0	@yudu0421 なったなった！！
0	エイトスタジオの振り袖だとかドレスだとかのカタログみたいなやつにアゴ子が載ってるの気がついて笑った（笑）
0	存在忘れかけてたの一気に思い出した（笑）
1	予防接種のために日立の小児科までベビーカー使って行ったら足パンパン、、もうしばらく長距離お散歩はいいや、、
0	日立市でハロウィンパレードやるなんであたし知らなかった、、行けたら行きたい、、 https://t.co/kKeS11YdMr
0	既に娘のハロウィン衣装は用意してあるんだもんね〜〜
-1	ハロウィンメイク、生肉に齧り付きましたみたいな口にしたいんだけど難しそう。安価な材料で染め過ぎると安っぽくなるしリアルでなくなる気がする〜〜
1	レシピ見ながら作ることは誰でも出来るしレシピ見ないで作れるのは簡単なものばっかりだしわたしもしかして本当は料理できない女なのでは、、、とか色々考えてたんだけど旦那の作ったウインナーと卵を味付けせずただ炒めただけのものを見てなんかこれより美味しいの作れるんだからまぁいいやと思った
1	@haku_ushi_love そんなん書いてたっけか（笑）もっと面白いこと書いておくべきだった、、、
0	@haku_ushi_love やっぱそういうのって大体同じ感じになるよね😂小学生ならなおさらww
0	@haku_ushi_love 実家帰ったとき卒アル発掘した際には晒すね😉👌✨
0	RT @vabu4: 【怒ってても意識高い彼女】@ii_krd  https://t.co/kHYt6ssjb8
1	最近肌荒れすごいんだよね💔 https://t.co/bATJjDFEYX
0	旦那のハロウィンネタバレ。泣くかと思ったら泣かなかった。 https://t.co/1092NV9Psb
0	@37_kuruma うーん、、ちょっとファンデーションが合わなかったみたいで、、ww
0	【マベツム x モンスト】コラボ開催！スパイダーマン、ハルク等のマーベルキャラが「モンスト」にやってきた！そして、超絶モンスターのイザナミが「マベツム」に電撃移籍？！　#マベツムモンスト #マーベルヒーローをひっぱれ https://t.co/XF0fRXXIvk
1	「モンストグランプリ2016 チャンピオンシップ」の優勝チーム予想で「高速点滅」に投票したよ！見事予想が的中したら、なんとオーブ50個ゲット！投票は9/25 13:00迄！ #モンスト #モンストグランプリ https://t.co/B2hhOKcedS
0	RT @smirnoff_1006: 茨城は2年連続で魅力のない県らしいですね〜 ほらほら茨城感じて感じて〜 https://t.co/FmHqrRV3Cy
0	@nazodayo_ ジュエリーショップにもあるしワンダーレックスやらドンキやらで指輪のサイズ測るやつ置いてあるで
1	RT @akachanbot: パパとママと一緒にお出かけしたら、ファミレスで「3名様ご来店です〜」って言われましたよ(ﾄﾞﾔｧ) お腹の中では2名様って聞こえてたから、なんだか嬉しいな〜♪えっへへ〜僕ですよ〜ご来店しましたよ〜(ﾄﾞﾔｧ)
0	そうこれちょっとデヘっってなる
-1	ジュディニックフィニックのコスプレ三人でしたいけどそうするとわたしがジュディやることになるので出来ない、、あんな可愛いの無理、、むしろうちの娘くらいしかできない、、 https://t.co/cP4aGXs8hb
1	おNewなお洋服。かわいい、、😳　#petitmain #ここのお洋服ホント好き#🌰 #お洋服がかわいい季節になりました #うちの子１番  #すずたん #そろそろ5ヶ月 https://t.co/sngTprxIBy
0	ひたちなかフーバーズなるもの来た。 https://t.co/PSIqxNdO7k
1	ご飯もいいけど売り子の女の子たちがいい身体してる、、
1	予防接種行くのにおむつ忘れて全速力で家取りに戻ったら靴ずれした、、電車間にあったからよかった、、
1	娘の予防接種帰りに日立のドトール寄ったら日立二高の子が席開けてくれたり、お店の人がベビーカー置けるように椅子退かしてくれたりしてとっても嬉しかった😭💕　ありがとうございました、、、
0	中学の時の後輩男子に駅で会ったのだけどイケメンになってた、、あんなヒョロヒョロだったのに、、
1	声かけると頭上げる可愛い何しても可愛い嫁に行かないでくれ、、 https://t.co/ukrZTS8F1X
1	疲れて寝てるのも可愛いちょっと白目見えても可愛いうっすら聞こえる寝息も可愛い https://t.co/bIMUqzhZ1N
1	めちゃくちゃやりたいむしろゾンビ役でもいいからやりたいいい  #ゾンビハザードモニター希望  https://t.co/Spg73PBNXj
1	@YojiNoda1 5月に娘が産まれました。胎教にはガンガンRADを聞かせていました。きっと娘もRADを大好きになってくれると思います。娘が大きくなったら一緒にライブ行きたいと思っています。なのでそれまでどうかお身体に気を付けて頑張って活動続けててください、、！！
1	最近授乳してると娘の手がおもむろに顔に伸びてきて、ほっぺた触ってくるからウフフもうこの子ったら可愛いんだから///って思ってるとすかさず鼻の穴に指思いっきりぶち込んでくるんだけどなんなん
0	娘の足付近に顔置くとこうなります https://t.co/rYau0liJnK
0	さつまいもカラメリゼしたやつパウンドケーキぶち込むの美味しい〜😳👌💞　秋って怖いよ〜〜〜😂💗💗💗
0	夜ご飯は〜かぼちゃシチュ〜
0	どんどん肥えてゆくぅ〜
0	前撮りに備えて久々の美容室行ってくるぅぅぅ👆👆👆👆💗💗💗
0	一人でお出かけするの久々すぎてやばい
0	髪何色にしようかな〜〜〜〜
0	@xe0415ax わたしそんな冒険できない、、
1	近所の美容室ちょっとお高めだけどすごく良かった！！！これからはここだわ☺
-1	@Hawaiian_smn 皆川さん遠いんだもん（笑）
0	@Hawaiian_smn なんかね！！窓の近くにでっかい鏡がならんでるとこ！！
1	ノーブルプラムなる髪色にしてきた〜！！久しぶりに髪キレイキレイでハッピー👏💞✨
1	振り袖可愛いのあってうれぴよ、、
1	日立のハロウィンパレード参加申し込み必要とか知らなかったし😑FB見て初めて知ったし😑ポスターに書いとけよ😑
1	ダメ元で電話したら大丈夫だた☺
0	@haku_ushi_love 行ってくるぅぅぅ！！！
0	今年は人間の皮膚の下が実はヴェロキラプトル風メイク
0	人間界視察の恐竜です。 https://t.co/NrrtjeChoO
0	賑わっております https://t.co/dJ1P7b3jHJ
1	ゴジラ人気がすごかったです
1	生後5ヶ月になりまちた👏下の歯がちろっと生えてきたので、すずたんには虫歯菌になってもらいました👿❤　歯も生えたし5ヶ月だしそろそろ離乳食だね〜😬💞早く色んなの食べられるようになってね〜！！ #生… https://t.co/4sCTWYSgxk
0	こういうとき一眼レフならもっと綺麗に撮れるんだろうな〜〜 https://t.co/wQdrzfqhxo
0	@BadChizzle Thank you.Thank you for your comment !  I'm so glad :D❥
0	@Hawaiian_smn ガチ勢かよww そのうち栗が買うとか言い出すと踏んでる🌝
0	キャンペーン「保育園で亡くなる子どもを1人も出さないために、しっかり事故検証できるよう、認可外保育施設も日本スポーツ振興センターの無過失保険に加入させてください！」 に賛同をお願いします！ https://t.co/BCPh8EzcpO @change_jpから
1	RT @machut0ra: 心菜。保育園に預けて3ヶ月のことだった。いつものように元気な心菜を預けた。預けて5時間後娘と再会したのは病院でした。チューブだらけで心臓マッサージ…。助からなかった。保育園では一度もミルクも与えられずこんな厚着で毛布を掛けられ寝かせられていた。保育…
0	こんなん知らんかった、、幼稚園にしろ保育園にしろほんとによく調べよ、、
0	ヘアアイロン頼んだのにこたつ布団届いたwwww
0	ただの配達ミスだったみたいで電話したらちゃんと下の届いた☺だがしかしそれは旦那の注文していたホットプレートであった。
0	今週末は焼肉かお好み焼きかたこ焼きにしよう。
0	【トリック・オア・トリック・オア・トリート！！】   ＃LINEバイト でハロウィンの合言葉をシェアするとプロのメイクとスタジオでの写真撮影が当たる！ ハロウィンを魔法の夜にしよう♪  【参加はこちらから】https://t.co/pXkSCNJvwL
1	久しぶりに銀魂見たけどやっぱ面白いwwww
1	お天気良いのでお散歩🌞👣✨✨　ようやく涼しくなったのでよこづからのプレゼント着用🙈💕　可愛いお洋服よこづありがちょんまげ💞💞💞 #スタバへ新作飲みに行く散歩 #よこづ #ありがと #スタイ… https://t.co/07Ho2vVbNZ
0	訳(あたちにもスタバの新作寄越せ) https://t.co/lM5cjGVX5y
-1	@Hawaiian_smn そうよ！！！ゆずの冷たいやつ！！！！
0	近所のファミマにパトカー4台に鑑識さんの車1台集結してる…！なんだよこえーよ事件かよ…
1	成人式前撮りようやくしてきた〜！！！鈴ギャン泣きしちゃってなかなか準備進まなくてお店に申し訳なかった😥😥😥けどお店の人たち優しくて非常に助かりました🙏💕　素敵な写真も撮ってもらえたし、最後はスマ… https://t.co/pa7pPbh3JG
0	3度寝くらいしたらRADのLIVE行く夢をみた。洋次郎にプッチョあーんしてもらった。嬉しすぎて起きてしまったけどいつか本当に行きたい。行く。
0	@Hawaiian_smn @nne_5454 ねぇギャグwwwwww
1	@Hawaiian_smn @nne_5454 面白かったならよかった〜！！👏💓
0	寝室の模様替えしたからなんか落ち着かない(((((´°ω°｀)))))
1	スタバ来たら清松の女の子たちいた😊😊女子高生尊い可愛い、、
0	髪の毛のせいかなにくんですか〜聞かれてしまった🙈はよ髪ペタンってなって🙈 https://t.co/42eqNQwMCc
1	ねぇめっちゃ可愛くないすかこれ？？？？　スマホケース閉じちゃうんすよ？？　可愛くないすか？？(二度眼) https://t.co/N3xfFyYeCJ
0	@nne_5454 あたしも気になって調べちゃったじゃん〜〜〜十王にもなんちゃらアンテナあるみたいよ〜〜〜 https://t.co/QV7iHWlOHb
1	マックのポムポムプリン味なかなか美味しかった。マシュマロがよいね。
1	RT @Az20hitachi: model：yuka✨  AzのPV撮影にご協力頂きました👠 表情やポーズもとても上手で 可愛かったです❣️ ゆうかちゃん有難うございました😆  https://t.co/cffrJZsFrY https://t.co/wM639Ldmr6
1	えっかわいいなにこれ
0	波来た逃げろって遊んでる写真なのに片足が消えてジャンプしてるみたいになったっていう写真 https://t.co/4yimrqZfhU
1	えっぱぱかわいい、、(わたしが初めてあげた一本目の田酒は飲んでることを知ってるし、後ろの背景がわたしの使っていたバスタオルのことも気付いてるけどそれでもかわいい) https://t.co/s6j0qNTfGu
-1	@nne_5454 もう遅いよ十王の旅もう終わってるから、、次高萩来るの待とうね、、
-1	@nne_5454 たかはげにまつじゅんは無理だろ(真顔)
-1	昨日は1日中髪ペタンってなったからようやくなおったかって感動したのに今日はこれ。ひどくなってねぇかこれ、、、 https://t.co/bnCFkVfVgh
1	すずーりぃーを探せ！ https://t.co/ly3DP2JNwa
0	えっテニスの王子様ってこんなんだっけ
1	はぁほんとかっこよい
0	RT @stk_kaigai: 笑って叫んでストレスとばそう❗😂✨  ジェットコースター乗りたい😻🎶 https://t.co/K5A0nG7719
0	はぁなんかこうバビューンとした刺激がほしい
0	すずの初めての水族館🐠💞あんまり興味示さないかなとか思ってたのに結構魚目で追ったりしてたからやっぱり行ってよかった😌💓  しばらく行かないうちになんかだいぶ展示エリアが広がったり、犬がいたり普通… https://t.co/FdkyMUnY2s
0	金魚ちょっと苦手なんだけど隼人和金ってやつは可愛いと思った https://t.co/jrTG9rJrWp
1	はぁいい夢だった今日はいいことありそう
0	ほんとにほっぺちゅーされたい(切実)
1	隼人和金かわいい飼いたい https://t.co/B8vcDxtyNA
0	ちょっとの間なら一人で座れるようになっててお母さん感動。このドヤ顔。 https://t.co/1A7UdFyUAu
1	ねぇみてよこのかわいいお尻 https://t.co/0KFLYVms5H
1	銀魂1年目からずっと見てるんだけどPrayとか修羅とかもうものすごく懐かしくてやばいいい軽音戻りたいいいぃ
1	@ka_silvia_s15 あまのおおおおおおおおああおお！！！！💓💓💓💓💓　はぁ高校生の時はあんな可愛かったのに今じゃぶんぶん言わせてるのね、、手振るっていうか引きずり出すからよろしくね😉😉
-1	料理作るよりお菓子作るほうが難しいとつくづく思う。料理なんてほほーいってなんとなくでできるけどお菓子はそうもいかないもんね。最近シフォンケーキとかパウンドケーキめちゃくちゃ焼くけど5回中3回は微妙な出来上がりになるもんね。お菓子作れる系母になりたい。
0	@nne_5454 キネティックサンドは割と一回やると飽きるしたまにガチャガチャで少量版あるから生まれてウーモを推す
0	清松の文化祭行くの楽しみるんるん
0	@nne_5454 ガチャガチャで砂やったけどわりと手やらテーブル汚れるんよ〜〜〜　結局wwwww まぁ年に一度のクリスマスだしおけおけ😙👌👌
1	RT @eight_honten: 爽やかで清楚なコーデがとってもお似合いのお嬢様が 撮影にご来店くださいました♪ 大人の女性らしい眼差しにうっとりです(*^o^*) https://t.co/wI8ZGGGx5K
1	ほらわたし清楚だってよ？？ん？？？
0	清松の文化祭はしゃぎすぎて声枯れたwwwww
1	後輩ちゃんとか先輩さんとかタメの子とかたくさん会えてうれぴよぴよでした🐣やっぱ基本わたしの知ってる人どっかぶっ飛んでる人多くてほんとダイスキ。
0	会えなかった人とはまたどっかで会いたいと切に願ってる
0	@bumpkondo えっだって今日文化祭いました？！？！
0	@bumpkondo そりゃ会えませんですぜせんぱい…　そんなにわたしに会いたかったのですか(●˙꒳˙●)◜？？？
0	@bumpkondo そんなこと言って照れてるだけですよね知ってるんですよ(＾ω＾)(＾ω＾)(＾ω＾) ベイビーは渡しませんが抱っこくらいならしょうがないからさせてあげてもいいですよ？？
0	いつの間にか仲良しの二人。 #奈々と鈴奈 #今日はハーフバースディ #プレゼントありがとう #ずっと狙ってたやつ😭💕 #さすがわかってる #うちの子一番 #うちの友達も一番 #ダイスキ https://t.co/5TEmQOYl7b
-1	@bumpkondo バレバレですよ？？？？ そんなことないですよ抱っこした人あんまりいないからレアですよ(/ ･ω･)/
0	トトロトトロ
0	メイが落ちちゃうだと思ってた https://t.co/b67vuNakJt
0	@bumpkondo ちきしょう騙したな！！べつに喜んでなんかなかったし｡°(°´☁`°)°。！！！ 抱っこの喜びを知りやがっておじさん(?)だ！！！！！笑
1	朝すごい音してたのにうるせぇっていって睡眠再開してしまったからわたしほんとに災害来たら真っ先に死ぬ人だわ
1	これやるとうちのこ性の悦びを知りやがってのおじさんに似てると思うの。何が言いたいってSNOWで遊ぶの楽しすぎ。 https://t.co/1CEuJu6Dxc
0	クーリスマスがこっとっしもやってくるぅ〜　#気がはやい #クリスマスツリー #買ってしまった #飾りも買ってしまった #100均 #東京インテリア #ジョイフル本田 https://t.co/AckOOFruJ9
0	@bskeeeeeee77 過ぎちゃっけど！！！むーさんおめでと❤❤❤
0	絵本のミッケ！ってこんな感じだったよね　「金色に光るステッキを見つけてみて！」みたいな https://t.co/gOcOtMrLWl
0	録画してあったヨシヒコ見てるけど今回危ないやつ多すぎな（笑）
-1	✨½🎂🎉✨  ハーフバースディのプレゼントようやく届きました🎁✨　すったん遅くなってごめんよ😞お気に召したようでなによりです😌💓 ほんとびっくりするくらいあっという間な6ヶ月だったな〜〜〜 出産… https://t.co/jJHdSJ1mQP
0	えっしげるにwwwwwブロックwwwwされてるwwwwwww
0	きつねさんだいすき https://t.co/1OGnPEcwTV
0	@mky_615 そうでしょ？！？！😍😍😍😍
-1	まんまーって！！言った！！！！！！！びっくりしすぎてムービー回せなかったつらい！！！！
0	生まれて初めてDEATH NOTE見てる
0	@motokuosu まじ╭( ･ㅂ･)و
1	？！？！こんな終わり方なの？！？！？えっどうしたらいいのなにこれ！？！？
1	なにDEATH NOTE2みたいなのがあるの？？？すごい消化不良なんだけど？？
1	んん？？最近話題の新しいやつがこれの続編なの？？？
0	あ、ラストネームっていうのがあるのね、、
1	DEATH NOTE前編後編見てきたおもろかった。うええ？ええ？？…ほぉー、、っていっぱい言ったわ。あれ後からどうしてこうしたのか解説してくれるの優しいね。
0	@SpotifyJP 🏯💕🏮　　#絵文字で音楽発見
0	だいだいだいだいだいだいすきな海外ドラマのメンタリストdTVにあるの見つけて旦那にイライラしてたの一瞬で吹っ飛んだ👋✨✨✨✨✨✨✨✨　晩御飯作りながら見よ〜〜〜💞💞💞💞💞💞💞💞💞
0	@nne_5454 家にでかい虫出てそれの退治お願いしたらキッチングチャグチャに荒らされてたからちゃんと片付けてね？😊って言ったらえっ？やってくれないの？みたいな感じでちょっとなにその上から目線ってなってイラッとしてまぁやろうとしたら、いいよ俺やるから💢ってどんって体押され文字数
1	@nne_5454 まぁ色々あったんだけどももう忘れたハッピー💗💗💗
0	@Maria2mama フォローありがとうございます〜！☺✨
0	@ara5sca4fka9nin おめおめおめ！！！！
0	@tkms8329 ポケモンパン
0	@ara5sca4fka9nin すったんも泣かないようにスキル上げしとくね👌💕 18歳楽しんで❤❤
1	一目惚れしてニット帽買ってしまった、、、来年被れないのなんてわかってるけど可愛くて、、、😂😂😂 https://t.co/AMi4kQKNFe
0	DEATH NOTE見てから板チョコかじりたい
0	@tkms8329 （っ'-')╮ =͟͟͞͞◐ﾌﾞｫﾝ
0	モニタリングいいな〜〜〜わたしもプロポーズされてないからしてほしいわ〜〜〜
0	人生一回きりなのにプロポーズされずに死ぬとか╰( ^o^)╮-=ﾆ= =͟͟͞͞=͟͟͞͞=͟͟͞͞(╮╯╭)ﾎﾟﾃｨﾄｩ
1	ボジョレー美味しかったあああああああ久々に人狼も楽しかったあああああああああああああああああ
0	RT @cf_as_city: りなちとドンキ歩いてたら、栗むー達おった🙄🙄❣️ https://t.co/k97uGUhu3d
1	ここちゃんすんごいいい子にしてたのにすずビービーしちゃって申し訳なかた、、😥😥　次こそご機嫌のときにここちゃんと触れ合わせたい😚💕💕 https://t.co/kFpgzMOFIE
1	ゆうかちゃんのケバいなんて大したことないんだろうな〜どうせ清楚ブラックなんだろうな〜って思ってたのに大したことあった。誰か分からんかった。
0	RT @hikatan1224: ☆里親募集☆ 父⇒ジャックラッセルテリア 母⇒ミニピン×パグ の子供がメス２匹オス２匹！ 欲しい人居たら連絡ください！ https://t.co/yXTWXLRJAU
0	今日内原行ったんだけど絶対揚石センセイいたわあれ絶対そうだわ
-1	欲張りな娘ちゃん https://t.co/6JMN8Cw6FA
0	@tunamayo_ex あたしのケーキかな？
0	両隣からいびきが聞こえてくるんだけども( ˘ω˘ )
0	@s7tnn_ えっだいすきありがとう！！！！！
1	@haku_ushi_love なにそのお洒落文字、、、ありがとう！！！
0	@haku_ushi_love こちらこそ！！！！！
0	@nazodayo_ ようやく二十歳！！！！イエイ！！！ありがとう！！！
-1	！←これ使うとき指が短いからか油断すると一個上のれになっちゃって3つくらい！打とうとするとれれれってなっちゃってレレレのおじさんみたいになるんですよねれれれ
1	@rixxxxna_03 きゃー😍💞！ありがとう😳😳😳💕💕 うふふそうでしょ😚　でもここたんのレモンの動画もめたんこ可愛かった！！💗💗💗💗
0	@tkms8329 テポドンれれれ　ありがとうれれれ
0	@tkms8329 今度いっしょに飲みに行こうよれれれれ
0	@maricn716 まりか💝💝💝💝💝💝💝　ねぇほんと会えるの楽しみ！！！！😳💕
0	@37_kuruma ありがとおおおおおお😚💞💞💞　もちろん！！ぜひ！！行くよ！！！😌💓
0	@salty_4_9 アリガトウゴザイマサ😇💝　次の機会はぜひ撫で回してぱちパワー注入して💕💕
0	せっかく20歳の誕生日イライラして過ごしてたけどななななえよこづと会えたし色んな人からメッセもらえたからハッピーで終われた😌💕　もう旦那に過度な期待はしない😊👋　みんなありがとう😚💓
0	@ymdng_1220 ちぇずちぇずちぇず〜💕💕💕💕💕 ありがとう😙😙💗
0	@banco0415 ありがとう！！！！　ほんと！！行こ！！！！まじで！！！
0	@banco0415 ね！！！ほんと早急に！！(笑)　また皆でわちゃわちゃしよおおお😤😤😤💞💞💞
1	急遽の湯楽たのしかった♨
1	@haku_ushi_love おめおめおめ！！！！良い一年を！！！！
0	成人式の写真！届いた！！！
0	寝てるなーと思ってほっぺ撫でたら寝ぼけながら手触ってきてママはキュン死にしそうだよ、、、 https://t.co/NLxsapCgnS
0	@3827hona わたしも昔同じ犬種飼ってていなくなっちゃってすっごい寂しかったの思い出しました😣😣 もう連絡したかも一応！！ 見つかること信じてます！！ https://t.co/7nQBexov3U
0	@3827hona なっちゃん？！なっちゃんなの！！！？
1	RT @Keitatata10969: こういうのが一番嫌 君の名は。どこいったってどこにもいってねーわwwwww もともとこんな感じだったわ 前前前世の方がよっぽどいいっていうなら前前前世だけ聞いてればいいじゃないの なんで評価が下がるの 歌詞がグロいからって評価を下げるあな…
-1	RT @3827hona: 名前 もも 年齢 ９歳 性別 メス 犬種 シェットランドシープドッグ 特徴  黒い首輪、シェルティにしては毛が短い  11月24日12時頃水戸市内の自宅からいなくなってしまいました。些細な情報でもいいので見かけたかたご連絡お願いします。
1	@3827hona よかった！！ほんとよかった！！！｡ﾟﾟ(*´ω`*｡)°ﾟ｡
1	ほんと楽しすぎてハゲるところだったわ、、今日会えんかったやつらにもそのうち会いたいぞよ
-1	えっ未だにわたし監視されてるの？こわ
0	すったん〜　なーに？(*′V′*) https://t.co/A1913gcZBt
0	RT @disneystudiojp: 「なぜ私が選ばれたの…？」悩み傷つきながらも、“海に選ばれた”少女モアナは冒険に出る―  全米で『ズートピア』を超えてNo.1大ヒット！！『#モアナと伝説の海 』日本版予告編がついに解禁！ https://t.co/6HOh6lmNOd…
1	プロってすげぇ。よき思い出になりました。 https://t.co/PiZjuOT8fD
0	星野源系男子ってなんだよ（笑）
0	寂しいのかなんなのか泣きながらさわさわしてくるのめちゃくちゃ可愛い(このあとめっちゃ鼻の穴いじられた) https://t.co/i2ZXy7S69w
1	@3827hona えっ嬉しい、、、😭💗💗ね！！ほんと最初わけわからなくてすっごいびっくりだったわ😂😂
1	@3827hona えっなにそれ嬉しすぎかよ😂💞💞　ぜひ行きましょうともさ💗💗💗 SNSやべぇ☝☝☝
1	@3827hona うわぁもうダイスキ😭💞💞💞　もちろん！！！！
0	びっくりしたぴよよよ〜〜ん
0	ニトリに5000円でホームベーカリー売ってたから買ってしまった。後悔はしていないし焼きたてパンうめぇ
1	RT @xox78359943: 大洗サンビーチ向かってる最中に目の前で青い首輪をつけた柴犬が乗用車とトラックに引かれてしまい今病院に連れてきています、いち早く飼い主が見つかる事が一番だと思いますなので水戸市内の方協力してください。見つかるまでは僕らが責任持って飼います。 詳細…
-1	RT @Taiwanjin: C.ロナウドにポルトガル語で質問する日本の少年。カタカナで書いてきたであろうメモをたどたどしく読み上げる姿に、会場は大人たちの笑いで包まれる。その中、彼だけが笑わず人々に「何故笑うんだい？」と問いかける。"神対応"という言葉では表現しきれない、夢を…
0	@nazodayo_ こんなのでよろぴこ https://t.co/gnEnBiOLcA
0	@nazodayo_ ゆうかちゃんならいけるはず
-1	@k_ai1205 お！め！で！と！う！！！　色々大変な20歳になるだろうけど！！頑張ってね！！！
0	@k_ai1205 頼まれた😤✨　いつでも頼ってちょ👏💝
0	@Hawaiian_smn https://t.co/aZM6LqcPZN
0	@nazodayo_ 胸を揺らしたゆうかちゃんがただ見たい､､､
1	久しぶりに寝癖見たかわいい https://t.co/QmBDupVnUd
0	@reiya0108reiya せやろ？？？？？？？😤✨
0	RT @Tastemade_japan: ローストビーフ丼🐮 https://t.co/bg1eY5FlsN
0	娘に怒られた https://t.co/WJ5uhl6wmC
0	ミクシィが日記を人質に取ってるとか見たから必死に昔のアドレス思い出してログインしてきたのに日記なんて書いてなかったわ。退会だけしてきた。まだ退会してない人のトプ画若かった。
0	RT @jjl_i: 今世紀最大に笑ってるww https://t.co/aZ7XzOJHv9
1	寝ぼけながら仰向けでスマホしてたら唇に垂直落下して、そのうえ水飲もうとしたら熱湯のほうなの気が付かなくて唇めっちゃひりひりしてるんだけどそのおかげで石原さとみみたいな唇になってる(不本意)
0	はよねよ
0	ニョロモのお腹グルグルは模様だと信じ込んでいたら実は内蔵だった衝撃事実 https://t.co/MerRh029f3
1	あっ絶対パンミスった、、絶対水分量多すぎた、、
0	上海ディズニー行きたい
0	っべぇ当選した、、、調子乗って2枚にしてた、、やべぇ、、、生まれて初めて当選したやべぇしかでてこねぇ https://t.co/SYU9pTWakS
0	死ぬ気で行こと言うかその前に死ぬ気で一緒に行く人探そ
0	最終手段は旦那だけどな〜娘預けるの抵抗あるんよな〜
0	うふふふふふ
0	おぴょ〜〜〜↑↑↑↑( ﾟ∀ﾟ)o彡ﾟ
-1	成宮引退可哀想だわ〜ぜったいあれねるねるねるねだろ〜
0	えってかなんで成宮のやつは薬物疑われたから芸能界辞めるみたいに取り上げてるん？？？もちろんそれもあるだろうけどさ
0	@kayujn 海老蔵誰かと思いましたよ、、、、 当たっちゃいましたイエイ！！！✌('ω'✌ )三✌('ω')✌三( ✌'ω')✌
0	@kayujn ＠の後ろ見てわかりましたよ(｀-ω-´)✧ 初RAD楽しんできます＼＼\\٩( 'ω' )و //／／
-1	悪口≒毒舌だと思うんだけどな〜　明らかに悪意あるのは嫌いなんだよな〜やめてくんないかな〜
1	なんかこうすごくモヤモヤするからやめてほしい😇
0	わたしの毒舌真似してるのかなぁ、、わたしの毒舌は愛と信頼ありきのものなんだけどなぁ、、
0	@garagara58 ね！！！絶対そうだと思うわ！！！！
0	パパに電話したら若い兄ちゃんの声がしたからハッ！コヤツはパパの携帯盗んだ奴だな？！よしやったる！と思って「〇〇でしょうか？」っていったら「そうだけど」とシラッと言われてなぬ！こやつやりおると思って「今どこにいますか？」って聞いたらパパの声で「えっ誰ですか？」って言われて訳わかめ
-1	@MatsuNa7 電波が悪かったんだかなんだか知らんけど最初からパパは普通に喋ってたらしいwwwww
0	この天使な小悪魔たちっていうブログの4コマがうちの家にクリソツで笑った https://t.co/IislkszAM6
0	お兄ちゃんが事故ったってよ！！っていうから旦那のお兄様が事故ったのかと思ったらNON STYLEの井上のことだった。クソッタレめ、、、
0	@Hawaiian_smn 栗に言われる日が来るとは思わなかったわ、、
-1	@Hawaiian_smn そうだよほんとつらいwwww
0	@Hawaiian_smn 自分だとわからないな、、、 https://t.co/Zm2crjU3zn
0	@kayujn おめでとうございましたです！！！！🎂🎂🎂🎂🎂🎂(^～^)🍴💡
0	@Hawaiian_smn 😕？？
0	よく喋るお尻 https://t.co/E4HL9kQWB0
-1	RT @sakigurumi: ノンスタ井上の事故は見るとタクシーが後ろから衝突した様だが、これ傍若無人な発停を続けるタクシーに業を煮やし追い抜いた処、タクシーが前方不注意でぶつかり、相手が芸能人なことをいいことに首が痛いだの言い掛りつけてきてるんじゃないかと思う位市中のタクシ…
0	メディアを成宮から逸らすため〜は訳わからんけど割とこっちはあるんじゃないかなと思ってしまう RT
0	@Hawaiian_smn 頑張って井上極めるね、、
0	ソファ来たけどでけぇwwww 部屋の大きさに合ってないwwwwwwww
0	圧迫感はんぱねぇwwwwww
0	ふとポケGO開いたら家の前になんかピカチュウいたんだけど何こいつクリスマス仕様やん可愛すぎか https://t.co/UOzukB5jPZ
1	あかあさんといっしょの犬っぽいキャラクターアニメーションだとうわっ可愛い、！💞ってなったのに次にキグルミになったら宇宙人みたいになって全然可愛くなくなった、、
0	オスプレイ事故のニュース今日めっちゃやってるけどなんでこんな批判されてるの？運転手さんがちゃんと判断して浅瀬不時着なんだよね？オスプレイ自体が事故が多くて危険だからこんな批判されてるの？
0	@nne_5454 ほんとだwwwwwww 気付かなかったwwwwwwwww 基本テレビのことか鈴のことしかつぶやくことないんだわきっと、、、
1	今日は自然系列メンバーでプールにいったらわたしを除く女子みんながラッキースケベする夢でしたまる
-1	これからは積極的にくだらないこと喋るねぺっぺろぺーん
0	画面OFFにして娘にスマホ遊ばせてたはずなのに皿洗いから帰ってきたらひつじくんとお話ししてた https://t.co/1VC4pEGENQ
0	@nne_5454 あたしじゃあ日立の主婦代表で出れるように頑張るわ
0	ドラマのSPEC見ようと思うんだけどさ
0	RT @gintama_film: 💡映像公開💡 帯紐に差した“洞爺湖”と刻印された木刀。暗闇で行われている斬り合い。天人と思われる大男をなぎ倒し…映し出されたその男は、坂田銀時―！ 銀っさぁーーーん‼‼ #映画銀魂 https://t.co/ghCsH0N0fQ
0	@akachanbot おむつ替えた瞬間うんちぶっ放すのはワザと？ワザとなんでしょ？分かってるんでしょ？
-1	@yukaraage1124 投票ありがとうございました。既に5話目くらいまで見終えましたが非常にとても楽しんでます。　他のおすすめあるよの方は是非とも教えてくれさい！！！！
0	@nne_5454 @MatsuNa7 ねぇなんなの？？？？？？可愛すぎか？？？？？
1	@MatsuNa7 途中からでいいなら録画するわよん
-1	@MatsuNa7 ほんと半分くらいからだけど許してwwww
1	10000%あっちが悪い！け！ど！も！！！優しく寛大である女神なわたくしは！！！なるべくキツくならないように！普通にむしろ優しく接してるのに！！！なんなん！！！！なんでお前がイライラしてんの？？！何様じゃクソ！ほんま女神の顔も三度までだよほんと！！！！🔪😇
0	@nne_5454 @MatsuNa7 憧れはないかな
-1	はぁもうほんと腹立つ逃げ癖つきすぎだわほんと女かよ😇🔪　なんで根本解決しようとしないのかな〜臭いものに蓋し続けてもいつか絶対蓋も入れ物も腐るんだかんな〜
0	SPECのドラマ見終わったんだけどえっ何次は映画見ればおけ？？
0	えっなんかいろいろあるじゃん？？？(　　´ 　• ω •　 `　　)
1	@wwwbkb なんか結とか零とか翔とか天とかいろいろあるんだけどもこれはどれから見てもいい感じ？？？
0	@wwwbkb ありがとう！！！！！！みてくる！！！！
-1	@ymdng_1220 マイ・スイート・ちぇず、、💓　はっぴーおめでとう！！！18になったからって大人のおもちゃで遊びすぎちゃダメだからね😉😉❤
0	お腹ゴロゴロしちゃうけど痩せ我慢してカフェオレ自分で作って、溶け切れなかった砂糖のおかげで最後の一口だけ甘くなるのが好き。なんか食後のデザートみたいな感じ
0	旦那にもっと褒めて！！部下を評価するのも上司のつとめでしょ！！って言ってめっちゃ褒めてもらったのが先日なんですけど、今日最終回見たらおんなじようなことみくりちゃんも言っててほら！！！！！って興奮したら共同経営者なる解決策が出てきて旦那と「…CEO」っていって握手した。
1	何が言いたいかって逃げ恥はとっても良い影響を旦那に与えてくれました。ありがとうがっきー。
1	内原でサンタコスしながらケーキ販売してる女の子が可愛すぎて可愛すぎてつい可愛いですねってナンパ師みたいなこと口走ってしまった。でもほんとかわいかったんだよ、、言ったら両手で顔覆ったんだよちきしょうなんだよその溢れでる乙女感、、
0	@narinatsu617 そりゃ変わらないよ❤❤　ちょっとおっぱい大きくなったくらい☆٩(｡•ω&lt;｡)و
0	@nne_5454 そういやナチュラルにツイッター再開してて笑った
-1	@MatsuNa7 @nne_5454 怖いからとかいってた乙女はどこいったし、、
1	みんな大好き日立駅前のイルミネーションですよっと。今年も来られました。えがったえがった。 https://t.co/Rusv3Y8tbr
1	昨日クリスマスパーティはしゃぎすぎてちょっと体調よろしくないけどホントめっちゃ楽しすぎた、、　ケーキやらなんやらまだ残ってるから今日の昼ごはんにする❤❤❤
1	@garagara58 いえいえいえ〜！！　奈々に食われずちゃんとゆさりんにとどいてよかった😂💓💓
0	@garagara58 嘘だろまじかよwwww 奈々の奴め、、、
1	1枚目…家にあるもの 2枚目…ハセ家サンタからのプレゼント  わたしの好みを完全に把握しすぎるとこうなります。 https://t.co/V5eASaJweQ
0	左がわたしが持っているもの 右が奈々サンタがくれたもの 何が言いたいってほんと君たちわたしの趣味分かりすぎ https://t.co/FF4ItQ3SJN
1	@MatsuNa7 あはん大丈夫よ❤❤❤
1	@MatsuNa7 ふつうに元気✌('ω'✌ )三✌('ω')✌三( ✌'ω')✌
0	RT @robatokoara: ちょ、ソフバン…… https://t.co/HXAjhxMIFj
0	@MatsuNa7 @tkms8329 待って私も同乗する
0	ママの顔が見えないと泣いちゃう娘ちゃん。ぐうかわ　自分の声入れるつもりなかったんだけども可愛すぎて無理だった、、 https://t.co/dZXeUFLuCK
0	@hageatamadesu よこづーがんばれ👶💗 https://t.co/EtMWE1TLWN
0	@hageatamadesu でっしょ〜〜〜？？？？😋💓💓💓👶
0	地震はTwitter集合の合図
0	またか
0	佐川来ないし連絡すら来ない〜いままでちゃんと電話くれたのに〜
0	電話したら繋がらんしWeb検索かけたら持ち戻りになってるし？？わたしずっと今日家で待ってたんだけどな？？不在票入ってないしな？？
0	いつもの佐川おじさんじゃなかったのかな〜
0	ヘリうるせぇ
0	お米はケチるのやめよ、、
0	紹興酒、、、
0	絶対ゆうかちゃんヒルナンデス見てるでしょ
0	佐川電話くれないし絶対届けに来たら一言言ってやろうと思ってたけどいつものメガネおじさんだから許した。何も言わなくても気使ってお水玄関まで入れてくれるからね。
1	今年も皆様たくさんお世話になりました、、　来年も娘ともどもよろしくです。 https://t.co/zPsnqLGz8c
0	たっち2016 https://t.co/Lir7dWmyLo
0	今年もたくさんたくさんありがとうございました。来年もよろしくおねがいしまするん。　#あけおめ #まだ早い　#でも絶対年越しの瞬間寝てる #さよなら2016 #はじめまして2017 #🌰 #すず… https://t.co/JWeNcHwomE
-1	人生初の伊達巻き作ったんだけど絶対失敗してるwwwwww 途中からオリジナルになったwwww ヒルナンデスなんてもう信用しない、、、
0	イェーーーーーーイ！！！！！
0	#ちぇずみくじ 何が出るかなっ何が出るかなっ何が出るかなデデデデンッ
0	東方諸教会のネストリウス派調べたら随分と前に異端認定されて排斥されたほんとの宗教で笑った絶対適当かと思ったわ
0	RT @ikezaki_YEAH: 2017年！  A！  HAＰＰＹ！  NEW！！！  イェエエエエエエエェェエエエエエエエエェエエエエエエェェエエエエエエエエェェエエエエエエエエェェエエエエエエエエェェエエエエエエエエェェエエエエエエエエェェエエエエエエエエェェエエエエエ…
0	お正月料理🎍☀　ヒルナンデスありがとう、、意外と出来てた、、 https://t.co/56NHxC0n7U
1	旦那の実家にお邪魔しにいったら義兄様の子どもたちと2度目の対面した！！今日やっと仲良しになった！！！　お姉ちゃん美人だし弟くんかまちょだし楽しかった😳
1	サファリパークめっちゃ楽しかった！！！！！！！！！！ https://t.co/XsN1WcP8gd
1	@Hawaiian_smn 車ガジガジされたけど可愛かったよ❤❤❤ https://t.co/YRpAsUhDmg
0	我が家のアイドルすずにゃ🐱💗　義母様が買ってくださった、、😳💝いつもありがとうございます🙏💕  #AKB風 #西松屋 #我が家の #アイドル #すずたん #目線上手 #撮られなれてきた #🌰… https://t.co/gVtGqy8q83
0	@Hawaiian_smn 今度一緒に行こ❤
0	@Hawaiian_smn えっなにそれ天才すぎか、、！！
0	似過ぎてて冷や汗出た
0	きっと本人じゃないはず
1	高校卒業して以来あんなに大好きで何度も食べたメイトーのかぼちゃプリン見つけられなくて、違うメーカーのかぼちゃプリン食べてこれじゃないねん、、、って何度も繰り返していたこの二年間。だがしかしわたしはジャパンミートで感動の再開を果たしたことをここに報告いたします。
-1	@cf_as_city すき家のやつは多分すき家ブランドのやつでちょっと味違った気がする！！これで一緒だったらどうしよつらい！！！！！でも！！違う気がする！！！！！！
0	@Hawaiian_smn わたしあんな苦労して見つけたのにちくしょーこのやろ、、
0	@37_kuruma えっだいすき、、
0	@bumpkondo おめおめでござります🎂👏
0	RT @han64: 相互フォローなのに全然話さないけど相手のツィートはしっかり見てるぼく https://t.co/vDqKBI2RZ4
0	うちの子ピコ太郎見るとニコニコになるんだけどうちの子だけかしら
1	しんちゃんのユメミーワールド面白かった！！！！！！
0	みなさま飲みに行く時はぜひお誘いください
1	旦那がご飯作ってくれるのは嬉しいのだがもう22時、、いつ食べれるのか謎。ちなみにメニューはからあげ。まだ揚げてません。腹減った。
1	RT @_gzrichpp123: よこづなななかむ集まれると思ってなかったいつ会っても落ち着くしほんと楽しすぎて幸せな時間だったありがとう😹😹😹❤️4人でカラオケなんて高校生ぶりでタイムスリップしたみたいだった🙌🏻 爆笑しすぎて喉痛いｗｗｗｗ https://t.co/K4Q…
0	みなさまに癒しをプレゼントする娘ちゃんですよ https://t.co/ObjhhPHzgN
0	たまにくるラーメン食べたい病発症したあああああああつけ麺食べたあああああい！！！！！
-1	てか最近佐川ほんとひどいまた荷物来ないよおおお
1	ぬおおおおはよこいいいい風呂入れねぇだろおおおおお
0	旦那も帰ってこないし佐川来ないしつけ麺食べたいしうわぁって感じ✧＼\ ٩( 'ω' )و /／✧
0	RT @nagahashiryo: そもそも、ベビーカーを押した事が無いから実際に押して使ってみました。  【初詣ベビーカー論争】ベビーカーについて良く知らないから、押しながら都内を歩いてみた  https://t.co/pqMAenYnis
0	今日やっと佐川来たしSPEC見終わったし色々スッキリイエイ
0	うちの娘がつかまり立ちするまでの過程👐💗 #つかまりだち #うちの子1番 #🌰の娘 #すず #ハイハイしてない #うちの子最高 #生後8ヶ月 #baby #赤ちゃん動画 #赤ちゃん… https://t.co/Ol7g0EzlIA
1	インスタにもあげたんだけどちょっと可愛すぎだし嬉しすぎたからTwitterにもあげちゃうやつ https://t.co/Y8qBsk0Uyb
0	RT @weban: ＼漫画に登場できる？！／ an超バイト×「comico」"漫画エキストラ出演バイト"募集！  ✔日給５万円 ✔作家サイン入りグッズ ✔交通費全額支給  【応募方法】 ①@webanをフォロー ②この投稿をRT ③応募フォームへ入力⇒https://t.co…
0	SNOWで遊んでると何故か娘がドヤ顔してくる。 https://t.co/qCkU2ubTYV
0	RT @HappyPurple__: 永沢君の実写やばくね爆笑 帽子w https://t.co/4mPtC8Y8Cd
0	えっ雪降ってないじゃん、、みんなの嘘つき、、
0	つか毎日1時間以上トイレにこもるとか病気じゃね？
0	絶対トイレでゲームしてんだろくそ
1	つかなんで早く準備しろオーラ出してんの？？？わたしもうできてるよ？？1時間以上トイレこもってたのあなたですよね？？？なにスマホいじってんの？さっさと準備しろ？？
0	@Hawaiian_smn ななちゃんがんばって https://t.co/soUTWSNGkM
0	RT @9zegk: 【拡散希望】探している漫画が書店で見つからない。でも重版はかからない。何故？というお話。 https://t.co/9vOIbZGs9e
0	久しぶりにパパと弟と皆でお出かけってなってどこ行くか聞いてなくて車乗っていまさっき聞いたら群馬って言われておったまげー（＾ω＾≡＾ω＾）
0	さすがわたしの弟ってかんじ https://t.co/ExlbZgjmFS
0	予防接種行くのに日立までお散歩の巻。免許取らなきゃな〜
0	お洋服脱ぎたい8ヶ月 #赤ちゃんあるある  #baby https://t.co/DmwFuv3nxx
0	@garagara58 そうなの！！！www 現代っ子なの❤
1	@rixxxxna_03 えっ嬉しい😳💓💓
0	いっちょまえに引き出しイタズラを覚えた娘ちゃん https://t.co/yMCMEWUbZt
0	RT @s_k_k: あけましておめでとうございます。 酉年のまんが https://t.co/u33rpc6aVx
0	RT @rely_w: スーパーで流れていた曲が最高に中毒曲である。  \ｱｰｰｰｰｲ!!/ https://t.co/dAwNyjvzss
0	神木くんだ〜〜！！！
0	牛丼食いてぇもっと言うとかつぶしオクラ牛丼大盛りの豚汁卵セット温玉変更が食いてぇ
-1	カオナシがただのコミュ障に見える、、しかもちょっとたちの悪い系の人
0	お前今オレのこと笑ったなぁぁぁあ？！？みたいに発狂する系
0	@garagara58 pixiv無料で読めるよ✌('ω')✌
0	@garagara58 うふふどういたしまして😚💓💓
1	旦那のご家族から成人祝もらって予想外過ぎてやばい嬉しい
0	RT @Ink_Virtue: 私は非喫煙者ですが「タバコを吸う方が仕事に集中できる」というの、分かると思いますよ。 だって、仕事中に10〜15分くらいの休憩をちょくちょく挟むんでしょう？ そりゃ効率良くなりますよ。みんなも休憩を挟みましょうよ。
0	RT @dragongarowLEE: メとメレブの神隠しを動画にしてみた https://t.co/NyuBnsjFRw
1	プップププップ　プップって娘が寝ながら屁こいた、、、リズミカル、、
0	2月後半までには髪染めよ〜〜〜〜〜どんなんにしようかな〜〜〜〜
1	ようやく出来た旦那サマからの誕生日プレゼント🎁♡ 来月にはもう結婚して1年になるし今更な気もしなくもないけどやっぱり嬉しい😳　高いのに可愛いデザインのやつにしてくれてありがとう大事にするよ💓… https://t.co/L5KsGTe30t
0	ウォーキングデッドようやくシーズン3入ったあああああああああ
0	メルル！！！！！！！！
0	なんなんこの寝相可愛すぎかよ https://t.co/B5mPtiKOor
0	多賀図書館に授乳室あったの知らんかった〜　知ってたらもっと来てたのに〜
1	RT @teddystaff: #モニターモデル募集　#プレゼント企画 テディハグ&amp;テディチェアモデル募集（商品プレゼント） 定期的にご感想投稿くださる方ぜひご応募を。 https://t.co/LhqZYMh0kV ★応募はフォロー＆テディハグ⇒RT、テディチェア⇒いいね！…
0	結局怖いのリアルタイムで見れなかった。絶対やるの分かってて録画してあるの観はじめやがったこんちくしょー。録画してあるからいいけどさっ
0	@Hawaiian_smn なんだって？！この裏切り者め、、！！！！┏( .-. ┏ ) ┓
0	@Hawaiian_smn なんなのその能力wwww
0	明後日美容室行くなりイメージは全然固まってないなり
1	泣き方のクセがすごいんじゃあ  #赤ちゃん動画 #baby https://t.co/m8tWsnHnST
0	確信犯 https://t.co/MyJGzEGWqb
0	@garagara58 手元にあっただけww
0	2丁目線あるんだけど？？？？
0	やばい髪染めてるときスチーマー当てられるのはじめて
0	スチーマーあっちぃwwww
0	なんか想像した色と違う...
-1	えっアッシュグレーってこんなんなの？？？違うよね？？？？
0	みんなラーメン食いすぎな？？あたしもラーメン食べたい
-1	この髪色はアッシュグレー？？
0	@yukaraage1124 https://t.co/FwSag00X8w
0	@Hawaiian_smn こんな感じでってお願いしたの！！！ https://t.co/DR6EfR5cKx
0	@Hawaiian_smn だよね？！？！！wwwww かなぁ、、、wwwww
0	@Hawaiian_smn だよねwwww 日立のruce.ってとこ！！！！
0	@Hawaiian_smn そう！綺麗だから文句言いづらくてwwwwww
0	@Hawaiian_smn もうしょげる、、
0	ようやくゲットした梅こぶ茶UFO〜❤❤❤ https://t.co/VlAwEKTlVx
1	@2mrmHy 普通にうまい！！！！
1	@2mrmHy 梅好きなら気になるよな✌('ω')✌ ぜひとも！梅昆布茶って感じではないけも！！おすすめ！！
1	今日あったかい！！！きもちいい！！
1	用事終わったし帰ろうと思ったけどポカポカして気持ちがいいからお散歩続行＼＼\\٩( 'ω' )و //／／
-1	@1VWmNhHrI6ReHUT 申し訳ございません。半値のむらむらは中村から派生したものであってご希望のようなムラムラ❤ではございません。ご期待に添えず申し訳ございません。
1	所謂パンダマキアート頼んでみた〜💞　チョコ感強くて美味しい、、、😇💗 https://t.co/JWLG1Sh37q
0	LINE漫画でコメント投稿したら👍が300超えしてて震えた
0	RT @saiya156: 給食くいてーー https://t.co/RzMOstObhU
0	えっ絶対わたしの真似したでしょ、、
0	さすがにちょっとwwwww
0	切手買いにマルトまで来たのに売ってなくてしょげる
1	機嫌がいい娘ちゃん https://t.co/DcclTcYXUp
1	@m_koikesan 艶っぽ〜〜い！！　かわいい💗
1	RT @weban: #an超バイト ×映画『ひるね姫』  ＜＜夢のひるねバイト募集！？＞＞ ✔日給5万円 ✔まくら（豪華キャストサイン入り） ✔交通費全額支給  【応募方法】 ①@webanをフォロー ②この投稿をRT ③応募フォームへ入力⇒ https://t.co/kwk…
0	@GekidanHitori おめでとうございます〜！！ ピノキ沢の鼻伸びてる？？さては嘘を付いている、、 ぜひとも横のアングルからも🙏🙏💓
0	今の小学生グーンチョじゃなくてグッグッグミチョ♪ってやってるナニソレ
0	今日は恵方巻き作るのだ〜い🐟
1	恵方巻きの残りでお寿司ケーキしたらこっちがメインみたいになっちゃったよね〜( ━☞´◔‿ゝ◔`)━☞ https://t.co/NBCkf82m5C
0	ぶっちゃけ恵方巻きだけじゃ夜ご飯足らんよな〜〜
-1	恵方巻き一人で食べるの初めて。なかなか寂しいなり。
0	@nne_5454 多分来る頃には腐ってそうだね❤❤❤❤❤
0	@_gzrichpp123 それならわかるの！！！グミってなんやねんって感じ👾👾
0	@imakaraomaeno 働かせてください！！！
0	@garagara58 ！？！？！　ネタバレやめて！！！！wwwww ニートなのかよ！！！！！
0	RT @imakaraomaeno: @yukaraage1124 フン なかむらむらというのかい？贅沢な名だねぇ 今からおまえの名前は満員電車の入り口にいる中年だ。いいかい、満員電車の入り口にいる中年だよ
1	母に似て逞しいむすめちゃん https://t.co/KjstrWupPz
0	@tkms8329 おっおっおっおっおめでとおおおおおあおうえちうっへっへっへ
0	染め直しお願いしたらもうやばい私ここ通う
-1	@garagara58 まだシーズン3くらい！！！！
0	はじめていちご🍓  #🍓 #はじめて #すっぱい顔 #赤ちゃん #昨日で9ヶ月 #うちの子一番 #すず 　#🌰の娘 #baby https://t.co/FEvplEINWA
0	今週はアルパカでおでんするし来週も予定あるし3月の頭にも中学の時の友達とも会うし楽しみすぎて動悸が止まらない。ハァハァハァハァ。
0	バレンタインチョコ🍫ください！  😭🙏📮  #バレンタインポスト https://t.co/KAQ0AwmfPR
0	最近顔も知らない人と文通してるんだけど恐ろしく楽しいなり
-1	パパ不潔〜！洗濯物一緒にしないで〜！！なんて時期なかったけどな〜
1	食いつきが早くて焦る。  #指が大好物です #あぐあぐ #最近洒落にならないくらい #痛い #歯ってすごい #赤ちゃんってすごい #成長ってすごい #最近誤飲が恐怖 #🌰の娘 #すず… https://t.co/J7UuJPJgi5
1	スタバの新作のレモンバターチキン美味しそう〜〜早く食いてぇ〜〜〜 https://t.co/iPBT6WjkDs
0	@nne_5454 それ物を浮かばせるじゅもんだよ
0	RT @srh_staff: 2017年7月、ハワイアンズに高低差・長さともに日本一のボディスライダーが誕生します！40.5mの高さから283mの長さを滑走する、スリル満点の新感覚スライダー♪滑り始めると、中はステンドグラスやレインボーなど、目でも楽しめる仕様に。この夏、ご期待…
0	https://t.co/U6x8nfcl0G
0	@yukaraage1124 これ何してると思う？うんちしてるからね。
0	@hageatamadesu うふふがんばって❤ https://t.co/h3QHdJZm9F
0	さて今週の11日土曜日は結婚して1年記念日になりますが旦那は
0	@MatsuNa7 どれになるかな〜と思ってwwwww
0	@MatsuNa7 そこを裏切るのがうちの夫くん、、
0	@MatsuNa7 私的には覚えているが何もしないだと思ってるww
0	ほんとにまじでバンジーやりたいんだけど安くなんねーかなー
0	1回1万5000円だもんなぁぁあ
0	今やってる銭形のやつ山ちゃん出すあたりやべぇ
0	RT @reisanpo1: #銭形警部 おい中の人、爆弾犯じゃねえか https://t.co/uDerGpiMi8
0	@nazodayo_ https://t.co/yZWi1KIGCM
1	@yukaraage1124 プレゼントもプロポーズもなかったけど、ちゃんと覚えててくれて早すぎる偕楽園行ってくそ久々にプリクラも撮って、しゃぶしゃぶも食べたのでとても良い結婚記念日でしたまる https://t.co/7AOhy6JEmz
0	@cf_as_city あはんありがとう❤
1	昨日楽しかったなあ、、 人狼もおでんもケーキもうふふふ サプライズ奈々江嘘つくの下手くそでバレバレだったけどめたんこうれしかった💓💓💓 三人ともありがとう😀❤❤  #遠い感 #違うがう… https://t.co/OquW33gE88
0	@garagara58 https://t.co/zRzRIhBpYi ここにしよ。うちの部屋の上。
1	最近いいねするとたまにTLに流れるから迂闊いいねできなくて困ってる。
1	わざわざわたしのいいね欄を見に来て知られちゃうのはいいんだけど、意図せずわたしの性癖を見たくもないのに見せつけられてしまう人が出ると考えるとつらい。
1	素晴らしいバレンタインデープレゼントが届いた！待ってたよおおおおお💓💓💓 ホント楽しみ😳  #HumanBloomTour2017  #RADWIMPS https://t.co/Hn8N9YSvEt
0	🍓🍓🍓  #赤ちゃん動画 #いちご https://t.co/KJsyo9rjlS
0	@meguro_staff 来い来い！！！！！
0	いないいないばぁ さっきからずっとやってる〜  #いないいないばぁ #じぶんで隠れて #じぶんで出てきてる #かわいい #すーにゃ #🌰の娘 #🌰 #生後9ヶ月 #赤ちゃん動画… https://t.co/orHFfZmzOp
0	今日は〜たこ焼きするのだよ〜🐙🐙🐙 るんる〜ん🐙
0	バッッッッ https://t.co/qfvNHY6tab
1	今更ながら桜蘭高校ホスト部の実写ドラマdTVにあったから見てる。結構忠実wwwww
0	さぁ謝るのかな〜いつもと同じくスルーかな〜
1	ねむねむでぐずってたのにふと足の裏擦ったらストンと寝た…自分でもなんでこすったか分からないけどとりあえず良かった。足の裏痒かったんかな〜
0	さくさくパンダの目おかしいきっとこれはレア https://t.co/HYtoxrXof0
0	？！？　妖怪ウォッチなんかおかしいよ？！？
-1	えったまたま付けてみたら絶対変だよね？！？　何が起こってるのこれ？！wwwwwww  #妖怪ウォッチ https://t.co/LhdppJcRgD
0	2週間に1回はラーメン食べたい
1	@k_ai1205 えっ退院はやくね！！！！！！！目飛び出た！！！！！
0	ちくしょー皆してディズニー行きやがって、、、！！　楽しんでこいよちきしょおおおお！！！！
1	うわあ懐かしいなぁきゅんきゅんだなぁ
0	@nazodayo_ じゃあごはんいこ
-1	3人くらいと文通してて一斉に返事来なくなったんだけどみんな死んだのかな
1	まかなちゃんほんと可愛かったなあああああ可愛すぎて写真撮り忘れたのほんと悔やまれる、、
0	@rixxxxna_03 こんど3人で遊びたい〜！！！💓💓
0	RT @nazodayo_: そろそろ卒業式が近づいて来ましたね…3月まではまだ日はあるものの、あっという間です。そして、聞こえますか3-2のみなさん。覚えていますかちゃんとアルバムに挟んでくれましたか…？未来予想図は合っていましたか？くしゃくしゃに丸めて捨てましたか？ htt…
0	きょうのいちまい。  #十王パノラマ公園 #良い天気 #わざとかってくらい #しっかり目つぶってる #☀ #🌰 #🌰の娘 #すーにゃ #生後9ヶ月 #baby #cute @ 十王パノラマ公園 https://t.co/iE1T1lzr4N
0	こんな顔されたら料理中でもかまっちゃうよなぁ、、チョロいって思われてるんだろうなぁ、、 https://t.co/bc1rG1yUUU
-1	@Hawaiian_smn あざとい系赤ちゃんだから
0	@Hawaiian_smn 自分で突っ込んでるしww
0	@37_kuruma 寝取ります！！！　嘘です！！静観する！！つもり！だけど！できるかは謎！！www
1	@37_kuruma うふふふそうだといいんだけどね😳💓💓
1	娘が可愛すぎてずっと遊んでたい。夜ご飯作りたくない。
0	はぁ今日何作ろなんも考えてないやああああ
0	‹‹\(´ω` )/››‹‹\( 　´)/›› ‹‹\( ´ω`)/››~♪
1	こんな可愛いんだよ？！夜ご飯作らなくて良くない？！(よくない) https://t.co/Jhq49sgGOB
0	ハハッってかんじ
1	@Hawaiian_smn うふふ大丈夫よ❤❤今度愚痴会しようね❤❤❤
0	@nne_5454 うっわまじかよ単発で当てたん？？
0	@nne_5454 ハッまじかよ、、10連して全部星4だったんだけど、、、
0	🐱🐱🐱  #猫の日 #2月22日 #baby #生後9ヶ月 #すーにゃん #🌰の娘 #うちの子一番 https://t.co/LAn3W1OiiW
0	🐱😻😻  #猫の日 #2月22日 #22:22 #🐱 #すーにゃん #baby #あかちゃん #生後9ヶ月 #うちの子一番 #🌰の娘 https://t.co/cPuLZUoydn
0	CSIかぁーメンタリストとかキャッスルとかやってくんないかなぁ
1	あなたが日給10万円のバイトをするならどれを選ぶ？一番人気は実現しちゃうかも!? ①特別な場所で ②楽しい仲間と ③勤務時間が1分 ④レア体験ができる  みんなも選んで！⇒https://t.co/dqSeHCvnhn #LINEバイト
1	今までで一番美味しくパン焼けた、、、やばい、、これ売れる、、
0	どれだけ今回のパンが美味しいかっていうと普段パンあげるとあんまり食べてくれない娘ちゃんが盗み食いするくらい美味しいんだよ https://t.co/6vCvRdeloH
0	@narinatsu617 そりゃママがわたしだから👌👌
0	@narinatsu617 もう全部食べちゃったわよ、、
0	@Hawaiian_smn それよりお前のアイコンがなにやつだわwwwww
0	一回腹立つともう視界に入るすべて腹立ってくるからほんとさっさと謝れ😇😇
0	こたつ入ってるのに鳥肌だしくしゃみとまらん
0	RT @shimazenyu: メイプル超合金の漫画 https://t.co/5doEAJxLX1
1	RT @weban: アニメ「モンハン ストーリーズ」×#an超バイト  豪華声優陣と共演！ アイルー役の声優バイトを募集！！ ✔日給3万円 ✔交通費全額支給  【応募方法】 ①@webanをフォロー ②この投稿をRT ③応募フォームへ入力⇒https://t.co/TtExI…
0	なんかゴロゴロいってるしぃ〜〜
-1	お腹痛すぎて眠れねえなんで楽しみな日の前日〜当日にいっつも体調悪くなるんだろ
-1	基本誰かと遊ぶ前日〜当日は体調悪くなるんよなぁ、、まあ体調悪くても出かけちゃうんだけどね
0	どきどき
0	酔っちゃった♡まっすぐ歩けない♡とか言いたいだけの人生だった
0	クオーレにインスタフォローされた、、、笑
0	おやつたいむ🍪  #ごくん #小悪魔 #👿 #baby #babymovements #b612 #すーにゃ #🌰の娘 #うちの子一番 https://t.co/WpOzYnOQAH
0	目の前でお尻がぷりぷりしてる。ぬいぐるみの下半身みたい。屁こいてるけど。 https://t.co/HKJUx0qQ4A
0	病院に電話掛けたのに自分の声が跳ね返ってくるだけで相手の声聞こえない！！勝手に切れちゃうし！どうしたらいいのこれ！！！！予約いれられないじゃん！！
-1	割とマジで困ってるなんやねんこれ。だから電話は嫌いなんだ！！検診もウェブ予約できるようにしてくれよ！！！
0	「映画ドラえもん」コラボキャラを“運極”したいな！ミッションでキャラが入手しやすいからできるかも！レアなプレゼントが貰える「運極カチコチ大作戦キャペーン」もあるから、みんなも挑戦してみてね！　#モンスト　#モンストドラえもん https://t.co/OVBkQjaxKR
0	すき焼大惨事。ほんとやめて、、 https://t.co/EG0BndTIUz
0	@Hawaiian_smn そうなんだよもうほんとショックなんだよ、、、、
1	まじかよまだ桜のやつ飲んでないのにもう新作出ちゃうの〜もう少しのんびりしようよマンゴーも美味しそうだけどさ、、
-1	@nanakicomico  comicoから飛んできました。 このような形で終わってしまうのはとても残念です、、 読者のわたしたちのことを考え最後までGomico運営と戦っていただきありがとうございました、本当にお疲れ様でした。 毎週の楽しみをありがとうございました。
1	comico面白い作品いっぱいあってレンタル券制度になってもそれでも大好きだったけどもう無理や〜〜〜
0	RT @fashionpressnet: 「水戸オーパ」水戸駅に開業、パンケーキ「グラム」やジェラート専門店「ブリジェラ」などグルメが充実 https://t.co/kp8yk7G6zu https://t.co/Xrh0hV2AhO
0	しばらくは混むんだろうなぁ〜
1	RT @meguro_staff: 「大学生なのに門限があって困る」とご質問を頂きました  極めて過激なタイトルになっておりますが、それほどまでに親の愛は、他の愛と比較して常識を外れたものなので御座います  そんな愛を断ち切ることこそが親孝行であるのだと私は思います  http…
0	ようやく電話繋がったわほんともう早急にウェブ予約導入してくれ、、
0	お花見したい
0	闇鍋したい
-1	外からなんとも言えない音だか声がして気持ち悪いわぁ
0	「500万円当選しました」との迷惑メールが届く――本当に支払わせることはできる？|弁護士ドットコムニュース https://t.co/2tvPktBPwJ @bengo4topicsさんから
0	ほんとに貰えるならぜひとも貰いたいから迷惑メール来ないかな？？？
1	近づいてくるすずにゃ😽💘　一目惚れして買ってしまったおにゅーのお洋服めちゃかわいいの、、💓  #我が家の怪獣 #すーにゃ #すず #🌰の娘 #生後10ヶ月 #babymoves #baby… https://t.co/7Smmsrw9hz
-1	ジャンピングスクワット楽しくてやりまくってたら腰が馬鹿みたいに痛くなるからもうやれん..
0	@tunamayo_ex　はっ、、！例のやつとか？！　くそったれ！楽しんでこいよ！！！
0	🌰のPrincess👸💖  #白雪姫 #snowwhite #🌰の娘 #すーにゃ #生後10ヶ月 #babymoves #baby #うちの子一番 https://t.co/NmlPlZguOO
0	多賀駅にゃんこ久々に見かけた😻 https://t.co/xeqShpgpPp
1	多賀駅にゃんこにスカートひらってされたwwww かわいいwwww
0	なんか知らんけどとりあえず吐きそう
0	旦那の誕生日ランチどうしようかな〜〜〜〜ちょっとしたケーキサプライズで出してくれるようなお店がいいんよな〜〜〜なおかつ赤ちゃんもオッケーなお店かあ探すの面倒くさくなってまう、、
1	つかまり立ちも伝い歩きも 上手にできるようになったから 公園デビュー👶🔰💓 天気も良くて気持ちよかった👌 帰るとき泣いちゃうくらい 気に入ったみたいでよかった😂 来週また行こう〜😀💝  #日立市… https://t.co/OFrYFdG7wp
0	RT @l4d3578fd7ajyx1: 今日1匹の鳥を助けました 首と足にルアーが刺さって繋がってて飛べない状態で水の中に頭を突っ込んでちっそくしそうになってました 逃げるのを捕まえて、ペンチで針を取るのがすごく大変だった 鳥も痛がって暴れてた 無事飛んで帰った 言いたい事は…
0	ヘドバンベイビー👶🎧🎶  #ヘドバン #baby #🎧 #すずなは #新しいおもちゃを手に入れた! #リズム感が5上がった！  #🌰の娘 #生後10ヶ月 #うちの子一番 https://t.co/YI9uVWwJ6X
-1	まだねむいのね〜ねぼすけべいび👶💤 https://t.co/DV4TZ6Hb8j
0	@dera1515 うふふふふありがとう❤❤❤❤ いくらでもみて😇💗
0	パパと水戸までレッドロブスター食べに来たのに潰れてた、、、、
0	@reiya0108reiya 知らなかったのよ、、
1	結局水戸のカレー屋さんでランチッチ🍛　初めて食べたけど美味しかったしおじさんがすずにでへでへしてて可愛かった💞 https://t.co/WmIhCy1OBh
1	水戸に新しく出来たopaチラ見してきたけど割といい感じだた◎
0	そしてこれから内原
1	パパはいつでもアクティブ🤘
-1	小瀧いた気がしたんだけど清松の小瀧か不安で声かけられなかった
0	@m1216616 こたきこたきこたきこたきこたきこたきこたきこたきこたきこたきこたき
0	@m1216616 ごめんよチキってしまったんだ、、🤔
1	うちはらたのしいパパ自撮りしてるし、、笑 https://t.co/RWXOjIDArY
-1	@m1216616 あっ、、、すいませ、、ってなる😳😳（笑） たのしんでね❤❤❤❤
0	@dera1515 もう帰ってもうた、、
1	快活行くかな
0	わーい！「映画ドラえもん」コラボのキャラ「南極探検 ドラえもん」が“運極”達成したよ！今ならレアなプレゼントが貰える「運極カチコチ大作戦キャペーン」もやってるよ！特設サイトをチェックしてね！ #モンスト　#モンストドラえもん　https://t.co/OVBkQjaxKR
0	@garagara58 ゆさりん？！？あたし聞いてないよ？！？！　おめめてとう！！！！！！
1	@garagara58 ううん言いたいこと全部言ってくれたからすんごいスッキリしたのありがとう💓💓💓
1	約束のネバーランド好き〜単行本買おうか迷う〜〜〜〜どんどん漫画本増えてくよおおお
0	ネカフェに住みたい
0	テレビ付けたらRADの棒人間流れたから一瞬パニクった
1	ホットペッパービューティーでなんか1000ポイント当選した❤うれしい❤うふ❤
-1	足5センチ細くなるって絶対嘘だろ！！！！！
0	働こうかなぁお金欲しいなぁ
-1	今日はダメだ〜帰ってきてくれ〜〜〜
1	RT @MezzoMikiD: ダッフィー&amp;フレンズ・ハッピーファンイベント 新キャラクター、ダンサーを夢見るうさぎの女の子StellaLou(ステラルー)を発表！ https://t.co/LzQak1CESw https://t.co/OM9Gl4yuTM
1	えっかわいすぎ
1	すずの初TDLはステラルーの着ぐるみに決定した。絶対かわいいだろ、、
0	行く予定ないけど////
0	@garagara58 行く！！！！！！！！！めっちゃ！！！行く！！！！！
0	サザエさんstyle🐚  #サザエさん #サザエ風ヘアー #生後10ヶ月 #スズナさん #愉快だな〜 #baby #🌰の娘 #うちの子一番 https://t.co/1z4U9SJRkN
-1	きょう寒すぎて無理〜〜〜
0	ディズニーのCMにニクジュディいたけど居るの？！ついに来たの？！？
0	中国ディズニー行かないとだめなもんかと…！！　これはもう、行くしかない、、ほんといつ行こ、、
0	お仕事受かるといいなぁ〜〜
0	@nne_5454 受ければね！単発の！
1	なんかぎんぎんに冴え渡ってねむれない。今なら原付より早く走れそう。 https://t.co/6T4tqPSRGp
0	寝すぎたけど夢の中でキュンキュンしたから今日頑張ろ、、誰にキュンキュンしたか忘れたけど🤔　顔だけ思い出せぬ。他の登場人物は覚えてるのに。
1	紙飛行機を飛ばしたよ📨 会いたい人に紙飛行機を飛ばすと、ふたりの○○度がわかる「ふたりくじ」が届く🛫結果が良ければ会えるかも…😊キャンペーンはこちら⇒（https://t.co/PqEGkEQMIi）　#JAL会いにきて https://t.co/hYEtCQBQjp
1	全然どこ歩いてるかわからないけどとびきりおしゃれな家とか知らなかった駄菓子屋さんとか発見したからよきよき
-1	あれっ急に6国出たww
0	はっ青年おじゃる丸だ、、！！
0	青年子鬼もいるwwwww
0	イケメンやwww
0	なにこれみんな成長してるw  #おじゃる丸 https://t.co/iez9Df2uvV
0	リアルまきのや！！
-1	RT @heihachi083: 親と赤ちゃんの関係を恋人関係に置き換えたら、育児したことのない人にも育児のハードさが伝わりやすいかもしれない。 https://t.co/3acBg4xQh3
0	液体ミルクできたら楽だろうな〜〜
-1	娘熱下がってからすんごいおならいっぱいするんだけどすげぇくせぇの、、、、におい共有ボタンとかできないかなほんと臭いのよ、、
0	@nne_5454 ははん https://t.co/L3VVpQ3DSz
0	@nne_5454 絶対そうだと思ったわ、、、 素材があればいつでもできるわよ〜！！
-1	@nne_5454 ねぇなんなのwwwwwww しかも（７江）って往生際悪いやつかよwwwwww
0	RT @DB_super2015: 「ドラゴンボール超」新章“社会サバイバル編”4月1日開幕！新社会人のみんな！がんばろうぜ！https://t.co/tnzTPTWl2n https://t.co/mPeLjl9yGJ
1	RT @mos_burger: ＼4/1 新発売！／ 菜摘（なつみ）を超える、 究極のシンプルisベストバーガー 《　菜のみ　》 レタスへの熱き想いを、1枚1枚重ねました。 ▼商品秘話 https://t.co/ISdwFue4T7  #エイプリルフール #菜のみ https:…
1	RT @kingjim: ＼ファイルはスマホで呼び出す時代／ スマホのアプリと連携して、ワンタッチで必要な書類を手もとに呼び出せる「スマートキングファイル」を開発しました。移動のために車輪がついているので、棚にはやや収納しにくい仕様となっております。 #エイプリルフール htt…
0	タニタって検索かけてんのにSHARP出てくるしww Twitterもびっくりの仲良しかwww SHARPとタニタはエイプリルフールなんにもやらないのかぁ〜と思ったらやってた。入れ替わってたwww https://t.co/JKhwZvJe8p
0	きっと彼は自分がしたいこと以外何も見えない聞こえない呪いにかかってるからしょうがない、しょうがない、、　呪いのせいで洗濯が終わった音も娘の泣き声も私の困った声も聞こえないんだからしょうがない、しょうがない、、  #急募 #呪いの解き方
1	@Hawaiian_smn 呪文を唱えるとは呪いを一時的には解くことができるから、、 ｢そんなにそれ楽しい？」とかww
0	@Hawaiian_smn でしょ？？？wwwww でもすぐ呪い復活しちゃうからさぁww
0	@Hawaiian_smn 知ってる！！！！あれほんとやってほしいwwww
0	@Hawaiian_smn 応募してるんだけどねぇwwwwだめなのwwww
0	@Hawaiian_smn そりゃ全国から応募来てるだろうからねww 受かったら報告するよw
1	FGO始めたはいいけどガチャ爆死するし合成なんかいっぱいあるし心折れかけてる
0	@ara5sca4 それな（真顔）
0	@ara5sca4 もうほんとそれだよねええええディズニー映画であんなにときめくとは思わなかったよ、、
-1	予約の電話ほんと苦手や、というか電話が苦手
1	RT @0402miki_n: 茨キリ新1年生の皆さん✨ ご入学式おめでとうございます🎊 スケートを見るのが好き、滑るのが好き、興味がある、なにか新しいことを始めたい、そんな方🙌 ビラ配りに間に合わなかったアホが同行会長なので心配かもしれませんが、ゆるーく活動していきたいと思っ…
1	新しいクックルンの子たちも可愛いんだけどどうしてもいちごちゃんのほうが愛着があるから、、そしてなによりケイかっこよかったのになぁ、、
1	雷近いな？？0(:3=͟͟͞͞('､3)_ヽ)＿
0	RT @exileryota716: 愛に性別は関係ない  愛に人種は関係ない 愛に障害は関係ない 愛に年齢は関係ない 愛に宗教は関係ない  初めて見たとき感動した😳 https://t.co/Fheqbzdsc4
1	プーさんクッキーを狙うプーさん形態の娘。そしてメープル味なのに｢うわぁはちみつのいい匂い！」と言い放った旦那、、いつも奈々お土産ありがとう、、 https://t.co/paIsdv4abs
0	イラストオーダーなんて初めてした〜！！あぁドキドキするんじゃあ！！！
0	あかんこの時間に食べログは飯テロすぎ、、明日にしよ
-1	なんかやり遂げた日とか次の日早起きしようと思ってる日って眠れないのよね〜そんで起きてるとお腹減ってきて余計眠れなくなるんよね〜はぁ眠気やってこーい
1	ソルト好き続編とか出ないかな〜　アンジー素敵
0	ハラガヘッタ
-1	pixivコミックのアプリがずっと開けない悲しい
0	ゼンショー今度はロボットにも手を出し始めたんか、、
0	旦那の誕生日お祝いの予定ほぼほぼ自分も行きたかったところだから楽しみ
1	あとは雨さえ振らなければ完璧なんだけどな~雨降ったら予定半分はパーになるからは~　晴れてケロ
-1	XOYのコメント欄に返信機能あるなんて知らなくて急に返信が来ましたって通知来てなんのことかと思った
1	旦那が飲み会でいないからパパんと日立の牛角行ってスタバ行ってきた😀🎶　牛角の店員さん面白いし久々焼き肉美味しいし楽しかた🌞💓 https://t.co/p4dCg8TjQb
1	ヒョウモントカゲモドキ触らせてもらった！！！！！！くっそかわいい！！！どうしよう！！！(なにが)
1	素敵なドレス発見して購入者した👗とりあえずこれ以上は太れないというか痩せよ。
0	@Hawaiian_smn うふふ今度ね💓💓
1	RT @XOY_official_jp: 【イベント】体験したことのないホラーマンガ『呪電』解禁･･･恐怖イベント第1弾、開催！『呪電』の動画をリツイートして、友達を怖がらせよう！30名様にLINEコイン500円分が当たります！  詳しくは▶https://t.co/l4oL4…
-1	梱包あるからと、聞いて応募したのに梱包一個もない背中痛い🤗🤗🤗
0	ＫＡＥＲＩＴＡＩ!!!
0	@nne_5454 じゃあわたしが、、、
0	とりあえずもう引っ越しのバイトはしない、、
0	頑張ったあとの焼き肉( * ´ཀ` * ) https://t.co/4ZwOJM6Q6a
-1	昨日家帰って娘寝かしつけてたはずなんだけどいつの間にか疲れすぎて自分のことも寝かしつけてたでござる。変な時間に目が覚めたでござる。
1	RT @punko0000: ぶっとんでるけど 軟膏擬人化もいいと思うんだ https://t.co/r6suSRsZrG
1	天気いいから散歩っぽ~
0	恋人つなぎを強要してくる。可愛すぎな？？？ https://t.co/8pCHqAwjqo
0	ふくらはぎ筋肉痛すぎて動きたくない
-1	ナレーションが悪意ありすぎて、、 現地の人は悪気があるとか日本を馬鹿にしてるわけじゃないんだからそんなこっちが馬鹿にしたら駄目でしょう、、 あんなに日本愛に溢れた素敵な人たちなのに。  #ぶっこみジャパニーズ
0	いつのまにかホーム画面のアプリが移動してたり消えてたりするから困ってしまうのである。
1	@chibi1117saru フォローアップミルクは鉄分とかもいっぱい入ってていいみたいだからいうちあげてるよ🤓
0	なんかドハマリするアプリ最近ないなぁ
0	@chibi1117saru 売ってると思うよ！！ふつうに薬局で売ってたから！
0	小学生中学生の頃は誰彼構わず友達申請クリックして、知らない人と交流しまくってたのに大人になったらビビってできなくなってるなぁ～
0	シュワちゃん最強すぎな？
0	定期的に小学生みたいな下ネタ連呼したくなる
0	1週間前イラストオーダーしたはいいものの、1週間でできるっていう話だったのに一本も連絡来ない、、別にそこまで急いでるわけじゃないからいいんだけど今こんな感じです～とか教えてほしい、、ただどうですか？って聞くと急かしてるみたいで嫌だしなあああああ困った困った
0	RT @dongame6: 電子レンジに健康被害がないと思ってる奴まだいるのか。電子レンジの原理を考えれば分かると思うが、電子レンジはマイクロ波を照射して中の物の水分子を振動させて暖めるが、マイクロ波とは高周波の電磁波であり、これによって夜中に酒飲んでる時でもスイッチひとつで唐…
0	RT @Murasaki_MoE: @dongame6 待ってください、携帯電話からも電磁波が出ていますので、 これによって出前で夜中にピザ頼むのも健康に悪いですし、 電子マネーの清算機からも電磁波は出ていますので、 真夜中にコンビニで肉まんとエロ本買うのも健康に悪いですよ。
1	この流れ好きw
0	@cf_as_city SoundHound - 音楽検索,曲を聴かせるか歌って検索 https://t.co/t9lQ2Xs76K
0	@cf_as_city それは分からんww
1	RT @tkg_movie: ◤◢◤◢ 公開に向け始動！ ◤◢◤◢ 映画『#東京喰種 トーキョーグール』の映像が遂に解禁！窪田正孝さん演じる主人公・金木研（カネキ）をはじめ、トーカ、亜門、リゼ、真戸ら人気キャラクターのビジュアル＆壮絶なバトルアクションを初公開!! https:…
-1	うちの子いろんなNo.1  1枚目 可愛いNo.1 2枚目 あざとい変顔No.1 3枚目 どすこいNo.1 4枚目 寝顔No.1 https://t.co/KR0Aw15MLb
0	@k_3274 やっぱり、、？？？ww
1	@k_3274 えっなにそれ初めて聞いた！！ 素敵なこと教えてくれてありがとう😳💞💞
1	【モンスト春祭】現金やオーブ1年分などの豪華賞品が、抽選で「100万人以上」に当たる『#モンストミリオンくじ』開催中！さらに、激・獣神祭の新限定キャラ『ワルプルギス』登場！ガチャ『激・獣神祭』は4/14正午から！　#モンスト https://t.co/nzP8YTtHeL
1	RT @2525sennpai28: 明日北朝鮮が6回目の核実験をし アメリカが先制攻撃をしかけ 北朝鮮がミサイルを発射した際に 我々にどう知らせてくるのかが 図にありましたので これを見て、逃げよう！！！  ってどこ逃げれば良いか 分からないけど多分地下かな🤔 https:/…
0	@banco0415 ハピバ！！！！イエイ！！！🎈🎈🎈🎈
0	@banco0415 今度みんなで飲み行こうね💃💃💃
-1	内原来た日に限って機嫌悪いやつでこまった🙄
0	千波湖人多すぎぃ！！！
-1	RT @sakadai0824: 【拡散希望】 従姉妹の家で飼っている犬が昨晩から行方不明になっています。茨城県水戸市の大塚池の近くの自宅で、外飼いでした。些細な情報で構いませんので、何かございましたらDMかリプください。茨城県民の方はおそれ入りますが、リツイートで拡散いただけ…
0	RT @sakadai0824: 【拡散希望】 名前はリキで、ビーグルの雑種です。14歳で、白髪があります。足が少し弱っており、歩くのは遅いです。人が大好きで噛み付いたりしません。外飼いで、首輪は赤、小屋と繋がっていた鎖は青で、鎖もついたままだと思います。
0	RT @momonga___: 【拡散希望】 名前はリキで、ビーグルの雑種です。14歳で、白髪があります。足が少し弱っており、歩くのは遅いです。人が大好きで噛み付いたりしません。外飼いで、首輪は赤、小屋と繋がっていた鎖は青で、鎖もついたままだと思います。 https://t.c…
-1	ふぁああああ！！！お腹痛い！
-1	はああああんほんとお腹痛い！！！！
-1	なんか今テレビ変になった
0	@Hawaiian_smn ビオフェルミンのんでなおった！！！！
0	お昼寝 ～イナバウアーSTYLE～ https://t.co/LeERuaJVtj
0	RT @aizo_babyandme: #ベビーアンドミー のアクセサリーショップの【aizoshop】です。フォロー&amp;リツイートして頂いた方、1名様に、母の日に #ヒップシートキャリア をプレゼント♪ヒップシートキャリアって何？？という方は是非プロフィールのスタッフブログを見…
0	全身で風を感じる娘ちゃん https://t.co/65lJWry2hg
0	サツイ
0	インスタ映えするオムライス🎌 Happy Birthday旦那ちゃん  #ありがとう #tastemade #市松模様オムライス #インスタ映え #27歳 #happybirthday… https://t.co/WL1g4s5GUU
-1	RT @nazodayo_: 高萩文化会館4/23(日) 13:30会場 14:00開演 入場料  今週末だよ！！しつこく宣伝するよ！拡散してね！！！ https://t.co/IgUgNbou6U
0	蛇と写真撮ってきた🐍　最近爬虫類愛に目覚めてきてる。 https://t.co/x9q0ym8rS4
-1	これ蛇に狙われてる感半端ないww
1	さぁ待ちに待った日曜日！！果たして旦那ちゃんは無事家を出発できるのか！！
0	最初の謎はこれ！！  うちあひいぶおJなとなたな←  これを解読して3桁の数字を入手するのだ！！
0	@Hawaiian_smn アルファベットに変えるのだよ(～'ω' )～
0	@Hawaiian_smn 矢印の方向から読むと？？
1	みんなネモフィラネモフィラ言ってるけど！！この菜の花も素敵じゃない？？？  #菜の花 #久慈川 #茨城 #良い天気 #絶景 #穴場 @ 久慈川河川敷 https://t.co/ylqfasxV2U
0	虹の始まるの場所を探したんだよ 余った光をもらいに行ったよ 的な🌈  #千波湖 #スワンボート #白鳥ボート #虹 #🌈 #特等席 #誰よりも近い #螢 #radwimps #会えるなんて… https://t.co/LzsIEEXvAi
0	虹撮ったときに写った鳥が吹っ飛んでる人に見えて焦ったさ https://t.co/iKD7dPH4Z8
0	RADWIMPSのデジタルチケット来たんだけども400レベル、、_(:3｣∠)_
0	なんで柔軟剤と柔軟剤入り洗剤の違いがわからないかなぁ、、　醤油とラー油入り醤油じゃ別物じゃんかそういうことじゃんか、、
1	こういうのすごい嬉しい😭💗　ほんとスタバラブ、、 https://t.co/UysyvWVpHW
0	ゆうかちゃんラブ
-1	手羽元カレーうまうま～2時間くらい煮込んだから手羽元スプーン軽く当てるだけでホロホロする～うふふ～💗💗玉ねぎとかじゃがいもだいぶとろけたわ😬 https://t.co/sZdMCYTE1T
0	一撃必殺の限界戦士 なかむ 武道会最強の超戦士を目指せ！ | 惑星メッツ最強決戦武道会 https://t.co/Wg5sG91rQy #キリン #ドラゴンボール #惑星メッツ https://t.co/FrpQtjcWnX
-1	わぁインビジブルだ！！！これおっかなかった気がする
1	@rad_miso_4645   FF外から失礼します。 RADたまアリ被ってるのでよろしければフォローしても良いでしょうか:;(∩´﹏`∩);:？
1	@rad_miso_4645 わぁフォローありがとうございます！😂 よろしくお願いします～！😊✨  あっそれとよろしければ集合写真のほうも、、🙏🙏
1	@rad_miso_4645 いいですか！！！😲💗💗
0	奈々江からもらったチーズケーキ食す https://t.co/sjJiWbTyfx
0	RT @v6k1k1k2: ひらパー兄さんを4年かけて極めていく岡田准一の成長ムービー https://t.co/BeOFpdwvXx
0	RT @ARuFa_FARu: これはジェンガとお風呂に入っている時に偶然発見したのですが、ジェンガを水に入れると『古代オーパーツの謎が解けた瞬間』っぽくなります https://t.co/iLrufHxWYv
0	RT @Messiah_ore: 久々に俺OSをアップデート。 この機能、君が欲しがってたやつでしょ。 https://t.co/bJS1LRNx9z
0	明日RADとか実感湧かないよおおおおおおお
0	なんで楽しみな日の前日って体調崩れるんだろ🤔鼻水とまんね。
0	ふぉおおおおおおおお↑↑↑↑↑↑↑↑↑↑
0	口から胃袋出そう
0	ぴゃーーーー！！！！ほんとに！！さいたまスーパーアリーナでかかった！！そして！RADWIMPSやっぱほんとにすき！！！！！！！Happy×99999999999!!! って感じだった！！
0	未だに余韻抜けなくてホケーとしてる
0	RT @shnshn916: #RADWIMPS #集合写真 https://t.co/XYcYCRM6hK
0	集合写真撮っていただいたんだけどジャンプのタイミング合わなくてババァ感丸出しでやばかた
0	＼「愛。」という渇きに／ アクエリアスは、キミの渇きを力に変える。  ▼自分の渇きを選んで投稿すると、選んだ漢字ボトルと、@RADWIMPS ボトル、ペットボトルホルダーが5,000名様に当たる！ #人はとっても渇くから https://t.co/AN0C19EYYD
0	https://t.co/D5YfBmrsAv
-1	【『幽☆遊☆白書コラボ』第2弾開催！】幽助、蔵馬、飛影達が再びモンストに！今度は、雷禅、軀、黄泉 等が登場！特設サイトでTVアニメの一部を『限定無料公開中』！幽助達と一緒に熱いバトルを繰り広げよう！#モンスト　#幽遊白書モンスト https://t.co/ZjSzwzAVfy
0	RT @weban: ＼人気作家と一緒におでかけしよう♪／ 「comico」マンガネタ探しバイト募集！  ✔日給５万円 ✔作家サイン入りグッズ ✔交通費全国どこでも全額支給  【応募方法】 ①@webanをフォロー ②この投稿をRT ③応募フォームへ入力⇒https://t.c…
1	海浜公園バイト楽しい↑↑
0	ソフトクリーム巻けない系
0	ソフトクリーム巻ける系に進化
0	ソフトクリームプロになったから巻くときはみんな呼んでね
0	ライブ行った時も今日のバイトの時も十代に混ざれたからまだイケる（なにが)
0	5/4はすーにゃの #1stbirthday  でした🎂💕  今回は #ストロベリーフィールズ水戸… https://t.co/wxcFU5BItI
1	おさかなセンターのたのしかった👏👏 やっぱわたしは接客業が向いとる🤔
1	@ara5sca4 プロってすごいよな、、
1	自分が理解できない、好きじゃないっていうだけで否定するのはよくないと思うのだよなぁ　犯罪になるものとかはわかるんだけどそうでないものはそんな否定しなくてもいいんじゃないかなぁ
0	すごーい！人をイラつかせるのが得意なフレンズなんだね！！
-1	全然帰ってこないからおみやげ無かったら🔪🔪🔪
0	ケロッとした顔で帰ってくんな🔪🔪🔪🔪
0	@amnosarashi0617 するわよ～！
0	@amnosarashi0617 返信はっやwww やるやる～👌👌
0	@amnosarashi0617 おけおけ～！！
0	RT @pandatty: ほら月曜日だけどさ… 肯定ペンギンの赤ちゃんでも見て癒されようぜ https://t.co/ayaJvI2pkd
0	RT @orange_disney1: A Musical feat. Disney Princess https://t.co/n25yOts9K4
1	親知らずグラグラするんだけど早めに抜いたほうがいいのかな～でもまだ授乳中なら薬飲むからやめといたらとも言われたしな～悩むんむん
-1	RT @monimomoe: さっき藤原たつやが「はじめまして、私が殺人犯です」って言ってるポスターを見かけたんだけどあなたが殺人犯であることに初めまして感は特に無い
1	Twitterに匂い共有ボタンがあればいいのに。娘ちゃんのおならのにおい皆で共有したいのに、、
0	ほんと！今日！特別くさい！！！！！❤❤❤
0	知らん人のおならは吐き気するけど娘ちゃんのおならならにやにやしながら何回でも嗅げる
0	これおならじゃない、、出てるやつだ、、
0	パイレーツ・オブ・カリビアン！！！新作！！！きた！！！！！！！！！ふぉおおおおお！！！！
0	これは！ぜったい！映画館！いく！！！！！
0	ご飯食べても気持ちが満たされなさすぎてそのうち過食症か拒食症になりそう
-1	RT @littleheartITF: 殺伐としたTLに茨城が！  　　　　　　大子　　北茨城 　　　　　　常陸常陸高萩 　　　　 　　大宮太田日立 　　　 　　　城里那珂東海 　結城筑西桜川笠間水戸大 古河猿島下妻つ石岡茨城洗 　　坂東常総く土浦か鉾田 　　　　守谷ばすみが行…
1	ふああああああようやくminneのキャンセル手続き終わった😈😈😈😈😈　もうしばらくminneは購入しない、、素敵な作品いっぱいあるしきっと素敵な人もたくさんいるんだろうけども1回こういうことがあるとなぁちょっとなぁ
1	成長が早い、、ママは感動しております、、  #1歳 #1yearold #ぱちぱち #👏 #呼ばれて #はーい #🙋 #何歳？ #☝ #成長記録 #おんなのこ #かわいいね #しみじみ… https://t.co/6qLPC3WG46
0	去年は自分の母上にだけプレゼントを贈り、わたしには一言もくれなかった旦那さまですが、今年の母の日はなにかしてくれるのでしょうか
1	@chibi1117saru きゃあ嬉しい😳💓
1	RT @myon_t: USJ行ってきました。楽しかったので実録漫画描きました。 ※ハリウッド・ドリームのネタバレなのでこれから行く人は見ない方がいいかもしれません。 https://t.co/S6sVUPTj5d
0	なにこれUSJ行きたすぎ、、
1	断乳ではなく卒乳にしようそうしよう👏 1歳になったら断乳てよく見かけてたけど調べたら1歳半～ってあって安心🤗❤🤗❤🤗
0	そういや最近ひとりっきりで趣味に没頭する時間ないなぁ。というかひとりっきりの時間がねえ\(°∀° )/
0	あれ、、もしかしてわたし夜ご飯食べ忘れてないかこれ
-1	食べるのめんどくさ（笑）
0	なんかすごい一人で愚痴愚痴と言いたくなって、それを言うためだけに捨て垢まで作ったのに文字を打ち込もうとしたら何を言いたかったのか忘れてしまった。忘れっぽいのってたまには役に立つじゃないの
0	RT @FAVERIPR: 東京喰種カフェのネーミングセンスを疑うんだけどｗｗｗｗｗｗｗｗｗ https://t.co/THieSuKSc5
1	RT @RADWIMPS: LIVE情報 2017年8月5(土)・6(日)・11日(金)・12日(土)に国営ひたち海浜公園にて開催されるROCK IN JAPAN FESTIVAL 2017への出演が決定しました。出演日の発表は後日となります。 詳細はこちら→ https://…
0	今年こそ参戦するしか
0	RT @tkid0330: マジで笑った(笑) https://t.co/ZNCQtnLTCk
0	@narinatsu617 うふふ
0	@narinatsu617 人違いだったらどうしようってチキってたww
0	RT @morenews_jp: 【空き家の冷蔵庫で腐敗遺体見つかる】 茨城県日立市下土木内町の空き家敷地内の大型冷蔵庫の中から成人男性の遺体が見つかる事件がありました。殺人や死体遺棄など事件と事故の両面で捜査を開始 https://t.co/GrtVcQxdi4  遺体は埼玉…
-1	いやこれはおっかないわ　rt
0	RT @t1a2k1a1: どうか、拡散お願いします。 栃木、群馬、茨城、埼玉、千葉、東京、神奈川の人 その他の地域の人もご協力お願いします。 https://t.co/dZDECFaHVp
0	そういえば先日娘ちゃんの前髪チョキチョキしました✄✄✄ 前髪可愛すぎて最近甘やかし度MAX...　やむを得ない。 https://t.co/VicBcrAB0C
1	トゥーンタウンの門なくなっちゃうんだ、、！！　あれくぐるのワクワクして好きだったのになぁ
1	instagramのすべてのおすすめのアカウントに表示されるのはわたしのことフォローしてないけど投稿を見てる人と初知り🌝🌝🌝　SNS上でまったく繋がりないしアドレスとか電話番号も知らない人が表示されるのはわたしのこと大好きってことかな？？？そうよね？？？
1	なんだかんだでわたしのこと気になってSNS見に来ちゃうあなたのこと好きよ
0	目玉を、刺されて、とても、いたい、
1	めがあかないそれなのにとても良い顔で笑ってるから怒れない
0	そういえば！！！絶対今年も何もないと思ってた！母の日！もらえたよ！！！！！
1	そうそしてヘアビジューなるものを頂いたのですが、誰か正しい使い方教えてくれさい
0	#母の日 #5/14… https://t.co/ADfrfiBHrm
0	RT @shiitake7919: 射手座は命がけの気まぐれです。だから普通の人が射手座を理解しようなんてしてはいけません。  射手座は「真剣勝負のツンデレ」なので「ツン」モードの時には命を追い詰められる覚悟を、「デレ」モードの時には体力が生まれたての子猫に接するかのように。…
0	RT @weban: #小栗旬 さん主演映画『#銀魂』×「#an超バイト」 #エリザベス の“中の人”として完成披露を盛り上げろ🔥 💰日給5万円＆キャストサイン #菅田将暉 #橋本環奈 ▼応募方法 ①@webanフォロー ②この投稿をRT ③フォーム入力⇒https://t.c…
0	娘ちゃん寝たしたまにはペディキュアでもしよ～💛と思ってやり込んでたらこんな時間。しかも半分しか終わってない(  ^q^  )明日やろ(  ^q^  )
0	#死亡から予測変換で生還めざす   死亡！がどうしても！がどうしても！がどうしても！
1	今思えば小さい頃からディズニーの美女と野獣見る度王子より野獣のほうがかっこいいと思ってた子だからそのときから人外好きだったのかしら
0	ん？美女と野獣ここ日本語じゃないの？DVDは日本語あったよね？
0	控えめに言ってサツイ🔪🔪🔪🔪
0	わたしはまだしも娘よりガッキーってどういうことや🔪🔪🔪
1	@nazodayo_ くっっっっっそ羨ましい～～～！！！！！くそ！！！！ 楽しんでこいよ～～～！！！！
1	早めに抜いた方がいいと言われていた親知らずくん。抜くために他院に来たらいやこれは抜かなくていいんじゃないかとのこと。なんやねん（笑）
1	そういえば先日写真館で撮った娘ちゃんフォトが広告に載るとかなんとか、、うふふ嬉しい
0	@garagara58 でしょ❤❤❤❤❤❤❤
0	@Hawaiian_smn wwwwww どこに入るか分からないよww
-1	なかむらむらを獣人化！ 種類：ヒグマ 体重：51kg サイズ：L 性格：短気 目の色：青色 https://t.co/aqwymEQJMi #あなたを獣人化すると https://t.co/uyrTmEOGEE
0	RT @mayla_classic: 【フォロー&amp;RTで応募完了】 海の泡の中から成人した姿で誕生した美と愛の女神ヴィーナス Nonshoden - ノンシュオーデン - を抽選で1名様にプレゼント！ https://t.co/63M9ZruNGK 締切 6/15 #マイラアイ…
0	泣きやませるんじゃなくて寝かしつけたいんだけどなぁ～
0	@XOY_official_jp バスコ（馬場晃司）
1	RT @XOY_official_jp: イベント】一番の人気者は誰？『外見至上主義』四天王イベント開催！候補者の中で一番好きなキャラクターの名前を書いて、当ツイートにリプしよう！さらに引用リツイートすると、プレゼントも当たる！  詳しくは▶https://t.co/d6bEK…
0	魔王の秘書の秘書買っちゃった～～❤❤❤
0	ピノアーモンドファンクラブ https://t.co/J8h8FYR4QR
0	奈々江と卒アルの名前を隠して名前を答えるゲームしてたんだけど想像以上に忘れててやべぇ
0	肩片方だけ腫れててくそ痛いんだけどこれはなんぞや
