0	明日はこれにでも行こうかな！ http://t.co/tx0Mzjs
0	“@nico2na2c: 来週もやるみたい＼(^o^)／違う国！
0	今日もひとり！ララララ♬
0	今日も歩き疲れた。姉との買い物がらくちん♬
0	母が誕生日にクロエの財布が欲しいと言っている（泣）それ、私が欲しいの。
0	会社の先輩と映画みます。4Dだって、なんだそりゃぁぁ！
0	試写会の招待状貰った。明日！
-1	映画4Dだったんだけど、1Dは匂いでした。ディズニーみたいに匂いがぱぁぁとでてくると思いきや、紙渡されて自分でこすこすして嗅ぐという優れものでした。え、
1	“@saorhiarai: そう、スパイキッズ！さおごめん。なんか全然おもしろくな、、、、、。
-1	会社で初めて私がつくったもの、味は悪くないって言って貰った（泣）
0	今日も映画みます。
-1	頭痛いレベルがどんどん新記録更新してる。
0	ゆいぽんがくれた梅酒のむ。
0	マミーの誕ぷれ探しにGOです。
1	うちのマミー、ガガ様の音楽が好きらしい。なんか、ぐっとくるって。
1	“@sappi1821:いいの買えた☆*:.｡. o(≧▽≦)o .｡.:*☆
0	@sappi1821 木（笑）　さいふ＼(^o^)／
0	@htsk_rk 　江戸ぷ？（笑）
1	“@sappi1821: @yuki1107ema いじめられるから言わないの～＼(^o^)／ 優しいでしょ、うふ！てかさ22日ソフト部で集まるの忘れてる？
0	“@sappi1821: そうだよ～りょこいる＼(^o^)／りくと約束しちゃったでしょぉ（笑）
0	“@harupiee: ちょうきゅん！
0	“@maki_472: 頑張っちゃお！木曜だよ♡？
0	今日は尚美の誕生日です。51歳です！（笑）
0	台風に気をつけて皆様。
0	やっと最寄駅に到着しました。皆様、お疲れ様！
-1	昨日は東西線止まって帰れず、ムカついた。けど、こうやって毎日私たちを都心に運んでくれる、遅いけど運転再開してくれる、東西線よ、いつもありがとう。
1	レッドブルパワーで、会社残ってクリーム絞る練習した。これから飲みだよ。珍しく寝てなくても元気です。ありがとう、レッドブル！
0	二十歳の年を痛感。ラーメン全部たべれなかった。胃もたれ
0	だけど、まだ若い！オール後に津田沼から行徳までチャリでニケツしてきました。
0	中目黒へむかいます。胃もたれ。
0	酒を飲んで忘れよう。
0	中目黒のおシャンティーな韓国料理KOGUMA。ご馳走様でした。
0	“@htsk_rk: （笑）
0	朝一で美容院いく。ねむいよう。
0	“@nico2na2c: もっかい染めようかな、アッシュぽさがでなかったぁ！！ http://t.co/Fg9kyTNt
0	“@pinyanchuu: 実際は微妙だわん（笑）髪型ってむずいわん
0	父とカメラ対談なう。
0	母が一人旅を許してくれないよう。秘密で行くかな。
0	今からディズニーランド。ハハッ！
0	“@nico2na2c: @htsk_rk 感動したぁ～(&gt;_&lt;)今から現実に戻る～ http://t.co/1xNhxUEX
0	会社のおじさん達に恋愛相談してます。
0	“@sappi1821: アニョハセヨ！
0	また定期落とした（笑）
0	コンビニにあった！ありがとうセブンイレブン！
0	はなじぶー
0	そいえば、小学生のころ、いつも鼻血だして、いつも怒ってた男の子いたな（笑）
0	朝も鼻血ブー
1	今日天気良くて気持ちがいいね！炭酸の気分だけど、ぐっとこらえ、グリーンエスプレッソ！ http://t.co/vPkaJZxt
0	すこし働いて、今から講習会へ行きます。代々木上原へ、勉強、勉強！
1	電車でさ、目の前に神様みたいな男性が座ってる。神様ポーズしてる。多分神様だ！目はつぶってる。私が見つめていると、神は深く頷いた。私が見てることも考えてることもきっとなんでもわかるんだ。神よありがたや～。
0	“@htsk_rk:そう（笑）＼(^o^)／
-1	すっごい眠い。土曜日に仕事あるといつもねむい。
1	なんかもうさ、シンプルに生きようと思ったよ。
0	10月はコスモスを見に行こうと思う。
0	鼻血ブーで目覚め。もっかい寝させて！
1	地元の最強の焼肉屋さん、あぶりやに行きます。母さん、好きなだけ食べてくれ。
0	“@nico2na2c: @yuki1107ema その最強のタン絶対食べよ！！！あとユッケ～♡
0	楽しみが増えたなう！
-1	まだ何をするにしても遅くないんだなぁ！
0	“@ayameeeeen7: イメチェンみたい＼(^o^)／めたさ♫来週のジャパンケーキショー？行くのん？
0	RT @ayameeeeen7: @yuki1107ema イメチェンせいこーやで！自己満！笑  行くよー！ゆっち行くの？
0	“@ayameeeeen7: 私も行くよ＼(^o^)／めた何曜日？
0	午後も頑張ろうかな！休憩あと二分だ。
0	滝を見に行くらしい。マイナスイオン！！
0	海がちらっと見えただけでテンションあがるよね！
0	イメチェンしたけど特にいつもと変わらない日でした。
0	仕事終わったぁ！今日はハッスルしようぜ♡
0	超久しぶりにハチ公前で待ち合わせする。学生以来＼(^o^)／
0	私は24歳じゃねぇ～！
0	渋谷から始発で帰宅！シャワーして準備して今度は原宿にゴーだー。
0	フリマ超疲れたわおん。
0	RT @masason: 一度しかないこの人生で自分の夢を追いかけないでいつ追いかけるのだろう。
0	ツレがうつになりましてみます
0	“@nico2na2c: 私もモテキみたい♡
0	ひとみとベィビーに遭遇 @スーパー   ママだな（笑）
1	“@nico2na2c: @yuki1107ema ツレがうつになりまして。ほんわかしてた。眠いけど、特別面白くないけど、泣いた(T ^ T)
0	の ど い た い  (&gt;_&lt;)
-1	“@pinyanchuu: だ め ぽ よ 。 ひ ー ち ゃ ん こ そ ス コ ー ン く さ さ だ い じ ょ う ぶ ？
-1	すっごい眠い仕事行きたくないけど、行く。がんばる。ソフトボールしてる夢みた！言葉使い悪かった（笑）
0	“@sappi1821: あるある！
0	シャツ表と裏逆だ！！！！さっきの視線はそれでか。
0	あ、風邪引いてるんだった。大人しく直帰します。代々木上原からの直帰はもったいないです。
1	仕事できなすぎて申し訳ない気持ちでいっぱい＿|￣|○    可愛いミルク♥ http://t.co/yIdowGmO
0	ハロウィンパーティー的なものに行きたいなぁ。
0	バイトの先輩と友達と飲んでるよう。
1	10月中に四谷三丁目に行く予定がある方いませんか？ミシュランとった人のお店のラーメンみたいなのが、タダです！私も食べたんだけど、あまり好ましくなく、タダで食べれる券が余ってるの。よかったら四谷三丁目に行くついでに、私の変わりにラーメン食べて来て！
0	“@pimomo12: 亀戸にあるとこ？私も一回いったよ＼(^o^)／やばいよね＼(^o^)／
0	“@sappi1821: 次はアゲハ＼(^o^)／
1	なんかXmas楽しみ☻！今からわくわく！なにも予定がないけど～ドキドキ！街中イルミネーションでいいよね♥
0	“@pimomo12: いこ笑 11月にでも♥ ももとなら全然入れる笑
0	今日は仕事休み！お花畑にいく♥
1	私今原っぱで寝転がってる、ひとり。きもちぃい。笑 http://t.co/b8RnscFg
1	ついに深夜特急シリーズ6巻読み終えた。この本を読んでよかった。
0	スクラッチ購入！
0	渋谷へ～ゴー！
0	スクラッチ全部はずれ。晩御飯なし！
0	脱毛やりたいこいない？今月中に行くとワキが12回で750円だよ〜！11月に行くと1480えんよぉ！
0	“@pimomo12: @yuki1107ema 暇な日教えて＼(^o^)／ももだから♥
0	渋谷のPARCOでスパークリングワイン貰った＼(^o^)／
0	@mpi_ta @miiisato0507  安いよね！由紀も先輩に紹介して貰って通うことにしたんだ＼(^o^)／行ける日にちあれば紹介するよぉ＼(^o^)／
0	@miiisato0507  渋谷だよ！今メールで聞いてみるねぇ＼(^o^)／
0	@nico2na2c 安いし場所渋谷だよ～♥行ける日にちあれば伝えて予約もできるよん♥
0	@pimomo12 渋谷♥ ＆ 平日休みあっるぅ＼(^o^)／
0	@pimomo12 そうだよね（笑）ギリギリギリ！明日の18時空いてるって言ってた！予約する？ 16日の水曜休み♥
1	@pimomo12いいなぁ♥ 明日の14時空いてるって＼(^o^)／  どする？  16行こうぅ～＼(^o^)／
0	ラジオでジャクソン5流れてる～♬♬
0	寝不足（ ｉ _ ｉ ）ねむたいよ
0	@sappi1821 なになに♡気になる！ってか、モテ期！
-1	昼、夜ラーメンはきつい（ ｉ _ ｉ ）
-1	人口70億か！すごいなぁ～よく地球ういてるなぁ。って思ったら、地球ってどうなってるの？って疑問に変わった。摩訶不思議すぎる。
0	また行徳で降りるの忘れた。なにやってんだか。トホホ（ ｉ _ ｉ ）
-1	ドンキでストーカーなう。なにこれ（ ｉ _ ｉ ）こわいよ何人だよ。トホホ。
0	にほんばしいこ
0	今日という日を乗り越えろ！
1	業界の慣わしって、、、。休みを取らない人が偉いのか。休みをとったら悪口言われるのか。おとなっていろいろあるんだな＼(^o^)／
0	“@pinyanchuu: 痩せたいな。”じゅうぶん痩せておるでしょ
0	頭いたい。仮眠してから空港行こ。そうしよ。
1	“@shoooko_98:宮古島に行くの！お金ないから空港で野宿（笑）しょうこ、そんなに好きなら一緒に野宿（笑）
0	今日の寝床。 http://t.co/gOE7UWu4
0	今から宮古島へ行ってきます！
-1	ありがとう宮古さようなら宮古！私は泣きました。そして誕生日おめでとうをありがとうフレンド♥
0	また行徳で降りるの忘れた。
0	いつも浦安で、もうすぐだ！と思うのだけれど。
1	今夜は家族が誕生日を祝ってくれるらしい。父も名古屋からくるらしい。早く帰ろう～。
1	いやなおとこだぷんぷん！なんてね、一日笑顔で頑張って、早く帰って、寝たい。
0	今夜は有楽町で、もひもひして遊ぶ
0	今日はランコムのニューフレグランスの発売日ですよ！むふふふ♥
0	だいすきなあのひとへのプレゼントを買ってみた。ぐへへ 喜んでくれるかなぁ。
0	銀座にいるんだけど、夜ご飯どこでたべよう ？
0	あぁ、寝たくないよう（ ｉ _ ｉ ）朝がくるので。仕事に行かねばならぬので。でも、寝る。ストレスで肌がヤバイので。ファイト！！！
-1	目の前に、私が嫌いな男性の服装が、頭からつま先までドンピシャのひとがいるよぉう。
1	おととい食べたスペイン料理が美味しかったなぁ。インド料理もベトナム料理も好きだしお次はどこの国にはまろうかなぁ。
0	目をつぶっていても涙はでるのだ。
1	もうやだ。本当やだ、やだやだいやだ＿|￣|○ どこか遠くへ行きたい。必要とされる場所へふわふわぁ～となっ！
1	先輩になんかすっごい美容の先生に合わせて頂いた。ミス日本のメイクの先生。頑張ってお肌を綺麗にするぞう！！
-1	黒人さんにめっちゃ話しかけられて、怖いので、彼氏がいる＆今から彼氏とデート＆彼氏は恵比寿に住んでるって事にしたナウ。ごめん、本当はただの干物女っす。
1	今から、かわい子ちゃんとデート！さっきの人とはなまえが同じだった偶然。snow！ 雪！
1	素敵な金縛りみてきたよ。まじ楽しいから、本当に楽しいから見た方がいいです。めっちゃ笑えます。ガハハハ。
1	亀戸のめちゃめちゃ美味しいホルモン食べた＼(^o^)／
1	お父さんが、オニギリ食べて寝よ♫って言った。え、オニギリ食べて寝るの？すっごい嬉しそうなんだけども。ご飯も食べたくせに、このタイミングでオニギリ食べて寝るの？
1	免許更新なう！with ゆ～ちゃん。懐かしくて長い。
-1	せっかく友達とご飯食べてるのに、気持悪くてトイレにこもってるなう。一人で食べてる友達すまない、。
1	日曜日って病院やってるんだろうか（ ｉ _ ｉ ）何科にいけばいいんや（ ｉ _ ｉ ）
1	内科にきてみた。いいんかしらぁ？
1	大好きなはる様とデート。待ち合わせも場所もアバウティ。きっと原宿だろう
0	原宿フレームスカフェにきたよ。
0	こんな服が売ってる http://t.co/o7WokX7u
0	“@shoooko_98: @yuki1107ema やば！エロい(笑)”買おうかな（笑）
0	さっきバイバイしたのに、もう会いたい現象。
1	今から中目黒。間に合うかなぁ。直帰でいいみたいなんで、帰りは古着みよお♥
0	“@akanen115: @kae9679 @mpi_ta  え、まさかの楓も（笑）？？
0	おとなってなんなのよ(´･_･`)わたしもだけども。まったくもう！
0	旅は中毒性っていうけど本当！いつもどこでも妄想してしまう。次はどこの国へいこうか。何を見て～何を食べようか。お金はいくらかかるかなど～
0	数年後、世界一周航空券を買うことを目指し今日も明日も明後日も働くオレ！
0	きめた髪をまた伸ばそう。
-1	なんかもう色々ハードゲイ！
0	友達とクラブ行くはずが会社のおじいちゃんとインドカレー。そんなサタデイナイト（笑）
1	カレー美味しいぃ(^^) http://t.co/7qpvagDX
0	Xmasまで一ヶ月切ったんだ♥！予定がないことに気付いてアーメン。
1	@rcgsxie @shoooko_98 　イルミネーションが眩しいよ。アーメン　涙。
1	@ai149 イルミネーションの光が眩しすぎて倒れそう涙。あいあん帰ってくるのね！わっしょい！
0	また一週間仕事が始まるよぉ。がんば！
0	“@harupiee: はるもね～！
0	ナチュラグラッセの化粧品買っちゃった♥
0	母と牛太郎なう！ここにはレバ刺しがあったぁ(^^)ユッケが食べたいぞ。
0	@mpi_ta またみんなでいこっ！
0	今年もMariah CareyのAll I Want for Christmas Is You をエンドレスで聞く季節がきた！駄目だニヤニヤしてきちゃう。
0	わくわくしかしない本！！ http://t.co/SfIXTK6e
0	RT @kenichiromogi: まるで制服があるかのように、同じかっこう。レールからはずれた人はエントリーできません。この国からは、GoogleやAppleは生まれない。 http://t.co/0TkNT7DJ
0	上手く乗り換えなきゃ行徳につかないからドキドキ。寝すごせないぃ。
0	あぁ、蜜の味が気になるわぁ(&gt;_&lt;)
0	自分がモラトリアム人間だという事に気づく！
0	“@sappi1821: ぐぐってみて♥リアルにやろう！ってか、個人的に行きたいBARがあるねん！！
1	今日は休みぃ(^^)♥♥♥仕事しなくていいなんて幸せすぎてどうしよう！にひひ
1	“@sappi1821:暇じんなんだよ(^^)土曜の夜がいいな(^^)
-1	“@sappi1821: 今週以外ならば(^ ^)来週はあやと会うよ(^ ^)会社の飲み会無いの（笑）
1	“@sappi1821:きぼんぬキター（笑）16、17の夜でもいいぴょ～。ってかクリスマスどっちか空いてへんかい(^ ^)？
0	“@sappi1821:あ、17の夜でもいい(^ ^)？仕事後だけど！  うっしゃ♥クラブ行こ（笑）
-1	夜から宮城に行くんだが、会社で少し話ていたら、ボランティアなんてカッコいい事言ってるけど、甘いもんじゃないよ、と言われた。私はその人に一言も自分からボランティアに行くんです。カッコいいでしょ？なんて言ってないのに、そんな事を言われてムッとしたんだけど、私の心が狭すぎなんでしょうか
-1	ボランティアって実際迷惑らしいよ。とも言われ、こっちだって色々調べて、本当役に立てるか、やることも大変だろうしちゃんと出来るかな。とか色々葛藤があって、それでも少しでも何か！！って思って行くのに残念な気持ち。可哀想に思う
0	宮城県石巻市に着いた！
0	“@maki_472:あっさん、ありがとうぅ（ ｉ _ ｉ ）うん、頑張ってきます(^ ^)♥
-1	“@sappi1821: 寒かったです、極寒です。
0	今から東京へ戻ります。東北への想いはブログで（笑）
1	今回初めて勢いでボランティア行ったけど、もっと沢山の人と現地に行って続ける事が大切だと思った(^ ^)みんなも行きませんかぁ(^ ^) http://t.co/exWLojNK http://t.co/LmJY9kZc
0	まるまる24時間疲れたぁ～。地元へ戻って飲みに少し顔だしにいこ(^ ^)
0	久しぶりにかわいこちゃんたちと会った(^ ^)♫
1	“@ykskxxx30: 皆に会えてよかった(^ ^)
1	“@harupiee: めろんぱんいいなぁ～表面だけ食べるのが好き（笑）
0	“@kae9679: また忘年会でっ(^ ^)笑
0	久しぶりに17時あがり♥
0	“@nico2na2c: ヾ(＠⌒ー⌒＠)ノ
0	冬になると会いたくなる人っていますよねぇ～。
0	ボーナスがボーナスでない。
0	そんな母からのメール(初ボーナスおめでとう不二家のミルキーロール食べてみたいな)祝ってるのか？たかってるのか。
0	ペコちゃんなう
-1	インド人にじぶんから話しかけたのに、英語を全く理解できず、最後は外国人特有のはぁ？みたいな顔された。くそ、く、く、悔しい＿|￣|○誰か英語教えて。切実。因みにインドはみんな子供も英語が話せるって。勿論学校で勉強出来るこだけだろうけど
0	朝から神聖かまってちゃん聴くと嫌でも目が覚める よ ！
0	かまってちゃんのせいで、電車に傘忘れた＿|￣|○
0	昨日なくした折りたたみ傘の袋が道端に落ちてた奇跡！ ってか、もの無くしすぎ。
0	@rcgsxie 裏地がモフモフだよね(^ ^)
1	今日はお寿司をご馳走するがわです。あじとえんがわが大好きです。超美味しい。築地に行きたい。 http://t.co/IFBKyNx4
1	おつきさまがきれい。仕事がんばった。
0	スタバはチャイティーラテが定番だけど、Xmasのジンジャーブレッドラテをのみます。 http://t.co/9UI6IcBH
1	こ、これも美味しい。待ち合わせまで時間あるしほっこししようっと。
1	あやちゃんと飲んでるよう。あやちゃん大好きなんだけど、大好きって言えない（笑）
1	あぁ、楽しかったよ。今私楽しかった。幼い頃から苦楽を共にしてきた人と過ごす時間はいいもんだな。さ、お風呂入ってみたさんみよ♡
0	蕁麻疹なう＿|￣|○
0	@pimomo12 おめでとう(^ ^)
0	疲れすぎて一人でタイ料理屋さんにきた（笑）あぁ、またタイ行きタイなぁ。なんて言ってないで、早く帰らなきゃ。家遠いからやだ（ ｉ _ ｉ ） http://t.co/rwPkzQxj
0	“@harupiee:はるもお疲れさま♡連れてくから一緒に行こう。ってかうちらいつ海外へ行きまくる事が出来るんだぁあ(&gt;_&lt;)
0	YUKIのLIVEあたりますようにっ♡
0	えきいんさんに起こされた。
0	さいきんまたアラレに似てると言われる、さっきも言われた。わ、私、、、もしかして？実は、、、？！
0	“@sappi1821: ぶふぉ～＼(^o^)／
-1	もうやだ本当にやだ嫌だ。やめたいやめたいやめたいやめたい本当にごめんねの気持ちでいっぱい(&gt;_&lt;)かなり大打撃くらった
0	@rcgsxie わたしも(^_^)
-1	あしたやすみだったのにシフトが勝手に変わってたんだ～毎年恒例のさ、イルミネーションだったのにさ。楽しみにしてたのにさ。こんなのアリ？！
1	二日酔いの髪色マルフォイ。さすがにちょっとアレだから、アレします。いい色なんだけどなぁ。
-1	“@harupiee:本当にごめんね。まじもう無理っす消えたいっす。会社いってくるっす＿|￣|○
0	“@yuukaadesu: @rcgsxie @harupiee @yuki1107ema 23日からなの(^^)？！楽しみだ♡
0	“@ai149: @6machan9 @ayametamon @kanakomaan@nico2na2c@pinyanchuu@saorhiarai@yuki1107ema@ayameeeeen7 しらんおかえり★24.25.26以外なら行けると思う！ワチャワチャしたいね♡
0	んもう、超疲れたぽよん♪
0	あのころにくらべればこんなもの余裕だ、へへっ。と思ってがんばろ、えっへん。
0	“@sappi1821: ってか、スノボ連れてってぽよ～ん(^^)
-1	“@sappi1821: まじでまじで行きたいから行こうね！わたし運動神経悪いからすべれなそう（笑）
-1	RT @UNICEFinJapan: ユニセフ本部が選んだ今週の1枚：2010年撮影、アフガニスタンの女性用監獄内で、生まれた赤ちゃんの健康状態を心配するお母さん（写真奥）。彼女たちの多くは、不倫の疑いや家出しただけの理由で投獄されている。 http://t.co/Xlx ...
1	掃除なう！こうゆうのって捨てていいの？みんなどうしてますか？ http://t.co/sOr7Svh8
0	“@shoooko_98: 謎（笑）多分、バスケットボールとソフトボールやってた時のかな？捨てたいけど何か捨てきれないよう
-1	掃除ってめっちゃ笑えるよ。みて、この顔絶対性格悪いよ、いかつすぎる http://t.co/tZlesSlb
0	キャッチボールしたいよう
0	しゃっ♡仕事おわった♡イブを満喫するのだぁ(^^)
0	駅で友達に遭遇！友達は電車乗って、私は快速待ちで、あー！ってなったけど、ドアが閉まってまともな会話せず終了！笑えた。
1	“@ykskxxx30: 同じ事書いてるし！笑えたぁ（笑）いきなりすぎでびっくり！一緒に帰れば良かった（笑）
0	“@nico2na2c: サンタさんイルミネーションに負けずにがんばって。
0	なんねんぶりだろ？千葉いくの♡
1	イタリアンとBAR楽しいイブだった♡ちょっと寝て仕事だ！
0	“@sappi1821: 結局タクッたのね（笑） 安室ブーツいかしてる！！
0	今日も～がんばっぺ!!!!!!わっしょい♡♡♡
0	“@Ryuki_bass: きゃわいい
1	都内で一人暮らしをしたい、したい、したい、したいぃ。ルームシェアでもいいからしたい。いくらあればできるの
0	“@ai149: @6machan9 @nico2na2c @p216n @ayametamon @kanakomaan @pinyanchuu @saorhiarai @yuki1107ema @ayameeeeen7  ゆうがたまで仕事だぁあ(´･_･`)ボーン
0	オッフ♡お台場♡
0	@mpi_ta 飲んでみよ♡
0	映画みて今からお食事♡
0	一日遅れのイルミネーション♡ http://t.co/pv0Bcd5l
1	@rcgsxie 汐留にあるカレッタだよ！すごい綺麗だったぁ♡まだイルミネーションやってるからいってみて♡
0	ねぼすけだよ。あぁ働きたくないね、でもあと3日！ファイ！
0	みんな大晦日ってなにして過ごすのかなぁ。
0	“@asanamakemono: @mpi_ta @kae9679 @yuki1107ema みんなバイトかようぅ。もしかして年越し？
0	メガネをかうなうよ。ゾフさん4こめ。
0	中華料理たべるよなうだよ
0	今、都営三田線にのっててね、三田駅に着いたのね、この線の各駅の社内アナウンスは、駅名が一度流れるのね、それでタイミングを見計らって私が家政婦の！と言ったら、アナウンスが三田！って言って電車の中であり得ない程ひとりで爆笑しちゃって泣いた、もうこれ変態の域、同じ車両のかたごめんなさい
0	“@htsk_rk:いつやる？＼(^o^)／
1	“@sappi1821: え、いいな♡いいな！どこのエステ？綺麗になった？＼(^o^)／
0	“@harupiee: どうした？
0	ふぅ～ことしのおしごとやっと終わったぁ♡♡♡
-1	私の会社忘年会とか一切ないよ（笑）変な会社だなぁ。はあぁ疲れた。お疲れちゃん♡
1	“@harupiee:はるはさいこうだよ？シナモンティー飲んで元気だして！
0	“@sappi1821: ありがとう♡スノボ楽しんで＼(^o^)／
0	おはぴよ。目覚ましなくとも5時まえに起きれるんだ。会社じゃなくて、写真撮りにGO!
1	ことしも年末ジャンボに見離され、も～（ ｉ _ ｉ ）ビールのも！
0	カウントダウンイベントとか行きたいけど家でのんびし年越しになりそうです。
0	ゴロゴロゴロゴロゴロゴロン♡ゴロゴロ、ゴロゴロゴロニャーゴ♡
0	初詣中吉。おみくじ
0	めっちゃめちゃくちゃ綺麗2012  http://t.co/RkJFyKjC
0	新宿で服かうのだ
1	ひといっぱいだぜ。あとは、ビームス、フリークスストア、フラワー、TOPSHOP  でいいのだ。
0	JOURNAL STANDARDのハンバーガーカフェはまいう～なんだよ～。
0	@rcgsxie お腹いっぱいぃ～ふぅ～。
0	“@shoooko_98: イイネ連呼しすぎ（笑）
-1	“@6machan9: 私も人混みで、更に更に性格悪くなってる。ぶりぶりしてる。アカーン！
0	家で西野カナが流れてるなう！誰だ？と思ったら父（笑）西野カナでギターひいとる（笑）
0	写真とりにごー
1	今更ながら2011年はBIG YEARでした。色んな国、場所に行き、沢山の人と出会い、色んな経験をしました。色んな事を思って考えて行動して本当にいい年でした。2012年ももっとパワフルに進むぞ。
0	明日からお仕事。お正月がラビューすぎた。寝たら朝になっちゃうので寝たくありません。
0	新年そうそう仕事やらかしたぁ～ごめんちゃい（ ｉ _ ｉ ）
-1	今年の目標、無駄なミスをしない。早速おわた＿|￣|○
0	渋谷で占いするべよ
0	“@sho23ko: そいえば練習してたね(^^)
0	占い超当たったよう！またいこ！
1	“@pinyanchuu: ちょ～～(&gt;_&lt;)！死なないでよかったーこれからお酒程々にだね（笑）
0	ららぽーとなう
0	フゥー！今日も終わった♡♡♡ラプンツェルのサントレを聞きながら帰るのだ。踊り出したらどうしよ（笑）
0	“@pami_kojipa:おめでと（＾＿＾）☆
0	春日部のオークウッドなうなのだ。
1	とっても有名なシェフのお店なのだ。めちゃめちゃおいしかったのだ。 http://t.co/QxOskQfV
1	“@ykskxxx30: 全部の指に絆創膏？斬新（笑）
-1	“@ykskxxx30:  横内さんったらまったく。絆創膏10枚がもったいなかったね（笑）
0	“@pami_kojipa: ごはんいきたいね(^^)
1	“@ykskxxx30: てか、めっちゃ関係ないけど、成人式の写真かわいかった！！
1	“@sappi1821: 美味しかった（＾＿＾）☆
0	“@kanakomaan: 会おう！
-1	今まで最強に気に入ったピンクベージュの髪が5日で金髪にもどったから、もう暗くするよキューティクルがないよ。どこにいったんだい。
0	高層マンションなうなのだ http://t.co/bwwL5vbS
1	さんえきも寝過ごした。終電のれて本当によかったなうなのだ。
1	今日飲んだワインすっごい美味しかったなぁ。ワインの味とかわかんない人間なんだけどなぁーあぁ幸せだ。
0	お風呂で寝たから疲れがとれないよ。定期忘れたよ～（泣）
0	“@ayameeeeen7: ごめん、笑える（笑）(^ ^)
0	“@sappi1821: もしや(^ ^)まき（笑）？
1	ずっと欲しかったアウターの五分の一の値段で買ったアウターがめっちゃ暖かいぃ(^ ^)得した気分だ。
0	“@sappi1821:まき体弱い！大丈夫なのかΣ（ﾟдﾟlll）？
0	結婚式の振袖を決めにきたぽよ
0	明日は銀座にでも行こうかな。色々ケーキをみに行かねば。誰かここは！というケーキ屋を教えて下さいぃ(&gt;_&lt;)
0	“@Ryuki_bass私じゃなく兄が（笑）
0	“@harupiee: ピザだぁ☆*:.｡. o(≧▽≦)o .｡.:*☆
0	“@kanakomaan: どうしたの（ ｉ _ ｉ ）
0	“@TgrkRyu: 仲里依紗ちゃん、お知り合い？！
1	“@TgrkRyu:なんだ（笑）仲里依紗ちゃん可愛いぃ(^^)ドラマみてないけど。
-1	ダメだ。疲れた、都内で暮らす妄想しながら目を瞑ってあわよくば寝よう。
0	怪我して一番に帰宅するなう。やることあるのにごめんなさい。これ超大袈裟（笑） http://t.co/oThktArj
0	“@harupiee: リアルに暮らしましょうね。離島で現実逃避もしましょうね。
0	“@kanakomaan: 香菜子らしくないね(´･_･`)でもそうゆう時もある！仕事落ち着いたら連絡するから飲みに行こ！
0	“@TgrkRyu: ごめん（笑）仕事が落ち着いたら飲みにでもいこう！
0	ただいまぁ～つかれたね～（´-`）
0	“@harupiee: カメラ買ったの？(^^)どこのぉ？
-1	超ねむい家に帰りたい今日も頑張りましょう
1	ぐっさんの家素敵！
0	きめた！ことしは病院でしみをとります。
0	“@harupiee: なにっΣ（ﾟдﾟlll）ダイジョウブ？仕事の面談で？
-1	だめだもう*･゜ﾟ･*:.｡..｡.:*･'(*ﾟ▽ﾟ*)'･*:.｡. .｡.:*友達いなくなる＿|￣|○色んなひとに迷惑かけてごめんなさい。
0	“@TgrkRyu: そうですよね(´･_･`)！！サンキューです太郎さん(^_^)
1	今日はすこぶる体調がいいんだ！と自分に言い聞かせ今週最後の仕事だわーい。
0	久しぶりにしちりんぼう(^_^)
1	たのしい
1	“@harupiee: いこ、おいで！ってかもっと美味しい焼肉屋あるのお～！！
1	なんだか昨日の夜は楽しかったな。誕生日の酔っ払いの友達のママ、あんな大人になりたいです。
0	今からスーパーで買い出し。ご飯作るのだは。
-1	熱でダウンした。しかし休めない。ので無理矢理復活して仕事にいったら、母からメールで、さすがゆっちーだね！って言われた。ゆっちーって呼ぶの古いし、さすがの意味がわからん。
0	さすがのゆっちーは、今から原宿リムコード♡トーンダウンしよう
0	“@ykskxxx30: おめでとお☆恵比寿と目黒で駅となり～(^_^)
0	“@maki_472: うちのママ謎なんだけど（笑）
1	さいきん体調不良の人多いね。体調不良でも学校、仕事、バイト休めない人、がんばりましょう(&gt;_&lt;)
1	生牡蠣って美味しいんだ！会社の人に色々とおごって貰って満腹だぁ。
0	新宿でふらっとしてかえるかな。
1	“@harupiee: あぁ、懐かしい(^_^)韓国楽しかったね(^_^)
0	バンジージャンプしたい
-1	なんかいま、色々悔しい！自分自身に悔しい！とりあえずは、早く体調を復活させよう。
1	新しい環境に身をおく勇気を下さい。
1	新しいiPhoneケース購入♡♡イケメンなケース。よし、ねむる。四時半まで自由の身だ。しあわせ
0	“@kae9679: 吐いたら印象に残って受かるかも♡頑張れ！！
0	大学生は春休みかぁ～。
0	一人暮らしの人って皆どこに住んでいるの？！
0	会社を早退しました。ペーペーなのにごめんなさい。
-1	大人になると病院の診察代も自分で払わなきゃいけないから嫌だね(&gt;_&lt;)
1	インドいきたいトルコいきたい。グランドキャニオンも。
1	“@harupiee: かわいすぎる！幸せになる！ Sekai wa Tada, Kagayaite YUKI (SSTV 02022012).TS http://t.co/yRJOshfO via @youtube” 最高！！
0	“@harupiee:みたみた！やばいね、LIVEが楽しみだね
0	また傘電車に忘れた。何本目だ（ ｉ _ ｉ ）
0	“@6machan9: @pinyanchuu @nico2na2c @kanakomaan @saorhiarai @pichico623 @yuki1107ema @ayameeeeen7 いくよーん(^_^)
0	RT @dka_hero: ディズニーの美女と野獣みたいに朝から街の人がミュージカルばりに歌いながら送り出してくれたら一日頑張れる
-1	どうしよ（ ｉ _ ｉ ）目の前のオジサンがカツラだ。駄目だ、笑っちゃだめだ～～不自然すぎる、、。ギャハハハハハハハ。・゜・(ノД`)・゜・。
-1	“@6machan9: 楽しみ！ぐはは！仕事終わって急いで地元に6時半に着くんだけど、まーちゃん、6じはんに踊り出すわけじゃないよね？見れなかったら私、悲しくて踊りだしそうです、わ
0	降りる時に目が合って、笑ってしまった。ごめんね、でも朝からテンション上がった。good job ！！
0	やっぱり笑ってる顔がみんな一番なんだよ！
0	いまからみる http://t.co/JuGh1cJk
0	『ものすごくうるさくてありえないほど近い』胸が苦しくなり感動もし涙ボロボロです。9.11で犠牲になってしまった家族、少年のお話。ぐんぐん引き込まれてあっという間にすぎた。絶対何か感じるものがあるから、公開したら是非みてほしいです。
0	病院なう。しみとりの予約したっちゃ。
0	今日のつきすき。
0	“@ykskxxx30: 私も今日の夜からボードに新潟行くよぉ(^_^)
0	一週間お疲れさま！！！
-1	実は、今までちょいちょい避けてきたスノボに今日出発♡本気で寒いのが嫌いなので。21歳にして初めてのグランデ？ゲレンデ？メレンゲ？ワクワク♡
0	届いた(^_^) http://t.co/oLfuSXPO
0	新潟なうぅ♡
1	滑れてきて楽しいぃ(^_^) http://t.co/S9ucHY79
1	“@kanakomaan: こんなに楽しいなんて知らなかった（笑）(^_^)
0	“@harupiee: どうしたのよ？
0	千葉に帰ってきた。ずっと寝てたよありがとうございました。
0	あやちゃんと西船橋駅ではぐれて、電話でバイバイ（笑）地元一緒なのにこんな解散の仕方がうける（笑）
0	明日誰か付き合ってくんないかなぁ。原宿下北あたり。
-1	“@maki_472:お互い馬鹿？なんだよね（笑）そろそろ会う時期だね♡♡ってか、インフルになったの？(´･_･`)
0	“@maki_472: 確かにすぎ過ぎだ笑  Σ（ﾟдﾟlll）かなり辛いね。先生お大事に！！そして三月あお♡♡
-1	ケツが痛すぎて原宿に行く気力がないです。
0	RT @NHK_PR: AP通信によりますと、アメリカを代表する世界的な女性歌手、ホイットニー・ヒューストンさんが亡くなりました。48歳でした。ヒューストンさんの広報担当者が11日、明らかにしたということで、死因や死亡時の状況などは明らかになっていません。 http:// ...
1	凄いショックだ。ホイットニーの歌声が世界一だと思う。私を何度も何度も癒してくれてありがとう。
1	“@rcgsxie:小さい頃聞いても凄い印象に残ったよね（ ｉ _ ｉ ）♡♡
1	今日はラジオでホイットニーが沢山流れてます。いい音楽は永遠に自分の中で生き続けるよ。午後も頑張ろ！！
0	残業なしっ♡一番に退社♡♡
1	“@pimomo12: でも干し芋ってめっちゃ美味しい！！
0	タカシマヤでバレンタインのチョコみて帰ろう！私には関係ないからみるだけ。
0	今日はフェイシャル行って、明日は渋谷で買い物して、親戚が来て、結婚式って仕事がんばれるーっ♡
1	“@hosop_0523: いいなぁ(&gt;_&lt;)いきてー！皆と酒飲みてえ～い♡
-1	“@sappi1821: ねぇ、もうメガネとか、化粧ポーチとかもろもろ、馬鹿っ♡
0	ほしい鞄ないぃΣ（ﾟдﾟlll）@アメアパ
0	“@ayameeeeen7: @pinyanchuu ひとちゃんおめでとう！！金正日と一緒だよね(^_^)♡♡♡
0	結婚式なう http://t.co/IKG8INFr
1	“@pinyanchuu: めっちゃお洒落。
0	東京ゲートブリッジなうー♡
1	やっぱり焼肉が美味しいギョプサル。幸せでお疲れ。
1	良い写真がとれて嬉しい。出張カメラマンになりたい。
0	もう駄目だショボンだ仕事がしょぼんだ。やめたい、そんな勇気もないです。なみだだ。ただただ涙。
0	そろそろ現実逃避しないとハゲそう。
0	学生時代の部活は、怒られても、怪我しても、嫌われても、とにかく必死だったのにな、心のもちようか。私、ご無沙汰の、、克己心。
-1	ああ嫌だ、行きたくないよー。気持ち悪い
0	“@asanamakemono: 私も人生の夏休み入りたいぃ♡
0	来月からワークショップに参加する事にした。英語の、旅のやつ。サンクチュアリのやつ。
1	人見知りなので？今から緊張する（笑）新しい事をはじめる時、いつも私はドキドキです。
1	“@nico2na2c: 英会話みたいなの(^_^)旅に必要な英語を旅好きが集まって勉強するんだよ(^_^)♡
1	“@nico2na2c: なんか、旅って聞いただけで感心がわくよね！良かったら報告するね♡
0	バッティングセンターなう
0	バッティングセンターはつまんなかったけど、今日もまぁさんとあやちゃんはうけた（笑）本当なんなのこの二人は。 http://t.co/bypmN7zQ
0	“@sappi1821: 次回は里子も♡
1	おはようございます。夢で変質者に抱きつかれる夢みたよ。せめて夢なんだし、イケメンでもよくないですか((((；ﾟДﾟ)))))))夢ってそういうものでしょヽ(´o｀；
0	RT @NatGeo: Explore the bounty hidden beneath the Arabian Seas: http://t.co/c5MMuAXg
-1	ムカデ人間。そこらへんのホラーより怖かった。本当吐き気。口と肛門をくっつけるんだからね。みんなみてみて。
0	RT @kenichiromogi: じは（９）脳の可塑性に訴えるためには、何しろ、人生で初めてのことをやるのがいい。だんだんそれが難しくなってきても、それでも求め続けるのが人生の最大のポイント。挑戦し続けること。出会うこと。気付くこと。受け入れること。人生で初めてを求め ...
-1	東京マラソン応援にきたなう！
0	お酒のんでわちゃわちゃ～したいな
0	フェラーリが買える値段の機械でなんか、体内栄養をはかって貰ったよ。
-1	さむくて痛い。もう、度を超えた気持ちよさ♡
0	一人雪遊び@目黒
0	“@6machan9: ネゴシックス、。うけぴー（笑）
0	“@pinyanchuu: あたしは全然オッケーだと思う♡
1	銀座にある有名なイタリアンに予約のTELしたら一ヶ月先だった。でも楽しみがあっていいかも♡♡
0	“@pinyanchuu: おめでとう！しばらくゆっくり楽しめるね♡
0	うっしゃ♡頑張った！明日お休み♡ララポか原宿で春物ゲッチューしにいこうかな♡♡
0	ららぽにゃう
0	靴買って服かった。
0	いっぱい買えて満足だ♡ http://t.co/dfoHWb0J
0	“@kanamo19asa: がんばれー！七輪行きたいぃ♡
0	学生だったころ憧れていた先輩がいたのだけど、今朝、恋人との写真をみて何かショック（笑）あの頃の憧れは何処へいったのかなぁ♡
0	雨が降るのが楽しみです♡ http://t.co/V6qpt8YY
1	@miiisato0507 ソフトいいなぁ♥もっかいやりたい！
0	今日の帰りのBGMはOasis。なんか涙でそう（笑）全然でないけど♡
0	会社の方とフレンチ♡代官山っ♡
1	念願の代官山蔦屋。ここ凄いすき♡
1	あぁ美味しかった。幸せ♡ http://t.co/VldgXFpI
0	“@pinyanchuu: あやに借りれたんだね(^_^)♡♡
0	“@pami_kojipa: 笑ってごめん、うける♡笑
0	カラオケなーう♡
1	今日から旅英語を習いにいくよ、ワクワク♡はやく世界旅行したいなぁ。
0	駅であやちゃんに遭遇♡うれぴ～♡
1	ワークショップ、。た、楽しい！英語難しいけど、これからの為に頑張る！みんな色々な国行ってていいなぁ♡もっと話聞きたかったぁ(&gt;_&lt;)
1	“@nico2na2c: 今日は自己紹介とエアポートで使う旅英語を習ったよ。easyレベルだけど私には難しいぃ。旅が好きな人が多くて、あの国はよかった！アメリカだとこうだ！とか話しを聞けた！夏紀好きそう！！
0	ほぉーんと何も知らないんだね、ゆとりは。、。、。ごめんなさい。
-1	むっちゃ眠いよぉ（ ｉ _ ｉ ）
-1	気づいちゃった！仕事で怒られたり、嫌な事があった日の夢は、高校生でソフトボールをしてて、試合中、私だけ全然チームに貢献できてなかったり、先生にめっちゃ怒られたりする夢ばかりみます。
-1	今日の夢は、ノックで内野の皆はショーバンでとれるのを、私は一歩目が遅くて、ショーバンが合わなくてポロっとグローブから弾いてしまい怒られる夢。きっとトラウマだ
0	2時46分まであと数分。一生忘れてはいけない。自分にできることをこれからも。大きな愛をもってこれからも#みんなの思い
-1	ゆいと、ゆいの彼と焼肉～！はじめましてだけど、道端で三人で爆笑して大変（笑）
0	“@pinyanchuu: @yuki1107ema  えへへ♡ゆいぽん最後！
1	もう少し暖かくなったら、また東北に行ってボランティアしよう！出来る事探そう！
-1	英語って難しいなぁ。頭の弱い自分なりにめげずに頑張ったと思う。明日四時半おきだよ。お風呂はいってねなきゃー(&gt;_&lt;)
-1	あぁいつもより二十分も遅い電車にのってる～（ ｉ _ ｉ ）レッドブル買う時間あるかどうか。メイクもしてないよー。
0	千駄ヶ谷グットモーニングカフェなう！
0	今日もワークショップ頑張るぞ～！
1	今日もすっごい楽しかった！！年齢も性別も違う色んな人のはなしを聞くのが楽しい！！だけど、同じ様な想いがある人達だから居心地がいい。皆さんともっと仲良くなりたい！来週もいっぱい質問して学んで頑張ろ(^_^)
0	いつも行ってるサロンにお金がなくて行けないので、地元の美容室へいってきます。イオンへ（笑）
0	今夜は手巻きずしパーティに参加！
-1	夢が 沢山ありすぎて、た、大変だぁ！！
0	“@nico2na2c: ゆきもなつに外国の事色々聞きたい！まーちゃんのダンスの時に♡♡♡
0	ELLE girl ゲットだ♡♡
1	ともだちのダンスパーティー♡バーがクラブな感じになって沢山友達に会えて楽しかったぁ！しかし、もう帰るよ～ん。ありがと～まぁちゃんとお友達のみんな♡ http://t.co/bOgJBnOH
1	一日中、携帯忘れて持ってなかったんだけど、なんかとても良い一日を過ごせました♡
1	@rcgsxie おめでとう～♡♡これからも可愛いりえちゃんで♡
1	RT @kenichiromogi: たとえば、大学を出て、２、３年海外を見てきて、就職したいという人に対して、「うちは新卒一括採用か、経験者の中途採用しかしていませんから」と平気で言える企業の担当者は、いったい何を考えているのか？　それを不公正と感じないんだとしたら、よ ...
0	私の夢の為には、一ヶ月13万円の貯金が必要だと、先輩が計算してくれた！！！13万、。無理だ(&gt;_&lt;)でも絶対叶えたいし、実行したい。どうしよう～(&gt;_&lt;)！！
0	ありのままの私を愛してくれるパートナーがみつかるとは到底思えない。でも、世の中カップルだらけだし、私も結婚できるのかな？
-1	というのも、職業柄、色々お菓子作るんだけど、特に食べてくれる人がいない寂しさから思ったわけです。
0	“@sappi1821: いっぱい食べておくんなまし♡
0	“@pinyanchuu: 今度会える時なあげましね♡
1	電車に座ってウトウトしてたら、隣のサラリーマンに手を優しく握られたんだけど、、。これは握手って事でいいのか？新種のセクハラ？何だかとってもきもち悪くて目が覚めました。どっちなのよ。モヤモヤ。
0	フェイスブックとの連動をとりけしたんだけどできているかな？
1	“@shoooko_98: よかった(^_^)あり♡
0	夕方、品川へ行くのが今から心底だるいっちゃ。今日は、大好きなあの子の誕生日♥おめでとうメールを送らなくっちゃ♥
0	品川から白金台まで歩いてみよう
0	蕁麻疹なうorz
0	TSUTAYAでDVD借りーの、隣の人はスケボーて行くとかいって持って歩いてるだけ（笑）
0	今日は初めて三茶にいたよ。でも、もう帰るぅ～
0	@TgrkRyu ファイッ！
0	@mpi_ta 多分自意識過剰だよそれは♡
0	トルコに行きたすぎてトルコ料理屋なう。
0	@sappi1821 “@nico2na2c: @yuki1107ema めっちゃ行きたいよね！気球にのりたひ♡
-1	あっちゃんAKB引退するんだ！Σ（ﾟдﾟlll）AKBのファンじゃないけどびっくし。
0	“@hosop_0523: ファイトー！
0	ひまだ。渋谷で買い物してから帰ろう♡
0	ドバイの人をセンター街から、東急プラザのダイソーに連れてってあげたなう。教わった英語が少し話せた、っしゃ(^_^)
0	今からディズニーシーに行くんだよ♡
0	夢の国でも蕁麻疹なう（笑）今から今日は初のアトラクションだぁ。こえぇ（ ｉ _ ｉ ）
0	“@nico2na2c: あやちゃん萌え～♡
1	“@harupiee: どうして～(&gt;_&lt;)大丈夫？仕事中に？
1	TravelEnglishすっごい楽しかったです。明日も5時起きなのに終電だよ～寝過ごせない恐怖はやく地元に着いて。
1	やばい（ ｉ _ ｉ ）終電寝過ごした(&gt;_&lt;)西船橋だよ、タクシーで帰ればいいのか。あぁ（ ｉ _ ｉ ）
0	タクシー超並んでるし（ ｉ _ ｉ ）
0	二時間半しか寝てぬ。やべぇぞ（ ｉ _ ｉ ）これは、本当にやべーぞ。
0	RT @UNICEFinJapan: 「15歳の時にレイプされた彼女。その事実を周囲に打ち明けると、アミナさんは、その加害者と結婚させられてしまったのです。そして、結婚から5ヵ月。繰り返された暴力に耐えかねたアミナさんは、殺鼠剤を飲んで自殺しました。」モロッコから htt ...
0	お疲れ様ですまた最寄駅乗り過ごしたよ。トホホ。
0	三日連続寝過ごしたトホホ
0	病院行ったら8000円もかかったよ(&gt;_&lt;)最悪だわ。オープニングセレモニーの鞄あと2000円出せば買えたし。久しぶりにムカついたよ。むかついたから買っちゃおうかな。(笑)
0	ハクナマタタ♡
0	でかける～ポカポカ～カービィになりたぁい。
1	素敵なカフェで休憩だぽよ http://t.co/uI8ktaBH
1	美味♡ http://t.co/rzXTLnWz
1	隅田川で桜とスカイツリーみながら、ビール飲んで浅草の仲見世通りで買ったあげ饅頭と、メンチカツたべてる、そんな午後。幸せってこれだ。桜が綺麗だ。日本人って桜にウキウキしてとってもいい感じ！ http://t.co/o4pMYMgA
-1	とっても焼肉食べにいきたい。しかし、今日はひとりぼっちだし、家でパスタかな(´･_･`)パスタさえ作るのが億劫。
0	“@6machan9: @yuki1107ema 私もよ。禁断症状だよ。りあるに七輪ガールズでいこ～
1	“@6machan9: @kae9679 @yuki1107ema 牛太郎がいい！絶対牛太郎がいい（笑）みんないつが空いてるのぉ？
0	“@akanen115: @yuki1107ema @6machan9 @kae9679 @mpi_ta @ykskxxx30 @asanamakemono  今日バイト入ってる子？♡
0	代々木公園でお花見する～♡会社で作ったお菓子持ってくよ～。100人もくるって本当かなぁ（笑）
0	“@6machan9: 前の方にローラがいるね！
1	“@pinyanchuu: 美味しそう
0	今日は銀座でディナーなのだ。イタリアン！
0	六義園でしだれ桜をみてるなう。今から原宿ショッピン！
0	“@kae9679: @yuki1107ema 休み～(^_^)お！え、夕方かよ（笑）！！ お♡やるやる～やろ～(^_^)♡日にちがわかれば余裕で休めるのだ！日にち決めてー♡
0	九段下で桜みておしまいだ！
0	日本橋に寄ってチョット買い物しよ♡っと思ったらトリートメントを三個も買っちゃったよ。とぅるとぅるとぅる～ん。
0	RT @UNICEFinJapan: 日本時間本日午後5時30分過ぎ、インドネシア・スマトラ島沖で、マグニチュード8.7の地震が発生とのこと。ユニセフからの情報があり次第、続報をお伝えします。こちらはYOMURI ONLINEの記事です。　http://t.co/6eeTSxtB
0	スマトラで大地震？！どうなってるのかな(&gt;_&lt;)
0	夢に向かって頑張る友人をみると刺激をもらう。私もがんばる力に！夢ってキラキラーン*･゜ﾟ･*:.｡..｡.:*･'(*ﾟ▽ﾟ*)'･*:.｡. .｡.:*･゜ﾟ･*
0	夏に2日有給をとって自分の公休と合わせて5日間休みたいと相談したら、結果出してから。それかせめて来年まで我慢と言われた。なんだそりゃ、なんなんだそりゃ。うちの会社夏休みとかないんだよね。夏って仕事に余裕あるんだよね。
-1	社会はこのような感じなのか。なんで自分たちでつまらない人生にするのかい。3年間ココで頑張ろうと思ったけど、ダメだ、旅行に行けないならもうダメだ。本当にダメだ。今年の夏も海外に行けないなんて生きる意味あるのか。とか言い過ぎか（笑）
-1	とっても悲しい泣く。
0	@TgrkRyu 太郎君とこ、ちゃんとしてる企業なのにないんだ！日にちずらしてもなし？
1	“@kae9679: ありがと～♡会社やめたら元気でるかな(^_^)行徳！帰宅中！
-1	“@pinyanchuu: @yuki1107ema  うんうん(&gt;_&lt;)！何のために頑張ってるんだろう？となってしまうよね。働くって大変だね、ひーちゃん。
0	“@kae9679: おー( ´ ▽ ` )ﾉ明日仕事だけど会いたいから会いに行く♡♡どこで何時からの予定？
0	“@kae9679: わかった(^_^)9時ごろいくとおもう！あ、地震だ！
0	@mpi_ta 楓の言うとおり！頑張れ♡
1	お父さんが、ずっとルンバのこと見守ってる。先週もずっと見てた。ルンバの意味があるのかな、自分で掃除機かけた方が早いと思うよ。ってことは言わないでおこう。
1	@TgrkRyu 中学生って気楽でいいよねぇ
0	今から映画@渋谷
0	アメアパに行ったら写真撮られたんだけど、すっぴんだしデブだし最悪。スマイル～！って言われたんだけど、さっき全身鏡で自分のきもさ確認したばかりだから全く笑えず。な休日。
0	“@nrk7272: (^_^)
0	この間のチカンサラリーマンがまたいる（笑）相変わらず、なんか顔がもう、いっちゃってるよ～う（笑）
0	今から神宮球場いくよ～もう始まってる～今シーズン初だよ楽しみ～
0	はじめましての人に野球のチケット買ってもらって、焼肉おごってもらったなう！ご馳走様ぁ～家に帰ろうかなぁ～
1	“@harupiee: とってもラッキーだった！ってかいまはるにものすごく会いたい気分だ
-1	大寝坊だ。急遽町田に電車で向かっている、今日はキャンプボランティアのトレーニング？！とりあえずキャンプ！眠い！
1	はじめてのキャンプ！雨で出来なかったけど、あらたな出会いがあり、色んな方と触れ合えて楽しかった。最近初めまして～の人が本当多いなぁ。
0	今からレーザーでしみをとります。
0	“@yamaharu0929: おばかさん♡
-1	レーザーあまり痛くなかったけど、数分後の今かなり痛いです。
1	朝から気合い入る文章を読んだ！自分の道を自分で切り開き、挑戦してる、強いなぁ～、！本当に知り合いや友人のパワーに刺激されて頑張れる。
1	つい最近、ここいった。渋谷のなんだっけ。誕生日にいったところ大妻生が懐かしい http://t.co/9zukyNZj
0	鼻水がGREEEEEEEEEEEN。なので会社休みたい。今日もケーキと戦います。さぁレッドブルだ
0	“@harupiee: 今週やたら長いよね、本当に長いよね(&gt;_&lt;)
0	日本で買うよりお得だから通販でウェルダのオイル買ったのだ。 http://t.co/fMaiCsPj
0	“@maki_472: ファイッ！
0	“@maki_472: 本当に遊ぼうよ！そろそろ遊んでよ(&gt;_&lt;)
0	この長らく出続けている蕁麻疹はストレスだ、仕事の。病院にも行ってアレルギー検査中だけど、原因はストレスだ。ストレスだストレスだ。
0	“@maki_472: うっしゃ～い！土日がやすみだっけ？
0	既にもうぶっ倒れそうです。鎌倉なうです今から七里ヶ浜♡
0	鎌倉小町通りでビールとソーセージ、それにジェラートを食べて帰宅です。ビールとソーセージのタッグ。！！！
1	今日ははじめましてのお二人と、一度お会いした私の先輩のお友達の方に遊んで貰った。かなり異色でした。エイドリアンはオーストラリアからの旅行で。日本を楽しんでね。
1	今ひとりでクラブ並んでる。混みすぎてる、早く合流したい後ろのチャラ男が恐怖。
1	汗だく。すっごい盛り上がっても、切り替えて帰る自分、真面目か（笑） http://t.co/RkG2f59x
0	今日は銀座へ♡
0	キタナシュランなうo(^▽^)o
1	七輪メンバーとBBQして今からライブです。楽しい
1	@mpi_ta @kae9679 昨日片付けありがとo(^▽^)o完全に楓のベッドじゃなくなってましたね（笑）
0	ゴキゲンウィーク完全にはしゃぎすぎて体調悪しです。別に休みじゃなかったのに配分ミス。また一週間頑張ろう～！
0	にゃは http://t.co/5CYnX6Wh
0	にゃは2 http://t.co/fvB7sRcn
0	目黒で飲んで、トトロをプレゼンして貰ってきたくです。眠い、人からのメールには返信せずTwitterは更新するのはきっとよくないですね。寝る！
0	“@harupiee: トトロになりたい。
0	@miiisato0507 高校生の時ヘアアイロンしたことあるよ（笑）
0	@p172u やったねo(^▽^)oまた仕事頑張ろう～！
1	本当楽しいよ、今月もサンクチュアリ出版。須田誠、加藤ジョッシュメンバー旅に写真に最高だ。自分の好きなこと、好きな人達と。これが一番だ。
1	終電からの四時半おき。ゲロ吐きそうです。今日も明るくがんばりましょう
1	今日は良い天気だ
1	“@pichico623: @p172u ゆきも金縛り、めっちゃ精神的に疲れてる時にきたことある！TVでみたけど、金縛りにあったら綺麗な自然の景色を思い浮かべるといいんだって！
0	またも道に迷ってる外人さんを助けてあげられなかったヽ(；▽；)ノ
0	今日も代々木公園へ(๑╹ω╹๑ )Another  Sky Tokyo ピクニック！楽しみ、けど毎度はじめましての方は緊張、ドキ。
0	先輩のお料理教室のスタッフ終了！歩いていけるとこまで歩こう～o(^▽^)o今はここどこかな、日比谷通り。
0	快速にのってる事に気づかず、3個先の駅に到着。戻る電車に乗ったら次は、寝ちゃって2こ先の駅に到着。三度目！次こそ行徳へ！
0	結局私は三田駅から日本橋まで歩いた。銀座によって服ゲットだ。マックの口紅もついでに
1	嬉しいことが昨日あって今も嬉しい。夏よはよこい。カモンキャモン。
0	“@6machan9: @nico2na2c ふたりともがんばれ
1	アルバイト先の、兄貴的存在と姉貴的存在だった大好きな二人が結婚♡おめでとう。本当嬉しいよぉ。昨日は仕事嫌なことあったけど、吹っ飛んだo(^▽^)o
0	これからにこたまでオープニングパーリーがあるよ
0	“@sappi1821: ねぇそろそろ遊ぼうや
0	“@sappi1821: ねぇ。その前に今どこで暮らして何をしているの？
0	“@harupiee: 同感！
-1	素敵だなぁと思う人がいる。けど、その人は多分私の事が嫌いだと思う。このパッパラパーな頭悪そうなとこが無理だわコイツとおもっているとおもう涙。涙。涙。
0	なんか、よくわかんないけど、いつのまにか、パッパラパーな人みたいになってる。なぜ？？
0	これから、旅祭こと旅フェス！とっても楽しみだぁ～ぎゃぁぁぁあ
1	旅祭り楽しかったけど、頭痛というおち。楽しいイベントあるといつも頭痛
0	新しくかった靴をはいてるから、ゴキゲン！超いけてるわあ
-1	水色より青い空がすき！自分の部屋からみた空 。電線が邪魔だなぁ。もっと大人になったら地平線がみえるところに住むのが夢だ http://t.co/nps4hAFN
1	今日はカメラマンします。可愛いこ見つけてお願い撮らせてね。やばい、遅刻だ
0	写真の授業中？なのにエックスガールで欲しかった服が奇跡的にあったのでゲットしたおー♡♡♡
-1	終電逃して満喫入ったら爆睡しちゃって、延長料金が1400円かかった泣。5時間で1500円なのに延長料金って恐ろしいんだな
1	叫びたい。ガオー！ガオー！むかつくじぶんに！プン！自分のことが大好きになるセミナーがあれば即参加
1	17時ぴったり一番に退社！上司に今日早いね！デート？と聞かれ思わず、ハイ！デートです♡と答えたけど、実はとくに予定もなく、ただ家に帰るだけの21歳、梅雨。
0	レバ刺しがなくなるなんて聞いてないよー！！！((((；ﾟДﾟ)))))))
0	父の日のプレゼント選びは即効済ませて、新宿ホルモンなうなのだぁ
1	“@kasuminn02: 美味しかったぁ！レバテキ！だけど、胃もたれだあ（笑）
0	今週毎日ひものおんな！綾瀬はるかのレベルをこした干物女なのだ反省だ。今日も仕事だぁ（泣）でも、明日はお休みだぁ♡♡
1	“@maki_472: @sappi1821 @yuki1107ema  いいなぁ先月ゆきも七里ヶ浜いったよぉー！りあるにみんなで遊ぼうよー！ってかまだだけど、エリカ様のへルタースケルターみにいかない？
-1	今日の空はグレーで暗いけど、私の空はいつだって青空なのだ。 http://t.co/ztTxBOjD
0	“@sappi1821: @maki_472 @yuki1107ema 蜷川実花が監督って絶対やばいし、エリカ様超セクシーらしいよ♡ってか、ぶちょ～♡のやつと鎌倉どうだった？私も月曜日一人映画してみよっかな
1	銚子に行って海をみた。くもりだったけど、海をみれただけで、気分がとってもいいかんじです。
0	社会人になって何回病院に行くんだわたし（笑）
1	ボディーボードやってる方、詳しい方を知っている方いませんか？毎年やりたいって言ってるんですけど、今年こそ、今年こそはやりたいのです（笑）
0	“@6machan9: めっちゃみたいよそれ！
0	めろんジュースを飲んでしあわへえ♡
1	“@momongapapa: こんばんは！20年も！ベテランですね！ご親切にありがとうございます(^^)
-1	ちょっと前に前髪短いの似合ってないよ、伸ばした方がいいよ。と言われ、伸ばしてるんだけど、この間、前髪長いの変じゃん？と言われた、複雑。
-1	いきなり、うぜぇんだよって言われてえ？すみません(T_T)って言ったら、お前じゃねぇよ！と言われたことも複雑（笑）
1	久々の病んでないツイートだ（笑）かすみといるとテンション上がる～♡かすみは素敵なダーリンがいて羨ましい～♡“@kasuminn02: ゆきとちょー久々にあった(^ ^) ちょー最高ね、 好きなことやりたいこといっぱいしてて本当素敵♪気持ち悪いくらい、テンション高かったわ！笑
0	“@sho23ko: 私も！マリエおしゃれ♡
0	もおー！今日とってもムカ！帰って即効ビールをぐびぐび。父もびっくり、お酒飲んで忘れればオッケー♡明日は休みだもん♡♡♡
0	“@sappi1821: @yuki1107ema にゃん！
0	@pimomo12 そだよー♡かすみ彼氏いる♡もももご飯いこうよー♡
0	@nico2na2c でた、炙りや♡今日いけん（泣）レバ刺しなくなっちゃうね(Ｔ＿Ｔ)たべたーい（泣）
0	@nico2na2c もう食べれなくなると思うと涙が。今月中にまたひまな時あったらレバ刺しいこ♡
1	仕事を楽しんでる人が羨ましい。一日の3/1以上の時間、私はこんな気持ちなんだ。仕事はあくまで仕事と我慢すればいいのか。それともやりたい事、楽しい事をやるのか、なんて私にはわからないよう。本当はわかってる気がするけどね、わかんないふりをして生きているのだ。
0	大人になって大人って大変だし、凄いと思ったし、これ以上、私は大人になりたくないと思った。成長したいけど、大人になるのはいやなのだ。でも、人として成長したい。それが大人ってこと？うおー！って感じです。
1	大好きなあやちゃんと地元でご飯♡いぇいいぇいでした♡
1	@nico2na2c あやちゃん、自分が変わってる事に今更気づいたんだって（笑）かわいい♡♡
0	今日お休み！明日だったんだけど、今日になったから品川行って写真展見てこようかな～
0	50枚の写真みるのに一時間半かかった。頭と心がぽぽぽーん！渋谷いこ
1	@rcgsxie 私もその映画みて、いつか行こうと思ったよー！！アマンダ可愛いすぎてもぉ～たまらんっ♡
0	電車の網棚にさっき買ったケーキ忘れてしまいました。なう。
0	頭の中がごちゃごちゃすぎて、とりあえず、お茶のんで整理してから帰ろう。スタバの中でチャイティーラテが一番すき～♡♡
0	@pimomo12 次のも♡
0	こんな腕じゃぁ、お嫁に行けないよぉー。しゅん(´･_･`)涙
1	@pimomo12 いつにする～？土曜の夜がいいな♡
0	“@harupiee: はや！お疲れさまね！疲れがおなら負けないんだから♡こないだ27歳と言われたんだから♡
-1	家族と最後のレバ刺しをたべにきたんだけど、アルコール二杯飲んだんだけど、最近お酒弱くて、たった二杯で酔っ払って今にもニヤニヤしそうなんだけど、父と母の前でニヤニヤするのは、恥ずかしいから、平常心を装うのに大変。にひひひひひひひ♡きゃぴー♡です。
0	“@sappi1821: @yuki1107emaニヤニヤニヤニヤニヤニヤニヤニヤ♡
-1	“@sappi1821: @maki_472 @yuki1107ema ニヤニヤニヤニヤニヤニヤ気持ち悪いニヤニヤニヤニヤさんにんニヤニヤ♡
-1	“@maki_472: @sappi1821 人が頭痛で苦しみニヤニヤしながら倒れてる頃、結局ゆきだけが気持ち悪いことになっとるやないかー！プンプン♡しかも、あんたら2人ガリガリやろー！いつの土曜日にするごらぁーい♡♡
0	“@Ryuki_bass: @yuki1107ema ん？ちょっと待った！一夜あけた今、前田さんには言われたくない事に気づいた♡ニヤニヤニヤニヤ。
0	“@sappi1821: @maki_472 @yuki1107ema それが起きてるんだな＼(^o^)／キラーン！
0	“@sappi1821: @maki_472 @yuki1107ema仕事後 オッケー！！やっと集まれる（笑）どこのみ？
1	“@maki_472: @yuki1107ema @sappi1821  たしかし。まとめる人いなすぎて（笑）いいよー♡7時以降きぼんぬ
0	“@sappi1821: @yuki1107ema @maki_472 今回あっさり決まったいぇーい♡
0	@pimomo12 ももー！みたま祭りいこうよー♡13〜16だよー♡
0	女子力のない私が女子力をあげるべく、一万五千円相当の女子グッズを買ったぞ。これで女子になります、がんばります。
0	あたし、来月気球に乗れるらしい
0	@pimomo12 15は予定ある～(&gt;_&lt;)？
1	@TgrkRyu  えっ？！かつらこ？居酒屋にかつらこいるの？私も会いたい～かつらこ大好きで大好きでたまらないーっ(&gt;_&lt;)♡♡
0	“@kasuminn02: おめでとお♡
1	@TgrkRyu いいなぁ！どこの居酒屋なのー？かつらこが教えてくれたwe are the world歌いたいー
0	“@maki_472: ちょっと見たよ、同じく泣ける。アンビリバボー涙。
0	今から名古屋への夜行バスに乗る～ディズニーまで送ってくれた香菜子ありがとぉ～♡
0	名古屋にきたからにはモーニング♡ http://t.co/xiv8s9sb
1	もうすぐ出発だ、無事に上海でトランジットできますように。カンボジアで宿に泊まれますように。前日にゲストハウスの予約メールをしたから、返事がこない。涙
0	日本帰ってきたよー！最後の最後トランジット失敗して乗れなくて泣いた、名古屋からバス予約してたのに間に合わなくて泣いた。新幹線で帰ろうっと
1	他にも泣きたい事が盛り沢山（笑）こんな旅ないだろー！な事がてんこ盛りだけど、ネタとしては満点（笑）自分らしいです。
0	SONYショップなうー涙
0	“@harupiee: @yuki1107ema カメラがぽんってなってシュッてなった（笑）ひまわりまでには治したいから、修理～！
1	褒められたり、普段言わない人からありがとうを言われるだけで、嬉しい、、ガリガリ君が当たった(^ ^)私もみんなのこといっぱい褒めたいです。 http://t.co/7dcvSxDM
0	“@maki_472: またもや、アンビリバボー！(^ ^)
0	朝一でリムコード@原宿
0	みたま祭りなうー♡ http://t.co/9FzqjyCy
0	すっごい綺麗な夕日、まん丸の燃えるような、息も出来なくなるようなやつを見に行くたびに出たいなぁ。いつも見る夕日はいつも必ず何処かに電信柱もあって、なんか後味悪いのだ、あぁみたいなぁ♡
0	ニコニコした覚えがないのにニコニコしてるってどうなってるんだろうっ？
1	すっごいタイプの人が通ったカッコよかった
0	今からレイトショー♡
0	明日休みだぁ♡♡久しぶりに夜更かしできるっ♡
1	すぐに、どっか行きたくなっちゃう～。でも東京もいい！楽しい！ http://t.co/77D28poY
-1	仕事一週間終わったぁ！珍しく上司に褒められて逆に恐いよー♡久しぶりに千葉方面へ飲みにいくよー。
1	“@u_720: かわいい！
0	今から原宿で和食なのだ～♡楽しみ♡うふふ♡
0	行きたかった和食が閉店してた（笑）ので、南青山の和食まできた
0	“@6machan9: まぁちゃんディズニーに住んでるの？いつもディズニーにいるでしょ！
0	“@aaachanx_x: 胸キュン♡♡
0	カメラの修理代もろもろで給料の約３／１が持ってかれた。涙 給料日、明日なのに既にピンチ。アンコールワットでつまづいた自分をしばらく恨みます。涙
1	ファンキーモンキーベイビーズ？がTVにでてて、それを聞いてたのに、ケツメイシって偉大だねって結論になった。
1	なんかトトロってかっこいいって事に気づいた。ホレボレ♡♡ http://t.co/g1I3WZ7f
0	頭おかしい人とか、変人ってかなり魅力があるの、中目黒にいた6人は相当頭おかしいと思うのー本名、年齢、仕事、どれもよくわからないけどねー♡ゆきは口があんぐりです（笑）
0	“@sappi1821: 酔ってぬーん♡へルタースケルターいこーよー♡
0	帰るのに暇だからブログでもかこうかな
0	“@sappi1821: うへへん♡来週の火曜は？(^ ^)
0	またまたまたまた電車寝過ごした。プンプン。
0	10時までにDVD返しにいかなきゃ、まだみてない（泣）悲しいからスケボーで行って陽気な気分になる作戦を決行しちゃおうかな♡ http://t.co/Au9j0ODX
1	珍しく眠れない理由。その一、女の子は何かと見た目なんでしょ(´･_･`)？可愛い子は必ず得をする。その二、寝ちゃったらすぐ朝が来て仕事の時間。 今夜はどうでもいい事に心が荒んでる(^ ^)
0	“@sappi1821:がビョン！
0	明日私、会社休みだった。ピクニックでもしようかな。緑のとこでごろん♪てしようかな。
0	スニーカー七足洗ったらパワーがなくなった～。
1	自分が作ったケーキを美味しいと言って貰えて本当に嬉しい。なんで、この仕事してるんだろって思う時もあるけど、、嬉しいな。
0	@nico2na2c わお！
1	世の中可愛い女の子ばっかりで困るなぁ(Ｔ＿Ｔ)私はきっと縄文時代とかがぴったり！でも、平成に生まれたのだから、もう少し女を頑張れ、私。
0	あと、半分頑張れば今日はナイトコード♡ドレスコードはボーダーなのだ。
1	“@ogaaaaawa: いぇいいぇい♡
1	多分一瞬いけたらいくぜ♡さけー！あ、違う打ち間違え、さえー！私も嬉しいなぁ♡♡“@ogaaaaawa: @yuki1107ema 今日福元さんもくるんですかー？！お久しぶりすぎる！うれしーーー！♡♡”
0	いまとっても焼肉食べたい気分！でも、花火大会！三脚立てて花火撮るぞー(⌒▽⌒)
1	めっちゃ海でした！今年も来れて幸せぇ☆そして明日、私に付き合ってくれる人を探しています～。 http://t.co/WRinsilr
0	“@harupiee: やりたい！カービィ♡
0	今日は一日ぽわーんとしててすみません。昼過ぎの意識がないのです。カラーしにいって明日からまた頑張ります！シャキーン♡
-1	カメラの清掃を品川のSONYに頼み、取に行ったら、17時半までで、着いたの17時39分。体調悪い中仕事終わってダッシュで行ったのに。ネットには18時って書いてあったのに。もうヽ(；▽；)ノ週末使いたいのに大ピンチ。涙。 しかも、もう、駄目だ。体調悪すぎ。もう、もう、もー ！
0	今週は自分の駄目なところばっかり、気になる。全然自分に期待出来る自分になれてない。まだまだまだまだまだまだまだだ。
0	@mpi_ta おめでとお＼(^o^)／
0	明日気球に乗れますよおに♡
0	気球なうー♡ http://t.co/DtShZkue
0	向日葵畑なうー♡超ひまわり！！ http://t.co/34WWlW02
1	@shoooko_98 凄い自然が綺麗よぉ山梨だよ！はるかの実家♡
1	@p172u いいな（＾∇＾）
0	@13_hide ありがとうございます。とっても綺麗でした（＾∇＾）
1	@aaachanx_x 可愛いからよし！（＾∇＾）
1	歌が上手い人が羨ましいな気持ちいいだろうなぁ BGM Sara Bareilles King of Anything ～♪
-1	一人で食べる夜ご飯ってさみしいなぁ。
-1	一人で食べる昼ごはんってさみしいなぁ。
0	家族のお土産に西瓜と梨と桃を買って、自転車で帰る途中、転んでしまい、梨と桃が落ちてぐちゃってコロコロ～ってなってる間に西瓜がゴんって音がして、すっぱっと西瓜割り状態、なにこれ。自分で言うのもなんだけど、本当サザエさんみたいで泣けるぅ
-1	もおね、身体中が痛い。涙 痛すぎる。 メールの返信がないと、すぐしゅん(´･_･`)ってなるのに、人のメールは返事しないというスーパージャイアンだから、罰が当たったんだね、きっと。反省。
-1	危ない、ラプンツェルグッズ買いそうになっちゃった、
-1	高校生のときの監督と電話した。あぁ怖い、怖かったぁ。緊張。あぁ永遠に怖い。舌打ちしてうぜー死ねなんて言ってた自分も怖いです。
-1	わぁ～寝坊したぁー乗り換えの時間に起きたー三分で家でたー歯磨きしたいー。いつも無駄に早いから、ギリギリ間に合うかなぁ。大魔王、ここ数日、いじわるだなぁもう、プン。
1	早く沖縄いってゴロニャーってして、ざっぷん、きゃはー、うるうるってしたい。お仕事頑張りましょう！！！
1	昨晩、父から明日も仕事か？何時に帰ると言われ、7時かなぁ。と返事したら、温泉行くか。の一言。多分、心身共に疲れきってるのを知っててのこの一言。偉大だー。小さい頃から、あまり仲良く話したり甘えたりした事はなかったけれど、ずっと、一番尊敬してる人。うん、要は、温泉なう☆
0	サマソニー http://t.co/gYtkDbgb
0	@nico2na2c なにみてるー？(^_^)
1	今日最高に楽しかったーもう、最高しかないし踊り疲れた。明日からまた切り替えて頑張ろ、ハムハー！
0	“@6machan9: くにえ最高！
0	駄目だ、待ち合わせの合間にふらっと服を見たら最後。x-girlのTシャツ。残像がやばい。
-1	あ、もう、朝、自転車で駅まできたのに、家に歩いて帰ってきちゃった。取りに戻るぅ、考え事って恐ろしい。
0	@kasuminn02 がんばれかすみ！
0	あたしいま泡盛飲んでるらしい。とっても変人と飲んでるらしーい。
0	“@sappi1821: @yuki1107ema 水割りらしいけど、帰宅中になってへにょん、へにょんだよ。
1	はは。鍵ない。尚美ごめんね、あけてください。ドアあけてください。怒らないで、どこかにあるからきっと大丈夫
-1	瞳が濁ってるし、疑い深いし、人を信用しない割に自分の事も信じてあげない
-1	それって悲しい。
1	二ヶ月前、好きな人がいたはずなのに、すぐどうでもよくなり、あ、勘違いだったのかもとなり、何が好きだったのかもわからなくなっちゃう。これって大丈夫？！
1	大好きな友達に炊飯器をあげることになってて、福元家にお礼にって、仕事終わりに地元で有名のカプリスにわざわざ電話して、急いで、モンブランを買いにってくれたんだって。かわいいなまったく♡
0	沖縄の航空券買っちゃったー♡まっててね。海！まだまだ夏だー！！
1	海の流れる音を聞いて、海風を感じてごろん♡、星がよく見えて、夜景もピカピカ。最高に気持ちがいい。明日もがんばろう
0	もう多分今日だめだ。はじまってないけど、駄目だ。会社行きたくない、どっか行っちゃいたい～涙涙涙。
0	一度に沢山の事ができないよ。パンク、、ドッカン
0	いつもゆきに怒りをぶつけてくるんだ。私はこの雰囲気が大嫌い♡思った事はいってくれればいいのに。ストレスなんだ。あとはんぶん我慢大会♡
-1	変なオッサンがたまに、電車の中でビール飲んでるけど、その気持ちがわかってしまった。
0	かえりにセブンよって、ビール買っちゃいそうだったけど、理性を保ちスミノフにした。お疲れ様じぶん
0	“@harupiee:そうなのー！だったらもっとおくれやすーなんだけどな♡♡笑
0	“@kasuminn02: なにするのー（＾∇＾）？
1	@yukxxxa30 ちょ(´･_･`)大丈夫？
1	@kasuminn02 わぁ♡愛を感じる！かすみがお弁当をつくるなんて（笑）喜んでくれるといいね（＾＿＾）☆
-1	こころがすっごい痛い。痛い。
0	@p172u ひーちゃんヽ(；▽；)ノ
-1	辛いのは自分だけじゃないのだ。がんばんなきゃ、
0	よし、明日からは、会社と上司のわるぐちを言わない。ずっと我慢出来たのに、一回言うと止まらなくて、ベラベラベラ滝のように流れるの。自分がどんどん嫌な奴になってしまうよ～
0	@TgrkRyu とっても大変。こんなおもいするなら、子供のままでよかったのになぁ（笑）ふむふみ寡黙かぁ～あなたらしいです。お互いがんばろうね！
0	ヒトリボッチナイト！とりあえず渋谷。そした、スケボーかう
0	新しいスケボーを購入したー♡今夜は一人で寂しいので、この子を抱いて寝る。名前はステイシージュニア略してSJと言うことで♡
1	ハッピーなところへ http://t.co/DsRDcEdX
-1	去年、Blogに自分の考え、相手に対して思ってる事、伝えたいことを、3割も伝える事が出来てないと書いた気がするがやっぱりそれが難しく出来ません。
0	ねむ
1	@yukxxxa30 ゆかはオールかな？ありがとお。幸せな気持ちを貰った事だしがんばるね
1	本当こどもみたいで可愛い（笑）なんか大人もこども！心にむだなフィルターがかかってないのかなー。私はいつからかフィルターがかかりはじめてる～（笑）
0	今日はマイケルジャクソンの誕生日なのでMichaelTシャツで出勤♡BGMはジャクソンファイブ♡、さ、帰ろう～と♡ http://t.co/VkOgyeyK
1	@p172u しらないこだけど、とってもいい笑顔！！！
0	あかわいんでへにょんだわ、本当へにょん。スケボのれないにょん
1	@ai149 @p172u ひゅーひゅー♡あいあんー♡元気なのぉ～？帰ってくるならゆきにも教えてね♡絶対ね♡
0	にゃにゃにゃーにゃにゃ。
0	色々時間の使い方を考えた結果、遊びながら駅作戦。朝からすっ飛んだ http://t.co/FD1fBj3r
1	I Just Can't Stop Loving You これ聞くと、魂が遠くへ、ぽわわわんってなるのに、すっごいドキドキしてしまう。何て歌ってるか、全くわからないけど、きっと素敵なラブソング。 http://t.co/uwdbxXqM
0	昨日気づいたの。もしかしたらあの頃、本当に私を愛してくれてたのかな。まぁ恋愛は苦手だからいいや。
1	昨日久しぶりに会った友達、昔と変わらない、すっごいおかしな、でも気持ちがいいほどの笑い方とスマイル。なんか、嬉しかったぁ。毎日一緒に過ごしてたんだもん。
0	仕事終わって甲府に向かっとる。
1	@maki_472 予約とれない(&gt;_&lt;)こないだ、みんな来てくれたときに教えて貰ったところがあるんだけど、そこでもいい～？
0	@maki_472 おりえんたるほてる、新浦安の美浜？っでもところ
0	@sappi1821 @maki_472 あ、書いちゃったよ、さっちゃん～（＾＿＾）☆
0	@sappi1821 @maki_472 うきゃ♡
1	@sappi1821 @maki_472 のんでんの～？（＾＿＾）☆ よしちゃんイチオシだから、美味しいと思うよ☆
1	@sappi1821 @maki_472 いいななにのみー？ゆきは今山梨にきたから行けないよー。
0	虹をみた。こんなにテンションあがるなんて♡早起きして、山中湖にむかってるー
0	とーっても激しくて、気持ち良い日だった。靴が踏まれすぎでどろんこ。踊りすぎて痛いからだ。 http://t.co/7O9cGQkS
0	山梨から帰るー！仕事休みだ♡海に行ってごろにゃ～したい気分、でも絶対車は事故るんだよなぁ。トホホホホ。
1	帰ったら大人しく。じてんしゃでヤマダ電機にいこう。
0	ビデオテープをPCに移したいのに、Yahooの知恵袋みても意味わからない。端子??!ケーブル???それ用のケーブル買えばいいんじゃないのなんなのー
0	もう色々、ぎぶ！give＆give 自分の事を受け入れて、理解して欲しいと思うのをやめる。だから、いつも辛くなっちゃうんだ。自分が相手のことを受け入れて理解してあげる事が出来れば、多分それで良い。誰かに期待をするんじゃなくて自分自身に期待する。
0	ぜったい喜んでくれると思う～ってことを進行中。自分は喜ぶ側じゃないのに、ニヤニヤしちゃうのだ♡
-1	キーケースの事で迷惑かけた人達ごめんね、あったの♡♡しばらく旅に出ていたらしい。 http://t.co/Syt8hOP8
0	@sappi1821 あひひ♡
0	すっごい眠いなぁ。でも、もっかい気合入れていかねば！お家のご飯全然食べてない～尚美ーヽ(；▽；)ノ
0	ともだちの声を聞いたら、もう少しがんばれそうだぁ
0	懐かしい電車のってる。なんか涙。綺麗な雲と青空だった昨日、無機質な高いビルがそびえ立っていて、青空と混じってるのが気持ち悪くて、私なんか吐きそうになって今も残像がやばいなう。うわわをわああんヽ(；▽；)ノ
0	私もだだこねたいー、バブーって言ってるだけの、いくらちゃん、すぐタエ子さんがどうしたのいくら～？っていいいね。大人はそんな、甘くないんだって、私はもう疲れました。ううん心のもちようだから、がんばるけど。怒りと悲しみは消し消しすればまだいけるんだ。
0	@ai149 うー。あいぼんヽ(；▽；)ノまだまだ私は子供なんだぁ～どこか遠くへいきたいけど、目黒に出勤だー。
1	@ai149 ありがとぉヽ(；▽；)ノうん、ぱぁぁっといこう！みんなの、あのテンションに元気を貰いたわ☆
1	公共交通機関にジェットコースターもあればいいのになぁ。皆、朝晩の通勤にそれに乗るのが楽しみで、わくわくしちゃってかわいいなまったく。ってなると思う。
1	透明もすっごいいいんだけど、涙に色がついてたらいいな♡心の色がそのまま流れるの。嬉し涙はあったかいオレンジで感動した時は海が太陽にあたってキラキラしてるあの色がいいなぁ。笑過ぎて泣いた時はレモンイエロー！！
0	妄想しすぎて、パンクしそー。とりあえずお金がたりない。足りない(&gt;_&lt;) たりない、だれか雇ってー。ってか、バイトってできるのかしらぁ。
0	今週と来週の忙しさの違いがやばい。来週の予定、脱毛      以上！
0	ロキソニン愛してる、アイニージュー！
1	うわぁまた電車寝過ごしちゃった(´･_･`)渋谷の美味しい和食カフェ教えて貰った http://t.co/iyTTfAUm
1	ワンダーラインは奇跡の線なの、見えないものでも見えるものでもワンダーライン、私がそうと思ったならワンダーラインでつながってるよ。繋がってる先にあるものは想像するといいよ
0	今日のゆきは疲れてて30代だねってぽわぽわした顔で言われたんだけど、あたし、おまえの妹じゃろがー！
0	Xmasケーキの名前Symphonyに決めた。どうかな、却下かなぁ（笑）
0	整形したい
-1	朝になって会社に行く時間になるのが嫌だから、かなりゆっくり歩いて帰る～歩くとストップを繰り返し。魔法使いにさらわれたい。可愛い系の。キラキラした星の世界案内して。魔女は怖いからだめ。
1	最近18の時の頃みたいに色々悩んでる。答えなんて出ないこと。あたし次第で変えれることも。満足いく答えを出すにはどうしたらいいかも、なんとなくわかる事もあるけど、人はなんだか、なやみがちなのはなんでなんでだろう～
1	DVDみれるのもってるひといましぇんかぁ(´･_･`)あの、そこらへんでみれるやつ！持ち運べるんだから～♡みたいなやつ。すっごい、かして欲しい、物凄い貸して欲しいのです。本当貸して欲しいお願いいたします。
0	@maki_472 11:20にオリエンタル！
0	@maki_472 ね、むふふ。またあした(^_^)
1	目黒からの行徳からの今から場面アウェイ、ぎろっぽんヒルズっていう。根暗のくせにアクティブ。今日は髪の毛がハグリットだね～って嬉しそうに言う姉。もう、大好きです。
1	あぁ男のこだったらいいのに。お酒飲むと、公園でごろーんってしたい。あぁ公園でごろーんってしたい。
-1	めっちゃ眠い。お願い寝させて。涙。涙。パソコンあんまし得意じゃないし、とにかく眠いのあたし。あー、がんばれ、きっと、嬉しいと思うから、がんばれる
0	朝になっちゃった(^_^)うふふ
1	もうわからない、ギブアップ！しない、早くなんとかしなきゃー！！
1	いまやってるので駄目だったら切腹しないとのレベル、ギター侍のレベル。大魔王いまこそ、力を貸して？いい子にしてきたもん。
-1	やっぱり要所で大魔王のおかげ。助けてくれた人もありがとう。かなりクオリティ低いけど、最高です。
0	一週間がんばったエマちゃんへ♡ http://t.co/h0rqllk0
-1	@6machan9 なんか四千円くらいしたから買わなかったーそのうち買うー！ひーちゃんよんでみようねー♡
0	@maki_472 にゃほん(^_^)
1	“@6machan9: 確かに、ひーちゃんひーちゃーん♡
0	@maki_472 しょぼんぬ(´･_･`)
1	“@harupiee:うん、そう♡可愛いね♡♡ディズニー行きたいはるー♡あぁ会いたいよー、はるの事本当だいすきでどうしたらいい？（笑）
1	大好きな人達には、本当はいつも、大好きって言いたいけど、恥ずかしい。でも大好きすぎて大好きって言っちゃうこともあるけど、それもなんか恥ずかしい。でも、大好きなのに、全然大好きって言えない人もいる、それも恥ずかしい。
1	@u_720 みさっとん可愛い
-1	色んな気持ちになる。ハートぐるぐるしてる。いつも何通りもの感情が出て、でも言葉に出来ないし、馬鹿でおわる
1	東京って自分のブスさがいつもにまして気になるところ！皆可愛いなぁまったく。 http://t.co/sR7bjHAk
0	@kanamo19asa 福元さんって私？
1	NADIAのニコちゃんくれた♡ソファーにすわって腕くんでラブラブしてる時が一番楽チン。一生こうしてたいねーとお互い言いあう。姉妹。 http://t.co/0tJN7KLk
0	@sappi1821 どおした。
0	通勤～こんなOLモテないわぁ。 http://t.co/Kwh5JaG4
0	@shoooko_98 でも、モテない（笑）
0	@ayameeeeen7 やってるの1人で。もてない♡
0	コンプレックス。外国に行くとそんな事どうでもよくて他にもっと感じるものがあるって思って、ありのままでいいんだって思うけど、東京に戻って、週に一度、渋谷にいると、ザ、劣等感。日本の女の子の『見た目の可愛いさへの執着』って怖いくらいのパワーがある。
0	@ayameeeeen7 ありがと☆でもモテない。←しつこ。 ゆきの乗ってるのは、街乗り用だから簡単だよ。多分あやめの運動神経だとよゆーだよ☆やろうやろうー(^_^)
1	@ayameeeeen7 @nico2na2c 早く買ってー！それで遊ぼうー(^_^) ゆきのはグローブってやつだよ。ペニーより少し大きいのだ(^_^)
-1	どう考えても、お金たりない。色々欲張り。でも、絶対に絶対にどうにかしなきゃ。このまま、無理だった。で夢を叶えないでどんどん大人になるのかと思うとぞくぞく。
0	いろんなことを考える日にしよう！
0	@ayameeeeen7 いやっほい(^_^)☆昨日の電話はうけたー♡♡
-1	難しいなぁ、理解するのもされるのも！
-1	@harupiee多分同じようなことだよ。 もううちらってなんなの。はるとはこんなにテレパシーまで感じれるのに他の人だと難しいんだなぁ。
1	こんなんで渋谷のエステにいっていいのか、きょうふー http://t.co/F5wpuvsh
0	明日は休みだし、疲れたし、結果、道に座ってる。そのうち寝出すかも。in原宿
1	不審者いたらどうしよう～って思ったけど、自分、不審者側だった。もう、ゆきは宇宙のなにかいい感じの物体ににさらわれたいのだ
0	はぁ。かえろうっと☆
0	@yukxxxa30 それショックだよね～ヽ(；▽；)ノ
-1	勝浦まで、片道1600円もするんだ。ただ綺麗な海がみたいだけなのに往復3000円も、とるんだ。ばかやろう！誰に向けての馬鹿野郎かわかんないけど、馬鹿野郎。
0	@yukxxxa30 ね、癒されたい。とりあえず、ゆかと焼肉にいきたい。
0	@sho23ko おめでとお（＾＿＾）☆
0	沖縄のホテルどこにしよっかなぁ
0	お母さんがムーミンのこと、ムーピンっていった。どおしてくれるのこの感じ。
0	スーパーにきたんだけど、あの、ビビンバにのってる茶色の物体の名前がわからない。何コーナーにあるの？今日の夜ご飯はビビンバ！茶色のやつどこー。
0	マニパニ今回の色はpretty flamingo !!!!!!楽しみだっなぁ。 http://t.co/0axz9Lnm
-1	仕事終わったら原宿のグラニフみにいこ。母に誕プレのリクエスト聞いたら、Tシャツ4枚くらいかなぁって。ちょっと！プレゼントなのに、カジュアルすぎ！でも、欲張り♡本当へんなの～♡ http://t.co/lh2ygU4e
0	@yuuce9ream きょーう（＾＿＾）☆
0	@yuuce9ream 今から行くよん(^_^)ゆうかも行くのー？ゆきはお姉ちゃんと合流するんだよー(^_^)
1	原宿タイ料理～外で最高に美味しいよー！お酒ー！ http://t.co/aSeE2lpE
0	ててーん。私よりスケーターじゃんか。 http://t.co/UeSPjaVy
0	@ayameeeeen7 やばすぎ（笑）
1	@ayameeeeen7 姉（笑）はやくー！あやめー乗ろうー！
0	ぶどう、梨がりなうー♡ http://t.co/YIAc4nii
0	私、温泉に入れず、椅子で待ってる。可哀相。暇なので、昨日作ったクロスのチョーカーを！パチリ撮って顔ぼかしてのせる。同じパーツあるから誰か一緒につけよ♡？ http://t.co/ErLCyIwf
-1	電車寝過ごした。頭が痛すぎるのダブルパンチですね。
0	頭かち割れそう。いっそのことかち割れちゃえ～。うーヽ(；▽；)ノ昔は、おかあさぁぁん、（泣）って呼べばすっ飛んできてくれたのに。あー大人って辛すぎーヽ(；▽；)ノ
-1	心の声は自分にしか聞こえない。相手は何も聞こえてない。目と耳をよく澄まして感じないと。もうヽ(；▽；)ノ自分は神様なんだと思えば、全てうんうんって受け入れられる。でも、どんどん感情がなくなっちゃう気がして嫌なんだ。ちゃんちゃん。
1	あしたなにしようかな、何もしなくていいかな
-1	@p172u ひーちゃヽ(；▽；)ノ感情押し殺して、頭の中で怒ったり、疑問が残ってても、笑顔で会話できちゃって、思ってもないのに、そうですね、そうですねって話を聞いたり。でも。私の考えや意見、感情に他の人は興味無いんだと日々実感して悲しいよぉ～～そのうち感情なくなるー(T_T)
0	@p172u わぁ。ひいちゃん、なんか似たような人がすぐ近くにいてびっくり。確かに、自分が、少し我慢すれば済むんだよね。日々積み重ねると結局、アップアップの自己嫌悪。だから、私は、与える側の神様なんだと思い込むしかない笑 本当なんなのよ私たちのこの辛さ。
0	ダイビングのライセンスとることになりそーだー。どうしよっかなぁ
0	@sappi1821 え♡まじ？スキューバ？スカイ？
-1	@sappi1821 ううん、ゆきもスキューバ！スカイは怖すぎて無理だよね（笑）
0	@sappi1821 パンチパーマのおばさんなんて存在するの？めっちゃら笑える＼(^o^)／＼(^o^)／みたいー♡
1	@sappi1821 確かに、ライセンス撮っても、絶対飛び降りない。とりあえずね、今月中に、一度話し聞きに行く事になりそうなんだ☆
1	@nico2na2c 行くー！行こうね(^_^)なっちゃんとやることが似てるー♡早くスケボー買って♡
0	@nico2na2c なにそれ、助ける系？やることいかしすぎ！
0	@sappi1821 なんか、お兄さんに19800円でやらしてあげるとか言われたんだ（笑）里子もとろうよー♡
-1	@sappi1821 多分そうだと思うんだ。ちゃんと聞いてみるね、でもお店埼玉にあるんだ、遠いー（笑）
0	@sappi1821 うん、ゆきも話きいてみてから決める(^_^)わらびってところらしい。知ってる？
1	@ayameeeeen7 え、うっそ、いいな☆どんな感じー？あやめのところいくらー？(^_^)
0	ドキドキしちゃうのはなんでなの？Goddess！！！！
0	@ayameeeeen7 オープンってなあに？ とったら潜りにいこうねー♡
0	スキューバの人、こんな画像送ってきたー。やばいんだ。勘弁してケロー！ http://t.co/uMnwBGNZ
1	性格よくなったのかなって錯覚してたけど、我慢してるだけだきっと。だからすごい心が気持ち悪いのだGoddess!!!
0	よっしゃー♡Xmasケーキ終わったー！！やればできる！
1	今日は品川！品川ってあんまり好きじゃないけどなんでだかよくいくなぁ
1	@yuuce9ream @sappi1821 きれいだよねー♡♡しかも、ハートって（笑）
1	きゃー♡大好きなメロンジュース買ったら、化粧のどきついおばちゃんで、おぉ～！と思ってLOOKしてて、メイクとは裏腹に凄い優しい笑顔で。あ！あなたが好きって思ったの、したらバイバイの時売り物のパンをくれた～数十秒で両想いになれた♡ありがと http://t.co/cUCSXcbd
0	@sappi1821 お腹空いてるように見えたのかも♡（笑）
-1	頭のなか色んな考えがある私がいて、結局何を信じていて、どうしたいのかが曖昧ぽわぽわ。yes もnoも無いから多分人を傷つける
1	体は正直。蕁麻疹多発
1	@pawawan ちいさん☆ストレス社会ですね～涙。私も早く治りたいなぁ
0	@sappi1821 精神的苦痛のストレス社会ー♡帰ってきたら飲みいこね♡？
1	ARTALK顔合わせ終わった(^_^)かなり楽しそーう！
0	@KEN3TV どもでした～☆ 一緒に撮った写真送って下さいな♫
-1	お医者さんに怒られた～（笑）まるで父親が娘の帰りが遅いのを怒るかのように（笑）
0	ラジオで we are the world 流れてるよぉ涙涙涙。このタイミングはまいったなぁ～
1	言われたとおり、早く帰って沢山寝たし、お酒も飲んでないのにな～
0	私っぽいらしいブレゼント貰ったぁ！！！名前何にしよう～？ http://t.co/KzdTgori
0	@TgrkRyu なぜ、たかお？じゃぁ隆夫にする！！！
-1	ろくろで作ったのが届いたぁ☆ http://t.co/bsnagUA8
0	@sappi1821 名前そのまんまやん(^_^)（笑）当たってない（笑）
0	@pawawan ありがとうー(^_^)
0	@sappi1821 わからん(T_T)多分あたらない（笑）
0	@harupiee すいとん（笑）中々いけてるー(^_^)
0	今日上司に、まじかぁ～どうする～っ(^_^)？って言っちゃった、間違えちゃった♡
-1	わぁ、腕が水玉。気持ち悪いよー((((；ﾟДﾟ)))))))
0	@shoooko_98 しょうこにほめられたあ(^_^)（笑）人としてどうなんだろう？って一瞬思ったけど、まあ間違える時もあるね♫
1	外で売ってる、焼き鳥屋のおじさんが唐揚げを沢山くれたー！よくなんか貰えて嬉しいけど、そんなにお腹空いてそうかなぁ（笑）
0	@harupiee 可愛すぎ（＾＿＾）☆
0	Thank God It's Friday の予定がぱぁー涙涙涙。
1	これに買い替えてから本当滑りやすい。大好きな音楽を聞いて～大好きな人達と電話して～ただただ滑るだけで気持ちが良いー http://t.co/43K3645X
0	ARTTALKいけてる写真ありすぎだよー！主催者ケンさんと(^_^) http://t.co/XPzM0dnk
-1	カラー超下手（笑）一部分だけがピンクで大雑把な仕上がりに。寝不足 http://t.co/ucLocwtm
0	皆の意見を聞きまくったのに、結局この色に（笑）赤も欲しいけど、とりあえず台風くる前に帰りましょ！！！！ http://t.co/2xFevoio
0	そういえばダイビングの説明会行ったんです。でも、なんか違うと思って、なんか合わなくて一時停止中！！
0	9月は自分が想像した物が二つ形になった、それも想像を超える出来。10月もがんばってこ
0	あぁもう爆発しそう。ドカーン！滝に打たれたい泣きたいドカーン！
0	ナンパしてきたサラリーマンに、本当なにもう大丈夫？酔っ払ってません？って言ったら我に帰ったらしく、あ、すみません酔っぱらってました。って去って行った。え、それもそれで切ない（笑）
0	本当に全然寝れなかったぁ。もう。今日はキャンセル！キャンセル！キャンセル！
-1	I didn't know what to say. まさにこれー、急に学生のときならった例文がよみがえってきたよお
0	@kasuminn02 おめでとお(^_^)
0	残業だったけど、まっすぐ家に帰るー！やっと家でご飯たべれるさぁ
-1	今日はBBQなのだぁ奥多摩遠いなぁ
0	毎日色んな場所に出かけるから、PASMOのチャージ額が５０００円ずつになった。大人になったなと実感（笑）
0	こんな綺麗な空と海がみえるばしょでごろん☆@館山 http://t.co/C2gfL1pK
0	@harupiee それは超へこむ(T_T)
1	@kasuminn02 @harupiee わぁー♡おめでたいね(^_^)☆☆
0	あぁなにしてるんだか(´･_･`)
0	眠すぎーるよう。来週の今日は沖縄に出発だ、ニヤニヤ
1	お昼に枝豆を食べても誰からも突っ込まれなくなって嬉しい♡
0	@yukxxxa30 ミリヤ？昔その曲でちょう泣いてた（笑）
0	ハロウィンパーティいきたい
0	@yuuce9ream え、いこーよ♡27の夜とか色んなとこでやってそうじゃない？
0	@yuuce9ream やったー♡ゆきは仕事あるけど、その後ねー♡やっぱクラブかなぁ？ゆうかなんかいいとこしらんー？なに仮装しよう～にひひ
0	@yuuce9ream さんきゅー！ゆきも仮装考えるー！わくわく☆
-1	嫌われるのがこわい
0	またやっちゃった。スーパーのレジでお財布ないのに気づくやつ、日曜6時半から始まるやつー涙
0	Weary Tell me will you hold me When wrong, will you scold me When lost will you find me？
1	可愛い可愛いって言われても、何も可愛い要素がないんで。逆に劣等感、嘘言われてる気がする疑い深いブス！嘘でも素直によろこべブス。
0	渋谷は女装の、聖地なの？
1	あぁ、服って高い。でも最高に可愛いの買ったー♡
-1	目黒渋谷代官山中目黒と今日は移動沢山した。でも頭痛くならなかった！
1	21歳やり残した事はもうない！！本当周りにいい人ばっかり。嬉し涙
0	金縛りで眠れんかったし。涙
1	せっかく週のはじまりだから！もう少し人に優しくできるように！
0	ディズニーハロウィンってディズニーの仮装じゃなきゃ駄目なんだ、やべーぞ、どうしよ（笑）
0	きたぞ、きたぞ、頭いたい涙
0	そういえば先週の今日、御殿場の方にお泊りデートしたさ！珍しく！ http://t.co/SKQW558I
0	@sappi1821 さっちゃんの知らない人だよ。今度話すね♡
0	超特大スーパーサプライズ大作戦、無事終了！一人の誕生日に70人程でサプライズ！
0	これから、荷造りして、寝て、4時半に起きて仕事いってからの夜中沖縄につく予定で、本当眠たい病。
0	ずっとこの海をみていたいよ涙
0	ただいまTOKIO！！
-1	@maki_472 TOKIOとTOKYOは同じ！ドイツ表記では東京はTOKIO 東京の発音が難しいらしくトキオっていう人もいる（笑）
0	@sappi1821 ただいま(^_^)♡♡
0	@maki_472 もおすぐ富士きゅ♡
1	三連休あけ、さっそく、キーケースと定期をなくして今週も絶好調！
0	フォアグラをたべた21歳秋
0	@p172u ひーちゃ、みつかった！ 今回は洗濯機の中にいたよ♡
1	もう！愛だの恋だのはわからん！きっと恋愛体質じゃないだ、もうやだー。好きなのに。私じゃ駄目だー
-1	@yukxxxa30 ゆかー(Ｔ＿Ｔ)ゆき恋愛苦手すぎるー
0	まともな恋愛した事ないなぁって思っの、両想いでも、付き合ってても、いつも相手を傷つけてしまう。すべて私が原因なんだ。
0	@sappi1821 お金もち♡
1	27/10/2012 新しいスタートのひみたい！頑張る！！！！
0	@sappi1821 ゆきってあたし？（笑）
0	@sappi1821 宝くじみつけたら買う！
0	オールしてシャワーしてディズニーにいく気合がまだあった！まだ若かった。
1	@sappi1821 はやいー(^_^)！
0	日払いバイトがしたい。ないかな。お金が必要性なんです。
0	他人の容姿について、マイナスなことばかり言ってこられると、嫌な気分になっちゃう。もっと人の良い所を探してみて。
0	@yuki1107emma
0	ひもの女のわたしが六本木ヒルズでデートをしてくるよ。かなり違和感。
0	@aaachanx_x あやか、がんばれ☆！
1	ともだちっていいよね
-1	こんな時に頭が痛い。涙
1	一年で結構大切なひなのに、そうやって大魔王はいじわるばかり。
0	よーじやカフェにゃーう http://t.co/ILP4IHVI
1	22さいになったし世間はクリスマスで 、ハッピーすぎる。今日はかすみと一緒でハッピー！！ http://t.co/cdh6VJwR
1	@kasuminn02 えー（；＿；）大丈夫かぁ。昨日は風邪ながらも元気だと思ったー！お大事にー☆
1	香菜子がくれたプレゼント☆香菜子が書くりとるぐりーんめん。14さいから香菜子もこの絵も大好きで、誕生日に抱き枕を貰うのは三回目。また三年後お願いしよう。ありがとう！ http://t.co/ixLfqhRT
1	今が一番楽しい！
0	でも、やっぱり夢は叶えるものだと思うのー！！！
-1	タイムリミットが迫ってるよー。変なバイトに手を出しそうです。助けてー！
-1	@kasuminn02 ダメだよねー貯金なさすぎて笑えるー（＾ν＾）笑  ゆきも思った～！つぎいつ会えるんやー
1	@harupiee 褒められると嬉しいね（＾ν＾）
1	なんとなく、とっても行きたいアメリカ！それと関係ないけどアメリカのミッキーたちを買った。可愛いなぁ http://t.co/9L5jXcmw
1	あぁもうやだ。私のスーパーフリーダム精神が恋愛をする事によって変わっていく。どうしたらいいのよもう！
0	うん、やはりよく考えれば落ちつけるようになりました。テイクじゃなくてギブだよ、ギブギブギブ！望んじゃいけないんだ。あいは与える。そうゆうものだと思うのゴッデス！
0	いや、待てよ。もっと沢山考えたら、かなり沢山の愛を与えてもらってるんだ。ちゃんと理解して支えてあげなきゃ。。
-1	@kasuminn02 かすみもう、私に恋愛とか難しすぎて叫びたいです（笑）
0	銀座のワインバーにきた。おとなぶってる
0	@sappi1821 嘘ー(Ｔ＿Ｔ)ごめんよさっちゃん我々は走って走って帰りました。
0	嫌とか疲れたとか寂しいとか。。。。毎日私はどうしたらいいの。どんより。そんな言葉は誰も幸せにしないよ（；＿；）そう思わなくなってくれるように頑張ります。
0	こないだのワインバーで出てきたサプライズ。いやいや本当にないと思ったんだよ。ありがとー http://t.co/FuZSNOOz
1	@p172u ひーちゃん新しい仕事なにするの（＾ν＾）？
0	今夜はしもきたざわ！友達が働いてるお店二件はしごするのだ（＾ν＾）
0	アフター6行ってきます♡
0	待ち合わせまでの衝動買い。 http://t.co/jOrIZwJU
0	今日は恵比寿にあるカフェでパンケーキ♡でも二人とも完食できず。しょっぱい物が食べたくてサラダは二回も頼んじゃった（笑） http://t.co/DCEpowz4
1	竹野内豊が本当にかっこいい。カレンダー買いたいくらいかっこいい。
0	ストレス！
1	@sappi1821 海外いいね！！
1	@sappi1821 カウチサーフィンすればいいんだよー！外国の家にとめてもらうやつ！ってか北海道楽しそうだね（＾ω＾）
1	年末年始予定が全然にゃ。どっかいきたいなぁ。なんか楽しいこと探そうっと☆
1	人と付き合うって我慢することが多いなぁ。だから上手く付き合えるのか！
0	ちょうイライラ！この感情ご無沙汰だわわぁ
1	今からスリラーライブに行くんだけど、すっごいドキドキしてる。胸が高まってるー！
0	スリラーライブ最高だった。帰りみんながムーンウォークしてたから、私もやった（笑）
-1	ママとランチして子宮ガン検診にきたよ。はぁ。はじめてで怖かったぁ。
-1	@p172u 下半身すっぽんぽんになって、台に座らされて、足をかばって広げて、お水をぱしゃってかけられて、変な器具がぐいっと入ってきて、ぐいぐいされて痛くてこわかったぁ&gt;_&lt;
1	@p172u うんうん、もっとソフトにやってほしかったけど、なんか終わった後に強くなれた気がした。ひーちゃんもぜひ検査してみてね。
-1	地元でランチして、産婦人科にいって歯医者にいって、くつやいって、薬局いったらもう定期がない。。。 気を取り直して、ミッドタウンに写真展みに行ってダーリンとは渋谷で待ち合わせ。電車嫌いだー
1	わかった。ちょっと！ドクターの言うとおり、睡眠時間が足りないから、いつも飲酒運転のような感じで過ごすことになってるって。だから、色々お落とすんだ。これは寝れば治る！寝ればいい！
-1	自分はいつも彼のメールを返さないのに、彼からメールがこなくなるとさみしーのーしょぼーん。
0	@harupiee おそろいのピアスつけようよー（＾ν＾）
-1	@p172u わたしに一番メールくれるのは、UNIQLOメルマガ！つぎApple！いろんなことが寂しいねー（笑）
1	そいえば、今日からXmasケーキ仕込みはじめたよー！はやいね。時の流れ。みんなのプレゼント買わなきゃ❤
0	両思い切符が2％！！！ http://t.co/oLSIQyNR
0	噂のフランフランのインテリアのカラオケにきたー
0	好きなお店のお洋服が半額！コートとかばんと厚底ブーツかって18000円！やっすい。涙
0	ざぎんからのぶーしー。とないにすみたいよう。電車賃もっと安くしてくれい。
0	帰る間に50％あがったぁ♡ http://t.co/ZwCcsPKt
0	週の半分、お風呂で寝てしまう。全然疲れがとれない。涙
0	昨日スズカフェで、ドリンクとご飯を普通に頼んで、普通に2000円。おそるべしスズカフェ。
1	早く正月休みきて欲しい（；＿；）とにかく寝たい。もう眠り姫になる。きめた、眠り姫になる。
0	@p172u かっこいい（＾ν＾）にしても、東北寒そう〜仕事がんばろおやー
0	@htsk_rk だーりんいるよ♡♡りょうこにまだいうてなかったあ。年末帰ってくるん？（＾ν＾）、
1	@ansy_n のりか、、、面白いっ（＾ν＾）！！！！
-1	頭いたい、痛い。今日Xmasケーキつくったよ。買ってわお願いみなさま。
-1	地震の恐ろしさ、少し薄れてる自分に本当反省。東北の方、大丈夫そうね。胸が痛くなって、あっ！て気づいたんじゃ遅い！
1	アルバイトの時の飲み会に、今日も行けない(&gt;_&lt;)あぁ、みんなでワイワイ飲むのすっごい面白いのに。なんか切ない。会いたいな。しょぼん。
0	@kae9679 そうなん(&gt;_&lt;)ね、会いたいよ、焼肉いこう。日を改めて。
1	ぴんくのツリーかわいい！横浜におとまり！ http://t.co/LdH7DNzp
0	@kasuminn02 うそ、ゆきもうなんか、ボサってる（笑）
0	@yuuce9ream ね（＾ν＾）はじめてみた♡♡ http://t.co/1BluRdos
0	@kae9679 うん、今週は木曜日よるがひまです（笑）
0	ひまだにゃ。
0	@kasuminn02 乾かしてるんだけどな。もう、ボサボサきろうかな、伸ばしてるけど。
1	中華街なう！大好きな小籠包さま（＾ν＾） http://t.co/KvIDZjtZ
0	アメリカ、、、、！
0	@pimomo12 おめでとう♡
1	中目でのんで牡蠣たべて、でも一時間できりあげる。えらい、えらいよあたし。さぁ帰ってまたしごと！
0	@maki_472 あぁごめんよう！20オッケーだよ^ ^
1	@pimomo12 超元気だよう^ ^しばらくあってないねー(&gt;_&lt;)
0	@p172u 仕事忙しいね(&gt;_&lt;)体壊さない程度にがんばろう！！
1	今日デートだったのに。もういやだ。やだったのに、全然いいよ。って言っちゃった（笑）今頃ディズニーかぁ。
0	@maki_472 シェフミッキーいきたいね。ママたちもいきたいかな（笑）あやの所も誘ったのぉ？^_^
0	@maki_472 うん、しちゃおう（＾ν＾）あやじゃなくて、ママとメールしたんだ（笑）楽しみだね★★
0	@p172u 私が残業だったから、友達とディズニーいっちゃったんだ（笑）姉を誘って地元ご飯にいってきます（笑）
1	@p172u 確かに！あたし、家族らぶだもの♡♡
1	@maki_472 ありがとう♡すっごい助かるよう！ 確かに、あやは返事があまりないからなぁ（笑）
0	青山にマツエクしにいく★ただ♡♡
0	マツエクつけたいこ？ただ！青山 ！平日の昼！
0	@p172u はやっ！オッケー！きいてみるね（＾ν＾）
1	@kasuminn02 かすみつけたばっかりじゃん（＾ν＾）♡♡元気じゃない、かすみに会わなきゃ（笑）
0	@kasuminn02 つぎ会えるのは23日？？（＾ν＾）
1	@kasuminn02 オッケーだよん！ね、三人で会えるといいな（＾ν＾）
0	@ogaaaaawa メールわかる？ゆきの！メールして♡
0	年末年始の休みで写真とりにいこう。最近全然とってない。
0	あと、10回仕事すれば休み。。
0	アメリカ！
0	らいげつおきなわ！またいけるなんて（；＿；）
1	@harupiee はるーもっかいいこう！本気だよ、あたし、次、離島がいいな（笑）
-1	@harupiee ３日じゃ少ないよねー&gt;_&lt;
0	またも、デートなくなった。明日ひまだよ(Ｔ＿Ｔ)びよーん。
0	@maki_472 なんやねんそれ(Ｔ＿Ｔ)
-1	@maki_472 ひどい。なんでそおなったぁ(Ｔ＿Ｔ)
0	駄目だ。頭いたすぎ。寝よう。今週が山場だからもお少しがんばろう
0	@maki_472 わぁぁ、ショックだね(Ｔ＿Ｔ)
0	東京タワーがみえるホテルにぼっちひとり、、 http://t.co/yGlbk3ud
1	蜷川実花のこてん！美しいなぁ
1	@harupiee ゆきも明後日みるんだけど、そんなにいいんだね(^_^)楽しみだな〜アマンダとアンハサウェイが美しい♡♡
0	ストレス！ムカつき！嘘つきは嫌い。どんな言葉も信じれなくなる、なんと言われようとあたしはあたし。
1	だれのものでもない、あたしはあたし。あたしの思ういいこと楽しいこと、幸せにすることをやりたい
0	http://t.co/S2Wjp0hF
1	ちょっと反省。イライラしてるじぶんに。もっとひろい、こころで。おとといたまたま、みたキャンドルナイトの写真。小学生が平和を願ってる。大人の私ができることをしなきゃ。 http://t.co/QIgvxnN8
0	だいすきフレンドと六本木でクリスマス♡
1	かなり凹む。。。精神的に凹む。はやくよくなるようにがんばろ(&gt;_&lt;)
0	@kasuminn02 かすみー（；＿；）ダメだー(&gt;_&lt;)なんかすごいショックな病状でたんだ(&gt;_&lt;)あった時に話すね(&gt;_&lt;)
0	@kasuminn02 ありがとう(&gt;_&lt;)♡
-1	若者の言葉は借りるならば、つらたん。つらたんです。
0	@maki_472 それがあっちゃん！！
-1	つらすぎ会社休みたい（；＿；）本当もう嫌だ涙
1	最悪の年末だし。ベットから動かない方が絶対いいし。30日まで仕事だし。はぁぁあはぁぁ。泣きながら通勤だし。
-1	@p172u ひーたんorz 辛いねお互いに。涙涙
1	早退嘔吐頭痛号泣就寝からの回復傾向！お腹すいた、すいたー♡♡♡明日いけるかな(´･_･`)
0	来年は鹿児島にいこう。種子島いこう！！
0	PC＆スピーカーゲットしたよう！3万浮いた！！！
0	@ogaaaaawa @ryuki_bass あ、わかる！似てる！ ネガティブモデルのるい君も確かにてる（笑）
-1	ビビアンのリング衝動買い、病み上がりこわいよ
0	@yukxxxa30 ばかだ（笑）さすがゆかだね〜今年もよろしくねー（＾ν＾）
0	@sappi1821 微妙っ！☆*:.｡. o(≧▽≦)o .｡.:*☆
0	@harupiee おめでとう！
0	もったいなくて、まだつけれないピアス！あすはバックと時計とピアス、マークで揃えてつけよぉ♡明日はきっとポニーテール！ http://t.co/mu31RXTe
1	@maki_472 可愛いよね☆友達の誕プレなのー！
1	@ai149 ありがとう（＾ν＾）可愛いねー！友達がプレゼントしてくれたんよ
0	@kanakomaan とってもお気に入りー☆*:.｡. o(≧▽≦)o .｡.:*☆
0	@yuuce9ream はるが誕生日にくれたんだよぉ☆
1	@harupiee はるがくれたの皆可愛いって言ってくれた♡ありがとう～！ http://t.co/DEEw5LmP
0	@harupiee 笑えない話！
0	@kae9679 どこー？（笑）都内なら仕事終わりとか会えるね（＾ν＾）
0	今から相模原っ♡
0	@kasuminn02 でたー！でしょ（笑）はじめて彼の家にいくよー！
0	@maki_472 うふ（笑）はじめて彼の家にいくよー！あっちゃんも相模原集合だって（＾ν＾）笑
0	とっても疲れたなぁ。、釣具屋さんにいった（笑） http://t.co/zCqInrBj
0	@kanakomaan きもかわ＼(^o^)／木曜日のよる友人はぁ？
0	でんしゃのまえのひとかなりかっこいい！！！！！左手に指輪！！！はい、仕事頑張ります。
-1	雪だねーやっほーい♡♡ひゃっほーい☆*:.｡. o(≧▽≦)o .｡.:*☆でも、電車止まらないか心配。嫌よ会社に泊まるなんて。 http://t.co/ZUgZA40v
1	きのうはゲラゲラ笑いながら、雪を掴んで丸めては投げて、丸めては投げてを繰り返して帰った。ひとりで。あぁ、楽しかった。雪を満喫
0	ディズニーランドにいきたいな
0	ディズニーランドで働きたいな
0	@kanakomaan いく！いく♡とりあえず、カレーいついけるー？
0	お腹空いた、でも、我慢。がんばれあたし。
0	@aaachanx_x かわわ〜♡♡
0	ともだちいないから、仕事おわり、ひとりもしもし原宿だよ、古着。よくいえばビンデージ。でもビンデージなんて恥ずかしくて言えないので、古着探してこよっと。
0	いい服を買えました。服が重くて肩が痛い（；＿；）
1	新しいプロジェクト！渋谷ヒカリエのスペースで写真展示するよ。打ち合わせ兼飲み会でなんだか疲れた、、、。
1	帰ってすぐ、マミーに仕事の悪口を聞いて貰って、お姉ちゃんとお風呂に入って、彼が優しいメールをくれて、あぁあたし、まだがんばれる
0	@harupiee 今度こそ〜♡さんがつ9と10だよ☆*:.｡. o(≧▽≦)o .｡.:*☆
0	今日頑張ればそのまま沖縄出発だー！仕事頑張ろうo(^_^)o
0	@kasuminn02 ありがとー♡彼にいったよ（笑）いきましょう（＾ν＾）
0	@harupiee ありがとー♡はると前行ったのと同じ便なんだ♡
-1	沖縄さむい(&gt;_&lt;)〜涙涙涙。
0	沖縄で沢山食べたら体重がもとどうり。今日からまた夜ご飯たべないダイエットがんばろ。
0	ああ、お腹空いて、やらなきゃいけない事をやる気力がないので、もう眠る。
1	@htsk_rk 大丈夫か∑(ﾟДﾟ)
0	インフルエンザだよー（；＿；）すみません、会社のかたたち。
0	みんな卒業旅行シーズンかぁ。いいなぁ。あたしも今年カオハガン島にいけますように。NYも行きたいけど、無理かな。
-1	@ai149 あいあんー！きっとパリは夜中だと思うけど、失礼します。お願い、起きててー！起きてたら返信下さいませ♡聞きたい事があるのぉー！
0	@ai149 おはよう！少しながくなるから、メッセージで飛ばすね♡
-1	さいきん空腹になにも感じなくなった。インフルエンザになったり体調が悪いせいもあるけど。
-1	一ヶ月しないうちに、四キロ体重落ちたのに、家族が見ても自分でも、なにもどこも見た目が変わらない。でぶって大変だなぁ。
1	サプライズ大成功した。お誕生日おめでとう、サプライズ楽しいから大好き。わくわくするの大好き。祝うの大好き。 http://t.co/5KQ1JlNG
0	@p172u 先にいっておこう！おめでと♡ひちゃん！きむじょんいる〜♡
-1	ビビアンのリングが壊れた。涙。まだ一ヶ月くらいなのに。。修理にもってこう。
0	代官山でなっちゃんと遭遇したー♡
1	@sappi1821 いいねー♡石垣の海アップしてちょーp(^_^)q、
-1	あまいものと友達とお洋服。今日はいいひ！ http://t.co/piXMlbi9
0	@sappi1821 （笑）☆*:.｡. o(≧▽≦)o .｡.:*☆
0	@sappi1821 ☆*:.｡. o(≧▽≦)o .｡.:*☆☆*:.｡. o(≧▽≦)o .｡.:*☆♪───Ｏ（≧∇≦）Ｏ────♪
1	本人はいないけど、誕生日会♡♡大好きシスター♡おめでとう♡ http://t.co/qtXpZPtf
0	@kanakomaan ありがとぉ～o(^_^)oって言ってた♡
0	Like me ~らくがき風~  http://t.co/xDtWm3Er8t From Like me! http://t.co/vO3Ngovwt9
0	にてるかな、にてるよね少し。 http://t.co/r20bqHWdVe
0	@sappi1821 ってかアラレだよねこれ（笑）
-1	とっても つかれた マダ 火曜日 寝たい あたし ねたい 遠い いろんな こと 遠い 。 仕事 いかなきゃ おかねも ないorz
0	お金ない、奨学金たんまりのこってる、家にいれるぶん、カードの引き落としカメラローン返済生活。
0	目黒から渋谷まであるこう
0	たまには自主練だ http://t.co/xeCLJlxIop
1	@ai149 よかった^ ^あいあんに届いてうれしいな♡♡
-1	お腹空いて気持ち悪いぜ！
0	彼からLINEのメッセが12通連続きていた朝。。。。
0	@ai149 若干あれだよね（笑）この間もやめてと言ったのにな(´･_･`)
0	この間、渋谷までの道のりを歩いたときに発見した。びっくりした！ http://t.co/2HSqEmRDaL
0	@kasuminn02 本当に会おうね、会おうね☆*:.｡. o(≧▽≦)o .｡.:*☆
0	なんか色々ショック(T_T)
-1	@ai149 ね(T_T)貧乏なんだぜ（笑） カツカツ！
0	@ai149 フィリピンにあるカオハガンっていう離島にいくんだよ☆
1	春でぇむん、かじぬそいそいいいあんべぇを知らないなんて。なんで皆知らないんだろう。 http://t.co/R8RkbnCMLf
0	@harupiee いってらっしゃいまし♡お土産〜♡♡
0	久しぶりにのんだよ。目黒。魚。魚〜♡ http://t.co/frOhrbnoQr
0	二回寝過ごして、終電なくなって、た。タクシーだいが^_^
1	かぞくで熱海旅行。あぁ温泉っていいな♡ http://t.co/5i0JcaToa9
0	春だ。 http://t.co/mrMp4wkSmB
-1	眠い～旅行でゆっくりするはずが、なんか疲れた(&gt;_&lt;)
1	あったかいから渋谷まで歩こっと(^_^)かすみとお寿司♡
0	お財布に1800円しかない（笑）
0	@kasuminn02 （笑）あたしは1800円ですまそ（笑）
0	@harupiee はる、おかえり♡♡
0	決めた！明日からメイクして仕事いくんだ。パジャマも着ていかないし、髪の毛だってブラシでとくし、メガネやめよっと。ファイト（笑）
-1	@kasuminn02 @harupiee  昨日そんなこといったものの、睡魔に負けてメイクしたまま爆睡した（笑）朝は寝坊して、髪の毛びちょびちょ♡
0	@p172u がんばろ〜。・°°・(＞_＜)・°°・。
0	のんだー！
0	@akanen115 お疲れ様♡
0	@mikt009 皆お疲れ様ぁ♡
0	おとといのヒカリエでのフォトライブ http://t.co/fo1wuqfsHw
0	それが昨日はこれに変身。渋谷ストリート写真。手を繋いでるようにするのがポイント。ラブフォトジャンクション！ http://t.co/QHzQBcgjy0
1	五反田女子会楽しかった。でも疲れた明日も4時半におきだよ。ちゃんちゃん。 http://t.co/e2nz6IKIrH
0	今、電車寝たら絶対寝過ごすから我慢だよ。今日寝過ごしたら今月4回目。プレッシャー！タクシーだけは乗りたくない。高い！
0	行徳で目覚めた奇跡☆*:.｡. o(≧▽≦)o .｡.:*☆。ローソンでジブリの森のやつ発券してかえってねよっと☆
0	@akanen115 最近全然みんなにあってない。・°°・(＞_＜)・°°・。
0	@htsk_rk 卒業おめでとう☆*:.｡. o(≧▽≦)o .｡.:*☆
0	@shoooko_98 美容師さんってやっぱりお昼食べれないんだね。がんばれー！！
0	さいきん病んでるぜ（＾_＾）誰も助けてくれない。大人だもん。
0	やばい⊂((・x・))⊃もう疲れた。家でゆっくりしたいよ〜⊂((・x・))⊃今からキャンプしてきます⊂((・x・))⊃
0	@kanakomaan 来週楽しみだね☆*:.｡. o(≧▽≦)o .｡.:*☆朝から行こう♥へんなかぶり物ほしい（笑）
0	@kasuminn02 だめだー！まちこん♥
0	@harupiee はるる〜♥愛してる〜！！
0	@kanakomaan 浦安からバス？ちゃり？
1	@kasuminn02 お互いだめだー！かすみ～あたし今日キャンプにいったんだけど、かすみも一緒にいかない？自然が沢山で気分展開になるよ！準備とかご飯は全部やってくれる(^_^)
0	@kanakomaan じゃぁなんぎょうね(^_^)開園と同時パターンは？気合いいれすぎ？
0	@kanakomaan ありがと♥
0	キャンプからの銀座なうー！すっぴんだし、お風呂入ってないよう。（笑）お風呂入りたい。いますぐ！
-1	ペアリング無くした＿|￣|○
1	魔法を使ったモーニング。ハッピーを巻きおこすぞーーー！喜んでくれるかな♡
0	仕事がんばろう！！！ http://t.co/A75bXdjDih
0	@kasuminn02 あった時に見せるねい＼(^o^)／
1	@mikt009 可愛い～色がとっても似合ってる☆*:.｡. o(≧▽≦)o .｡.:*☆
1	09なう☆ギャル可愛い
1	いいてんき♡ http://t.co/nPbcYahD2K
0	@kasuminn02 かすみー☆*:.｡. o(≧▽≦)o .｡.:*☆
0	@kasuminn02 ゆ、ゆ、ゆきにゃー（笑）かすにゃんこー！
0	日曜日はこれをかぶってディズニーにいこう http://t.co/oRFoJxnoVJ
1	@hitagi5335 うそ、誰と行くのー？会えたらいいね！
1	@hitagi5335 いいねいいね！うんもちろん！
0	こころが疲れた。まだあたしの心は子供のようだからいっぱいいっぱい。処理するのに、飲み込むのに時間がかかるんだ。どうかそっとして欲しい。 http://t.co/BxEEnkNAo9
0	@kasuminn02 かすみん♡♡
0	目黒でサムギョプサル食べた
0	@ayameeeeen7 顔が笑える玉ねぎ星人だ！
0	七月の旅行が今から楽しみだな♡
1	あぁあまた乗り過ごした、週ににかい必ずにかい乗り過ごす。電車向いてない、はやく引っ越したいなぁ、もう。
-1	RT @劇団四季 ミュージカル リトルマーメイド) http://t.co/YSWaGpQQOB 見に行きたいなぁ
0	choosychuから30%オフのハガキが届いて行ったけど、ふゆに買った厚底ブーツ、また同じの買っちゃった♡
0	はるものかわなきゃって強迫観念にかられ銀座うろうろうろうろ
1	昨日の恵比寿Nightはある意味楽しかったなぁ♡全然眠れてないけど、頑張ろう〜
0	眠い〜今日は渋谷でカメラマン仲間Night〜！明日も早いのに、マックスねむむ〜。
1	@kanakomaan ゆきも買った日に来てみたら、超さむかった（笑）でも可愛いね♡買ってよかった♡
0	今宵はイタリアン♡
1	@kasuminn02 きれいなデコレーション
0	これからよよこうでお花見、レッツゴー
0	原宿からの相模原からの町田！
1	完全に髪の毛ツートンになってる、オシャレとかじゃなくてただのビンボーだ。
0	めちゃねむですが、今日から三年目です。気を引き締めて！ 新社会人のみんなおめでとう！がんばろうねー！
0	同じくつ二足目のやぁつ。ストック！ http://t.co/85IFvcZusN
0	@kasuminn02 カーすーみー。・゜・(ノД`)・゜・。
-1	髪の毛めちゃのびボサボサくせっけはぐりっと貧乏金髪でも根元まっくろ、お先は真っ黒、ヘアスタイルなう。かなりバブリー。サロンに全く通わなくなった22歳冬～春。 http://t.co/4MPAPLz6AW
0	@kasuminn02 なりたい。キューティクル欲しい。
1	久しぶりに大妻きた。新しくなってる女子ばっかり！ポカポカしてて気持ちいい靖国神社におまいりした。
-1	六本木でオールするっていったら、彼はとっても悲しそうだったけど。、ごめんねだけど、たまには私も遊びたいんだぁぁぁぁぁぁぁぁ！！仕事がんばろレッドブル二本のもうっと♡
0	まじで今日はやらかしたぁ
1	暴風雨ナイト楽しかった♡これから少し寝てトトロの森にいくー♡
0	@shoooko_98 届けてくれた人神だな(((o(*ﾟ▽ﾟ*)o)))
1	強気で！
1	@kasuminn02 いぇいいぇい♡
1	彼の部屋をどうにかしなきゃと思って、私のオフをつぎこんでみたけど、早くもめげる。賞味期限が2003.2004.当たり前だよ
0	あたしがあげたバレンタインのチョコいっこしか食べてなかったのね。賞味期限切れてるし捨てた。したら、おととしだれかから貰ったバレンタインのやつがそのままおいてあった。
0	@kanakomaan キュン死♡
0	今から泳いできます！！
1	@kasuminn02 かすみは笑顔が1番可愛いよ、六本木行ってよかったね♡
0	バイキュにゃう！アウトレットいくど http://t.co/atUxiSUW0g
0	@TgrkRyu ゆきもおもったなんか今日顔がゆがんでる http://t.co/jmic4wbOXp
-1	あぁ頭痛い＿|￣|○寝よ。。今年は電気ガス水道のない島にいくんだけど、今からとても楽しみ。なんにもないところに行くのが楽しみ、明日も仕事頑張れあたし。
1	@kasuminn02 絶対くるよ♡はぁ早く会いたいね♡
0	超久しぶりに経済ジャージ（笑）プールで泳いでこようっと！ http://t.co/xkAlm0aYYS
1	@kanakomaan こないだ話してたクリーンスパだお＼(^o^)／泳ぐの気持ちいい！！
0	アメアパいこ
-1	頭痛い割れそう、割れないけど
-1	七中女子飲み会だったのに、今日に限って救急車に運ばれる。最悪、迷惑かけてごめんなさい、みなさん。
1	@kasuminn02 かすみ。・°°・(＞_＜)・°°・。ゆき駅のトイレで倒れた（笑）もう大丈夫だよ！
0	@maki_472 あったん(&gt;_&lt;)♡仕事帰りの途中にトイレで倒れたの。・°°・(＞_＜)・°°・。
0	@maki_472 わかんないけど、多分偏頭痛と疲れかな。・°°・(＞_＜)・°°・。なんか、気にかけてくれてありがとう。・°°・(＞_＜)・°°・。
0	@maki_472 おめでとう♡
-1	母に、診療代とタクシー代で一万円請求された。お金ないのに恐い。お母さんはゆきに8000円分の買い物を頼んだのにもかかわらずお金くれなかったのに。私はお金返してと言わなかったのに。あぁやだやだ。寝よ。・°°・(＞_＜)・°°・。
0	@rcgsxie @kasuminn02 りえたん、かすみ私も恋バナしたいぃ♡
1	@htsk_rk りょこ〜。・°°・(＞_＜)・°°・。大丈夫でした。・°°・(＞_＜)・°°・。はじめての出来事でパニック。
0	@kasuminn02 @rcgsxie ゆきのあどばいすも（≧∇≦）あたしも手帳みたら連絡する！
0	ありがとうございます。 http://t.co/q9pH2XFXlX
1	@p172u ひとちゃん、ありがとう(&gt;_&lt;)大丈夫だよ、お互い体に気をつけて、仕事やりましょうね(&gt;_&lt;)
-1	ディズニーに行く予定が沢山あるし、史上最高のハピネスイヤーだし、年パス買おうか迷うなぁ♡年パスの方が安くつくのかな。。
1	かすみと新しいサロンにきてる♡渋谷ドロシー♡カラーオーダーはラベンダー
0	@kanakomaan @p172u かわいい〜(^ ^)さ
0	@kasuminn02 ちょうらぶだよー♡
1	@p172u 今めっちゃミラクルだね♡皆可愛すぎてはぁはぁ♡
0	@kanakomaan @p172u いま実際に電車で皆にあったの＼(^o^)／
1	今日も頭痛で電車に乗れなかったけど、彼がきてくれて、薬も効いて、げんきになって回転ずし食べてさらに元気＼(^o^)／
1	キャンプなう、星空がすごいことになってる。はじめてうようよの星たち。。。綺麗。。
-1	@kanakomaan 香菜子本当にやばいよ、うようよいて気持ち悪いくらい♡
0	@kanakomaan ゆきにも作って♡
0	@kanakomaan 神奈川の相模原のキャンプじょう✨
0	@kanakomaan 見た目は気にしないタイプ♡
0	@kasuminn02 綺麗だよ♡今度かすみもいこう✨ 六本木だっけ？高いのかな（笑）
0	@kasuminn02 はい、行く（笑）！！！！
0	@kasuminn02 行くことになったらかすみも誘う(((o(*ﾟ▽ﾟ*)o)))
1	テントから見えた青空☆GWは仕事で関係ないはずなんだけど、いいね♡♡ http://t.co/NfI3phQLaj
1	お家で大好きなラプンツェルが観れるようになった♡しあわせ http://t.co/LURdhk8Nii
0	かすみと渋谷〜焼肉♡
0	@maki_472 @htsk_rk みたい〜♡
0	家に入れない、やっべーどうしよ。涙
0	@kasuminn02 お母さんお父さん寝てる。お姉ちゃん出かけてるっぽい。涙。ねむたいよーう。・°°・(＞_＜)・°°・。
0	家入れた。ふぅ諦めて満喫で寝るところだった（笑）
1	新宿で一度一瞬会話した人とご飯いってきたー！うん、まぁまあ楽しかったです。
-1	@hitagi5335 店員のおばさん相当心配だったんだろうね。。仕事大変だけど、がんばろー！！
0	@kasuminn02 いろいろ楽しみ☆*:.｡. o(≧▽≦)o .｡.:*☆
-1	なんか急にさみしいきもち（´-`）.｡oO（
0	@ai149 ラブをありがとう♡♡♡あいやん、あたし、がんばって生きます。
0	@kasuminn02 I love you too ♡
1	男のこって結局やりたいだけなのかなぁぁぁ。とっても素敵な友達と思ったのにな。ご希望にそえなくてごめんね。。
0	泳いでストレス発散
0	彼と私の関係がおとといいった占いどうり！！
1	昼間兄の家でおめでと飲み会からのプールからのカラオケオール。リアーナめちゃ盛り上がった。あぁ休みっていい
-1	めちゃ眠い、リアーナ聞いて、脳みそを叩き起こして、仕事頑張ろうっ♡
0	仕事後、お茶買おうとコンビニに入った結果がこれ。いただきます（笑） http://t.co/fX5lh0keLx
0	彼の家でソープランドの名刺みちゃった。どうしよう～黙ってようかな～
0	@yuki1107emma うけるよね（笑）池袋の凛さんだって（笑）多分付き合う前だと思うけど、笑顔で聞いてみる（笑）
1	渋谷のファストファッションの店ぜんぶ徘徊して勢いで服をゲットした♡早く着たいな、はい、MRIとりいくよー涙
0	フライデーズにゃう http://t.co/MrKCuCniOG
-1	相模原からの渋谷からの家からの目黒からの品川からの家からの六本木って遊んでちゃ体がもたないのも納得だ(°_°)家遠いな。
0	遂に今日マイケルジャクソンのシルクドソレイユにいく☆*:.胸が高鳴る
0	@6machan9 まぁちゃん、ごめんね（笑）ドキドキして吐きそう。
0	@kanakomaan 変態！
0	三越でワイン、チーズ、パン、カステラを買ったよ、重い、母の日だから奮発だよ
0	あぁドキドキ。する。びびり。こんな人間でごめんなさい、二時間後には合コンだと思って軽い気持ちで強気でいこーう
1	@kanakomaan いいね🌟
0	にこたまなうー。デートだけど、すっぴん。化粧、するかぁぁあ。
0	@6machan9☆お兄ちゃんがんばれ*:.｡. o(≧▽≦)o .｡.:*☆
1	MRI異常なしでよかった⭐ゆいとベイビーと新宿もたのしかった(^ ^)
1	@6machan9 なになに♡まーちゃん走るの(^ ^)？いいね～ 今夜は西麻布にいるので走ってきて下さい♡
1	電車の中超多国籍！夜な夜な麻布～六本木で探偵ごっこをしてました～探偵面白い～❤
0	久しぶりにウクレレ http://t.co/X6aBWz2bxb
0	もう飽きた、終わり！
0	こんなに、ディズニー楽しみにしてたのにー。・°°・(＞_＜)・°°・。ムカつくから年パスもいらないし！もうムカつく！！！！言い訳する男はやだ！
0	@kasuminn02 彼がむかつくの。・°°・(＞_＜)・°°・。部屋掃除の言い訳を、仕事のことばかり。。もう、
0	@kasuminn02 部屋掃除を約束した期限があるんだけど、終わりそうにないし、ゆきがもう行かないっていったの～ディズニー行くより、その休みを使ってあの部屋どうにかして欲しい。。(/ _ ; )
-1	@maki_472 積もりつもったの～！珍しく強く当たったよう！彼ね、すぐ、辛いとか疲れたって言葉を使うの！あたし、やっぱり経済ソフト部だったからか、この二つの言葉大嫌いだ（笑）
1	朝からもちもちのホットケーキを焼いて仕事前の早起きの母と朝ごはんをした、いい朝でした。 http://t.co/dWU8zF9i7N
0	彼と和解して明日はパークいくぞぉ！気合入りすぎてビンテージミッキーTシャツ買っちゃった❤年パス買ったらリアルに貯金ない。本当にない～笑
0	矢口真里さんが浮気って本当かなぁ。小学生のころかなり好きだったのに（´-`）.｡oO（
0	@kasuminn02 ありがとう❤楽しんできます（＾ν＾）来週も❤
1	ディズニーランド楽しかった☆*:.｡. o(≧▽≦)o .｡.:*☆幸せだぁぁ。パレードって本当に楽しい！！！これから沢山いくぞー！ http://t.co/3YmPoCrgHr
0	ユニホーム！ http://t.co/71AneW1q2f
0	@kanakomaan かっちゃった❤らんどのね（＾ν＾）いこう？
0	今から生まれてはじめて北京ダックを食べるの！
0	@p172u ☆*:.｡. o(≧▽≦)o .｡.:*☆
0	@p172u have fun ♡
0	@p172u ひーちゃんあたしの彼は38歳のおじさん（笑）
1	Twitterがディズニーリゾートに行った記事でいっぱい、みんな好きだよね～❤私も仕事終わりにインパしよっと❤
1	@p172u ひーちゃん、テクわかんないので、彼に聞いたら、ストレートに想いを伝えたらいいよ、駆け引きや、ややこしい気持ち、年齢差は意味をなさない。確かなのは友達(ひーちゃん)の気持ちだよって言ってた。マジレスでごめん（笑）
-1	インパどころか頭痛で会社早退。＿|￣|○がビーン。彼と7ヶ月の思い出が。ガビーン。あぁ今日も辛い痛みだった。疲れた。
1	@fukk_mk いつの間にかいるよ～❤なまぴーの好きなグループのひとなんだっけ？元気？＼(^o^)／
1	@p172u うんうん。ゆきは同世代のイケメンとかには、よくみられたいから上手く自分を出せないけど、彼にはすっごいすっごいありのままだよ〜話たい♡
1	@htsk_rk ポムポムプリン萌え～☆*:.｡. o(≧▽≦)o .｡.:*☆可愛い💕りょこの試合みたい☆*:.｡. o(≧▽≦)o .｡.:*☆
0	@kasuminn02 なんか雨っぽいね＿|￣|○しょぼん＿|￣|○
1	昨日、家族全員に髪型服装メイクメガネ全てフルボッコされた。あたし、ケミカルウォッシュのお洋服が大好きなのに、あんなにケミカルおかしいと言われたらもう着れん。勢いで、美容室電話して、ショートカットにするどん。
0	バイバイ。 http://t.co/2w0jmL3JXB
0	@harupiee 最近リムに行ってないのよう〜！バッサリ！ボブ！
-1	@p172u 勢いで短くなったた❤
0	どのくらい切ったの？っていってくれたこ、この位だよ～ http://t.co/m6RvIVXOwQ
1	@kanakomaan かなこもボブのとき可愛かったよ＼(^o^)／
0	@p172u 大人の女性！！！♡
0	@htsk_rk しゃんぷらくだ❤
0	ハピネス♡ http://t.co/nPTcHqXPzi
1	@sappi1821 あれ、楽しいね（＾ν＾）
1	早く雨ふれ♡届いた長靴はきたい！ http://t.co/lRFB9c2zPC
0	@shoooko_98 イケメン♡でもタイプじゃない（笑）
0	@6machan9 おしゃ❤x-largeドツボ、タイプ❤
0	@kanakomaan 本番が楽しみだよ＼(^o^)／
0	生まれ変わったらプリンセスになりたいよ。本当のプリンセスだよ。愛と平和と幸せに満ちたプリンセスだよ、時には、動物達と歌ったりダンスをしたりするあのプリンセスだよ。実際はただの人間だし動物は苦手だし、オンチだし、ダンスはぎこちない感じになるから次回に期待しまーす。
0	そう、本当はダンスがしたいの
-1	付き合うって大変だなぁ。でも自分のやりたい事、進みたい道の為に頑張ろう。相手の為に生きるより、あたしは自分の為に生きたいって思うけどそれって彼を愛していないってこと？誰か教えてなり。
1	@maki_472 それができたら本当にいいよね。・°°・(＞_＜)・°°・。理想の形！
1	@kasuminn02 ありがとう、かすみ。・°°・(＞_＜)・°°・。大好き、いつもありがとう♡本当救われる。。これからもゆきと彼をよろしく。
1	友達って救い。本当にありがとう(/ _ ; ) やっぱり私が私らしく生きる事が大切だと思う。そうでなきゃ人を愛することはできないもん。
1	イタリアン食べてスタバからの銀座からお散歩から帰り。友達がいちばん❤たのしーありがとぉー
0	@kasuminn02 なにしとる～！まだ家にはいれないの？？(/ _ ; )
0	恵比寿でトロピカルオリオンをのむ、あぁ沖縄帰りたいなり
1	kpopナイト楽しかったなり、田舎もんは一足先にかえるー！都内すみたい、切実です。お金ないのも事実！あぁみんなにメールしなきゃ♥
0	まつえくつけたい！どこでつけたらいいんやあ
0	代々木でフリマしたおー http://t.co/WMCXTchTAl
0	恵比寿でエクストラコールドびーる！
0	@kasuminn02 あ、かすみにストカジばれたなり（笑
0	昨日久しぶりに、飲みたいだけお酒のんで、食べたいだけ食べた。最近お酒我慢してたのよ。今日になって罪悪感で、朝なし、昼キャベツ、夜干し芋にしたのに。二キロ増えてたあぁーーーーぁ。あたし、もうやだー
0	こないだみた、可愛いギャルの言葉を借りるとしたら激おこプンプン丸！
1	今週末は試験なんだ。、わたしの人生において大切なステップなの！絶対受かりたい。でも勉強してない。子供の頃から勉強だけは本気になれない。今日と明日で頑張ろ！受かりたい気合だけは人一倍！（笑）
0	22になって少し諦めたり、社会に揉まれ疲れ果てていたけど、少しおもいだした！19の時の感覚と思い描いた将来！それに数年間の自分の経験値と知恵をプラスして、やっぱり前に進むのに！
1	@u14241 がんばるね！でも勉強しようとするけど、寝てしまう、気合は十分！
1	珍しく元気よ！踊りたいわよ！クラブとかフェス、そんなのいってマリブコークのんでガンガン音楽きいてくるくる～したい～よれよれになりたいー。とかいっておとといも仕事早退したし、おとなしくしますねはい
0	プロポーズする宣言にたいし私実は大混乱！
1	@htsk_rk どうしよう、それが本気なら二ヶ月後。
1	@maki_472 本気だったら夏頃に。。。
0	@kasuminn02 そうなの、されたの、ドッキリぎーーー！
0	@maki_472 あっちゃん、どうしよう、助けてくれー。・°°・(＞_＜)・°°・。
0	試験終わったなり
0	父の日ゲット！
0	久しぶりに夜カフェ@渋谷 宇田川カフェ
1	1時間も彼をまってる早くおさけのみたいよ。涙
0	@kasuminn02 やっと、合流だよー涙。仕事遅かったぁ。涙 なのに50分後に帰るって。涙   かすみ本当楽しかったね〜かすみらぶー💕❤いつもありがとお！タトゥー（笑）！
0	なんか最近超さめた＿|￣|○だめだ、ごめんなさい。海外住みたい。
1	超楽しかった〜久しぶりに地元の友達に遊んでもらった〜皆可愛いし性格本当さいこう明日からまた頑張って生きるぞぉ http://t.co/fFUbHxW666
1	@kanakomaan いってらっしゃい(*^^*)天気よくてよかったね❤
0	ハリポタ展にハリポタTシャツで❤ http://t.co/2FukE1QArR
1	レモンビア超おいしー❤パイナップルバーガーまぁまぁでした。 AS CLASSICS DINER 六本木 http://t.co/OPe3yorHq2
1	@htsk_rk りょこー楽しかったよ！始まったばっかり、9月16日までやってるよ❤組み分け帽子かぶっちゃったぁ☆*:.｡. o(≧▽≦)o .｡.:*☆
1	昨日のハンバーガーからのフリーファクトリーでフランボワビアからのラーメンでまだ胃もたれ。今日口にしたのクッキーのみ。年だ完璧に年だ。
1	@kanakomaan @p172u @6machan9 かなこのガリだけど元気のパワーわけてほしいー！週末楽しすぎてずでに廃人。
1	@kanakomaan @6machan9 @p172u 6勤。。。頑張れー(&gt;_&lt;)！ちょっ。あたしデブで元気ないとか一番最悪（笑）来月会いたいなり。
1	製菓衛生師の勉強のつぎはこれ！逃げてちゃだめだ。夢へのプロセスを明確に。製菓衛生師の試験落ちてたら今年中にまた違う都道府県いってうけよう。 http://t.co/DqEjhqbpLP
1	なれるといいね（＾ν＾） http://t.co/53VDQcatBT
0	ああー仕事かっ。あと8ヶ月で辞める予定だけど、その後自分どうなるんだろ(°_°)それ考える前に今日本社呼び出し(°_°)あぁまだ木曜日。ファイティン！
0	@yukxxxa30 ついに卒業？！お疲れさまー❤
1	サンクチュアリのトークイベント行ってきた～なんか心がスッキリした！オープンマインドかぁ自分の心に素直にいきて自分を信じて。いつも思ってるけど、もっと期待できる自分へ！だね！
0	二週間後はバカンスだから仕事頑張ろう。6日間だけど。一年頑張って働いてるのに、たった6日だけの海外かぁ。365日の中でたった6日だけが私の夢の時間かぁ。
1	ひとはひと。自分はじぶんだよ。やりたいことをやる、その為に今頑張ってる！それでいいのだと自分に言いきかせる！！
0	仕事おわっぴーからの山梨いくどん！
1	@p172u ってか、あたしひーちゃんだったら、めっちゃ可愛いから自分で鏡みてにやけるレベルだし。 ゆき自分の悪口3日間は言える（笑）
0	チェリーハンター🍒 http://t.co/lrD82n6p3R
0	@kanakomaan いくー（＾◇＾）でも、もうさくらんぼのシーズン終わりだってー(°_°)(みんなでどっかいこ❤
0	@kanakomaan ほんとだ！（笑）にゃんで？
0	結婚かぁぁ http://t.co/xKmKEbE1Uw
0	@maki_472 @miiisato0507 しないよ！
0	絶不調＿|￣|○＿|￣|○
0	ショートカットにしちゃおいかなぁ。
-1	大量に下血するんだけども＿|￣|○ 痔なの？病気なの？こわ。痔ってなんか恥ずかしい（笑）病院行きたくないわ。下血で貧血になりそう（笑）
-1	@maki_472 言った（笑）！ 前ってゆき何月くらいに言ってたっけ。・°°・(＞_＜)・°°・。
0	@maki_472 勇気を出して病院にきました＿|￣|○
0	@maki_472 検査しないとわからないけど多分痔って言われたよ（笑）
0	仕事いやだね（＾Ｏ＾）
0	ひとりでラーメンランチ。22夏
-1	仲間の写真展へむかう。はらじゆく。寄り道してなんか買いそうでこわい。昨日スクラッチ外したからダメ絶対。
0	なっきーと友達になったひ http://t.co/gqHbfVbl8W
0	もっと自分のペースで生きたい。じぶんの為だけの時間がほしい！仕事頑張ります。
0	@fukk_mk がんばろ。・°°・(＞_＜)・°°・。
1	親孝行でできることを本気で考える。しっかりしなきゃ、涙涙涙
1	舞浜の地ビールやさんきたあ。グレープフルーツビール美味しい☆*:.｡. o(≧▽≦)o .｡.:*☆ http://t.co/q7sBVvht2d
1	ヒルトンの海のみえる部屋可愛い。七夕ありとうー！ http://t.co/T84L3R7C0g
0	もっかいみたいー💕次は字幕がいいなっ http://t.co/49ftlXjCDM
1	やっば暑いね！熱くてメガネ忘れたー！
0	明後日から旅行だから、心が浮ついてるー！仕事しっかりせねば！
0	@yuuce9ream うける☆*:.｡. o(≧▽≦)o .｡.:*☆
1	@kanakomaan 幸せ☆*:.｡. o(≧▽≦)o .｡.:*☆
0	夏休みきたー♡
0	昨日かみきって～今日はかみをムラサキにするぞ♡もてないわー！
0	日本に帰ってきたよ
1	数カ国に旅をしてきたけど、こんなに強くまた行きたいと思ったのは今回がはじめて！カオハガン島。素晴らしい所でした。人生で一番の旅だー！
0	@yuuce9ream フィリピンにあるカオハガン島だよ（＾Ｏ＾）
0	@harupiee ワーホリ行きたーい☆*:.｡. o(≧▽≦)o .｡.:*☆
0	@yuuce9ream 旅行だよ〜（＾Ｏ＾）セブ島の近くの島なんだぁ⭐
0	香菜子とディズニー♡ http://t.co/ugVMtRchDg
-1	@p172u 切ない〜。・°°・(＞_＜)・°°・。家族旅行最終日？楽しんで！！
0	6日間旅行したカオハガン島はこんな綺麗な星空だった。友達みんなにいってほしい、天国みたいな所だよ。 http://t.co/Pi3ifVkYq5
-1	@kanakomaan 体調わるいん(&gt;_&lt;)？
1	@harupiee すっごい綺麗だったよ〜はると一緒に行けたらなぁ♡
0	@aaachanx_x 綺麗だよね(&gt;_&lt;)都会じゃ絶対みれない星空だったよ！！！
0	今日のディナーデートはここ。フィリピン料理。うっ。うっ。 http://t.co/4SwTeigcQz
1	@p172u うん♡異国臭大好きだけど、デートでここってのが笑えたよ（笑）フレンチとかおしゃんなホテルのバーとか一度行ってみたい。
0	昨日もディズニーの抽選はずれご飯食べてアパホテル http://t.co/LFNZD9z4nl
-1	@kanakomaan しょぼん。・°°・(＞_＜)・°°・。ってかゆきも生理なんだけど、痛すぎ辛い(&gt;_&lt;)和らげる方法なんかない？
0	@kanakomaan 本当だよー。また来週チャレンジ！ やっぱり薬だよね、買って帰ろうっと！
0	あたしまだまだ若いのになあにやってんだかなあ。
-1	つくづく自分は悪いこだ＿|￣|○
0	@harupiee はる(°_°)らぶゆー(T ^ T)
1	講習会疲れた！疲れたばっかいうのは、よくないから疲れた時は熱いっていうって誰かが言ってたから最近使ってる。講習会熱かったし、仕事も超熱かった！最近人生激アツ！
0	@u14241 ゆいに会いたいなり（＾Ｏ＾）
0	@kasuminn02 洋菓子の技術と衛生講習なりー旅でたいよーW(`0`)W仕事やだー💕💕かすみさーん😍❤💕
1	@kasuminn02 おー！すごい！美味しそうにつくれたね☆*:.｡. o(≧▽≦)o .｡.:*☆
0	旅したいよー。・°°・(＞_＜)・°°・。スポンサーつかないかな。考え方甘すぎ？お金たまらんなぁ。
0	自分で紫にしたらこんなになって http://t.co/0u0ETMoPq6
0	次の日には http://t.co/0DOMUTItTK
0	三日後には金にもどり、ひまだからまた染めてみよー
1	@p172u ありがとう💓ロングな人が羨ましい時期だったから嬉しいなり。
0	@kasuminn02 作れない〜（笑） また紫になったなりー！
0	頭痛いなり(T ^ T)低気圧って関係あるのかなぁ(T ^ T)思い起こせば頭痛の日は天気がどよんの日も多いきがしないでもない。
-1	@TgrkRyu やっぱり。眠たいのも？！どうりでいつも眠たいしあたま痛い。
0	@hitagi5335 会社ブラックなの？
0	カオハガン島で婚約パーティーをする友達へお祝いに焼いた。島で一緒にバナナケーキを焼いたジャックリーヌも食べてくれるかなぁ。ケーキ、明日にはフィリピンにあると思うと面白い。パティシエみたいな仕事辞めるのもったいないかなぁ。 http://t.co/BT0tVpZgf0
0	@yuuce9ream ありがとう～💓
1	@keihonda あ、本人さまっ！おめでとうございます☆*:.｡. o(≧▽≦)o .｡.:*☆カオハガンでパーティなんて羨ましいですー！
0	@kasuminn02 ありがとう～💓喜んで貰えるかなっ（＾Ｏ＾）最近辞めるって決めたら辞めるのがもったない（笑）
1	@u14241 ありがとう～☆*:.｡. o(≧▽≦)o .｡.:*☆嬉しい！以外に自分に合う職業なのかも。。（笑）
0	やっぱり仕事向いてないなり。
0	@sappi1821 したい。考え中。
1	ダンスナンバーより、バラードが好きだったけど、やっぱりどっちも良すぎて辛い、Michaelは世界一！！cool！！
0	やっべ、好きだった人に顔が似てる人が目の前にいる、かかかカッコいい、そして、若い。ガン見しすぎて睨まれてしまって中々みれない。カ、カコイイ。辛いわぁ＿|￣|○
0	ふぅ、いなくなってよかった。無意味に緊張。。。
1	@u14241 とっても大事だね☆*:.｡. o(≧▽≦)o .｡.:*☆ゆっくり休んでー！
0	今週末北海道旅行にいける〜ラベンダー畑！頑張って生きよう。
0	http://t.co/HzJoAJR0bk
0	@p172u いたか(°_°)！！ってこないだ話してたひと？
0	来月から半分都民になるよお
0	@sappi1821 彼がね。あたしは居候するんだよ（＾Ｏ＾）
0	@kasuminn02 遊びきてね♡散らかったら別れるよ♡
1	仕事が熱い。チャリどうしよう～5万前後でクロスバイク買うんだけど、悩みすぎてはげそうだ！ http://t.co/8L9F8jiAQy
0	@p172u お金ないけど分割払いで買うよ（笑）昨日サマージャンボかったし（笑）
0	夏野菜サラダつくったよ、はい。誰も食べません。2000円ぶん野菜買ったのに！食べてよ！ http://t.co/8CLXE4Dfpd
0	フィアンセ！
0	@kasuminn02 かすみー(T ^ T)
0	寝れない寝れない。。あたしってなんなの(T ^ T)私の人生どうなるの(T ^ T)。なにかんがえてるの私はぁはぁぁぁ
0	@sappi1821 えー！まだ行ってなかったのに閉店したのね(&gt;_&lt;)
0	@rikkunmm 私も♡
0	外国いきたい
0	漠然。来年またここに泊まる。ラムコーク飲んで島民のギターに合わせて皆で踊りたい、汗だくで。 http://t.co/ThbuO4raqV
1	東京湾の花火やっぱ綺麗だわぁ♡区民のとこで見せてもらってありがたや。 http://t.co/e2ceMnSbqG
0	@harupiee 最高
0	サマソニ～♡♡♡
1	サマソニやばすぎて死んだ♡楽しい！！！！！
1	熱い熱すぎる。仕事やりたく、、、ナイ！！！寝たい寝たい寝たいっわっしょい
-1	家にいたい家ラブ、限界だもう限界だ。眠い痛いだるい、あぁ目黒ついちゃった。
0	ブスすぎて笑える（笑）あたし
0	@kanakomaan おめでとう〜♡♡♡
0	@kanakomaan いつ帰ってくる？友人いこう？話がある！
0	@kanakomaan え、なんだ！！！ 富山で潜ってるかと（笑） 明日はぁぁ？
1	かすみと彼と恵比寿でホルモン♡楽しかったぁぁ、かすみをみると元気がでるわ！
1	やすくにじんじゃ。神風特攻隊で日本のために自ら命を投げ出した私のおじいちゃんのお兄さんに。戦争でなくなった多くの人たちへ。 私は靖国神社に参拝することは大切だと思ってるし、世界が平和になればいいなと(言葉で言ったら軽々しいが)ほんとに願っています。
0	車で大阪むかっとる〜！まだ名古屋だぁぁ☆*:.｡. o(≧▽≦)o .｡.:*☆がんばるぞー！
0	三重県 http://t.co/C31JBlRUHb
0	大阪から帰るぞまじ弾丸。あぁ頭いたいぞ、夏バテ
0	浜名湖よって、浜松で降ろされ、一人新幹線で帰宅。タイヤードすぎ。
1	彼の帰りをまつ間に洗濯回して、クイックルワイパー。それだけなのに疲れた。世の女性達は凄い！仕事しながら家事やる人は尚更すごい。お腹すいたー早く帰ってきてよドラえもん～！
0	@kasuminn02 まだ帰ってこない(/ _ ; )
0	まだかなぁ。・°°・(＞_＜)・°°・。
1	ひっさしぶりに買い物だぜ、やっぱショッピングがストレス発散！今日は好きなの全部買ってよし。お金ないけど、よし。まずは渋谷stussy women♡♡♡
0	タイムリミットだー。・°°・(＞_＜)・°°・。もっとたくさんみたかたのにー！3時までに帰ってどらちゃんの冷蔵庫をうけとらねば。。
0	黒の厚底6個め。一つ買ったら一つ減らして断捨離しよ。厚底本当に、すきだー♡
1	@kanakomaan 　今日かなこハウスゆきもお邪魔していいー？！けいたいどっかいったからツイッタ―！
1	とっても楽しかったーみんな話聞いてくれてありがとうーネタじゃなくて本気で考えねば。。。
0	@kanakomaan 携帯あった☆*:.｡. o(≧▽≦)o .｡.:*☆
0	@6machan9 ♪（ｖ＾＿＾）ｖ
0	携帯あったー！
0	@loveyanenラブちゃん(&gt;_&lt;)もしや、ラブコネで年上の彼からプロポーズのメール読んでくれた(&gt;_&lt;)？若者のすべてリクエストした者です。ちょうどトイレに行ってて、戻ったら若者のすべてが終わるとこでした。ラブちゃんのコメントを聞けなくて残念。LOVEちゃん大好き♡
0	@kasuminn02 have fun !!!!♡
0	自分が何を考えてるのかわからんなぁ。
0	付き合ってから毎朝メールをくれる彼からメールがこない(°_°)10月から今日の間ではじめて(°_°)
0	@kasuminn02 色々あって(&gt;_&lt;)話したいよぉ。もう最近泣いてばっかり。電話もでないし、ラインも読んでくれてない(&gt;_&lt;)
1	何をしたくてその為に今どうしてるのか。を忘れてぽけっとしてる暇はないぞ自分。。。もう23歳になっちゃうよ。こないだおばあちゃんに別れ際、幸せをつかむのよ！と言われたのが頭から離れない。私の幸せとはなにか
1	本当にありがとうと言いたい。心配してくれてメールくれたり相談のってくれたり。友達って本当に有難いよ。彼とバイクでお出かけするぴー http://t.co/8e9nrD2Hoi
0	@kanakomaan 主婦♡
0	@kanakomaan 仕事です。豚汁の作り方教えてっ♡
0	@kanakomaan 味ってなんだろう（笑）だしとるの？（笑）とんじる味噌いれる？（笑）
1	@kanakomaan かなこすご！彼に作ってあげよっと♡
0	@kanakomaan 食べたい♡本当にいっぱい入ってそう。餃子とか入ってそう（笑）  17時すぎまでかな♪（ｖ＾＿＾）ｖ
0	@kanakomaan 予定ありのすけ(&gt;_&lt;)明日一緒いこー♡
0	明日の、ことは明日考えよ〜と、ねよ〜と。疲れてもう。本当にダウン！
0	@kasuminn02 どこにいったのお☆*:.｡. o(≧▽≦)o .｡.:*☆
-1	さみしいなり(&gt;_&lt;) 友達が異国に住み、母国語じゃない言葉を話していること、日本に旦那さんを連れて来てくれたこと、そのおかげで久しぶりに地元の沢山の友達と集まれたこと。親友がもうすぐ結婚すること、友達に赤ちゃんがいてお母さんになってること。みんなが仕事を一生懸命してること。
0	小学生の頃にいってた夢を今でも真っ直ぐ追って頑張ってる子、彼氏がいて幸せそうな子。沢山刺激を貰ってあたしもがんばらなきゃ。さみしくないね、ずっと友達でいよう。私も私の道を進もう
1	別にさよならじゃない！！！大人になっているのだ！素晴らしいことだね。若いっていい！
0	@kanakomaan 香菜子♡♡
0	@p172u ひーちゃん(&gt;_&lt;)♡♡♡
0	@p172u アンタワエライ！ヨクガンバタ！ナイスファイト！グッジョブ！
-1	先生がこわくてまじやだわー
-1	腕にあるでかい火傷の箇所を触っちゃったんだ、したら水ぶくれがきれて隣のサラリーマンのスーツと鞄に水がピチョッんって。本当にごめんね、本当に心から申し訳ないです。だけど、すみません、水ぶくれの水があなたのスーツについちゃいました。ごめんなさいとは言えない。切腹レベル。痛い。ごめん
0	@kanakomaan 買いすぎ（笑）
0	@kanakomaan ってかね、今ディズニーハロウィンのコスプレ迷ってるの！あとで画像おくるからみて！仮装しよ♡
0	@kanakomaan 全然かすわよ（笑）早く買わなきゃ売り切れちゃうの♡日程調べて休みとろ（笑）
0	@kanakomaan 通販！楽天にディズニーのあるの（笑）
1	今日で2013の夏が終わるってことでいいかな。いい夏だったなぁ。毎年いってるけど、最高の夏だったなぁ
0	@harupiee 告白したのお(&gt;_&lt;)
0	@sappi1821 （笑）☆*:.｡. o(≧▽≦)o .｡.:*☆
-1	自分がおっちょこちょいだとかだらしないのか、それとも若年性アルツハイマーなのか心配になってきた（笑）
1	@kanakomaan 週の半分鍵を忘れるの（笑）体調大丈夫？
0	マッサージ行きたい
-1	@kanakomaan @p172u 仕事がんばろう(&gt;_&lt;)！！あたしは今日はじめてアイスの製造をはじめたなり。寒い（笑）
1	自分がとった写真で喜んでもらえるのが嬉しい！
1	@kasuminn02 美味しそう♡
1	海老蔵かっこよすぎ
0	@sappi1821 本当にほれた！眼力やばいね！
-1	眠い寝ても寝ても眠い
0	@harupiee ANNA SUIちゃんお疲れでした♡
1	明日休みだし、急にだぁぁい好きな友達に会えるから元気もりもり！
1	お休みのはずが仕事になっちゃったけど、明日急遽休み♡今日雨だったからラッキー♡明日は表参道のタイガーに早速行って、東京タワーにどらちゃん♡
1	サングリア美味しい大好き〜☆*:.｡. o(≧▽≦)o .｡.:*☆
0	@kasuminn02 すごーい☆*:.｡. o(≧▽≦)o .｡.:*☆
0	岩盤浴きもちかた
0	ミニオンになりたい http://t.co/FDn0lZj6EI
0	自分がやらないだけなんだけど、出来ない言い訳ばかりしてる(/ _ ; )人を羨むんじゃなくて自分が動かなきゃなにもはじまらない。
1	@kasuminn02 珍しい！大丈夫？たまにはゆっくり体を休めてね(&gt;_&lt;)
-1	くそつまらないDVDをお風呂でみた。つまらなかったけど、お風呂に長く入れたからよし！
-1	50にんくらいのカメラ仲間とキャンプ 笑
0	きのうおとといのキャンプ！ http://t.co/Oe1Ny2JIqD
1	iPhoneなくした。。。OFFなのに。。はやく探すたびにでよう、
1	@6machan9 え、これ、かっこよくて引いちゃう
0	@kanakomaan ママ気合い入ってる☆*:.｡. o(≧▽≦)o .｡.:*☆
0	父、ギター片手に西野カナを聴き弾く。
0	ハロウィン1 http://t.co/EgNtMRqsQq
0	ハロウィン2 http://t.co/eIiZQFTfiB
1	おわり、ハロウィン楽しいかった♥記念日なのでミラコスタでディナー♥
1	@kasuminn02 ありがとう♥なんやかんや一年付き合ったよ（＾◇＾）おめでたい♥はよ会おう♥
0	@kanakomaan おかえり♥
0	坂本ファンだけど、楽天で応援 http://t.co/U5zZk3qDPO
1	@u14241 巨人逆転したね！坂本かっこいい♥実家にすんでいるよ！
0	@u14241
0	朝からお寿司屋さんごっこ笑 大量のいくらちゃん笑 http://t.co/oKi4s2rDqb
0	@kanakomaan 会おう！今週来週いつ会える？(((o(*ﾟ▽ﾟ*)o)))
0	@kanakomaan 早速か笑 甥っ子の家にいくから夜ならOK!!!!
0	@kanakomaan いぇーい♥ありがとう♥
1	@kanakomaan バンズかわいい♥
0	誕生日にお祝いしてもらう予定がキャンセルになるのはじめて。やることがなにもない誕生日はじめて  ひとりでディズニーランドにでも行こうかな。誕生日にはじめてひとりでディズニーランドに行くとしたらなんか泣けてくるから、誰にも言わずにインパしちゃうよ。
0	@kasuminn02 彼が仕事になってしまい、ひとりぼっちになったの笑
0	LOVE♡HARRY POTTER！！
0	めっちゃムカついてたけど、ぎろっぽんデート笑
0	いまから横浜いくぞー http://t.co/ZM4XiXg0rN
0	2時間こいで到着！おまたいたい
0	@maki_472 東京からだけどね、またアレになりそうだったわ笑
-1	@kanakomaan おまた裂けるかとおもた笑
0	@u14241 そうだよ笑 乳酸たまりまくりでした笑
1	今月フィリピンの子とディズニーランドに行くの♡彼女のすんでいる島にはは電気ガス水道がないの！島には自転車も車も電車もないの！そんな所から日本にきていてディズニーXmasを一緒に満喫できるなんて幸せ♡絶対楽しんで貰える1日にするぞー
0	がんばって岩盤浴に毎週通ってるどぉ！
0	なんも欲しい服がねー 渋谷
-1	ミラコスタで結婚式の夢は諦めた！高校生からの夢だったが笑 そんなものより私は海外に行きたいのだ。貯金なんてないよファイヤー！まg貧乏すぎて笑える。今季2年前のアウターと3年前のヒートテック着て過してるからね笑 お洒落なんて金の無駄だと言いきかせるぜファイヤー！
-1	自分の無力差が情けないなり(｡-_-｡)こんな23歳(｡-_-｡)だれのためにも自分のためにもなっていないなり。
1	昔からふじもんすきなんだよね。優樹菜とふじもん17歳の差と聞いて元気でるわ〜笑
1	うんこ偏頭痛から復帰した（≧∇≦）嬉しい♡今日はかすにゃんとデート♡
-1	今日、会社に、ブラジャーしてくの忘れた。スースーした。軽かった笑
0	レジでお財布わすれたの気付いた。レジよお姉さんごめんね(u_u)あたしはサザエか。本当にぼけてきた。
0	@kanakomaan 自分でもびっくり。なんか、スースーした笑
0	@kanakomaan なにそれ笑かわいすぎ笑
0	@rikkunmm そのあと、お財布忘れたのを忘れて、違うお店でお洋服試着までしちゃった。。
0	ヨガ気持ちかった！
-1	朝寝坊して、超貧乏性なのに、タクシー、ざけんな、彼は電車止まってるらしくこないよう。ざけんな。富士山綺麗最高♡化粧ちゅうとはんぱざけんな。ディズニー行くから嫌なことは忘れましょう！ざけんな！
0	FUCK!!!!!
1	ディズニーシーくそ混んでたぴ。 オフィシャルホテルの最上階に泊まったなり、もう、こんなことはないでしょう！
1	久しぶりに飲んだぁ、一人の人の飲み企画に90人くるってすごいなぁ、人脈。。。楽しかったぁ
0	若返りとセクシー！
0	@kasuminn02 プレゼントやったね(*^_^*)♡検査はどうだったかなぁ(＞人＜;)
1	目の前にいる男の子、両手でひとりじゃんけんしてる。。可愛い♡
0	コストコなうー http://t.co/nJGurnqSZr
0	@yuki1107emma かなこにポテトヘッドのおもちゃ買おうかと思ったけど、なんかもうもってそうでやめておいたよ（笑）
0	お母さんがラザニアをザラニアって言ってる。
0	@6machan9 来週でぃずにーだよ、まーちゃん、頑張って生きようぜ！
0	ひとりご飯だよートマトバジルパスタ。以上。 http://t.co/nLGDbweY8e
1	@kanakomaan 可愛いよね♡お気に入り（≧∇≦）かなこが引き出物でくれたお皿は今日デビュー戦だったよ（≧∇≦）ディズニーで揃えるとテンションあがるぅ（≧∇≦）
0	@6machan9 まなみ、ヨガ！
1	@kasuminn02 いえおいで（≧∇≦）ってか昨日たのしかったね♡笑
1	サンタさんへシャネルかプラダでいいから小さいお財布をください。ビビアンのクラッチショルダーもついででいいのでください。まってます。おまけにsk2の基礎化粧品もお願いします。忘れなければ旅行券30万円分も。では当日、お待ちしております。
0	@p172u @kanakomaan 昨日からめちゃくちゃいい子にしてるよd(^_^o)サンタさん間違えてブサイクくれたら嫌だね。
0	アタシッテダラシナイ！
0	きのううんこ楽しかったなー。昨日の今日で仕事だるおもだった。寝よ
0	@6machan9 まーちゃんがリモパしてる（笑）セレブか！！！
0	年末年始どっかいきてーわ
-1	そんなに色気ないのか！(◎_◎;)ファック！むかつくぜ。くやしー！！！あたしだってレディーなんだぞ！！
1	え、めっちゃ泣いてる男いるんだけどどうした&gt;_&lt;何があった？大丈夫か。。。Xmasイブ。
1	自分がすべきこととか考える。自分は一体何者なのかとか考えがちだけど結局は何者でもなく、自分は特別な何かでもなく、宇宙全体からみたらゴミ屑と同じようなもの。だから自分探しや迷走する必要はない、でも、人は自分は特別できっと今に何かすごいことができるとおもいがち。いいえゴミ屑なのです。
0	昨日、巷で流行りの外国人風カラーになった。けど、これじゃ仕事収まらないので、暗くして最後の仕事しよう、真面目なんだわ http://t.co/k6VmDM4YFb
0	炙りやうまったこれでとし越せる家族ラブ
0	仕事納めがんばるぞお！
0	仕事ギリギリ収めれたけど、遊びは収めれず終わった昨日。バタンキューショックです。クラブ行きたい。男とかチャラいとかそんなのの次元じゃなくて、女友達とお酒のんでただふざけたいだけ。全力で踊って絶対楽しいよなぁ
0	@woooody19 @kanakomaan 絵梨子写真とってるのが、うける、顔やばいでも泣くね！全力でおめでとう…&gt;_&lt;…♡♡
0	@sappi1821 さとこにあってぬ！
0	サカナ♡かこよ♡
0	年の瀬にプラダのビンテージゲット♡かわたん♡
0	ブリングリングやっとみるー♡
1	永遠の0すっごいおすすめ！映画大好き♡
1	プレーンズは寝ちゃった。あれはカーズ！カーズのが好き♡
0	@p172u やば（≧∇≦）きゃわい♡
-1	大人になると選択を自分でする、やるもやらないもその選択で人生大きく変わる。人生一度きりだから楽しまなきゃ。なんていうけど私にはその選択が重圧であって、不安で人生を楽しむことなんて難しいのである
0	見えないものにびびってる、ださいね！
0	@p172u ガンバレ（^人^）！！！
0	@harupiee うける（^人^）まけるなはる（^人^）♡
0	スクラッチはずれ。
1	@ogaaaaawa おめでとう！素敵なオトナライフを♡
0	いきなり彼に向かってメタモンって言っちゃった http://t.co/AAwvkDeeih
-1	フィリピン航空今日までセールだったあ半額だったあ忘れてた悔しくて眠れねー
0	カラーラン誰か参加しようよ http://t.co/25AXwjmlh9
0	@harupiee そうみたい！三月に東京ドイツ村であるの（≧∇≦）
0	おばけ！イライラしたから、余ってた紫を素手でそめたぜ、てのひらが紫すぎておちないファック http://t.co/r9wn1ZoD5i
0	@harupiee はしろ〜♡
0	@kanakomaan ありがとう♡原始人なみのガサツ♡
0	@htsk_rk メタモンにみえた♡
0	@rikkunmm ムラサキ！
0	@kanakomaan （≧∇≦）
0	@shoooko_98 がんばれ♡
1	今日からアイスクリーム担当になったせいか、冷えた。仕事やめるのに新しい仕事をやらせて貰って少しありがたいなあ、明日は焼き物担当はよ寝よ。
0	メロンジュース本当すきだわ
0	あやめのケーキ屋さんなう♡
0	@sappi1821 でてないよ（笑）なんの企画だ（笑）
-1	スノボしたいなぁ、寒いの大嫌いだけど、滑り方わからないけど。
1	@sappi1821 いいなぁ！里子に連れてってもらったっきり行ってぬ…&gt;_&lt;…
0	@sappi1821 うん！！！！！！さっちゃんっていまどこでなにしてるのお…&gt;_&lt;…♡
0	@sappi1821 沼っこ♡ってか、金曜日よるひまじゃないよね（笑）
0	@p172u え、なにもう（≧∇≦）おめでとう〜♡
0	@sappi1821 仕事なのかに？暇だったら飲みいこ〜って思ったの（≧∇≦）
0	@sappi1821 5時（笑）
0	@sappi1821 さとこの彼に会いたい♡
0	まじレボリューション！
1	@kanakomaan 愛してる！
0	@kanakomaan 友人友人インド友人友人インドで行こう！
0	@sappi1821 ポケモンわかんなくて検索しちゃったじやん（笑） 今日はあれだ！ 来週空いてる日ある？^ ^
0	英語留学かぁ名前はカッコいいわなあ
0	愛の形って様々よのお〜
0	カラーしにやっといくでござる
1	@sappi1821 普通の茶色？にしようかな、さっちゃんお誕生日おめでとう♡ 来週の土曜日か日曜日の夜はいかがおすごし？
0	どっちかのみいこ♡日にち調整してるからちょっとまって^ ^
0	久しぶりにクラブイベントいくでござる、お洒落な人をみつけるんだよーお洒落な人ってこわくて苦手なんだよなぁ
1	@kanakomaan 幸せ♡
0	仕事やるきまじない http://t.co/FLdAF4D6nT
0	@sappi1821 土曜日は？^ ^
-1	今年は仕事をやめる。海外旅行にいきます、短い留学をします。少ない貯金を全部使います。本当に人生後悔したくないんやー
0	@sappi1821 ワーホリにいく貯金 ない(＞人＜;)でも行けたら最高って思ってスクラッチ買いまくってる（笑）
0	@sappi1821 土曜日どこでのむ☻？私5時に仕事終わりまする！
0	@harukun0219 ありがとう！今年は少しずつできそう、がんばるね（＾∇＾）
-1	@rikkunmm 一ヶ月くらいだけだよ(^O^)
0	写真展の準備。ドキドキ
1	このこかわいな http://t.co/uv1JORvLKt
1	@kanakomaan かわいい（≧∇≦）
0	@kasuminn02 15日から一週間♡絶対みにきて（≧∇≦）
0	@kasuminn02 まーくんときて♡そう、地下だよ(^O^)
0	@kasuminn02 あ、間違えた、一ヶ月！
0	上司と上司の上司に仕事を正式に辞めることを伝えた！なんか、少しさみしい。
0	この次何をするかも決まってないし、収入源もないけど、なんとかしなきゃ！
0	スカイツリーにいったお http://t.co/hTFLwqSYfo
1	@htsk_rk ソラカラちゃん可愛かった♡
0	この肌の荒れ具合やばい。ニキビ祭り、助けてなり。誰か助けてなり。 http://t.co/v0t3nEPipO
-1	かおほんときたない
0	@htsk_rk 肌綺麗になりたいおー(＞人＜;)
1	昨日頭痛ゲロ頭痛ゲロを繰り返し、なんとか救護室まで這い蹲り、死ぬかと思ったら生きてた。ありがたい。頑張って生きねば。
0	今日は搬入なり！
0	浅田真央ちゃん、がんばれがんばれ。
0	中目黒の店員ってなんなのみんなおしゃれなのなんなんやー http://t.co/LXo9Jt5LYt
1	@kasuminn02 ゆきも元気でた！焼肉高級だったね♡おいしー♡ありがとー♡
1	小旅行♡幸せだ http://t.co/h6MsVal0eR
1	@kasuminn02 館山だよ♡ おお、よかったじゃん、なんでなんで？
0	@kasuminn02 ってか、彼また寝ちゃったし、まじセックスレス笑
1	@kasuminn02 こんなに若いのにセックスレスとか終わってるわあたし  空いてる日がわかったらメール返すね！早く聞きたい（^人^）
0	土曜岩盤浴 火曜ヨガ 水曜ヨガ 木曜プール あたしがんばれ
0	キャワやなぁ（≧∇≦） http://t.co/eHuDlBHYDM
0	@hitagi5335 わお∑(ﾟДﾟ)意識高すぎwwファイツ
0	@rikkunmm 久しぶりに頑張ってるんだよ（笑）
1	@kanakomaan 幸せやな♡
0	同世代の女の子達が色んなジャンルで活躍してるのをみてると凄い、なんかもう！！ なんかもう！私ダメだ。ダメダメ！もう23歳になってしまっダァァ
0	@kanakomaan みんなで会いたいね・°°・(＞_＜)・°°・。
0	5月からニート！職探すの巻 http://t.co/GiCR7yiShK
-1	サンローランのバック欲しい。涙。でも貧乏なのさ一生貧乏なのさ、きっと。
0	@p172u お金が全てじゃないってわかっていてもほしいお金欲しいサンローラン、シャネル、プラダ、、、、、、。
0	RT @EmWatson: Wonderland. Out February 7th. Afro Prada Bruiser or Elf Alien Queen. Your pick. #NOAH @wonderlandmag http://t.co/lVkjCwCAyH
0	エマワトソンパーフェクトすぎて辛いわ、かわいすぎる。
0	@My_nameis_me 切るんだ♡写メね♡
0	カラーランなうー！
0	@6machan9 真奈美これからがんばろう（≧∇≦）！！
0	@My_nameis_me めちゃカラフルになったよぉ！ノリが若かった（笑）
0	http://t.co/rzJZ9TQt75
0	カラーランこれは盛り上がった♡ http://t.co/pznhHMZ74Q
0	思い立って、行動した結果、夜に副業を始めました。中目黒のカフェで一ヶ月お世話になります。プチ留学の為に頑張るモンキー！
1	@p172u かわいい♡ひちゃん、ガンバレ。
0	@kasuminn02 ゆきもあいたかた＞_＜
0	@kasuminn02 少しかわいい（笑）少し怖い（笑）
1	3ヶ月留学することにしたよ。お父さん。の私の一言に父はコメントのしようがないといって即寝ました。 この無言の後に残る空気。小さな頃からいつもそう。父のいう事はいつも正しいけど。私には私の考えがあります。
0	@maki_472 うちらの為を思ってるのはわかるけどね(&gt;_&lt;)でも我慢したり後悔したくない(&gt;_&lt;)
0	@maki_472 うん(&gt;_&lt;)ありがとう、あっちゃん、お父さんにそう言われて、泣きそうだったけどがんばる(&gt;_&lt;)
1	仕事したあとディズニーっていい。いったのおとといだけど。もう行きたい。
0	@kasuminn02 いこうよ♡アフター6でも♡
1	@kasuminn02 あったかくなってきていいかもっ♡
0	明日も新潟なくなった(&gt;_&lt;)ので始めて宇都宮にいくぴ！餃子しかしらんぴ。土曜日から仕事後カフェ店員になりやす。挙動不審の接客を笑に来てぴ〜
0	@kasuminn02 トカゲっていくら？（笑）
0	@kasuminn02 トカゲ、高い（笑）
0	@kasuminn02 なにたべるのトカゲって？お散歩する？
1	はつ宇都宮！早くビールと餃子ほしい（笑）
0	@kasuminn02 コオロギ。。コオロギかわいそう（笑）
0	今日はじめてバイトだよぉ緊張する。吐きそう（笑）
0	@sappi1821 中目黒のカフェで働きだしたよ(^^)
-1	Wワークこんなにきついとは。 即刻体壊した（笑）
1	バイト先のひとかっこよい！！かっこよい！
0	前髪きったら超若返った（笑）周囲との差別化か。がんばろっと！
-1	12時間働いて休憩30分。過酷。涙
0	@maki_472 ファイト！
1	@My_nameis_me 今更写真とりました（笑）若返った。。 さお、、♡かっこいいひとみつけた＞_＜＞_＜＞_＜♡ http://t.co/ZrmJySwZwM
-1	ちゃらんぽらんできるのも、チヤホヤされるのも頑張ってあと一年間？もうダメ？タイムリミット(&gt;_&lt;)年なんで気にせずに、自立して良い年のとり方をせねば。チヤホヤされなくてもしっかり生きて行かねば。おばさんになっても傲慢にならず、可愛いく素直なおばさんでいたい。
1	08-17 18-23 11-23 11-23work 本当眠たいよーーーーー！酒飲みたいマジ昼間からのみたいよ飲みたいよ涙
0	しゃぁわせや^_^
0	誰かいまへんかあ http://t.co/M3odbC3DD4
0	@p172u ♡
1	@sappi1821 いもおとっち＞_＜大丈夫かぁ＞_＜
-1	@sappi1821 こわ（笑）
-1	航空券を買うの本当苦手。怖いし、中国の飛行機で恐い思いしたし、マレーシア航空にのるのも恐怖だし、でもそんなこといってちゃなんもできないけど、トラウマで恐いよお
0	あいとデイビッドがいないパリってパリじゃない＞_＜すれ違い＞_＜涙
0	@kanakomaan ゆきがいく日程がちょうど、2人が日本に帰ってくるの（笑）
1	久しぶりに地元へ帰れるよ〜嬉しいとともに、力が抜けて張っていた気がぬける。体調わるし。。かなこに幸せわけてもらおおおおっと。
0	数えたら明日26日ぶりのOFF。。。涙でそおう＞_＜
1	ワンマンズドリームを最前列のど真ん中でみた。やばい。完全に夢です。今日のオーロラ姫と王子様今までの中で一番美しかった。脱帽です。感激。。。輝いていた、光はなっていた。同じ人間なのにな。素晴らしい
0	あと会社4回カフェ3回！！！ http://t.co/JDo8pLt0t5
0	@harukun0219 ありがとう！30以降暇だから会おう♡♡
1	フレンチ♡数回しか食べたことないけど好き♡ http://t.co/YMJW5hDfF0
1	副業カフェバイト今日で終了〜アウトロー気味な人達とお仕事が出来て本当に良かった。憧れのカフェを経験できてよかった、良かっただらけ。本当にありがたや＞_＜
0	かわええ http://t.co/U4uDpZU0EZ
0	五反田で壮行会開いてもらった！ありがとう♡もうちょっとで出発だし、頑張るぞー！！ http://t.co/VE0B5EArm8
0	今日でパティシエ業最後だ！うぇーい http://t.co/6dWHrmrGJk
0	@kanakomaan ニートになりましたー♡
1	@6machan9 @kanakomaan ありがとう♡清々しい気分です。
0	@harukun0219 ありがとう♡これからはゆいがお仕事だね！
1	@harukun0219 偉いね＞_＜♡
0	@harukun0219 3日の昼間はどお＞_＜？
-1	@p172u かわいすぎて辛い＞_＜
0	@harukun0219 5日〜留学しちゃうー＞_＜今日の夕方あみちゃんとお茶しますがいかが？
1	@harukun0219 あ、日にちじゃなく時間か（≧∇≦） それなら大丈夫だよ（≧∇≦）
1	毎日通った中目黒がもう懐かしいわ。lifeみたい、金ない＞_＜
1	@p172u かわいかた♡ひちゃん頑張りましょうね
0	@kanakomaan どっちなんだぁぁぁぁ（≧∇≦）
1	出発前に友達に会えて嬉しい（≧∇≦）3ヶ月セブでがんばるぞー！！！
1	@p172u ありがとう＞_＜嬉しい♡がんばる♡
0	@htsk_rk ありがとう！！遼子も頑張ってねー♡
0	@6machan9 明後日だよ〜！！！真奈美のこと応援してるよー！
0	よしいくぞー！みんなの励ましの言葉が嬉しい！真っ黒になって帰ってくるよー！
0	一週間南の島での〜んびり過ごして、昨日からセブに移りましたよー！wifi繋がりましたー！ http://t.co/KmicXz31Kc
0	@htsk_rk 友達と2人だよ！！！！(^^)
1	@harukun0219 ありがとう、早く会いたい！！！！
0	@kanakomaan ありのままで！
1	カオハガン島に戻ってきた。 フィエスタがあるらしい。子供たちも夜中にセクシーに踊るし、大人も人の目気にぜず躍りたいように踊るし。ジャンルなんてないし、空を見上げれば満点の星だし、本当に気持ちがいい。普段はなにもない島なにのに！ http://t.co/cnrtmlEXwv
0	@kanakomaan @harukun0219 村の広場全体がディスコなの。地元のこたちみんな連れていきたいよ〜（＾ｖ＾）
1	@p172u いいねいいね
0	@kanakomaan きゃやええか
1	@harukun0219 @maki_472 大丈夫だよ、知らなかったニュース！ありがとうね！
0	@maki_472 @harukun0219 ありがとう、あいたいよー(＞人＜;)
0	@p172u ひちゃん後ろの列の二番目？
0	@p172u ずば抜けてる
-1	@p172u 恐ろしい程かわい
0	女子的フレーム。 http://t.co/c76qcdQlpk
-1	ブスって辛いわ
1	セブ楽しすぎ、TGIF神すぎる、外人とカラオケの盛り上がりようよ、恋愛レボリューションがまじロシアンうけよい◎
1	@p172u 本当かわいい♡
0	姉がラプンツェルグッズを仕事でつくるからチョイスした♡
0	@kanakomaan 子は宝♡
0	バイバイ＞_＜ http://t.co/rMizCJ1h21
0	英語喋れなすぎて皆とご飯いっても結局日本人と話しちゃう！理解不能な英語が飛び交う所に突撃する勇気がない。ってか口が開かにやい。
0	誰がゲイかわからないよおI http://t.co/Fdgb8SdFlB
1	仕事やめて本当に良かった！
1	ホテルで韓国人ファミリーを5組くらいみたけど、一組を除き、皆ママはパッチリ二重まぶた、子供はくっきり一重まぶた。 http://t.co/FE03kdJunJ
0	バルコニー付きのお部屋♡最高！将来はバルコニーのあるお家に住みたい。素振りだってできるよ。ベッタベタのリゾートから帰ってきて、残り二週間セブでがんばるぞ！ http://t.co/xWkncRHmJG
-1	@sappi1821 こわいね
0	@rikkunmm 一緒に素振りしよう^_^
0	来週パリにいってから日本帰るよ、今、食あたりしてるよ、日本帰ったらニートだよ。私に仕事下さい。
0	細い白いキャワ http://t.co/brZDK70LXA
0	@kanakomaan すぐ会いにいくよ♡
0	@maki_472 会おうよ！久しぶりで楽しみだな♡
0	@kanakomaan おなかいたい（笑）
0	暇だぁぁぁぁぁぁぉ！！
0	相変わらずあいこ先輩すきすぎる（^人^）
0	（^人^）
0	@maki_472 （^人^）
0	@harukun0219 ゆいちやん♡ 今の所ニートだから、いつもあいてるよ（^人^） あいこ先輩から連絡きた？8月30日？
1	@harukun0219 了解（^人^）ゆいとはるとあいこ先輩と遊ぶの本当に好きだから楽しみ♡
-1	@harukun0219 あのゆるい感じがたまらん！ありがとう♡ゆいのままのお店も連れてってくり！
0	@sappi1821 がんばれさっちゃん！
0	今からパリに向かうよー！
1	@aaachanx_x ありありがとう♡無事についたよぉ（^人^）
0	パリディズニー♡ http://t.co/tABJqXjaau
1	@kanakomaan もちろんトイストーリーグッズチェックしたよ！でも日本みたいに可愛い感じがなかった！他の物だけどお土産に買ったからね（^人^） http://t.co/Qr9Y6GavpM
1	@RisaPichico お城がピンクで小さくて可愛いかった♡
0	家族や友達にものすごく会いたいけど、日本に帰りたくない＞_＜また仕事しなきゃいけないのが嫌なんだよ（笑）
0	炙りや！！！
0	@harukun0219 ただいま♡月末りよこならしので試合なんだって！見にかない？
0	@maki_472 @harukun0219 31みたい！いえるこ？ りょこがチケットをとってくれそう（^人^）
1	@6machan9 まなみーーーーーーーーーーー！！！！早く早く！
0	@maki_472 @harukun0219 いえるこじゃなくいける子？（笑）
0	フィリピンで100円以下でフローズンゲット♡ http://t.co/WDPQBbdVkG
0	@6machan9 18以降ひま！ニート♡七中の皆と会うのっていつ？
0	@p172u 豚の燻製笑
-1	都内にでるの高いし遠いし420円とかニートなめんなよこの野郎ー＞_＜
1	姉が作ったニャンちゅうグッズが売り出されてるの♡可愛すぎる（笑）おねぇちゃんのデザインが大好き♡ http://t.co/RmzRmZwl00
1	@harupiee めっちゃ可愛いよね♡
0	@rikkunmm 今もやってるのー？^ ^
1	@harukun0219 すごいよね♡早く会いたいなり！
0	@kanakomaan でしょ♡♡午前中お参りしてきた！香菜子と赤ちゃんのことを！
0	@mai_oqlq マイマイ♡（笑）
0	@My_nameis_me きゃわ♡
1	@pimomo12 ももこかわいい！
1	ニートって楽しい（^人^）しばらくこのまま楽しくニートでいられますように！ニートのままなんらかの形で誰かの役に立てれば、これ以上の幸せはないなり。
0	帰ってきたばっかりだけど、もうどっか行きたいよーーーー。
1	麻布十番祭りからのヒルズで串カツ！♡ドラちゃんはいつもハッピーそう♡ これからの人生吸収できるもの全て自分のものにするぞー！オリンピックでるぞーーーー！！！ http://t.co/4Pcm6I1fDC
0	@harupiee ドラちゃん♡
0	さすがに一人でユニバーサルいっちゃうのってきもいですか。
1	ママと銀座のローズベーカリーでエッグなんちゃら食べて貰ったチケットでぷーさん展みて、別れ際に一万貰い、貰ったパスネットで電車に乗り、貰ったチケットで写真展も見てくる。ニートを皆助けてくれる、本当ありがたや http://t.co/zqtErhuYfR
0	初めてテラスハウスみたんだけど、なにが楽しいの馬鹿じゃんって思ったんだけど、最後にロン毛の人がでてきてかこよかた（笑）
1	@harupiee 楽しそーう（≧∇≦）
0	@harupiee どおしたの＞_＜
1	@kanakomaan ストレスためずに好きなもの食べなさい！！
1	@harupiee 大丈夫、忘れないで！still ヤングだよ！ 夢だって叶う！叶え方を一緒に考えようよ！ はるか自身が決断して留学だってできたんだもん！
0	マツエクつけたいなー！
0	@kanakomaan 嘘でしょ＞_＜ ゆきもこころの準備するね！頑張ろう！
0	@u_720 つけたい！みさっとんってアイリストさんなの？
0	@sappi1821 昔食べた！もはやラーメンのスープじゃないよね（笑）
0	@u_720 おおぉそうなの（≧∇≦） 無料とか最高にありがたや♡けど来月から就活するから予定が未定なんだよね。 お店の名前教えてくれる^ ^？
-1	二回目のハロワ！久しぶりに大勢の人。久しぶりに3時間人の話聞いた。辛い、頭痛い笑もうむり、社会復帰とか無理！笑
0	死の秘宝ペンダント絶対かう！！！
1	弾丸USJ！ハリポタ好きすぎて急に年パス買っちゃったよ♡沢山行きたいなぁ♡強気ニート♡ニートいいけど、早く働いて沢山勉強したいので、受かりますように♡
0	@harupiee うん（笑）安かったから買った（^人^）面接明後日だよー！がんばるね！
1	@kanakomaan かわいい♡
-1	まgでポテンシャル！なんといっても英語！英語！！勉強！ 若い子達に負けたくないよ、心底頭悪いけどやるしかない＞_＜ マニラにインドにアメリカ横断トルコギリシャエジプトそれにオリンピック！！！！！！夢は増えて年はどんどんとっていくー！
0	海外行きたいです。。。。。。
0	@mai_oqlq はせちゃん（笑）お疲れ様♡
1	連休ってくそたのしー♡国内旅行もいいもんやな笑 http://t.co/KWMIuKVQRp
1	@kanakomaan 可愛い♡
0	今日から研修やーー！
0	仕事休み♡うれしー！今日デビューの日だったからうれしー♡
1	ヨガにいって仕事だ。うまくはたらけるかなぁ(´･_･`)
0	@KgDhk_5298 韓国人っぽい！
1	昼から舞浜のビール幸せ！
0	@sappi1821 ショックだね…&gt;_&lt;…
0	@kanakomaan かなりショック。ゆきの豊なのに…&gt;_&lt;…
0	23歳最終び。なんもないけどドキドキー！
0	@p172u ひーちゃんどうしたの＞_＜？
1	バイト休みになって、急遽ママとランチして西友でお買い物。夜はお家で私の誕生日パーティー。こうゆうのが本当に本当に本当に幸せ。涙。家族らぶ。
1	今の若い子ってLINEで気軽に結婚しようっていうのね、冗談でもなんでも驚きだわ（笑）おばさんついてけない♡
-1	@p172u 私も。働くことがだるい。
0	@My_nameis_me 前から気になってたんだけど、さおとりえってなに繋がり？(^ ^)
0	@My_nameis_me そうなんだ〜せかいせまい♡ さおもりえもおしゃかわ♡
1	ドーナツ食べるとフィリピン思い出す。せつな＞_＜はやく海外行きたいよーーーーーーー！ー！！！ http://t.co/wCBDr4qSl1
1	新婚旅行で世界一周する知り合い夫婦。普通に羨ましいぜ。。＞_＜
1	@harupiee 年末ジャンボ当てるから待ってて♡♡
1	@mai_oqlq おめめかわいい♡
0	@maki_472 毎日いるから♡
0	@maki_472 ニャス！彼と来て♡
0	@maki_472 がびょん＞_＜ ランドだよ〜〜！
0	@maki_472 ゆきともあそんで♡
0	まじかわボンバー♡やっぱりストリート系がすき♡♡ http://t.co/OFnkj7qvbN
1	I really don't wanna go work today. I'm sooooo tired I have to rest and relax  私もディズニーでいちゃいちゃらぶらぶしたいよう。羨ましいぞ若年層カップル そんな年じゃないよ〜
0	マッサージに行きたい〜〜マッサージに行きたい〜〜足と肩ね、肩こりね。マッサージに行きたい〜
0	EVRISワロタ（笑）
1	@mai_oqlq 早く会いに行きたいなぁ（＾ν＾）
-1	彼を成田でお見送りして、寂しいので友達のクリパに急遽参加するんだが、くそラグジュアリー。ドレスなんてない。earthで4割引のトップスを購入し、今から急いでしまむらへ。他の人は参加費15000円だからパーティーにしまむら着てくるの私だけだろう。公開処刑クリパだぜ！エンジョイ！
0	@p172u ありがとう〜〜しまむらでかった1900円のスカートで参戦してくる
1	@kanakomaan しまむらでいいの買えたなりー（≧∇≦）
1	ちびっこのこと昔苦手だったんだけど、新しいバイトにしてから、ちびっこまじ好きになった♡ちびっこってまじかわ♡すき
1	@harupiee みんなかわいらしい♡
0	@p172u がんばれ〜〜＞_＜ひーちゃん、久しぶりに明日会いたかったよう
0	@kanakomaan @p172u ゆきもそうだと思ってた（笑）たかやなんだ（笑）
1	Twitterお久しぶり！すっごく毎日ひまなんだよ～お金がなくて引きこもり♥暇すぎて大掃除始めたよ～
1	超ファックだよ😵長年住んだ土地がすきだ、家族が好きだ。好きな人とならどこでもいいって言葉は嘘だ。旅行だってどこに行くかじゃない誰と行くかだ"的な言葉あるけど私は逆！ もっと明るい家にすみたいし！とにかくこの家が嫌い。些細なことで怒るなんてもっとファック！はぁスッキリ！！！
0	@kanakomaan かなこ～😵新しい土地が好きになれないし、家がアパートで寒いし暗いの(笑)やっぱり地元がラブすぎる。😅
0	@kanakomaan たかやぱぱだ(笑)
1	今週２回も面接行ったよ～明日は研修だよ～疲れたピーや。しろたんめちゃかわいい癒される。つれて帰りたい♥
1	今朝ロッチのコカドさんといちゃいちゃする夢をみた(笑)コカドさんのこと頭にこれっぽっちもなかったのに夢って凄い！コカドさんのこと好きになっちゃったじゃんか💞💞💞
0	ディズニーランド行きた。
0	@rikkunmm 混んでそう。雰囲気だけでも味わいたいな♥
1	@maki_472 でたー！ラブラブアピール♥♥
0	いまから、初バイトだよー。鬼のドキドキ。がんばろう
-1	ちょっと前までニートだったのにいきなり掛け持ちバイトはきついなりー。朝早いの無理くそん。
-1	@kanakomaanわか♥ 私もミニバスで痛めた左足が最近痛い(笑)
1	毎日バイトでまじファッキュー。かたっぽが休むの日はかたっぽ研修。 お姉ちゃんきてくれて一緒に休憩過ごせてマンモスうれぴー。お姉ちゃん大好き！
0	@harupiee 😊💞💞💓
1	いつかNYのキールズいってみたいな♥♥行きたいところ多すぎる！！
1	彼が優しすぎる！！
0	Kiehl's全商品つかいた♥キールズではたらきた！♥ https://t.co/5hJjz4F3x0
0	@kanakomaan 私の家にもー♥かなこさんたさん♪
1	@harupiee いさちゃんと結婚してよかったよう
1	2015年、Bubble shack のヘチマソープとピカケの香りのクリーム、キールズのミッドナイト～美容オイルが私の中で最高でした♥バブルシャックはカルイアのホールフーズで初めて手に取り、ひと嗅ぎボレ♥バブルシャックもキールズも大大大好きになった年だった💓
0	あと10日！があと5日になり、いよいよバイトあと２日♥♥♥
0	わーい！あとひとがんばりで行徳♥実家♥
0	たのしみ♥ https://t.co/qh4UdMpFeF
1	https://t.co/xkFknHc7YC スキマ時間でアンケートに答えてお小遣い稼ぎしませんか？コチラのURLから登録してアンケートに答えればボーナスポイントがもらえちゃう。抽選で豪華賞品プレゼント！マクロミルならアンケートの数が多くてポイントが貯まりやすい。
1	甥っ子がトイ・ストーリーのハムのことハムのブタっていう(笑)何度も本当は～ブタのハムなんだよ～＼(^^)／って教えてもハムのブタっ！！！！！！ハムのブタっ！！！！！！はい、ハムのブタです。。。強気
1	友達と遊ぶと楽しいなぁ( ≧∀≦)ノ
0	やばまーひー
0	@harupiee どおして～～😵はっちらしくない😰
0	バイトでたまったストレスを鹿児島で癒そう～～♥
0	オリラジ藤森さんって本当にカッコいいよな。。。。
1	成田のジェットスター遠かたー！でも安くおじいちゃん達に会えて良かったな。いい旅だった。一人で飛行機乗るのは確か8回目だったかな､、、。？
1	日光、鬼怒川温泉旅行楽しかったな。行かせてくれた彼にも感謝。幸せや～バイトがんばらねば
0	@harupiee i miss you already....
-1	バイトもう病めたいwストレス溜める代わりに自分にプラスになることってあまりないかも？嫌だと思ったらすぐ辞めれるのがバイト‼‼
1	@pami_kojipa ええ！すごすぎるー！！
0	彼と喧嘩ばかりでストレスたまりまくり！
1	バイト先の契約社員が遅刻ばっかりする！(日本人じゃない)今日は１時間遅れて、5分10分遅れて来る日はちゃんと時間通りに来た！みたいな雰囲気になる。 もし彼が日本人だったら？東洋人だったら？とすごく思うのは私だけ？
1	時間通りにきて働いている３人だけでランチの営業をはじめました。すごく害を被ってるのに私の時給は1000円。謝りもせず、一生懸命働くわけでもなく契約社員は契約社員。
0	呪縛と初恋は紙一重でどっと疲れる私の夢。最近はやっといい経験と思えるようになったかも涙　はぁつかれた。
0	けっこんしたくないひとorけっこんしたくないひとを知ってるひといませんかあ？
0	彼がまじフジモン！♥
1	スープストックトーキョーよありがとう🙇二日連続いってる。スープ食べて元気でる。。。
0	@harupiee 楽しんでえ～～( ≧∀≦)ノ
0	7店舗目のコンビニでやっと見つけた！数日間探し回った～ https://t.co/kjhL1MhiRE
1	@htsk_rk 超ラッキーだ！
0	人生なにがあるかわからんのお！
-1	久しぶりにディズニーへいくううう。行く前から頭痛。涙でも楽しみ！！ポップコーン持参だよね
1	@harukun0219 楽しかった♥けどまだ疲れがとれないよ(笑)
0	@htsk_rk さすが夢の国(笑)私も実は一人でいったことある。。。
0	彼に引っ越しの話しても全然乗ってこない。はぁぁぁぁあ。千葉にもどりたい
0	@kanakomaan 南行、行徳あたりのマンション毎日ネットでみてるよぉ(;O;)笑
-1	肩こりが酷くてどこにも行けない(;O;)肩こりで悩んでる人の気持ち今ならわかるよ。目も首も頭も痛くするのよ、、ピップエレキバンを6枚肩にはる25の夏。。。
0	シャインマスカット食べたい食べたい食べたい
0	@harupiee 毎日お疲れさま！子供に会うと本当に癒されるよねぇ～👼
0	週末の旅行が今から心配で仕方ない。普通は楽しみなのに(笑)体調悪くなるんじゃないかとか痔になるんじゃないかとか薬を忘れるかもとか。。。老いを感じる。。。あの無敵感はどこいったww
1	@maki_472　懐かしい(笑) まだまだよん！会いたいな🎵話たい！！！！
0	@harupiee ありがとう(　・`ω・´)！！思い込む！楽しんでくる！絶対山梨にもいくぞ💞💞
0	とても疲れたなり
1	タイのプーケットのラジオの選曲が驚くほど好みの曲ばかり流れる。。なにこれすご！
1	FNO疲れたけど色々みれて楽しかったな！今はかわいい服着れないけど来年から頑張ろうっと！！
1	はじめて筋子買ってきていくら作った。美味しいないくら💓
0	1、2週間どっか行きたいなぁぁぁぁあ
1	ストレス120%たまったよう、気分だけは、げっそりだしぃぃいいいい😭
-1	@kanakomaan ありがとう～～😢あいたすぎるよ、もう何年もかなこに会ってない気分してきてるよ。もうすぐ仕事やめるから会いに行くうううぅ！！
0	なにもやる気おきないわわわぁ～
0	お肌が乾燥してやばいよ、痛いよう～だれか助けてくれい。スキンケア適当すぎて化石になる。ドモホルンリンクルかsk2使えばいいのかな
1	@harupiee 私も同じネタが好きだよ、あとアジ(笑)
0	はつの草津にいくぞ～💓
0	@harupiee 安室ちゃんのlive行ったんだね～～♪💓
1	風邪もなんとかなおって恵比寿で誕生日女子会からの実家で眠る幸福感💓健康って幸せすぎる～～(笑)
0	明日はリカーミヴェロニカの商品を買いに新宿にいこっと💓💓💓
-1	Sk2の肌診断まじ驚愕だった、、、立ち直れない😭インスタで他の人の結果みても自分のが断トツ悪いよね。。。肌弱いくせに、10代で皆の500倍は太陽🌅浴びて育ったからだ😭色黒も健康的！思考だったから美白と無縁だったけどこのままじゃ本当に妖怪年齢不詳ババアになっちゃう( ；∀；)ぐすん
0	@maki_472 ぜひやってごらん(笑)未来の肌とかいってシミだらけの顔見せられるよ💓
0	ひまだなあ😃♪なにしよなにしよ
1	自己流だけど魚捌くのたのしい💓
1	コスキチ福袋もう頼んじゃった💓去年は買えなかったから嬉しいな💓💓17000円相当が5000円💓
0	38.7分熱が出て次の日の夜に34.9分になった。逆に下がりすぎてなんなの(笑) 5日間も実家にお世話になっちゃった💓このまま永遠にお世話になりたいけどそろそろ帰らなきゃ！🌠
1	クリスマス楽しかった💓💓💓 中々会えない友達やその子供たちの写真とかみんなの幸せな風景もsnsでみれてさらに幸せ、ほっこり🎄✨🚼💓🎅
-1	@harupiee 大掃除おつかれ(笑)なんで彼の家って汚いんだろうね(笑)
1	マツエクも美容室も行きたいけど、どこに行けばいいのやら～～
1	やっぱしキムタクかっこいい💓
0	@maki_472 😍💓💓
1	キールズのミッドナイトボタニカルのクレンジングとアルビオンのスキコンとハーバルオイルゴールドと、クラランスの新しいボディフィットが欲しいな
0	https://t.co/IHRSMzI0Z9
1	今日きもちいいなぁ～～🎨🌄
-1	ほんと散々な数日だった😫寝れない疲れストレス不安でわたしの痔が、、、、babyの病院の前に、行きたくないけど、恥ずかしいけど、恐いけど肛門外科にいこうかな😫、、、すべては愛するbabyの為に！！！！！
1	@harukun0219 ありがとう頑張っていく！こないだはごめんね、赤ちゃんだいぶ元気でてきた！ほんとゆっくりお茶したい😫💝
1	@maki_472 赤ちゃんの元気がないんだぁ😫お花見今から楽しみにしてるよーー！！！！🌸
1	フィリピン英語懐かしい、あの底抜けの明るさ懐かしい😫💞私ももっと楽しもう！なにがあっても笑顔でケラケラわらってたいな🌴🌴🌴
-1	痔が痛すぎてキレそう😵いや。もう切れてるのか私のおしり、本当に痛い、薬もうない、病院近くにない、辛い。ソファーに座るだけで悶絶。本当にはやく治りますように、神様お願いします🙇🙇🙇🙇
0	それと、週一で働くところ探し中どっかないかなぁ😵😵😵😵😵
0	ラゾーナの駐車場代に1600円かかった、色々買ったのに。ムカ！！
1	昨日は大好きな大好きなゆいとキッズとあいこ先輩にあって💓今日は家探し！夢の海が見える(ほんのすこし)家🏡発見！最高かよ！旦那よお願い仕事頑張ってくれ、長生きしてくれ！🙇🙇🙇
1	@harukun0219 うん！次詳しくね！行徳の半分の値段で新築かえる(笑)
0	@maki_472 @harukun0219 5月あそぼうよー💓💓
0	超久しぶりに運転したー！5分くらいしかのってないのに超緊張。停まって待ってるだけでも緊張、はよパパ仕事追われー！それにしても二子玉みんないい車のってるねー🙇🙇
0	ギンザシックスいきたいよー！エルカフェいきたいよー！
0	@harupiee はるかに会いたい😭💓💓💓💓💓💓💓💓💓お仕事がんばって
0	ちょバチェラージャパンまだみてないのにもりもりとあいちゃんどっち選んだかわかっちゃったじゃん、ざけんな涙
1	この48時間色々ありすぎて精神的にきたわー、やっと落ち着いたと思ったら下痢になりました。とりあえずこれからも家族を大切にして生きていこうと思いました。おじいちゃんありがとう
1	春風を感じながら懐かしく思う1年前の二人ずっと言わずにいたけど実は出会った時から同じ気持ち。恋には慎重で臆病な私をあなたは何度も誘い出した。きづけば私も夢中になってた消える事ない愛を信じながら。何度愛した夜もふたり離れた季節も昨日のように思い出すよ繋いで抱いてmakeitlast
0	加藤ミリヤのbetter days 10年前だけどまだ出だし覚えてるわー、たまに思い出しちゃう(笑)高校の時RADWIMPSとか聞いてたけどクラスの人が携帯から流す着うたにに影響されて童子-Tとかなんとかクライムとか聞いてたわー
1	HYも聞いて泣いてたわー。高1のときはじめて両想いになれて、目があうだけで、メールくるだけでドキドキしたり、やきもち焼いたりラブソング聞いたり、本当若い頃ってピュアで最高かよ！
1	思い出に浸ってないで今日もママがんばろう、色々あっても幸せになれて良かった、人生悔いなしだわ、あ悔いあるわ、姉にダウンタウンにあるイオンにいるババアみたいって言われたんだった、ちゃんとします。かわいいママになりたい。本当難しい。
1	@kanakomaan 若い頃を思い出したのよwww最近老けが激しいどうしようwwかなこ仕事もしてて忙しいのにかわいいすごい
0	@maki_472 なになにだれだれ💓？
1	@maki_472 ふふふふふふってなんやねーん🙌🙌🙌会いたいよいつ会えるの今週か来週か再来週会おうよー！！！💓
