0	世界　　#せって打って三番目にでてくる単語があなたの本質
0	浴衣着たかったぁ(´・ω・｀)
1	集中力の限界がきたときってどうすればいいのかな？
0	グレコ55kg長谷川選手、準々決勝で敗退
-1	銭婆「千尋？大層な名前じゃないか。今日からお前はエロだよ！」
0	交流会主催者「浴衣で来た女の子は500円割引しちゃいます！」　 つまりその分は男が割り勘で負担しますということ(´・ω・｀)
0	ちょっおまっ！　#私がリアルでよくいっているセリフを晒す
0	人間を突き動かすのはエロですよ
-1	福島のＤＶ対応とか見てると、警官になるようなやつはイジメてた側の人間てわかるよね。  ただの権力欲で警察やってるだけで正義感なんてカケラも無いのが日本の警察
0	食肉　#2文字でときめかせてみろ
0	Facebookのあいさつ機能って何がしたいの？(´・ω・｀)
0	自分の限界に挑戦したい･･･　http://t.co/tfQkzgBg  #KFC食べ放題ツアーin大阪
0	なるほどね、紅白入場でお年寄りと若い人がセットで出てくるのは、階段滑り落ちないように支えてるってわけなんだね。 　#NHK紅白
0	SKE口パクだったな　#NHK紅白
0	男の身長と女の経験人数の自己申告は信じてはいけないらしい。
0	とりあえず男は靴脱がせて自分と比べてみろ、身長がわかる。女の経験人数は･･･おっとこんな時間に誰か来たようだ。
0	隊長もう少し下がってれば助かったよね ＃バイオハザード
0	チェックメイト･･･！(ドヤァ　＃バイオハザード
0	ストーリー上まったく警察官いらなくないか？　＃バイオハザード
0	しばらくリサほっといて欲求不満だったんじゃないか？　いきなり襲うなんて･･･て思ったら妹だった　＃バイオハザード
1	鈍器の方が強いなw　#日曜洋画劇場 #バイオハザード
0	やっぱり日曜洋画劇場だと途中途中カットされんのね。　#日曜洋画劇場 #バイオハザード
0	レインの声は江戸川コナンか？　#日曜洋画劇場 #バイオハザード
1	ミラの太ももに挟まれて死ぬとか安楽死　#日曜洋画劇場 #バイオハザード
0	本日のホモ映画　#日曜洋画劇場 #バイオハザード
0	帰ったら男と一発やる(迫真）　 #バイオハザード
0	ミラのベッドシーンやばし　#日曜洋画劇場 #バイオハザード
0	レイン空気読めねぇな　#日曜洋画劇場 #バイオハザード
0	何で列車内で抗ウイルス剤打ってあげなかったの？(´・ω・｀)　#日曜洋画劇場 #バイオハザード
0	ハリー「まだ俺のバトルフェイズは終わってないZE☆」　#ハリポタ
1	久々にロードショー？観てるけどＧＩジョー面白いな
-1	GIジョー観てるんだけどさ、自回作予告にイミョンホン出てるから今作では死なないというネタバレやん。ひどい(；´Д｀)
1	ゆっけ さんにぴったりの水着は こちらです↓ http://t.co/vbQIKRiD3P  http://t.co/kxPRQ3C8gy  水着･･･？
1	ボクシング、亀田三兄弟だったら和樹が一番かっこいいよね？
0	RT @shoko55mmts: ちゅ http://t.co/xy16QIgugy
0	ムスカ「3分待ってやる！」　6発の弾丸をその間補充していることになると、一発辺り30秒か･･･素人か
1	ドコモ加藤社長「iPhoneの素晴らしい世界をお楽しみいただけると確信」 http://t.co/5Uk2nHS6yG @RBBTODAYさんから
0	【マンボウの死因が弱すぎて都市伝説級という件】 ・朝日が強すぎて ・水中の泡が目に入ったストレス ・海水の塩分が肌に染みて ・前から来たウミガメにぶつかることを予感してのストレス ・仲間が死んだショック
-1	マンボウの死因いろいろ】 「ほぼ直進でしか泳げない→岩に激突！→死」 「一気に海底に潜水する→うわ水めっちゃ冷たい！→死」 「日向ぼっこ→鳥に突かれる→化膿する→死」 「日向ぼっこ→寝てたらいつのまにか陸に！→死」 「体内の寄生虫を殺すためにジャンプ→落下して水面に激突！→死」
0	休校　#台風で飛んできて欲しいもの
0	181  #身長と年齢を晒すとrtされるらしい
0	ふなえもんのことも忘れないであげてください  ＜雑記帳＞非公認キャラ「ふなっしー」と市長「和解」へ（毎日新聞） - Y!ニュース http://t.co/u2EvVZWHpL
-1	RT @haa_cha: 私身長155くらいで今体重が50くらいなんですよ。155で読者モデル級の細さになろうと思ったらあと10kg減らさなきゃいけないんですけど、それってつまり体の5分の1を失うってことなんですよ。やばくないですか。体の5分の1失うってやばくないですか。片足切…
0	女子は何と戦っているんだ&lt;RT
0	@mk_mrlbr おっさんや！
1	外ランニングしたら二つの影があって、カップルかと思ったら抱き合ってる男２人で、┌(┌＾o＾)┐かと思ったら組み手っぽかった。良かったヽ(；▽；)ノ
0	やはり東京は何かの力に守られてる気がする  【台風速報】台風27号さんの神回避はじまったｗｗｗｗｗｗｗｗｗｗｗｗ http://t.co/jL7cHNWMfX"
1	まぁ海外で働きたいって人の話だよね。TOEIC だけなら自宅勉強で余裕だし  「ノースキルのまま就活突入」で大丈夫？　普通の中堅大学生の英語チャレンジに学ぶ (2/2) : J-CAST会社ウォッチ http://t.co/wGrLxGAIwq @jcast_newsから
0	隠語になってない。予想つく  IT業界女子の「合コン隠語」辞典 #R25 http://t.co/l35BPAasCI
0	ついに…！  / “ＬＩＮＥが14年夏東証上場へ　時価総額１兆円規模　　：日本経済新聞” http://t.co/c3Ge9kTspf"
1	歯医者にかかろうと思ってたら数多すぎだよね。だけど予約すぐ取れないことが多いから適性な数なのかもしれん
0	RT @test58215983: ディズニーがコミケに初の企業参加 http://t.co/gfeqgE14oa
1	ディズニーがコミケってまた凄い人数の客が来ているのかと思った。 ディズニーがコミケに初の企業参加 http://t.co/o7KYeuCZYQ @RBBTODAYさんから
0	マックポーク150円とかふざけてんだろ・・・期間限定とは  #mynavinews 「マックポーク」が期間限定で復活!「ダブル」も発売 - マクドナルド http://t.co/skeSqWTMR7
0	@mucho 子供が家事に協力的だといいですね
-1	謎のプリンスやってる。最初らへんの露骨な大人描写がくどい
1	確かジニーはディーンと練習で付き合ってるんだよな。本番のハリーのために･･･何かドロドロしてるぞ謎のプリンスは
-1	勉強の疲れなのか露骨な恋愛描写にウンザリするので勉強して寝よう #ハリポタ
0	金曜ロードSHOW! ハリー・ポッターと謎のプリンスにチェックイン！視聴認定バッジをゲット！ #ハリーポッター - https://t.co/SC3sDCRHpA
-1	"@nhk_news: 殺害された女性の元同僚が自殺 東京・大田区 http://t.co/tcK9FWnKOy  #nhk_news"  なんで東京西端の大田区で殺人犯した後、わざわざ東端の葛飾区の新小岩駅まで来て自殺すんだ。迷惑過ぎるわ。
1	後に聖人となる罪人が、何十年がかりで法が大好きな警官の厨二病を治したら橋から落ちて自殺  #オススメの映画をシンプルに説明だけする
-1	スケート見たくてとりあえず巨人VS楽天見てたけど、塁審が誤審しててワロタwwこりゃ巨人ファンおこだわ
1	去年の加藤のときは「審判も人間だから仕方ない」 今年の藤田のときは「ビデオ判定取り入れた方がいい」
0	ハロウィンは悪霊を追い出すために行われて、子供が魔女やお化けになるっていう風習だったのに、どうして大人による血だらけナースみたいなホラーコンテンツになったんだ。どう見てもお前らが悪霊。
0	Facebookのアメリカの友人もホラー系仮装になってたから調べてみたけど、どうやらイギリスからアメリカに伝わった時に民間行事となって宗教的な意味合いなくてって、そこから日本に伝わってきたのね
1	RT @cynanyc: おっ、関西版にビブグルマン登場か。ってことは東京版にも入るね。星が特別な日の一店なら、ビブは行きつけの名店。日本も成熟した大人の街になったと認められた証し。／ミシュランお薦め「1050円で絶品ランチ」その味は http://t.co/hsEccUpl9g
0	俺の股間がハロウィン 俺の股間が避難勧告 俺の股間がFacebook 俺の股間が平常 俺の股間がホラー  #は行の前に俺の股間がをつけてみる
0	RT @raptorla: 友人Aが友人Bに言ってた「お前大学在学中に童貞卒業できなかったら最終学歴が童貞になっちゃうじゃんwwwwwwwwwwwwww」って煽りが忘れられません
0	ゆっけはモテません。 #shindanmaker http://t.co/xHLvphyE5C
0	RT @tatsuki5269: ふとFacebookをみて、「マクドナルド理論」なるものがシェアされていて笑った。「ランチどこ行く？」と仲間内で悩んでいるときに、「マクドナルド行こう」という言うと、途端に全員が代案を次々出すようになるというもの。「想定される最低の選択肢」を提…
0	"@47news: １０月の就職内定率８１・７％　大学生、前年に比べ改善 http://t.co/tkp3UOqwKv"  残りって就職決まってないけどやる気ある人でしょ?どうせ諦めた人は入ってないんでしょ
1	どうせカップル共のハロウィンなんて   彼氏「トリックオアトリート♡」   彼女「お菓子ないから…イタズラしていいよ♡///」   彼氏「よおし！今夜は寝かさないぜ♡」  彼女「もう！♡♡ ///」   とかやってんだろ。 お前の顔に穴開けてかぼちゃの被り物みたいにすんぞ
0	RT @tomokiy: 先日とある劇場の支配人が「表現したい人がたくさんいて、それを観たい人がぜんぜんいない時代」と言っていた。
0	RT @mucho: 悲願がついに！今週末の土曜日、明治大学の学祭「明大祭」で講演してきます！タイトルは「”主夫・主婦”志望の学生向けキャリアプランセミナー」。大学生向けに主婦・主夫になるための情報をマンガなど織り交ぜつつプレゼンしてきます。シュフ希望の学生が胸を張ってシュフに…
0	@mucho 予約とかいりますかー？
0	"@nhk_news: 新宿で路上強盗 ３０００万円被害か http://t.co/dEHJvqEcao #nhk_news"
0	@nhk_news 残念。ガスケ強いなー
0	RT @dennou_kurage: 居酒屋のクーポンに「入店までに提示」とあるのだが、入店しなければ提示できないのではないだろうか…。
0	RT @watabeeel: SIerブログ : NEC、営業益９９％減　最終損益２６１億円赤字　ついに株価が沖電気すら下回る http://t.co/Wt1ZWmxLTr 営業利益3億ちょいなのがまずやばい
-1	RT @rikeigf_bot: 絶対に「LaTeX」で画像検索しちゃダメだよ。
1	RT @mucho: 手の形だけは誤魔化せないが、正直脳が混乱するわ。可愛すぎる… RT @hamusoku: 2000RT ミス筑駒のレベルが高すぎて吹いたｗｗｗｗｗｗｗｗ※ http://t.co/0elpeosgrl
0	RT @nhk_news: 東急ホテルズもメニューと異なる食材 http://t.co/sCMQT0MfLb #nhk_news
0	RT @ma_ru_kin: 「就職したいの？仕事は選ばなきゃいくらでもあるだろ」というのは「結婚？日本の戸籍欲しがってる奴いっぱいいるだろ」と同じだと気付いた。
0	ゆとり #ゆと打って最初に出てきたのがお前の武器
-1	RT @yarimancrew: やられたらやり返す？うるせーやられる前にやれ（笑） http://t.co/fDEH4Per70
0	京都木村屋本店 京急川崎 #hotpepper http://t.co/OjfrEB4J1E もつなべ きむら屋 川崎仲見世通り #hotpepper http://t.co/A50ljpSI5F
-1	甘太郎 川崎駅前リバーク店 #hotpepper http://t.co/HiJqxAUlM8 ぐるなび - 欧風ダイニング＆アクアリウムバー Marlin bar http://t.co/fwblHozuso #gnavi
0	この時期３年生向けの社会人によるセミナーがあちこちで行わてるけど、サクセスストーリーなんか聞いても役に立たないよね
0	ルパン楽しみにしてた。早速良い女が退場して悲しい
1	正直カーミラが見たくて観てた人多いんじゃないか･･･早くも退散　#ルパン三世
0	やっぱあの秘書峰不二子か･･･　#ルパン三世
0	@333shoku フォローありがとうございます。東京です。よろしく！
0	TOEIC中に前の人の上着が俺の文房具を薙ぎ払った時はどうしてくれようって感じだったよ。あと女性の声聞き取りづらかったよな？
0	@333shoku 学生イベントってどんなことやってるんですか？気になる！
0	電車内で屈強な男二人に挟まれ文字通り肩身が狭い
0	12月入れば就活系のアルバイトが始まるはず
0	RT @mucho: でもとりあえず今の時点で妻が死んだら国民年金からも厚生年金からも遺族年金はゼロ、という現実は改めて突きつけられました。ちなみに僕が女だったら、国民年金の方だけで778,500円＋子供一人につき224,000円だから年間1,226,500円もらえる。これに加…
0	RT @nhk_news: イト－ヨーカドーなどの飲食店でも虚偽表示 http://t.co/xZmHf0JU2i #nhk_news
0	@fukazume_taro 直読みだとオランゲランゲですよね？RをMに変えると...
-1	後輩が「先輩オススメの企業ありますか？ 」て聞いてくるけど、それはあまりにも乱暴
0	RT @nhk_news: 女性殺害 復縁迫った元交際相手 関連捜査 http://t.co/qXIppSmNUJ #nhk_news
0	RT @nhk_news: 女性殺害 元交際相手か 八丈島で身柄確保 http://t.co/2p4UNBYEYg #nhk_news
0	RT @nhk_news: 女性刺殺の疑い 元交際相手を逮捕 http://t.co/18Fajb7Fus #nhk_news
0	@fukazume_taro そんなものが...
1	RT @campus_daisei: 試験前にｺﾋﾟｰ機に群がる奴って何なの？  ScanSnapでPDFにしてDropboxで共有すればよくね？   って言ったら、   「はぁ何言ってんのかわかんねwキモオタかw」   って言われて泣きそうになった。
0	RT @cynanyc: ワイドショーですね。 RT @okadahironori おいおいおい。 RT @WBJPPP こういう情報操作は放送法上問題ないのかな？ RT @84bko 【特定秘密法案】報道ステーションでインタビューをうけた一般庶民が仕込み http://t.c…
1	明日と来週TOEICだな。早く終わらせて簿記の勉強したい
1	RT @diamante_0129: ウイスキー飲みたい！ #mynavinews 上質なウィスキーが1杯200円～　六本木で大人贅沢な飲み比べ http://t.co/qlrYLVgwry
0	大学のトレーニングルーム、半分は筋肉男の主戦場、隣は女子がキャッキャダンスの練習してて同じ建物に思えない
0	最初は目の保養と思ってたけど、筋トレ楽しくなってくるとうるさいと思うようになってしまった
0	@dennou_kurage ブログいつも読んでます。これから社会人になる者ですが、読んで労働について考えてみたいと思います。
0	@fukazume_taro 任せてください
0	RT @parosky0: Facebook が「同情」ボタンを新設するかもって話だけど、これ導入されたら「○○さんと交際中です」に対して同情ボタンを押しまくるタイプのいじめとか流行りそう
0	RT @o2441: 「メーテル、見て！党が分裂してるよ…あっちは大量の離党者が！」 「それだけではないわ…鉄郎…年末は政党助成金の交付基準日があるから、もうすぐ５人の新党が沢山生まれるはずよ…そうやってお金を集めないと政治家達は生きていけないの…。結局はお金なのよ…今に分かる…
0	RT @mucho: スレタイで爆笑 RT @cplg_matome: 暇人速報： 【前代未聞】マンデラ氏の追悼式典の手話通訳の男がただ適当に手を動かしてただけだったことが判明 http://t.co/cRBKEfRoLx
0	RT @dennou_kurage: 本当に経営者目線を持ってもらいたいなら、株を渡すとかストックオプションとかで、名実共にその会社の所有者になってもらうというのが普通なんじゃないでしょうか。
0	@fukazume_taro 襟巻きって何...？
0	友人(女)が、「クリスマスはねー、彼氏いるってまだ友達に言ってないから、友達の家でリア充爆発しろ会に参加するんだ」って言ってて戦慄している。かわいそうはつくれる！＼(^ω^)／
-1	首痛くて接骨院行ったら筋違えてるって言われた。患者になったわけだけど、接骨院ってエロいイメージしかないから複雑だよ
0	"@nhk_news: 餃子の王将社長 撃たれ死亡 http://t.co/ixcOlyybBq #nhk_news" どういうこと...
1	@fukazume_taro 「サンタはいる、けどうちの家には来ない」が正しいです。嘘はついてない。
0	@_chizuring_ @fukazume_taro タートルネックセーターのことなんですね。この名前から想像できない感じが何とも...襟巻きは「襟にまくものかな？」て予想はつくけど(^_^;)
1	RT @nhk_kokusai: 【婚活】日本を上回る早さで少子化 が進む #シンガポール 。政府の主催で５００人が参加する「お見合いパーティー」も開かれました。日本式の「街コン 」も人気です。#街コン #婚活 #少子化 　http://t.co/5OlB11Nh0m
0	シンガポールの学生が恋愛出来ない理由はわかった。でも日本の学生は成績や就活よりも恋愛優先してるのに何故晩婚化してんの･･･＞RT
-1	外国人は知らんけど、俗な言い方で日本の若者は恋活はしても婚活はしてないって印象。学生のうちに結婚相手捕まえとかないと駄目ってことよ。
1	女は自分の理想より自分がどうすれば幸せになれるかを早い段階で考えられるようになった方がいいと思うよ。男？男がどうすればいいかなんて知ってたらとっくに実行してるわ
1	男子大生は女子大生に社会人男性と比べられるという覆せない圧倒的なハンデを負ってるので･･･自ずとするべきことは決まってくる。
0	RT @2___h: 　　　　　　　　コ 　　　　　　　　ン 　　　　　　　　ド 　　　　　備        ┃ 　　　　　え        ム 　　　　　あ 　　　　　っ 　　　　　て 　　　　　も 　　プ 　　レ 　　イ 　　な 　　し  (　◔) (__つ/￣￣￣/ 　＼…
0	RT @Vincent1P: 台北駅近くのマクドナルド…なんでクリスマスイブはこんな服ｗｗｗ http://t.co/7QCyBeLOiL
-1	年末何も出来ない感が異常。図書館くらいしか...
0	Sexy Zoneがクローン人間にしか見えない...
0	RT @_exla: 「企業への訪問中、飲み物を用意されたら、まずどうする？」って問題の選択肢が「決して飲まない」「周りの動きをうかがう」ってなんなんだよKGBでも受けてんのかよ
0	RT @tarte2525: 年末に２０１３年度で最もヤバイ放送事故ｗｗｗこれはアウトｗｗ http://t.co/99YeVLCr00 http://t.co/UaZxJh4vb8
1	RT @kataoka_k: すげえええええっ!! RT @Mao_vtzf: 初日の出は雲がかかって見れなかったが、郵便の本気は見た http://t.co/WPIh4DKtvD
0	RT @hataraku_mao: 【速報】今日は山手線、京浜東北線止まってるからアキバにはいけない http://t.co/9hjf2uWT99
0	RT @kurosuke_g: 親戚宅のゲーム制限　#発想の勝利 http://t.co/zSVmwVCJoV
0	RT @kataoka_k: 年が明け、テレビで最初に受けた衝撃はコレでした。 http://t.co/HOonrE8V68
0	RT @ksmakoto: 大江戸線 http://t.co/KMkRmdJi8F
1	RT @parosky0: 今の彼女と破局したら私と付き合ってくれませんか？ — 私の論理体系では、「今の彼女と破局」は恒常的に偽であるとされています。これは一種の公理のように働きます。なぜならば、そう考えたほうが交際は楽しいからです。  ロジカルシン... http://t.…
0	オイスターバーに行きたい
0	"@nhk_news: 公務員採用試験に英語検定活用 http://t.co/RPOEBJvkuP #nhk_news" 英語なんてほぼ使わないし、ましてやTOEICや英検なんて役に立たないのにね。まぁ使わない手はない。
-1	RT @37do5bu: アドビ怖い・・・ http://t.co/iK27gjJgeG
0	あ、親父の残業頑張った自慢とかいらないんで、とりあえず一緒に遊んでください。  http://t.co/ITdxLmNnsY #とかいらないんでとりあえずください
0	RT @kando_iihanashi: 沖縄の成人式。ニュースでは絶対に報道されないけど、新成人が国際通りのゴミ拾いをしています。暴れてる映像しかテレビでは映し出さないのね。 http://t.co/YUtrUkmqBm
1	RT @parosky0: facebook の omiai というアプリは匿名を謳ってるけれど google 画像検索を併用するとユーザのアカウントの特定ができたりして面白いですよ。
0	RT @kanchi6996: 品川駅ナカほ生ハム食べ放題しあわせ…生ハムもベーコンもソーセージも食べ放題で600円だよ！！！！！(*☻-☻*) http://t.co/PRk1rvteaP
1	Twitterで話題！品川の駅ナカにある生ハム食べ放題の600円ビュッフェが凄すぎる - NAVER まとめ http://t.co/7gJGYNVkPm
0	RT @__kazuman__: 何気なくAmazonのプロテインのレビュー読んでたらヤバイ奴がおった http://t.co/GD9HZMBnfU
0	RT @hirokikawakami: ダイエットの話をしながら、600キロカロリーもある糖質たっぷりのキャラメルマキアート食べてる女子たちが理解できない。(ﾟoﾟ;;
1	ブログ「渋谷で働く営業マンのナンパ日記」が大人気 - NAVER まとめ http://t.co/LSJBUd36OJ
0	シャーレとかどこ行けば買えるの？
-1	フォアグラ弁当もダメ？大手企業に続く抗議にネットでは疑問の声も - NAVER まとめ http://t.co/F9u4LDA91p
1	栃木の車掌さんがめっちゃちっさくてめっちゃ可愛かったんだが
0	進研ゼミの漫画「そんなわけないだろｗ」ってTwitterで話題に - NAVER まとめ http://t.co/hs7oQmThAB
0	RT @tmd45: 意識他界学生
0	お酒を飲むならぜひ“焼酎”を！ 意外と知らない焼酎の効果とは…？ - NAVER まとめ http://t.co/OhGcKiLExm
-1	最近鼻血よく出るから無理してんのかなーと思うけど、人と会ってる時に出るのはマジで勘弁してほしい。興奮してるみたいじゃないか！
0	鉄分が足りねぇ。生肝･･･じゃなかったレバーが食べたい
0	RT @pio_pio_11: 【悲報】神大の生物学の講義でポケモンの進化が否定される http://t.co/X53Ge2qOBS
1	@mai_yoshida そこは、そなたは美しい
0	株って民間企業が教えてる時点で手数料収入がある方へ誘導されていると今頃気づいた
0	@mai_yoshida よしまいさんに返信して頂けただけでなくフォローまでしてくれた！感謝感激です(((o(*ﾟ▽ﾟ*)o))) 「個人投資家がマーケットで勝てない本当の理由」って本読んで影響されてました（笑） バイアス取り除いて見る力かぁ...
1	@mai_yoshida 激可愛いですよね！俺犬派なんですけどこれはお気に入りで、こんな雄猫になりたいと思いながら生きてます。
-1	@parosky0 週3くらいでプール通ってますが、夜は筋肉ガチ勢しかいませんよ。お昼から夕方にかけてがオススメです。
0	お金はもう充分貯めたからバイトは明日までにするつもりで、残りのモラトリアムを何するか、色んな社会人に尋ねても呪われたかのように「遊んどけ」としか言われなくて...社会って...
1	計7年間バイトお疲れ様でしたって事でフィレ肉食べてる。今日の稼ぎ飛んだけど美味しい
0	@myunmyuntan フォローありがとうございます♪
0	@ri_hamuhamu フォローありがとうございます♪
1	同伴者達がゲレンデマジックにかかって美しかったので、俺はゲレツdeマジックにかかりそうになった。
1	よしまいさんを初めとした何人かの素敵な方々にフォローして頂いているのに変な事呟いて良いのだろうか...
1	@myunmyuntan 就活懐かしいわ。今がまさに勝負の時だし頑張ってね
0	とりあえずこれから都心へお買い物なわけだけど、いらない服袋に詰めて、服屋で商品券に替えてもらい交通費負担する初歩的タクティクス
0	作曲家騒動全然興味ないけど、髭もじゃグラサンの人が「BLEACHの斬月のおっさん」に見えて仕方がない。
0	そろそろリモコンに無くなった時鳴る機能付けて欲しいんだけどな。テレビ本体からの逆受信とか出来ないのかな？
0	俺がお前を守る #おまえらたまにはアイコンらしいセリフ言ってみろ
0	女子 「年収６００万円の人と結婚したい！それなら普通でしょ？」　総務省 「　現　実　を　見　ろ　」 - ピカピカニュース2ch http://t.co/Eze0OtUVkS
-1	明日から来日する外国人の観光案内任されてるけど、明日飛行機飛ぶのかって雪。いちご狩りとかも寒そうだな。
0	成田空港行けず船橋で立ち往生してて、7時オープンのはずのドトール船橋北口店行ったけど閉まってた絶許 http://t.co/rMHEVJ1sUU
1	「この雪で男が女をホテルに連れ込む事案が発生！」てWAーWAー言ってるけど、実際休憩所でイチャつかれるより行ってもらった方が有難いです。目の前のを見ながら
1	接待でディズニーシー来てるけど、あぁ好きなものを仕事にしてはいけないな実感した。
1	今日千葉の高校は入試で休みだから女子高生たくさんディズニーにいたのか。一日中生足出してる女子も凄いけど連れてった留学生皆アイス食べててこっちも凄かった。
0	某ホテルなんだけど、同伴者のいびきがデカ過ぎて、夜中に廊下で泣きながらTwitterやってる http://t.co/qyTY4jABbx
0	俺のニュース以外唯一習慣的に観る番組がアド街なんだけど、今回の両国でアイキャッチの入浴シーンがかなり際どかった。胸がもう上半分見えてたとか、この番組は何処へ行くのだろう　#アド街
1	江戸遊のシーンやっぱり際どかった。もう手ぶらやん･･･流石テレ東 http://t.co/YnvO9Saeyp
1	"@utadahikaru: いざ出動！ http://t.co/LkwkxRHiwd"  Twitterやってなきゃ宇多田ヒカルがこんな可愛いこと考えてるなんて想像できなかったな。
-1	これから大学のスノボツアーなんだけど、早速バスの中が頭悪そうな女子高ノリで早速ついていけない。
1	一人でいろんなツアーに乗り込んでるけど最早精神修行みたいな感じ。出会いは大切に
1	【安価】ルームメイトが彼女連れ込んで愛撫マッサージしているんだが... スペック :大学四年生
0	ガチだぞ。私は隣のベッドで簿記やってんだぞ。頭入ってこないよ
-1	女「何か小さくない？」男「今寒さで極小だから触んないで」女「寒いとそうなんの？」私「血流が悪くなるのと表面積を小さくすることで熱の排出を防いでるんだよ。」男女「お、おう」  的な感じで馴染めてきたけど。えっ馴染めてない？
0	テラスハウスだかシェアハウスの恋人だか知らんが、今俺の身の回りで起きた「ルームメイトの恋人」の方が生々しいしやばいぞ。今泣きながらラウンジでTwitter
0	ゆとり世代なのに心のゆとりがない。
0	企画物っぽかったけど当事者は全然面白くないです。現実は残酷だ。
0	ドラマやらせなんでもいいけど、これら予定調和で救済されたり勧善懲悪が起こったりするのです。現実は非情でオチがない。
1	だからこそ人生はドラマチックで魅力的なんですけどね。
0	現実の部屋へいざ舞い戻る
0	昨夜は深夜まで女の子にライン電話して「今邪魔するな部屋出ててもらえるかなオーラ」を出していたので、朝までルームメイトのイチャイチャを見ることなく平和に過ごせました。目には目を歯には歯をって感じやわ。
0	@lost_usaco 新生活から全て当てはまるな。まさに売り手市場。
1	@ri_hamuhamu アド街見てめっちゃ行きたいと思ってた！行動早い！
0	@ri_hamuhamu マジでか（笑） あのGABAなんとかって肉巻き食べたい。
0	@parosky0 行ったんですね。まぁ時期が時期ですし(￣▽￣;)
0	最近筋トレ途中で止めてしまう。モチベーションがない。
0	筋トレ成果出る度にご褒美くれる恋人が欲しい
-1	元彼で打線組むってのが流行ってるけど、変なのがいればいるほどその人自身の打率低いなと思ってしまう
0	フィンランド綺麗だったなぁ http://t.co/UgNpow8KSz
1	@__chica28 この本弟の部屋にある！面白いのか？
-1	@mai_yoshida バイトしたことあるんですが、レンタル品渡しに行った時の女子会雰囲気感がヤバイです。甘いです。
0	ヨーロッパ周遊の旅もそろそろ終わり。今日は女子守護の任を解かれ1人美術館散策
0	【ゆる募】今日パリで遊んでくれる人
1	ベルギーのチョコレートは食べ比べした結果ゴディバがやはり優秀....名前だけじゃないな
0	ヨーロッパ周遊から帰国
1	@mai_yoshida 唯一1日で辞めたバイトです（笑）ベッドメイクは管轄外ですが確かに楽そうですね。基本できる雰囲気イケメン御用達のホテルです(￣▽￣;)
0	パリのオルセー美術館に張り付いて一日中観てる。 http://t.co/kV4er0751P
0	@lost_usaco 同い年だったんだ...
0	@lost_usaco てっきり年上かと
0	やることは勿論あるんだけど、入社まで暇だな。毎日に意味が欲しい。誰か頼って。
0	独身OLのすべて/まずりん 第23話 独身OLと女子会 #独身OLのすべて http://t.co/wMw8kMr5le
1	@mai_yoshida 筋肉付けて代謝が上がれば大丈夫です(マジレス)
0	1等10万円、2等1万円が合計180名様に当たるキャッシュバックキャンペーン実施中！三井住友VISAカード★ #webcp http://t.co/tkhQFNYnre
0	男が恋愛しなくなった理由の１つは、IT社会の発展により失敗しづらくなったことだと思うんだよね。#TVタックル
0	リクルートカードをつくってしっかり自社に還元
0	イクメンしたいけど…なかなか理解されない男性の育児休暇 - NAVER まとめ http://t.co/NGFnKEGkkv
-1	@zunzun428 リーマンとか罰を受けてるかのようにラーメン食べてますよね...これからそうなると思うと切ないです
0	ずんずんさんにリツイートされてる！わーいちゃんとTwitterやろうかな
0	Facebook元役員「プログラミングを学ぶのなら、生涯仕事に困らないことを私が保証しよう。」 http://t.co/Ynac1RswJV
0	@zunzun428 まさしくそんな職場なんですけど優遇されますか...？(小声)
0	増税中止 #エイプリルフールにつく嘘を考える
1	"@0nzr: 慰安婦募集のビラだ http://t.co/Mr0jeZfkwV" ここまではっきりしてると清々しい
0	東京テディベア #初めて聞いたボカロってなんですか
0	@mai_yoshida 申し訳ございません
1	@parosky0 ワークライフバランスのため定時になったら社員を追い出すスマートオフィスもほしいですね。
1	マイホームはギャンブル、賃貸はただの消費　30代「当たり前の幸せ」のリアル【住宅とお金】編 | 「親より豊かになれない時代」のサバイバル術 - 東洋経済オンライン http://t.co/jnxmEOqtnZ @Toyokeizaiから  親はマイホームだしやはりこれか...
1	@akubikomachi フォローありがとうございます！猫好きなんですね！一緒です、これからよろしくお願いします！
0	営業飲み会なのに、女性関係ヒアリングされるだけされてソリューション提供してもらえなかった
-1	大学同期グループLINEが「仕事辛い死ぬー」「辞めたい」という中で「めっちゃ楽しい」って送ってみたんだけど、無視され具合が半端ない。
1	ありません 致します 売られる 営業 お酒  #あ行でわかる女子力 新入社員、早くも社畜力が...
0	今やってるお見合い大作戦に限らないけど、全世界に恋愛感情晒すとか変態だよな。
1	RT @synfunk: 「WindowsXPを無料でアップデートすればいいのに」というTVキャスターがいる。パソコンを購入し電源を入れると既にOSが入っていることで無料と思うとこから来てる。スイッチを入れたらTVに映るキャスターをみてこいつは無料で出てると思うようなもんだな。…
1	定時退社とか、生きとし生けるもの全てが美しい
1	社会人になったら花金ってもっと楽しいものだと思ってたのにな...おかしいな...退社時間が社外の人と全然合わないんだけど皆どうしてるの！？
0	社会人として最弱の22歳男子なので、仮に恋愛するとすれば大学生になってしまうな...
1	花金は素敵なお姉さんに拾われたい
0	『秋葉原事件』加藤智大の弟、自殺1週間前に語っていた「死ぬ理由に勝る、生きる理由がない」:J-CASTテレビウォッチ http://t.co/fLjXJuQYPG @jcast_newsから
-1	ずんずんさんに新入社員へアドバイスをaskしたら「膀胱炎とハードなセックスに気をつけましょう」言われたよ。
-1	ハードなセックス...ここ最近してないな...(白目)
1	口先がホストで指先がピアニスト。そして仕事ではリアリストで、プライベートはロマンティストとかかっこいいな
1	RT @ha_chu: 【やられる店更新！】→RT @gentoshap: はあちゅう（伊藤春香） 「嫌い」を「好き」にさせたら、特別な人になる＜東京いい店 やられる店＞ - 幻冬舎plus http://t.co/IqCoHBUZ9D 「新しい経験」を与えてくれた人は絶対特別…
1	はあちゅう（伊藤春香） 恋が生まれる夜のために＜東京いい店 やられる店＞ - 幻冬舎plus http://t.co/3XP9gkHA9h
1	はあちゅう（伊藤春香） 初デートは「新しい」と「楽しい」を準備せよ＜東京いい店 やられる店＞ - 幻冬舎plus http://t.co/LeUom9lwlM
1	これやばいなRT 専業主婦の「年金３号」存廃検討を提言　政府の分科会 - ニュース - アピタル（医療・健康） http://t.co/hFpRCn90eP
1	わろたww  セックスが上手すぎて懲役６か月になった男　イタリア - ViRATES [バイレーツ] @ViRATEScomさんから http://t.co/DZmvkcDCHE
1	同行出張楽しい
1	出張で博多来てるけど、街中の女性が素敵。夜の街に繰り出すべきだろうか...
0	ちなみに先輩は夜の街へ消えた
1	女の子と行ける新宿で良い店教えてください
0	RT @akubikomachi: 嫌われたくなくて、好きな人といるときが一番つらまん人になってしまう
0	東京都にもある「南北問題」、特区が格差を助長する？ http://t.co/K5WGt4NRtS
0	彼氏がいると積極的になれば男ですよ...
1	なんだ、新宿、雰囲気も味もそこそこ良いお店あるじゃないか
0	口説けるお店は未だに見つからず
1	@mai_yoshida 可愛い
0	@yuri___chan とりあえず褒めたい
1	後輩との恋愛のズレを感じるのはこれが原因か  純愛ができるのは23歳まで？20代後半からの新しい恋愛の旅 #am_our http://t.co/RecR0l3oOX @am_amourから
1	非常にわかりやすい良まとめ 【2014年保存版】ソーシャルメディアまとめ一覧＆SNSの特徴・運用目的を徹底網羅！ http://t.co/PXK5T2T9gK
0	@genkaigirl フォローありがとうございます！お互い仕事頑張りましょう！
0	ようやく俺系きたか！って思ったけど、長身って何センチを言うのかな。180だけど微妙なラインだよね。相手との身長差によるんかな。  collection 26 はあちゅうの胸キュン♡コレクションno.26 : 長身男子 http://t.co/orz0SxRSlD
1	もっと太く逞しくなるよう筋トレしないといかんな。  心底惚れる能力がある女が一番モテる！すごく好きな男と付き合うと鼻毛まで愛おしい／くらたまのだめんず肉会レポ（前編） #am_our http://t.co/m0tLdxVJ0v @am_amourから
0	@diamante_0129 お久しぶりです。あと１日、頑張りましょう！
-1	なるほど男女参加費同じくらい狙い目か。  「彼氏いるの？」って聞かれて「いません」って答えてるうちは彼氏できませんよね - ハッピーエンドを前提として http://t.co/qyEdsl6hWp
0	@genkaigirl 本日も出勤ですか？
0	@genkaigirl おっお疲れ様です...(震え声)
1	RT @tamtam_rev3: 今NHKでやってる番組で日本人は休まなさすぎと指摘されている。日本人全員が有給を完全に取得したら15兆円ぶん日本経済がグロスで膨らむらしい。そりゃそうだろうなと思う。金使う暇がなかったらいくらあっても消費に回らないもん。
1	これ読んでちゃんと実践しようと思った。 collection 19 はあちゅうの胸キュン♡コレクションno.19 : 伝え方上手男子 http://t.co/zWv3YCysF3
1	正直俺はこれを極めなきゃいけない。 collection 20 はあちゅうの胸キュン♡コレクションno.20 : 即レス男子 http://t.co/cOq8zLJQvF
1	感謝の日記をつけるっていいな...と思った矢先、週4セックスで挫折した。 科学が証明したすぐ幸せになれる16の方法 http://t.co/P54oeSpzVj @HuffPostJapanから
1	RT @akiko_lawson: 【ローソン】魔法少女まどか☆マギカキャンペーン！@akiko_lawson をフォロー、この投稿をリツイート！抽選でサイン入り描き下ろしポスタープレゼント♪ #madoka_magica http://t.co/TotRwSSf9q http…
1	手とか指先とかはすごく褒められるから、自惚れつつ実践しよう collection 21 はあちゅうの胸キュン♡コレクションno.21 : 指先ピアニスト男子 http://t.co/WBXSivNHdU
0	@sh87clara フォローありがとう！
0	【急募】本日、新潟市内で遊んでくれる人。出張業務終わって暇
0	RT @masason: 6/20(金)ソフトバンク株主総会へ一般の方1,400名を観覧席へご招待します。応募はこちらから。http://t.co/6FHQUs5URx 締切は5/22(木)
0	@genkaigirl おっお大事に...
0	@mai_yoshida 私のようにペダルが前にあるタイプのトレーニングマシン漕ぎながら英語フレーズの本読みつつ聞き流せばOK。ボキャブラリーは増えて体脂肪は減る。
0	@mai_yoshida TOEICの勉強しながらジム一緒にやりますか？(震え声)
0	土日はジム通いがデフォになってる。社会人ってこんなもんなのかな？
1	@mai_yoshida よしまいさんいるなら是非！ 場所めっさ近いです。
-1	RT @ucauca56: リア充の巣窟といわれる会社に前居たんだけど所謂リア充の人は別にコミュ力が高いというよりは、世間の大多数のマジョリティの人間と同質性を共有できてる故、コミュニケーションに払うコストが低くて、コミュ力が高く見えるだけという。立場や背景の違う人と対話できる…
1	味も美味しい絶品“変わり鍋”9選【東京】 - NAVER まとめ http://t.co/2JMk9o1PxJ
0	@genkaigirl 同い年なのに既に結婚してたとは...
0	あと2年か。頑張ろう俺 collection 28 はあちゅうの胸キュン♡コレクションno.28 : お久し男子 http://t.co/RwDMD1y8Ho
0	ビジネスモデルが似てるリクルートと楽天の決定的な違いを語るよ http://t.co/H3NNbMOml9 @Isseki3から
1	これは凄い【ｺﾞｸﾘ】ﾟωﾟ；)凄い・・ 【スペイン警察が謝罪!?】「心肺蘇生ビデオがエロ過ぎました」・・・確かにこれはヤバすぎる!!www｜BuzzNews(バズニュース) http://t.co/OniZPVeHBb
0	【入居者募集中】ヌーディストシェアハウス〜身も心もオープンソースに〜 https://t.co/jWVOTEnFa8
0	RT @tarareba722: 【悲報】孫社長捨て身のネタツイート、バナー広告に一蹴されるの巻。 http://t.co/46JvJyqTNK
1	RT @kayoko_ochiai: このスウェーデンのプロジェクトの中で最も心に響いた言葉が、「先進国の中で、家庭から教育費を捻出しているにも関わらず、社会に出た後に社会貢献することなく家庭に入る女性が多い国は日本だけだ」という言葉。（韓国もそういう傾向があるそうだ）働いても…
-1	RT @terrakei07: 年金はまさしく寿命バクチなんだけど、賭けの最中に胴元が勝手にルール変更してどんどん勝率が下がっていくよね。カイジかよ
1	RT @tanaka69072: 量産型ゆるふわ女子がFacebookで「今日はマリコとbillsでパンケーキ((o(´∀｀)o))」みたいなキラキラ投稿しつつ、Twitterの裏垢で鬱々としたポエムを垂れ流すのを見るのが大好きです。
1	RT @lawkus: 学歴収入等にすぐれた男は東京に集中する傾向があるけど、容姿にすぐれた女が東京に集中するということは（芸能界レベルを例外として）あまりないから、恋愛結婚において東京が女性の売り手市場なのは確かなんだよね。札幌では美女が普通に余ってて、結婚相手の必要年収は3…
0	一生食える「強み」のつくり方：一生を1社、1仕事で終えるのがマイノリティになる時代 (1/3) - 誠 Biz.ID http://t.co/ZQ2XSH4S5Y
1	新しい言語を学ぶなら押さえておくべき科学的法則 : ライフハッカー［日本版］ http://t.co/YfrkPrfouM @lifehackerjapanから
1	@meguro_staff  連載楽しみです。キーホルダーかっこいいから是非！
0	ごめんな "@chiisanpogazou: 明日もお仕事いっちゃうの？ http://t.co/yofcFzJGqK"
-1	@mai_yoshida 素敵です。よしまいさん、寂しい顔が似合うんですね... "@mai_yoshida: 花金に飲み屋でひとりで飲んでたりひとりで飲んでるのにお酒と自撮りしたりしててヤバイしさみしい時の顔をしているじゃろ http://t.co/nVrai8EcMX"
0	「SL銀河」に乗って宮沢賢治の世界へ - Facebook navi［フェイスブックナビ］ http://t.co/myxubdP3YC
-1	RT @posoi: つらくなったらこの画像をみて、もっとつらい人もいるということを再確認してる http://t.co/Sq1Gd5OkZr
1	RT @Hetare_wexy: 女:女の子ってのは〜いっつも優しい男の人よりも20回に1回ぐらい優しい男の人の方が好きになりやすいんだって〜。 男:パチンコみてえだな。 女:でもね〜女の子はそういう男の人と一緒にいるとすごい幸せなんだけど、体はストレスでボロボロになっちゃうん…
0	RT @Isaacsaso: この天気を抱き寄せて「強がってるけど、梅雨入り。。してるんだろ？」ってささやきたい
1	RT @Fumiaki_Taka: 「タバコ、何年お吸いに？」 「30年ですね」 「そのお金でベンツが買えたんですよ」 「いいかい、車検代が二年に一度10万円。自動車税が年4万円。駐車場が月1.5万円。任意保険が年5万円。一日二箱900円を我慢しても、最低限の維持費だけで消える…
0	RT @fashionpressnet: Zoffからディズニーコレクション第2弾が発売 - http://t.co/fOlUOGAWnV http://t.co/RFuxjY9U3R
0	RT @sarico22: 月が変わって6月よ！ http://t.co/W2DSLL84Zo
0	電源欲求も追加で "@zunzun428: 人類はマズローの５大欲求を追加するにいたった http://t.co/MkBfZEQUcr"
0	RT @zunzun428: 学歴つーか、いかにホワイトに金を稼いだもん勝ちじゃね？人生は。
1	@mai_yoshida 運動する２時間前にしっかり食べて、終わったらプロテイン。ムキムキにはならないから大丈夫
0	穢れのない女子を好む男子のことだろうきっと "@_MUGI_CHAN_: ユニコーン系男子って何だよwww http://t.co/mv971XLBMw"
0	RT @fashionpressnet: 世界初！3Dで体験する“夜の水族館” 新江ノ島水族館で「ナイトアクアリウム」開催 http://t.co/utkfGm8EPI http://t.co/WgqmXRXgxA
0	@mai_yoshida 以後、赤いスタバタンブラーでプロテインシェイクするよしまいさんまで見えた。
0	来週から1人立ち。業務量ヤバイ
0	RT @toppinpararin: 「ごめんで済んだら警察はいらんわ」の類語として、「頑張れで済んだら労基はいらんわ」というのはどうか。
-1	家で映画祭を開催って一回目よほど好感度高くないと無理じゃないか…？  2回目以降のデートでスベらない51のアイディア #am_our http://t.co/ZuJNTIpSiG @am_amourから
0	@phantomandopera こんにちは。その言葉に救われます。
0	@mai_yoshida お姫様だっこされる予定が無いなら、体重より見た目(筋肉とか)重視の方が良いかと…
-1	RT @itbook: 「若者がメモリ増設作業に4千円払う御年寄りを笑い、御年寄りが着物の着付けに7千円払う若者を笑う。 オタクがメーカー製の割高なPCを購入するリア充を笑い、リア充が仮想の女の子に高い金貢ぐオタクを笑う。」
1	鶴岡で絶賛暇してる。どうすればいいの…
1	@serohanchan これはすごい。使います
1	RT @fashionpressnet: 渋谷に深夜まで営業する「森の図書室」が誕生 - 飲食も可能な“本と人がつながる場所” http://t.co/J88V7Pcp3P http://t.co/6gkCyxfrxb
0	RT @aetos382: 「タバコ、何年お吸いに？」 「生まれてこの方、一度も」 「どうしてそのお金でベンツが買えてないんですか？」 「なんでだろうね？」
0	日本負けたのは残念だったね。NHKの実況素晴らしかったとも思うけど 、最後の｢開き直るしかないでしょう！｣の連呼はどうかと思ったよ。
-1	RT @reichama22: サッカー実況「中へ出すか！？中へ！？中へ入ってるぞ！！おおおおおおいくうううううううううう！」   クソ笑ったｗｗｗ
1	RT @lawkus: 「好きな子に彼氏いるから口説かないって、お前はゴールにキーパーがいたらシュート打たないのか？」というネタTwitterでも時々流れてくるけど、逆に無人のゴールでも外す事例が多すぎることを考えるとそもそもサッカーに例えるのが不適当だよね。拒否権あるからねゴ…
0	@meguro_staff 同い年だったとは…
1	@phantomandopera 出張多いのでANAかJALのマイル貯めようと思ってたのですが、これはスカイチームの方が良さそうですね…(震え声)
0	@phantomandopera こっ恋人とにきっ…決まってるじゃないですか！(伏せ目)
0	RT @zerojirou: ふざけるな…ふざけるな！！！ http://t.co/9qhYFPF00G
0	http://t.co/nyhmtimmNC
0	【全米が驚愕するレベル】日本の高校生作のストップモーション映像が超スゴイ！｜BuzzNews(バズニュース) http://t.co/Yy4ONEnut7
0	「社長はなぜ４年落ちのベンツを買うのか？」 http://t.co/KCAIvJehM0
0	腕まくりはイタリア人に学べ！ - Facebook navi［フェイスブックナビ］ http://t.co/qkZ2ylQpCY
1	【博多が危機なんよ】博多弁女子が歌う「アナと雪の女王」のかわいさに胸キュン♪｜BuzzNews(バズニュース) http://t.co/qfqPPcGhYm
-1	原宿 秘境 震え声 変だな ホテル #は行でわかる私生活
1	RT @meg_mug: なかなか興味深い読み物。 RT @f_fukusuke: “もしかしたら、恋愛感情がないとセックスできないと言っている僕らの方が実は病かもしれない”これも瀧波さんのコラムと通じるものある／恋愛の契約を重視する日本人といきなり http://t.co/e…
-1	RT @makkurokuroino: 「それではグループディスカッションを始めてください」 A「司会します」 B「書記します」 C「タイムキーパーします」 D「いやらしい人妻します」 A「まずは現状の問題点から皆で思い付くものをあげていきましょう」 D「フフ…その手当たり次第…
-1	まだまだ知らない大人の世界か… "@050108063987: 私がご飯食べれないからって、お友達がカラオケついてて足湯がある個室予約してくれたみたいなんだけどここってラブホの軽いバージョンっていうイメージだった。どうなんすか〜〜〜 http://t.co/PSviF0yvyj"
1	@fanguangx フォローありがとうございます！これからよろしくです
0	@fanguangx お互い頑張りましょう！
0	@fanguangx 家族のように休みの日も仕事場で会えるって意味じゃないですかね…(震え声)
1	@phantomandopera 佐川急便とか入ってるあたり完全にイメージですね…
0	飛行機出張の時は朝早すぎて辛すぎる。浜松町か羽田空港周辺のホテルか家に誰かと泊まりたい
1	大事にしない男性って多いんよね。凄くわかるわー "@meguro_staff: 大学生男です。彼氏がいる女性にずっと片想いをしていました。彼女は彼氏にあまり大切にされてはいなかったようで... — ご質問誠に有難う御座います。  http://t.co/WdIfzYc8jb"
1	凄く面白そう！ 卒童貞、イク、リピート！ 発射でループするSF映画『プレマチュア』 ｜ コタク・ジャパン http://t.co/dzILxPIdIy @Kotaku_JAPANから
1	就活の時、説明会だけ興味本位で行こうか迷ったけど結局行かなかったなー。そういうイメージはあるから実際良い事例 「性産業」4社が早稲田で就職説明会　女子社員「セクハラはない」(キャリコネ・企業インサイダー) - BLOGOS（ブロゴス） http://t.co/jB3SZl7mJv
1	副業もエロが儲かるのはわかってるけど、相応のリスクが伴うからオタク相手への売買に留まってるよ。いくつかやってる中の1つだけどね。
-1	RT @T_kawachi_1986: 「社畜を解き放て！彼等は人間だぞ！」 「黙れ小僧！お前に奴等の不幸が癒せるのか？就活戦争に敗れ、形振り構わず就職した者達が社畜だ！人間として扱われず、残業手当も支払われない、哀れで醜い可愛い我が社員だ！お前に奴等を救えるか！？」 「分から…
0	よしまいさん、マルイと言えば有楽町と言えないあたりが…
0	どう考えても金曜は宮城仙台から東京へ帰れないフラグびんびん
1	鼠径部含めたスペシャルマッサージ受けてきたけど、気持ち良すぎて悶絶した。しかも疲れめっちゃ取れるしヤバイな。
0	昨日のマッサージ気持ちいいと思ったけど翌日もみ返しがきたな。まぁ鼠径部マッサージは大分満たされた。いかがわしく無いあたりが良いと思う。
0	@fanguangx おめでとうございます。頑張ってください！
1	@animal_g_irl 体力が続く限り半永久的に出来るのが羨ましいです。
1	RT @Isaacsaso: 「過激な性描写のあるマンガは子供に悪影響」とか聞くが、 少女マンガ等が「ドキドキしなければ恋愛じゃない」と子供に教え込んでる方がよほど悪影響だと思うぞ あれのせいでドキドキしなくなった事を理由に恋愛をやめる人達が多い 僕の見解で恐縮ながらドキドキし…
1	@mai_yoshida @ri_hamuhamu いいな動物園…
0	一応ゴールドカード持ってるからデスクにかけて宿の予約とってくれるんだけど、さっき試してみたら15分かかって笑えない。
0	@fanguangx 世界を荒らすほどですか…！
0	お腹の下腹めっちゃ割ろうと頑張ってたんだけどさ、筋肉マッチョのヌード見てるとここって割れる所じゃないんだって落胆してる。
-1	@phantomandopera そんな女子が1人いると可哀想な男子が1人増えますね…
1	@phantomandopera 朝マックとか懐かしいです。電車通学9割の高校でしたから、自転車二人乗り制服デートいいな…
0	夏これあれば楽しめそう。 登山地図＆計画マネージャ「ヤマタイム」提供開始 無料で登山地図を閲覧、計画、プリント｜株式会社インプレスホールディングスのプレスリリース http://t.co/whWwdYT9qK
1	RT @tokunagamichio: しかし、見事なまでに、誰も責任を取らない、問われない、体制だな！ http://t.co/QFdNvQUzRR
0	@fanguangx その若い人は妙齢の女性のために何を準備すべきだと思いますか？
1	@fanguangx それ新卒で就活してた時、ある程度進んだ企業調べるのに使ってました。凄く懐かしいです。
-1	@fanguangx 失礼しました。ピチピチムキムキの新卒新入社員です。なるほどですね。柚子胡椒さんの場合のニーズって何になるんでしょうね？
0	@fanguangx なっなるほど！ちょっとジム行って身体苛めてきます…！
0	RT @Melody_Mariland: おはよう♪　かべどん…？　こんなかんじ？ http://t.co/ezk871eh4Q
1	@fanguangx 本当に良ければ朝三暮四(意味深)で出来ますからね。
0	@fanguangx 同い年ってのもありましたかね。柚子胡椒さんは出来ますよねー？
1	@fanguangx 俺はどんどん脳みそ溶けそうになる中、どんどん元気になってく相手を思い出しました。底知らずでの調整で羨ましい限りです。
1	今すぐ就職・転職したい！！国内企業20社のユニークすぎる福利厚生 http://t.co/sWagwM6iGJ @a_mpjpから
1	簡単にできる「激ウマだれ」のまとめ - NAVER まとめ http://t.co/OkNqCKrP3I
1	RT @santourikusi: 自分の好きな子にイケメン彼氏がいた時の表情 http://t.co/IKmCgqGcXv
0	RT @jrkrkko: 過去最凶レベルのてんこもり画面 http://t.co/VfMY34qwSP
0	@fanguangx 女の子紹介お願いします。ほぼ同じ条件で
1	@fanguangx ほぼって言ったのがあれですね。歳上がいいですね。歳上との出会い中々ないので。。。
0	RT @zbpt: 薄給を追いかけてるから俺も球児だな
0	RT @tv_asahi_news: 羽田空港まで、東京からは18分、新宿からは23分、新木場からは20分、いずれも乗り換えなし！ http://t.co/PeffMxZpUH http://t.co/ATXE16BpZ9
0	ラブホテルスタッフ上野さんに聞く「ラブホデートの誘い方」 http://t.co/JtKP4P7xfi
0	RT @fashionpressnet: 六本木で「ティム・バートンの世界」展 - 本日より前売り券の販売がスタート http://t.co/7Ksq8PaiQm http://t.co/27Z3k0QQ6p
1	RT @livedoornews: 【緊急決定】NHKが錦織の決勝戦を録画放送へ「視聴者の要望が殺到」 http://t.co/A9BgNZBFA6 …  NHKは視聴者から要望が多く寄せられたことを挙げ、「視聴者の関心も多く、総合的に判断した」と説明した。 http://t.…
-1	悲しくも上手いクライマックスが泣けるショートアニメ『顔泥棒』 ｜ コタク・ジャパン http://t.co/4Tl3eNkRhK @Kotaku_JAPANから
0	出張マンだから得出来るかどうか…かな "@Nikkei_TRENDY: 買い物すると携帯料金を数千円割引　ソフトバンク「得するモール」の新手法とメリット http://t.co/vhmcZYa5XF （日経トレンディネット）"
0	RT @nakamukae: 『明朝体に疲れが残らないか心配だ』  これを「みんちょうたい」と読んだ人はパソコンのやりすぎですから注意して下さい。
0	RT @livedoornews: 【鍋でかすぎ】山形で今年も「日本一の芋煮会」を開催！ http://t.co/TOKlDB9fdZ  直径6メートルの大鍋で芋煮を作る山形の秋の風物詩「日本一の芋煮会フェスティバル」が山形市で開かれた。今年で26回目だそう。 http://t…
1	【意味が分かれば】国民性ジョーク集【面白い】 - NAVER まとめ http://t.co/N38aUHIFQT
0	シリコンバレー文化の反動:ツイッターの創業者たちが気づいた人間味を取り戻す唯一の方法はコーヒー 最高のWebプロモーション企業 | リーディング&amp;カンパニー株式会社 @4chikaraさんから http://t.co/DUxXLmsZQr
1	RT @anytime37: 男性と出かけて普段自分では行けないようなところに連れてってもらってできないことをしてもらって至れり尽くされると、幸せだし楽しいけど自分の価値を過大評価しがちになったり調子に乗ったり自分の現状に満足して努力したり頑張ることを怠りそれが普通だと慣れてき…
0	RT @anytime37: それがいつまでも続くわけないのに。だから水商売みたいに自分の時間的に有限な若さだの美貌だのを売りに男の人から割高過ぎる生活を与えられると女として人間として破滅するんだよ、しかも一回引き上げられたその価値観がまともな水準に戻るのに相当な時間がかかるし…
1	RT @anytime37: だから自制がきかないならやっぱり背伸びしたり誰かの好意やお金や権力で贅沢なことばっかりしちゃいけないのだ。特に世間知らずの若いうちにそういうことに手出すのは本当に良くない。自分では何もできなくなっちゃうし老いていくにつれて水準保つために身を削る羽目…
0	大学の時はこんな奴らばっかりだった。
0	RT @parosky0: 東京駅の丸善のカフェ開業本の充実っぷり、界隈のビジネスマンがいかに疲弊しているのかを考えさせられる。
1	あの子の方が可愛いからって流行ってるけど、最近ただの6コマ漫画になってるよね。。。
0	http://t.co/VIwAl3HYCm
0	タカラトミーが人生ゲーム55作目に辛口な人生をテーマにした「人生ゲーム獄辛」を発売 #ldnews http://t.co/QJjj0z0jg8
0	平井 #ぐるナイ
0	RT @tpoint: 【コーヒー引換券もらえる！】今日から10/13まで！先着50万名様に超おトクなクーポン配布始まります！今すぐチェックして☆ PCスマホ⇒http://t.co/lNn26aegn5  #tpoint
1	RT @tarareba722: この写真の何が凄いかって、世界中の航空関係者の誰に見せても、ここが標高3000m級の山の頂上付近でしかも噴火活動が続いてて硫化水素がバンバン出てる地域とは信じないだろうってことですよね。 http://t.co/NKyRdOCmEh http:…
1	RT @hyuki: お金の有効な使い方の一つは「時間を買うこと」だと思っている。時間を買うと何ができるかというと「より多くの試行錯誤」ができる。言い換えれば「多くの失敗」が許容できる。つまり、お金の有効な使い方の一つは「リスク管理」と考えられる。
0	RT @kyoran12: 青森の横浜町ってとこで売ってるなまこストラップおすすめ 家帰って水で戻すと普通に生きてるよ http://t.co/cw3DCGu8Oq
0	RT @s_1wk: すべての生命保険会社が御嶽山噴火による免責条項等の不適用を決定 http://t.co/lzHIveBmSC
1	RT @mai_yoshida: 木場と東陽町の間の洲崎地区のあたり「洲崎の奇跡」って呼ばれててクレメンティア、ラ・ポルトルージュ、麺屋吉左右、カマルプールっていう有名店が徒歩3分圏内にギュッと詰まってるんだって！近所のジム行ってるのにまったく知らなかった！門仲住んでる間に全店…
0	『るろうに献身 平成社畜浪漫譚』にありがちなこと http://t.co/cOS5pkz043 @jumpmatome2chから
1	明日台風でお休みなら飲めるのに。。"@afpbbcom: 伝統衣装でビールを堪能、オクトーバーフェスト http://t.co/GY3WGTZ1Qk 世界の最新ニュースはこちら→ http://t.co/Fa8h7Inmq7 ：写真 http://t.co/0wIecVgMJk"
0	RT @HOTEL_Raffine: カップルズ『プロが教えるホテル選び』Vol.1 で紹介されました！http://t.co/rmxFZiH0f8 人気の402(VIP)・303(診察室)・305(電車部屋) 紹介されています！
1	RT @ta_i7: 台風によって日本のPM2.5は見事に吹き飛ばされました http://t.co/AlcxJGHwao http://t.co/j5pQp1qJEi
-1	RT @tarte2525: 人をダメにする『ピカチュウ ベッド』発売きたあああｗｗｗ :  http://t.co/62gKGaETnS http://t.co/3VpMBar5Ro
1	RT @zunzun428: ジャパンは社会保険料、年金、住民税毎月5~6万円払ってみんな病んでるってすごいことだよね
0	ガストアプリ登場！年間食べ放題ゲットのチャンス！10/19まで当選確率最大365倍！ #ガストアプリ http://t.co/Koje3xBXOf http://t.co/WNY0XcgZdd
1	RT @anytime37: クソ真面目で堅物の妹がいきなり「事後ニャン」っていうコメント付きのこの画像を送ってきてお姉ちゃん戦慄が走ってる http://t.co/IMZqsFnoqH
1	@Isaacsaso ２０前半はまだスタンダードです
1	これは凄い 100人中50人は最初から見直したくなる動画【中国】 http://t.co/1jQXpjFE3D @a_mpjpから
0	RT @hubbledf: 高1のとき付き合ってた子をフッたら、俺と「どんなことをしたか」を女子たちにペラペラ喋りまくるという「リベンジ晒し」をされて、16歳にして学校に「あの人は変態」という噂が共有された。
0	@mai_yoshida 来週は休みっすよ
0	RT @relux_jp: 【おひとり様でも愉しめる高級旅館】 誰にも邪魔されない『ひとり旅』を楽しんでみてはいかがでしょうか？ http://t.co/6m9fXMCKyG http://t.co/H572w2ThF4
0	RT @hamusoku: 中国で４０００年に一人のアイドルが誕生し日本の三流アイドルとの格の違いを見せつける　:　ハムスター速報  http://t.co/9NhMkX5KQQ @hamusoku
0	RT @hironobutnk: これ、恋愛の本質がよくわかりますよね。こういうことなんです。RT @apfelyuumi 何故 人は、好きな芸能人が結婚すると カナシムのか？ その芸能人と一度でも接点を持ったのでもなければ、その狂った好意の根拠は曖昧で、矛先は偶像にすぎないの…
0	起業して失敗した結果ｗｗｗｗｗｗｗｗｗｗ : アルファルファモザイク http://t.co/0U5TsInVQ6
0	RT @Isaacsaso: 出張にいく為に羽田空港にいると 「だいたい三万マイルと人生を引き換えに今すぐ沖縄に行ける」 とか考える
0	銀座でお店出たらあられが降ってたんだけど、あれは神風が吹いたね
1	RT @jonneet: 初手完全論破されてて草 http://t.co/NUTBPbd3bQ
0	RT @parosky0: 結婚式の会場の下見、いろいろと学ぶものがあるんですけど、本日最大の学びは「キリスト教徒でない人も結婚式を挙げられる教会で鐘を鳴らすことを東京都の条例が禁じているので、鐘ではない何かを叩くとその音を電気的に鐘っぽく加工して出力する装置が使われている」こ…
-1	RT @parosky0: 模擬挙式という新郎新婦のモデルの挙式を見学するイベントがあったんですけど、指輪交換の BGM がオペラ「カヴァレリア・ルスティカーナ」の間奏曲で、あれってろくでもない話じゃなかったっけと調べてみたら、やっぱり浮気を巡って決闘して死ぬ話でした。
0	RT @koba31okm: 女の肩に手をまわした時、非モテは決まって手首を浮かせる。
0	RT @uudaiy: 女子の「どうやったら結婚できるんですか？」は「どうやったら年収600万以上、浮気しなくて優しいフットサルが趣味の仲間からの信頼も厚い星野源に似た30前後の男性に出会え、かつ1年以内に求婚させられますか？」と解釈して回答しないと「ちがう〜」等と言われ会話に…
0	RT @ZARASOKU: 儲かる株を実際に探してみよう | 株価を動かす見逃せないニュースとは？ | 会社四季報オンライン http://t.co/qFMfu0HS6y @shikihojpさんから
0	RT @MansemaHo: http://t.co/NrQQPTjuN3
1	RT @myonnii: 【速報】スプライトのCMが完全にout  【速報】スプライトのCMが完全にout  【速報】スプライトのCMが完全にout  【速報】スプライトのCMが完全にout  【速報】スプライトのCMが完全にout  http://t.co/JKnE7Nn33g
0	RT @kinokuniyanet: 2chにあった佐野研の替え歌が、残業中の友人からメールで届いた。 http://t.co/JXyHKKIfZV
0	RT @sinrinet: 「1分だけ机に向かおう」「1文字だけ何かを書こう」と考えると、爆発的に勉強や仕事を開始できます。 http://t.co/1sjl0KXDHF  http://t.co/vVilHdBEMR
0	RT @sinrinet: 【マジックミラーの見分け方】試し始めるとドツボにハマります。 http://t.co/6GjOuINKOR
0	RT @Pratender: ゜ω゜) 日銀砲の残弾数であります。 http://t.co/e5m8AEoiXX
1	RT @sinrinet: 無難なウソも、優しさの一つです。 http://t.co/bkZCoF3PPc
0	バフェットの本に感化される俺
1	RT @mikumo_hk: 一部上場企業勤務の何がすごいって、年収与信のアパートローンで1億円の新築アパートを積算割れてようが、利回り8%だろうが、1円も使わないで買えるわけです。そして新設法人名義でローンを組むと個信にでてこないので、次の銀行でも初めてアパートを買うふりをし…
-1	RT @fepfeil: 「新人が使えない！」「新人が言うこと聞かない！」「新人が勝手なことばっかりする！」「新人が言った仕事をちゃんとやってくれない！」「新人が何考えてるかわからない…。」「もう新人の相手するの嫌だ！」などの”新人”を”パソコン”に変えたら無能なのが新人ではな…
0	@mai_yoshida お大事になさってください
1	RT @nekuma221: 安保法案について大人としてこれだけは言わせてください。もし法案名が「安全保障関連法」ではなく「治安保障関連法」だったら、略名は「あんぽ」ではなく「ちんぽ」になり、今日の議会は女性議員達が「ちんぽは絶対通さない！」と完全処女宣言を叫ぶ凄いお祭りになっ…
0	RT @value_investors: あ、なるほど！  ヒゲのなんちゃらさんが、「集団的自衛権」を  国会の場で実演してみせたってことですね(^^)  今気づきました！  ※拾い画 http://t.co/z4HWVXtOli
1	RT @soudan_exp: 明日からシルバーウィークだ。Facebookで意識の高い奴らによる「毎日が充実攻撃」が始まる。海外旅行や呑み会に負けるな、一日中映画を観たりゲームをするのも悪くない。大切なのはおまえのハートが熱くなれるかどうかだ。 http://t.co/n9R…
0	RT @ak_tch: 日経新聞が国税当局の「大口資産家」の選定基準をスクープ。ご参考までに。 http://t.co/I5gOPsgJik
0	RT @hirootoko: 「男はおごって当たり前」って飲み会中ずっと言ってる女がいたので  「ご飯代も旅行代も全て払い、女には一銭も金を出させないのはね、その女が遊び相手だからだよ。 遊びに付き合わせてるのに、金払わせるなんて申し訳ないじゃん。それくらいの罪悪感はあるんだよ…
0	RT @cynanyc: キムタク主演のドラマは大抵2話くらいでヒロインに「メシ食う？」とか誘って、必ず大衆食堂で向かい合って食事するシーンがあって「ここのコロッケめちゃウマだから」とか言って、その気さくさにヒロインがキュンとなるけど、それが画になるのはキムタクだけだから。繰り…
0	RT @takabos: 就活アイドルだと？！何ぞ、コレw http://t.co/uoPCiHsvFE
0	RT @__lovecouple: 182.4cmと150.4cmの身長差32cmカップル👫 http://t.co/Nu8IOVjD31
0	RT @version_nismo: この発想はなかった… http://t.co/RpY2Y5B1bt
0	RT @ZUU_ONLINE: 株式投資家がフォローすべき「Twitterアカウント」10選http://t.co/iOhlqzsacB  個人投資家が注目しておいて損はない、おすすめの10アカウントを紹介します！（@MurataMika） http://t.co/ZuACkg…
1	RT @marukumma: 「バージンロードは生まれてからの成長を表しているので、1年1年を思い出しながらお父様とゆっくり歩くんですよ。そして最後にお父様から新郎へ花嫁の人生が受け継がれる」みたいなことをいい話っぽく聞かされるんだけどジェンダーを学んでる身としては「新郎の人生…
0	RT @suisse_credit: 節子、これ専業主婦やない、ニートや https://t.co/m5XJn2dg9f
1	RT @sizumusizumu: 新入社員にメールのTo、Cc、Bccの違いを教えるのに使える例  To 妻  愛してるよ  Cc 娘 パパはママのことこんなに大切にしてるよ  Bcc 浮気相手 こういうことになってるんでよろしく
0	RT @dimensionsworks: 吉田沙保里ニキ。 https://t.co/E0iRJSa1p0
1	RT @appmarkelabo: ざっくりと１コマでわかるアップル決算（2015.7-9）  iPhoneが好調で、1.3兆円の利益が出ました。（鎌倉時代〜2015年まで、毎月1億円の宝くじが当たり続けると約1兆円）  https://t.co/cQQVnDAYkP http…
0	RT @appmarkelabo: ざっくりと１コマでわかるツイッター決算（2015.7-9）  3ヶ月で-158億円の赤字。日本のユーザーはこんなに楽しんでるのに、会社はぜんぜん儲かってない...。  https://t.co/7d2dhPXDbm https://t.co/…
0	RT @yasucold: アメリカ人「最近日本人に『あなたは草食系ですか？』って聞かれたんだけどどういう意味？ベジタリアンのこと？」  私「ああ、それはスラングで恋愛やセックスに消極的な人って意味ですよ」  米人「えっなんで？草食動物も交尾してるのに？」 http://t.c…
-1	@SixTwoFive25 よくある「自己評価の低い人」には刺さるんでしょうかね。わかってもらえていると思うのでしょうか
-1	RT @itaimecom: 女性陣へ。彼氏や夫に「私がなんで怒ってるかわかる？」と聞くときは、「〇〇だからよ」と理由を続けましょう。男が黙ったり、「わかんねぇよ」と答えても、決してあなたを軽視したり、面倒くさがったりしているのではありません。男は本当にわかってません。繰り返し…
0	RT @mizpi: 気まぐれオレンジ労働  #ロードを労働に変えると地獄
0	RT @al_qrantz: トレンドに入っている奨学金についてだけど「返すつもりないなら最初から借りるなよｗｗ」「契約したのはお前だろｗ」という話ばかりが話題に上っていて、「お金がない家庭に生まれた子供は学ぶ機会すら与えられない」という本質的な問題に誰も目を向けていないのが、…
0	RT @yuzuka_tecpizza: 二重全切開、目頭切開、目尻切開、頬骨削り、頬ヒアル、立ち耳矯正、唇ヒアル、口角ヒアル、眉毛増毛、カラコン着用。 https://t.co/Jeuh1GWkz1
1	RT @Ponponppo: 待遇とかはその人の能力に基づくわけではなく、その業界、会社のビジネスモデルやそこでの相対評価によるところが大きく、そういうルールの中で自分が1番送りたい人生を選ぶべきと就活生には伝えたい。
1	RT @takunitada: いっけなーい🔪殺意殺意💦私、保育園長😉少子化でも何とか経営してくために日々経費節減に励んでるの✨でも国が「来年4月から無資格でも保育OK😋」って全然トンチンカン😲今の保育園なんて保護者対応が重要👹次回「社会人として保護者対応も学んだ保育士養成せい…
0	RT @zaregoto_od3: ノリスケさん本当にゴミクズですね https://t.co/7ZDVS2H9Qc
-1	@SixTwoFive25 裁判制度や国民性など、日本ならではの事情もあってこのようなものがあるのでしょうね。なんというか複雑な気持ちです。
0	RT @fukazume_taro: 油まみれでギットギトの皿をキッチンペーパーで拭かずにいきなりスポンジで洗う洗剤のCMを見るたびに、このコマーシャルを作った人は皿洗いしたことがないんだなと思う。
0	楽天ディスられてるぞ https://t.co/NmFq1bFVhM
0	RT @ujjjj: カーチャンがパソコン教室に通った結果www http://t.co/XtHnhh8fvl
0	RT @loiranaoeburra: こういうこと言っちゃ何だけど、本来頭脳労働って作業が少ないから頭脳労働なのに、日本の場合はちゃんと仕事したというアリバイ作りのためにログ残したりしてるから、本来必要な仕事よりずっと長時間を書類作りに費やしてるような。
0	RT @mkh1129: 婚活妖怪の七つの大罪  強欲「金も時間も愛情も全部よこせェ！！」 色欲「中出ししよ？赤ちゃん作っちゃお？」 憤怒「どうして結婚出来ないの？！」 嫉妬「自分よりレベル高い女は皆死ね」 傲慢「私の方が良い女なのに」 大食「婚活パーティのご飯美味しい！！」 …
1	RT @I_have_a_bog: 彼女とセックスしたとか旅行行ったとかプリクラとかは見たところで「ほーん、そうかそうか」って気持ちで終わるが  彼女に「ライオンは交尾のときにメスから誘うらしいよ」って言ったらベッドで小声でガォーって言ってきた可愛い みたいなのはマジでダメージ…
1	RT @yasoina: 性的快感を実際に受けるのは大脳だから大脳の発達した人＝頭のいい人は普通の人より感度が良くセックス大好きでエロいという事実にここ数日大興奮していることを深夜だから白状する
0	RT @hatt_san: メロスはスクワットした。必ず、かの軟弱極細の大腿四頭筋を鍛えなければならぬと決意した。メロスにはバンプがわからぬ。メロスは、村のトレーニーである。腹筋をこなし、バーベルを持ち上げて暮して来た。けれども下半身に対しては、人一倍にヒョロヒョロであった。
0	RT @Ruhineria: 何言ってんだこいつら https://t.co/l6KBVr7JIv
1	RT @bigshiba1: 銀座たるたるのオーナーが10万本飲んで発見したワイン価格の閾値について。  i.3,000円以下はバラツキが激しく見る目を最も試される価格帯 ii.3,000円越えれば失敗はない iii.5,000円を超えると全て美味い https://t.co/…
0	RT @hirokinose: 日本のホワイトカラーの生産性改善のためにも日本の部活文化の破壊が望まれると真剣に思ってる。 ・ピンチには円陣で精神論＝ムダな会議 ・試合に出なくても試合には来て声出し＝付き合い残業 ・先輩は神、監督は絶対＝年功序列 ・無遅刻無欠席なら下手でも少し…
0	RT @WSJJapan: 「ホテル・フェンディ」へようこそ【写真】 https://t.co/mAR6AGLtSb 「フェンディ」が、改装したローマ本店「パラッツォ・フェンディ」内にブティックホテルをオープン https://t.co/rC6MdyBZep
0	RT @SpeakComedy: The Japanese army created a Star Wars sculpture for the snow festival. https://t.co/6RxmqiXhoV
1	RT @shukatsushosha: 事務所幹部たちもSMAPにテレビで公開謝罪させて、けじめをつけさせたつもりだろうが、堅気の人間からしたら幾ら何でも、しらけちまうぜ。ミッキーマウスがディズニーを辞める辞めないで揉めた末、TDLのエレクトリカルパレード中に公開謝罪させられた…
0	RT @tadataru: しかし愛だの恋だのばっかり歌ってるグループが恋愛禁止で、個性が大事とか前を向いて進もうとか言ってるグループが事務所の奴隷って、皮肉すぎてもう言葉もありませんね。
1	RT @realwavebaba: 奨学金制度について詳しくないのだが、白金の地主の娘の歯医者が「奨学金５百万円、無利子だったので借りておいて、手をつけずに卒業後月２万円づつ返しています。マンション購入の頭金にしました」って聞いた時は「格差は伝播し、拡大する」と思った。
-1	RT @T98ver2: スッポンの腹の中に卵が入っていることが茹でたあとに分かり、すでに死んでいるだろうと冗談半分で育てたところ奇跡的に産まれた子スッポン達 沸騰したお湯に10分くらいさらされていたにも関わらず生きていた驚きの生命力 https://t.co/WxhJ5Frk…
-1	RT @wani_jin: 「高いところから飛び降りた人は地獄でずっと落ち続けて、首を吊った人は地獄でずっと苦しい思いをすることになるんだ。だから、絶対に自殺なんてしちゃあいけないよ」幼い頃そう祖母に教えられ、絶対に自殺なんてしないと固く誓った僕は大人になってから腹上死という死…
1	RT @utadahikaru: 赤ちゃんのキンタマの美しさにビビる
0	RT @sukezo: ムースは1mの積雪の中この速度だってさ。襲われたら死ぬな。 https://t.co/1Aq7j6Px9Z
0	RT @okasanman: ジカ熱、性交渉で感染=テキサス州　https://t.co/chSY4Kjmqf https://t.co/f8QAUca744
0	RT @fuikitodoki: ゆ"る"さ"ん"！ https://t.co/3bURHCGLVK
0	RT @HIGEYOSI360: 理想の男性像 https://t.co/nJCBqU9wuo
0	RT @fuikitodoki: 最高にハイってヤツだァァッッ！！ https://t.co/KmYVBDpGNN
1	RT @nkmrerk: 【挙式の流れ】新郎新婦入場→讃美歌斉唱→聖書朗読→誓約→指輪の交換→結婚宣言→新郎新婦退場 【独身女子会の流れ】独身女性入場→「キャー！元気ィ？」斉唱→共通友人の新規婚約者朗読→「私？全然何もないよォ」発言の真実性誓約→励ましの交換→｢実は彼氏できた｣…
0	RT @joshispa: 「ホントは彼女・妻がいる男」を見破る3つのテク https://t.co/dUDH23BGUw
1	RT @10anj10: 総合商社は極論すれば運で担当業務が決まる。定年退職から70歳まで満足いくペイで働けるスキルも身につかない。少し調べれば判るのに、調べていない時点で優秀な学生ではないでしょう。 総合商社の中の人が語る就活への警鐘、後編公開です！ https://t.co…
-1	RT @shukatsushosha: 私はOG/OB訪問否定主義者で、ネット時代にわざわざ初対面の人を訪問して、会社や個人の身の上を訊くのは時間の無駄。大多数の就活生に会社を選ぶ権利はほぼないから。どうしても訪問したいなら自己PRの原稿を見せて、コメントをお願いするのがベスト…
1	RT @value_investors: だいたい、日銀黒田バズーカ第一弾でさえ、撃って2ヶ月で元の水準に戻ったんですから、あの時点で砂上に楼閣だなと思いましたよ。FRBとはえらい違いでしたから。  https://t.co/kp1AQ9JYau  https://t.co/j…
0	RT @Redpanda76: 娘の自慰癖が治りません。来年中学校にあがる娘のことで悩んでいます。高学年にな... https://t.co/9dvfJfKTBJ これ、ベストアンサーがこれ以上ないほどの神回答なのにこの上ないクソリプが返されてて救いがない
0	RT @ebodaisan: 死ぬほど笑ってる https://t.co/LP0LSUcjG1
0	RT @haaaaaaa___: 飼いたいの？年収は？ https://t.co/SQiycG3vRP
1	RT @singerCONAN: 会ってる時はいつも ラブラブなんですが…  って当たり前やんか。  会えへん時にどれだけ 相手の頑張るチカラに なってあげられるか。  カップルの真価は 会ってへん時に出るんやで。
-1	RT @9dm: 「胸元の寄り友」のツイートに対する「反対は平らの乳盛りですねw」って反応に、『貧乳を馬鹿にするな！』と別のユーザーが反発したりしてる様子を見て 「これが桶谷間の戦いか…」 って一人で納得してる https://t.co/ygiKEUD00q
0	RT @fuikitodoki: 「リラックスして撃つんだ・・・」 https://t.co/TqbZUoMIRw
0	RT @arisu2420: こんなの笑うだろｗｗｗｗｗｗｗｗｗｗｗｗこのエロ本が心から欲しｗｗｗ https://t.co/xJfkMbO67y
1	@partyhike 私は好きですよ。
1	RT @maomaoshitai: 千年後の古典の先生「千年前の日本では面白いことを『草が生える』と表現していました。自身の心の高鳴りを草木の芽吹きに例えたのですね。昔の人々の感性の豊かさが伝わってきます」
1	RT @hachi_100tl: 電車でリーマン2人が「あー！彼女欲しい！正直、こんな遅くなっても嫌な顔せずに、家であったかいごはん作って待っててくれるだけでいい！大事にするから！」「俺んちにいるけど、写メ見る？」「マジかよお前？！見せて！」ってスマホ覗き込んだリーマンの「炊飯…
0	RT @toshouken: 【クリスピークリームドーナツの閉店続く－京都、広島も全面撤退】 １月に福岡市、岡山市から全面撤退したクリクリ。 ２月には京都府、広島県からも全面撤退。 クリクリは日本ではロッテが展開。 https://t.co/E9As78NCrC https:/…
0	RT @cook_hideyoshi: 就活で知り合ったグループディスカッション得意な早稲田マン、仲良くなってみると、面接のたびに同じグループの女の子と仲良くなってセックスしていることが判明し、就活得意な奴は女心の内定もらうのも得意なのかと感動したことがある。
1	RT @tabbata: 美女が多いとされる福岡市で「女子あまり」の事態が発生中 #ldnews https://t.co/sLcHOPRcwr
1	RT @itokonn_HQ: これ、中学国語教師の友人も言ってた。「先生、古典つまんないです！」「つまんないだろ？それはな、お前に読ませて問題のない部分は大抵つまんないからだ。本当に面白い部分はどれも公序良俗に反しているからとても読ませられないのが古典なんだ。つまんないの読ん…
0	RT @WSJJapan: もし昇給が年に2回あれば、社員はなおさらがんばって働けるかもしれない。⇒社員のやる気高める昇給は、金額より回数＝調査 https://t.co/ro7YJNPHl7 https://t.co/2Fq9pKzalp
0	RT @takuyama_3: すげー意識の高いカフェが六本木ヒルズに爆誕してた https://t.co/QJXyF4YMnm
1	RT @koikekazuo: 「時間を守らない」というのは、本当に人の信用を無くす。時間にルーズな人は、一事が万事で、心もルーズ。人を待たせて、その人の時間を奪ってもいいというおごりがある。時間を守らない常習犯って、あまり深く関わらない方がいい。僕の実感、体験として。(小池一…
1	RT @udama1212: 「うちの猫よくドヤ顔するんだよね」っていうと「猫はドヤ顔するほど表情豊かな生き物じゃないからｗｗｗｗｗｗ」って100発100中信じてもらえないんですけどコレが証拠です。ご確認ください。 http://t.co/teUfv0hiL8
0	RT @VoQn: 今後起きうることで一番「あーあ…」ってなる展開に「シャープが中国資本の元で経営立て直したらめちゃくちゃホワイトになって業績大復活して、結局ダメなのは日本の旧態然としたサラリーマン哲学でした」ってオチがある
1	RT @shukatsushosha: このサービス、最初に知ってる英単語を自己申告してそのレベルに合わせて英単語を出題してくれて面白い。英語の単語力チェックだけならかなり使えるサイトだな。QT  あなたの単語力はネイティブレベルです！ https://t.co/t7L7T6r…
0	RT @snty_tact: とうとうアメリカにも持ち込まれた新たな争いの火種 https://t.co/ENhTGFHjc0
0	RT @koppe_hakumai: 飼い主絶対殺すマン https://t.co/tL6lGqPWyj
-1	RT @kroud_beast: 妹にテスト見せてもらったんだが、どうも、逃げるって考えは無かったらしい。 https://t.co/3zcLnG33T0
0	RT @dai23nootoko: ほんの一瞬だけジジイが下ネタ言ってるのかと思ったけど違った #今週の過去ネタ https://t.co/mPAlgzzYAf
-1	RT @value_investors: 【三世代同居支援事業】  「金持ち」⇒250万円の支援。大きな家で、キッチン、浴室、トイレ、玄関を実質タダで2つ以上設置可能。三世代同居不要  「貧乏人」⇒狭い家で三世代同居。キッチン、浴室、トイレ、玄関複数は無理。支援受けられず ht…
0	RT @thxgasol: ブラを解析したり生理周期予測したり目の反射から部屋の中を解析したりシャンプーテイスティングしたり声豚なんなんだよ… https://t.co/uwKSGvXU4V
0	RT @HuffPostJapan: カレーがイヤな記憶を吹き飛ばすという実験結果　ストレス解消、うつ病への効果期待 https://t.co/0NN5123RfZ https://t.co/ZNyDqursRE
0	RT @SHARP_JP: 私が言ってもなんの足しにもなりませんが、弊社へエントリーくださる方もそうでない方も、就活、がんばってくださいね。だんだん自分が削られるような気持ちになるかもしれないけど、それこそ幻想なので。
1	RT @tamakiyuichiro: 安倍政権が進める三世代同居住宅支援事業は、子育て政策の名を借りた、豪華住宅建設支援策に過ぎません。木造限定で、しかも三世代同居を要件としていません。訳が分かりません。https://t.co/YHIKwJTWYL https://t.co…
0	RT @45print: 農作物荒らすサル撃退実習、主婦らエアガン連射 : 読売新聞  https://t.co/49j9dIZNr3 https://t.co/NJqbRdCdXf
0	RT @fuikitodoki: 兄さん・・・っ！ https://t.co/SqLw9Wqizq
0	RT @Tumbler10Fly: なんと！そうだったのか… https://t.co/21F7jZE1ir
0	RT @kato_taizo_bot: 世の中、誠実な人もズルい人もいます。初めての人とは契約で動くこと。
1	RT @achapipipi: すっご！！電車動かしてる人いる！ https://t.co/lfL9mBs8o6
1	RT @revolution418: CM「偏差値29から北大医学部受かりました！」 僕「おおすごい！偏差値29ってどこの学校だったんだろう？」  …は？ https://t.co/G2qLeZuOHB
0	RT @mou_kaeru: 戦いの始まり。 https://t.co/2LHOj46S0a
0	RT @yoshikita_nabe: 昼間流れてきた茶髪のお姉さんの一覧、つまりはこういうことなんだよ。男性目線を分かってくれ。 https://t.co/lE3DnvtLuj
0	RT @BOHE_BABE: 給料の半分が保育料に持ってかれる！と叫んでる東京の共働き家庭は、10年位すると塾と私立の学校に同じ位の金額を払う訳だが、そちらへの怒りは余り聞かない所を見るに、保育の仕事は教育より軽視されていて、であるがゆえに人が集まらないのだろう。
-1	RT @vaaaaanquish: 社会が「PDCAを回せ！PDCAを回せ！」とうるさいのでPDCAを回すWebページを用意しました　https://t.co/BTGNBYcBc2 https://t.co/0ZpEBRT0dY
1	RT @WSJJapan: バークシャー・ハザウェイが90億ドル規模の起債 https://t.co/7uVBG75FIl 同社として過去最大規模の起債をいとも簡単に実施。高格付け企業の社債に対する継続的な需要が反映されている https://t.co/qYjP5VtRpV
1	RT @hikarudayooo: 火つけてから「あ、タバコ大丈夫？」って言うやつなんなの。一応断りをいれてるけど大丈夫だよね？っていう甘えと図々しさとが相まってブチギレ案件なんですけど
0	RT @wakamesoba98: 就活生を舐めきった円グラフ https://t.co/2Zlfg6fO2B
0	RT @mou_kaeru: 一瞬で。 https://t.co/ndMt5JvqGh
0	RT @EICEAR: 妹ほしいって騒ぎ続けた結果、母に「東大入ったら妹の１人ぐらい作ってやるよｗ」って言われたからちょっと東大入るわ！！
1	RT @EICEAR: 東京大学 文科三類、無事に現役合格しました
0	RT @SNSworId: やばいwなんでわからんけどめっちゃ就活したくなってきたwwwww https://t.co/PgZXhHrzPG
0	RT @value_investors: 【政府は１１日、将来世代の年金水準を確保するため、高齢者への給付抑制を強化することを柱とした年金制度改革関連法案を閣議決定した。】  キター(°_°) 若者世代はもっともらえなくなる 選挙対策のために選挙前は法案提出しないらしい htt…
1	RT @value_investors: 東日本大震災から早5年  支持者でもなんでもないけど、未だに菅直人元総理が原発事故を引き起こしたとか考えてる人いるんだけどなんなの？  原発事故対策を総理大臣の時に野党に追及されたのにその必要はないと対策を怠り、原発事故の時に海水注入を…
0	RT @YJ114514D: グラブルの最高レア出現率が0.007%とかでみんな絶望してるらしいが 東京でタヌキを見つける確率の７倍もあるんだよなあ 甘えてんじゃないぞ？ https://t.co/uz1jKMhFrp
-1	RT @saksakstar: 世の男性の皆様、大変お待たせ致しました。 昨夜彼女と『女性のカワイイ』について1時間半話してカワイイを紐解きました。 ご査収下さい。 https://t.co/TN50lKt4gw
0	RT @WSJJapan: リーダーを本当にリーダーらしく見せているものは、どうやら「筋肉」らしい⇒リーダーを「体格」で選ぶ－ヒトもサルと同じ https://t.co/66dT5kmn3W https://t.co/gMoZcZhvtV
0	RT @With_Gir4ffE: もっと鳥っぽく降りろよ https://t.co/Uvj9B6vDSL
1	RT @moffril: 結婚したい男性にぜひ、ぜひ知っておいてほしいのですが、清潔感さえあれば服も顔面ダサくていいから、油モノの皿とガラスのコップを流しで一緒に置かないでください。あと生ゴミはビニール袋にいれてゴミ箱に捨ててください。この2つを徹底できているだけでも即求婚案件…
0	RT @MisoSuzuki: 就活アイドルと人狼ゲームをやって、就活生の採用を決める…、ってなんだかわからないイベントやります！　ゲームも参加できます。3月19日（今週末）18時から渋谷トリガー。 https://t.co/rJW0D79c4C
-1	RT @newmoon_xyz: 朝から息子とゲームの話してたんだけど、小学校低学年の頃、友達の家で親のバイオハザード勝手に遊んで、敵に囲まれて銃弾も尽きて絶体絶命でパニクってるとこにお母さんが帰ってきてコントローラを奪いナイフ1本で全ての敵を倒し「もう触んなよ」とゲーム没収し…
-1	RT @value_investors: 日本人って「学歴」「経歴」「権威」「家柄」  こういうものにかなり弱いよね  中身で判断しないでこういう「見栄え」で判断するから、自分で中身を精査するということを怠り、思考停止になるんですよ  だからトンデモな人間が平然と権力や影響力を…
1	RT @simcatcy: 以前、飼ってた猫の手術が終わった後の診察で、「成功しました。万歳しましょう」 って言うから、言われた通りに俺が  「ばんざーい！！」   って声高らかに腕をあげ言ったら、 「お腹の傷を確認するから猫を万歳させてね？」  って言われた後の微妙な空気の診…
0	RT @takasuka_toki: クッソワロタｗｗｗ/日本人女が海外でモテたり、外人にモテたりする本当の理由 - 金融日記 https://t.co/iRZjzNvEk6
1	RT @kojiskojis: 3月18日の報道ステーション、圧巻の｢緊急事態条項｣批判特集。肉親がナチスに逮捕、処刑された人々の証言。政権批判の自由を奪うことが支配の核心だったと。まさに現在の日本の状況に通じるもの。 https://t.co/pxQeGcy8bm
1	RT @yuiyuiyui11: 報ステ⑨ ワイマール憲法に詳しいミハエル・ドライアー教授 自民党草案はワイマール憲法48条を思い起こさせます。内閣の一人の人間に利用される危険性がありとても問題です。一見読むと無害に見えますし他国と同じような緊急事態条項に見えますが https…
-1	RT @yuiyuiyui11: 報ステ11 さらに首相自身が一定の財政支出までできる。民主主義の基本は「法の支配」であって「人の支配」ではない。民主主義の創設者たちは人に懐疑的です。常に権力の悪用に不安を抱いているのです。権力者はいつの時代もさらなる権力を求める https:…
0	RT @HVLlc1Oxt2ILoV6: 色々な人生 https://t.co/LnDrJ3PCUc
0	RT @hinaitter: ミッフィーカフェ感動した。特にミッフィーちゃんが親指を立てながら溶鉱炉に沈んでいくカレーは涙無しには食べられなかった https://t.co/CKzrEzbkse
0	RT @colappy: ディズニープロポーズの光と闇。 https://t.co/vREW5bcYGM
0	RT @Jiro_: 「相模相撲相模原場所」ってもう何が何だか w https://t.co/DfwsHb9y68
1	RT @s_kajita: 「低賃金労働などすぐにロボットで置き換え可能じゃっ！」という意見に対し、研究者として僕が言えることは以下の通りです。 https://t.co/tJilLBzQnT
1	RT @koki_hbb1: ほんとこういうの大好き笑 https://t.co/xsWqVlk9st
0	RT @hatebu: 就活スーツの着こなしを考える - マチ子の日常 (66 users) https://t.co/rJqVIvU2t7 24件のコメント https://t.co/zrAO4Ji7y5 https://t.co/MRjV1bGOFG
0	RT @sweetmemories43: 煽りヤバない https://t.co/euxOT1jDR6
-1	RT @h_ototake: 『五体不倫満足』 #名作のタイトルに一文字足すとよく分からなくなる
1	RT @cook_hideyoshi: 就活のバイブル「絶対内定」の著者杉村太郎さん。  「死ぬ気でやれよ、死なないから」  という彼の熱いメッセージは多くの就活生を奮い立たせたが、実際に杉村さんご本人が亡くなったというニュースを見て、  「死ぬ気でやったら人は意外と死ぬ」  …
-1	RT @InsideCHIKIRIN: なんでこんな誤解があるのかさえよくわからない。家電だってひとつで済むし、家賃の更新料とかも含めれば、年間30万から40万は（結婚した方が）生活費は下がるはず。 「奨学金のせいで結婚が出来ない」という勘違い(中嶋よしふみ)  https:/…
1	RT @Enmyuu: 社内恋愛、「そろそろ結婚は？」って周囲からの期待で別れたくても別れにくくなるし、別れたら別れたで良い噂も流れないし、最悪キャリアに傷が付くので、まじで結婚前提真剣交際用の1度きりの使い切りカードとしてよく見極めて使った方が良い。  #新社会人に送るメッセ…
0	RT @jump_bookstore: 遊☆戯☆王フルカラー版全22巻が一斉配信開始!!! あの名デュエルがデジタルならではの極彩色フルカラーで蘇る！ #遊戯王 #海馬 #デュエル #ジャンプBOOKストア  https://t.co/dhkEL5juyH https://t.…
0	RT @jump_bookstore: 【海馬社長の指示でジャンプBOOKストア！更新情報の連絡です。】 【遊☆戯☆王】GX/5D's/ZEXAL/Rシリーズ一斉配信開始です。 全国民に社長のご活躍をご覧戴きたい。https://t.co/KwzbkS7EUD  #海馬 htt…
1	RT @nisiazabukochan: どこかで見た、 「バカな女は男の『時間』を束縛して、賢い女は男の『行動や考え方』を洗脳する」 って言葉、本当にその通りだと思う。
1	RT @cook_hideyoshi: なんとなく積ん読してた本を消化してるんだけど面白い。 『女子会』という言葉は 「自宅通勤のお金を貯め込んだ女性にお金を使ってもらう」 という目的でリクルートが仕掛けたもものなんだとか。 ブームの裏には狙いを持った仕掛け人がいるのだ。 ht…
0	RT @8S88S: 結局どれだ...？ https://t.co/3C6spcvGE6
0	RT @honda_hiroshi: 巧すぎ‼️😂☺️ https://t.co/4corzzdL7y
1	RT @ikazombie: 隔離した環境でまずは徹底的に人格否定をして、個人が心の拠り所にしていた価値観を壊し、心身を疲弊させたところで、刷り込みたい価値観を空白になった心に一気に植えつける、というのが洗脳の基本テクニックなんですって。 https://t.co/hQLPbT…
1	RT @hoshina_shinoda: つまんなくなった仕事をよく見ると、自分が勝手にそうしているだけだった。同じ仕事も新しい人には新鮮なのに、出会いを開拓してない。状況の変化や方法を刷新にアンテナを張ってない。ルーティンにはまっているのは、私のせい。ひとに仕事を渡すにしても…
1	RT @JUMP_REMIX: 【明日発売！！】明日から『遊☆戯☆王』のリミックスが全国のコンビニほかで発売！ 読み応えバツグン！超極厚サイズで皆様の元に名作をお届けいたします。ラストまで全13巻。このチャンスにもう一度、遊戯たちの決闘で心を熱くしませんか。 https://t…
0	RT @nira0129: 大人向けニューホライズンが大人向けすぎる https://t.co/nxP0jjFu9d
0	RT @yuna8313: 東京駅で「指定とった新幹線の時間まで暇だなぁ」とぼーっとしてたら、他のとは違う一つだけ模様の入ったタイルを発見。なんだろう？と思ったら浜口雄幸首相が銃撃された場所でした。今もその場所をマーキングしてるって知らなかった。 https://t.co/eW…
1	RT @flat_chest: Aカップの貧乳女子がCカップになりたいなら、まずCカップのブラを買い揃えるといい。先行投資すべきは怪しい吸引機や豆乳ではなく、大きめのブラである。脳にCカップであると誤認させることが一番重要なのだ。私はこの方法を活用して、前年度の2倍近くワコール…
0	RT @ikedaosamu: 究極の学習 https://t.co/3hBLAsH229
0	RT @flat_chest: ここ1年、貧乳界でもっとも読まれた本は堀江貴文の「ゼロ―――なにもない自分に小さなイチを足していく」です。
0	RT @netgeek_0915: 國學院大學のパンフレットに致命的なミスがあって声だして笑った | netgeek https://t.co/svMwFX2yf2 https://t.co/VGCc06lM5D
0	RT @__ENERGY_: 被害者が気にしてなくて草 https://t.co/VQx4kEhS10
-1	RT @uranoyasuto: 今話題のTPP文書を入手。世界一難解な暗号文をこれから委員会で解読する予定。恐らく今年一番の紙の無駄遣い。#国会 https://t.co/euQmuOWqD7
0	RT @73Ngs: Q.神奈川県ってどんなところ？ A.こんなところです http://t.co/rdp5Wq94mf
0	RT @pokemon_movie: 「ポケモン総選挙720」の投票方法を公開！No.1に選ばれたポケモンを劇場でプレゼント！投票スタートは4月16日（土）から！https://t.co/flkIrSYFSQ #ポケモン映画 https://t.co/nouDB0PR6t
-1	RT @tarareba722: 311に改めて呟こうと思って忘れてた。昨年都民に配布されて話題になった『東京防災』が全部pdfで落とせます。もしものためにスマホやタブレットに入れときましょう。災害時に大変役立ちます。 https://t.co/hTb0YKgXIU https…
0	RT @o_paipaipai: https://t.co/vS8Dk1dn13
0	RT @raijin110th: コナン映画20周年、遊戯王20周年、ポケモン20周年って…1996年に一体何が起こったんだ
0	RT @flat_chest: おっぱいは有馬温泉。
0	RT @chouaniki_zns: 同じことを考えてる方々が沢山居た。 これが、被災地から遠い人々の正しい支援方法だと思う。 #銀座熊本館 に行列。 https://t.co/lHFHrOIOOB
1	RT @zygote_pso2: 知恵袋で「自分で新興宗教を作って教祖になってひと儲けしたいのですが、どういう準備をすればいいですか？」って質問があったんだけど、  ベストアンサー何者だよ https://t.co/9DAa4NX61c
1	RT @mina_no_: 有名なネタだけど美男と美女・ブサメンと美女・美男と不美人のカップルだと、一番お互いの満足度が高いのがブサメンと美女なんだそうです。男性は美人の彼女が嬉しくて喜んで尽くして、女性は彼氏の献身が嬉しいというやつ。逆に一番駄目なのが美男と不美人カップルでや…
1	RT @londonshocho: 今更だが、大学生の娘も高校生の息子も、毎週、私と30分以上楽しくスカイプで話をしてくれるのは、嫁さんが一切子供に私の悪口を言わなかったからだと思う。私は決して立派な夫でも父親でもないですよ。皆さん、もう一度言いますよ。子育てで大切なのは、夫や…
0	RT @niconicholson: すれ違った中学生の会話。 https://t.co/QwULHu1RNz
0	RT @gdbcwrxsti: 理想と現実 https://t.co/yiCJ161UJm
0	RT @Al_Fun4: なにかとTLを騒がせた「水素水」なんだけど、効果の根拠とかいろいろと調べたら「効果が全く無かったとしても、ジュースを飲んでたのが水に置き換わるから糖分摂取量が減るので結果として健康になる」っていう話を見つけて大爆笑した
1	RT @InsideCHIKIRIN: さっきのに加え、就活でグループディスカッションにのぞむ人は、これくらいの議論のお作法は理解しておいたほうがいい。ディスカッションで見られているのはこういうことなんだよ。→ https://t.co/gnDlwtJiey （非生産的な議論の…
0	RT @ysaksmz: 面接官「前職で培ったスキルにはどのようなものがありますか？」 ？「大臣出張の際の交通機関、ホテル、会食等の手配を他省庁と調整しながら滞りなくトータルコーディネートするスキルを磨きました！」 面接官「うん、うちじゃなくてJTBに行こうか？」
1	RT @OB_RT: 男性への不信を募らせた女の人に限ってより悪辣な男に騙されたりするから「どんなに裏切られても人間に失望してはいけない」に類する言説は、ありふれた人間賛歌などではなく、むしろ怜悧な防衛の教えだったと気付く。 誰も信じないことに決めた人間ほど、実は誰かを強く信じ…
1	RT @koba31okm: 男女の関係でも就職活動でも営業と客でもそうなんだけど、疑心暗鬼状態の人は見事にババを引き続けるんだよね。際限なく相手を疑うようになると、良い相手には避けられるし、普通の相手のことは自分が弾いてしまって、手加減なく完璧にウソつく相手としか取引が成立し…
0	RT @i_am_a_desk: デスクワークという言葉がありますが、私が働くと思ったら大間違いです。あなたが働くのです。
1	RT @Kztk__2: 台湾の雰囲気のいいクラブで気持ち良く踊ってたらいきなりのピカチュウ出現、目からレーザー出してきて雰囲気ぶち壊れた。 https://t.co/KZtMYKodlN
0	RT @_ma_chi_ko: みなさんゴールデンウィーク飲み会とか死ぬほどあると思うんですけど、トイレとか行った友達のスキを突いて置いてあるiPhone4sで「hey Siri！ナオキとのLINE！」と言うとロック解除無視でLINEの画面が開くので、そこで彼女に女の自撮りを送…
1	RT @raijin110th: #ツイート情報からあなたの性別をズバリ予想 ・遊戯の話題が多い ・アテムが好き ・「おお」「すごい」と言いがち ・海馬からは逃げられない ・デュエルを語りがち →ズバリ、あなたは”ぎりぎり男性”です！ https://t.co/dNWYW6ti…
1	RT @futamegawa: インド映画ほんと面白そう https://t.co/jC16igYQlO
0	RT @totsuno: 【問】これらの漫画は4人に童貞卒業した時の思い出を聞き4コマ漫画にしたものですが、1つだけ童貞の人が妄想で作った嘘話が混じっています。（3つは実話です） 妄想は一体どれでしょうか？ 正解発表は日付が変わる頃に。 https://t.co/FO9A9V9…
0	RT @totsuno: 【答】童貞の妄想は『４番』でした。アンケート投票数57980票、AKB総選挙だと大体10位になれるくらいの人が童貞の妄想に付き合ったので日本の未来は最高。本当にありがとうございました。ちなみに妄想提供は56歳の童貞のお方です。マジ https://t.…
1	RT @InsideCHIKIRIN: へー！　精子の数、スマホで確認…男性不妊の判定可能 - BIGLOBEニュース https://t.co/LYW0bKENdw
-1	RT @rui_sann2: 不倫のドラマを「大人の恋愛」と表現するのはやめてほしい。もっと「理性が働かない人の恋愛」とかにしてほしい。
1	RT @KS_1013: Hungryは形容詞だぞ…大丈夫か、ピザハット？本社から怒られるぞ…。 https://t.co/iHiwGRbsAJ
0	RT @lovesnaej: @KS_1013 犯人はやはり… https://t.co/VDabnFXI2D
1	RT @ujiqn: 世界平和のカギを握っている重要人物みたいになれる待ち受けをつくりました。 ご自由にお使いください。  ※iPhone6/6S専用です https://t.co/QB4UqQmcbB
0	RT @k_usuta: へ～、週２で合コンする暇はあるのにアオリを練る暇はないなんて、大変ですね編集って。ていうか「練ればもっと面白くなる」って漫画の話でしょうか？僕自分より無能な奴に言われたくないんですけど。あなた僕より面白いものが描けるんでしょうかね？ https://t…
1	RT @InsideCHIKIRIN: 毎年毎年クールビズとか言ってるけど、年を通してビジネススーツとか着るの、止めればいいのに。面接時と入社式と株主総会の時だけ着る特殊な服、いわば着物みたいな位置づけにしてしまえばいい。なんであんな非機能的な服を毎日着る必要があるのか、そろそ…
1	RT @Pokemon_cojp: 『ポケットモンスター サン・ムーン』の最新情報が見られる、特別映像を公開中！ https://t.co/rwerzg0DQ7 #ポケモン_サン・ムーン https://t.co/JMWXqLxQGH
0	RT @hama_shima: https://t.co/X0vi3rdx1q
0	RT @maxut5: スターライト速報 -遊戯王OCG情報まとめ- : 【遊戯王実況】遊戯王DMバトル・シティ編 128話「城之内 死す」実況スレ案内　2時5分から放送開始！ https://t.co/n5fBYkf3qX #遊戯王 https://t.co/ut0hdXXn…
1	RT @dewachang: 日産の社長と三菱の会長の眉毛の角度差がすごい（二度目 https://t.co/xRFiWVr87b
0	RT @value_investors: グリーンダカラが「改悪」されたのでクッシャクシャにしてやりましたよ！！！ https://t.co/sr2D1Ved1l
-1	RT @koba31okm: 家のソファを捨てることになり、俺が一人で背負って粗大ゴミ回収場所まで持って言ったら、妻が「コイツ実は使える…」的な顔で俺を見ている。やはり男はパワーである。
1	RT @amandchocolat: 千葉国体公式でライフル構えてるチーバくんがいるんですけど、地図に重ねたとき狙う先がさいたまっていう完璧な宣戦布告 https://t.co/SANJ1XecGo
0	RT @mkmogura: おお、勇者よ。本当に魔王を倒してしまうとは大人気ない。  武器防具屋は失業、道具屋は赤字操業で過当競争、宿屋は倒産、いたる城で徴税についての紛争が蜂起され、教会にはセーブをしに来る人もこないときている。 モンスターがなぜgoldを落とすのか、何が経済…
0	RT @ponzholic: 徐々にエスカレートしていくwindows10アップグレードちゃんの様子 https://t.co/FvqjXzjfKJ
-1	RT @HuffPostJapan: スズキの鈴木修会長、辞任否定「悪意だったら問題だが...」 全16車種210万台以上で燃費データ不正 https://t.co/oiukuvYLD1 https://t.co/ROcqArGAJ3
1	RT @value_investors: ディズニー映画の「ズートピア」見てきたんですが、「差別」「偏見」がテーマになってて、子供は純粋にアニメとして楽しめるし、大人もいろいろ考えさせられる映画でした。なかなか良かった(^^) https://t.co/PsHvmBzdm6
1	RT @nyoninzou: 民進党の新しいロゴ、ほぼペペローションやんけ。 https://t.co/dcipUO12Xu
0	RT @meguro_staff: ラブホの上野さんの最新話が公開されました。  今回のテーマは「自慢」  「僕は友達がたくさんいるんだ！」と言うと、友達がいないようにしか見えないというお話です  是非お読みくださいませ  ※私はアニメ「くまみこ」を応援しております  http…
0	@mai_yoshida ガタッ
0	RT @kabumatome: 東京なのに駅から徒歩20分のワンルームマンション、ハイリスクローリターンな面白物件を押し込まれた年収450万円の素人が話題に https://t.co/WtQ3AdVSzI
0	RT @hironobutnk: 『文化とはエビのしっぽである』新入社員の頃教わった、ホイチョイの馬場康夫さんの言葉「海老には必ず尻尾がついているが、水揚げした時切ってしまえば、冷凍費も輸送費も3割は安くなる。だが人々は尻尾がないと海老とは認めない。無駄のようだが、豊かに感じる…
0	RT @chinasmoke: 笑いながら見てたけど、最後の画像で「ふむ、これは・・・」ってなった https://t.co/NTOQzIAvOn
1	RT @kanata_t: 好きなことが見つからないときは https://t.co/dkTl8CQ3iv
0	RT @livedoornews: 【キレ味】「サラリーマン川柳」大賞決定 「退職金 もらった瞬間 妻ドローン」 https://t.co/duCe9SBX3c  あらゆる場所に飛んでいけるドローンと姿をくらます「どろん」を掛け合わせた句が、多くの人の共感を呼んだ。 https…
-1	RT @sasakitoshinao: 未婚女性の不幸率が8.1％なのに、未婚男性の不幸率は43.5％。30〜50代の統計。社会的圧力の問題なんだろうか。／未婚男性の「不幸」感が突出して高い日本社会 https://t.co/bheBeFNdk2 https://t.co/tX…
-1	RT @ak_tch: 金融リテラシーの高いひとは保険ショップに行かないし、そもそも保険に加入しません。銀行で変額年金に加入しないし、販売手数料3％の投信も買わないでしょう。旧来の金融ビジネスが、リテラシーの低い高齢者などからぼったくるモデルに変わって、規制する金融庁も大変です…
1	RT @nobu_llllllllll: 「漫画・アニメが実写化されるときの原作ファンの思い」を壮大な動画にしてみましたwww https://t.co/32NkACAJRI
1	RT @koba31okm: みんな最初はそう言うんですわ。「健康のため」「ダイエットのため」「運動不足解消のため」ってね。それがジム行ってるといつの間にか着地点を見失い、ひたすら筋肥大と筋力アップを目指すようになってしまう。
0	RT @10anj10: 炎上が怖くて軸の原点は説明できませんでした。【企業別合コン男子マップつき】一般職女子ってどんな生活してるの？「年収は総合職より上」「合コンは週1回」赤裸々な実態 https://t.co/4C6gfqVyWZ
0	RT @America_Amazon: 町田市広報課様からのご依頼で犯罪率軽減告知ポスターを制作したのですが、「何から何までそうじゃない」とのご指摘を受け、ボツになりました……。 https://t.co/WdzuqGAcVO
0	RT @nemukeco: 「イケメンに触られたらスキンシップ、キモメンに触られたらセクハラってだけだろ」と思ってる人には、ぜひこの実験レポートを一読してほしい  『所さんの目がテン！ 「科学でセクハラ問題に迫る」』 ⇒ https://t.co/RrcqjbSKLi
1	RT @fukazume_taro: 私のコラム本がKADOKAWAより発売中です。お買い上げいただいた方からは「面白かった」「突然彼女ができた」「宝くじが当たった」など、お喜びの声が続々と届いております。見ての通り必死です。どうぞよろしくお願い申し上げます。 https://…
1	RT @badassceo: 「俺は強くて優秀なオスだ」ってのを主張する為に男は大金を使う。高級車に高級時計とかね。クジャクみたいなもんだ。筋肉があれば自分が強くて優秀なオスであるという主張をわざわざする必要がなくなる為、金遣いが荒いのも治ります。筋トレで治せないモノはありませ…
1	RT @SkyRALU: ズートピア観に行ったけど、アクション満載で凄く面白かった！ https://t.co/POpGKpN9OW
0	RT @jaban777: ウォーターボーイズが 『アナと雪の女王』を踊るとこうなる https://t.co/XkMwA4Ujob
0	RT @InsideCHIKIRIN: これは、メチャモテの友人（男性）に教えてもらった話法。彼は彼女と別れるとき、必ず「心から一緒にいたいと思ったのはお前を含めてふたりだけだ」って言うようにしてるんだって。そしたら女子会でその話がシェアされても、他の元カノはみんな「もうひとり…
0	RT @chinasmoke: 西野カナちゃん歌詞の主人公の女の子はフツーの女の子。雑誌に載ってるような恋愛に憧れるフツーの女の子は、雑誌に載ってるような恋愛をしますか？現実はどこにでもいるボンクラとセックスして舞い上がってプリクラ撮って終わりだろ。だから俺は西野カナちゃんの歌…
1	RT @chinasmoke: 本当に人間社会で暮らしたことあるか？絶対西野カナちゃんの方がいいやつでしょ https://t.co/u84zTUIpWP
0	RT @Sankei_news: 【ＡＩ新時代】社員に「クビ」を宣告したのはＡＩ上司だった…記者も接客もＡＩが人間の仕事を奪う時代がすぐそこまで来ている  https://t.co/9BJIVEqOxG https://t.co/wX3r5YZGUl
-1	RT @nikkeistyle: 22歳で大学を出て就職。25歳で伴侶に出会い、29歳で結婚。30歳までに妊娠。政府推奨のライフスタイルはかなり厳しいものです。 ▶「女性活躍」掲げれど　音速の人生設計、まるでＦ１ https://t.co/1YwvroJV2G https://…
0	RT @mitama_: タモリがクーデターか何かの首謀者に見える件 https://t.co/XMt44Dnk5e
1	RT @newkodai_warp: ラスカルパンが可愛い過ぎる件。 https://t.co/Uv35eIBB76
0	RT @yossy89: #水素水飲む前と飲んだ後  コレやろ https://t.co/1MpZ5VySWb
1	RT @kama_yam: これは便利。有用な画像が出回ってるな。 https://t.co/jKMGYaHaDj
-1	RT @joker_budou: 悲しい世界。 https://t.co/6otPL8PO7M
0	RT @Manualmaton: ある大学での張り紙らしい。　#最先端の煽り　にも程がある。　 http://t.co/b2CeeuPS
0	RT @aguagu110: 使い道に困る偉人たちほんとすき https://t.co/81PkfzXK3V
-1	RT @AkaneSato: 意外。→"「年功序列での昇格を望む」人も、42.3%と過去最高を記録した"／「残業少ない職場」を好む新入社員、74.7%と過去最高に https://t.co/PNRKt2ZF0Z #FNN
0	RT @bokete_pic: ヤマトの不在通知が増えていく https://t.co/JJvHITz8OD
1	RT @fukazume_taro: 子持ち人妻が若い男性と恋に落ちる系のドラマで、家庭と恋愛どちらを選ぶか苦悩しまくる女性の描写を見るたびに、伸びた乳首で若い男とパコれような図太い神経の持ち主にそんな繊細な感情はないだろと思ってしまう。
-1	RT @Yrnc_mt: いっけな〜い！😫離脱離脱👋 私、イギリス！🇬🇧どこにでもある独立国家！国民投票の結果EUを離脱したらもう大変！世界経済に激震が走っちゃった！世界これから一体どうなっちゃうの〜！？😇(他人事) 次回、「そういえばギリシャはどうした」お楽しみに〜！🎉
0	RT @_Aym1020_: 女の子の憧れが全部取り入れられてる( .. ) #RT https://t.co/u40eXKR6qa
0	RT @tantei_kid: 「名前を聞かれてとっさに、江戸川コナンと名乗った」。オランダ語版では、背後の本が日本語のままだけど、英語版では、江戸川乱歩とコナン・ドイルの本だけが英語になって、ドイツ語では全てがドイツ語に。しかも原作になかった都筑道夫の本も出現。 https:…
0	RT @rionaoki: 世間で、ワークライフバランスの話を面接でした場合の男性の落とされるまでの時間秒単位っぽいんだけど、一種の男女差別ではある。とはいえ、仕方ないけど。 https://t.co/vFaA8axLx6
0	RT @koba31okm: ワークライフバランスを意識した転職活動はもちろん悪くないし勝手にやってくれりゃいいんだけど、面接の場で、相手に全くメリットのないことを嬉しそうに語ってしまうセンスが既にビジネス向きじゃないと思う。
0	RT @ktyrchan: 早稲田の賃貸探してたら新築だし6万しないし狭いけど綺麗なところ見つけて良いじゃんと思ったんだけど、トイレが剥き出しだったからもうこれは広めのトイレに住む感じになる https://t.co/lP6QYpEcMZ
-1	RT @dragon_boss: 無駄にクオリティが高く、細部までそれっぽく作り込まれていて笑った。記事読みたくなったし。「ブロッコリー、ほぼ木」て。 https://t.co/rX50hUd8Qq
0	RT @kiminojoushi: ひどい、今まで真面目に仕事してたの、全部お金目当てだったのね！
0	RT @cook_hideyoshi: アラサーともなると周りにマイホームを買う人が増えてきたので、ちょっと立ち止まって考えてみました。 ↓ 賃貸とマイホーム、結局どちらが得なのか？ - 俺の遺言を聴いてほしい https://t.co/TLRUt8bbsg https://t…
-1	RT @yuruhuwa_rikusi: 私このよく分かんない「周りのみんな」という単位を使う人が大嫌いなんですね 指導にこういう圧を使うのは愚かよ  世の中叱られ方より叱り方を正す方が先なのでは... https://t.co/RikzZJDckq
-1	RT @satake_take: さっきの「天皇陛下は82歳になった今年はむしろ即位当時より公務が増えている」ってニュースからの「生前退位は無理」ってニュース、日本ブラックすぎて怖い https://t.co/ChdOMr7O1E
0	RT @bigshiba1: 漫喫死亡… https://t.co/4nFFK6DJi1
0	RT @InsideCHIKIRIN: 安倍さんがなんで憲法改正にこだわるのかなど、よくわかってない人、このエントリをどうぞ  https://t.co/anPwK14kdD
1	RT @Pre_Online: 【3000いいね！over】毎年100億円の補助金を受けていた「ダメ空港」が、成田国際空港を上回るまでの優良会社に変身した。その内幕を橋下氏が明かす。 https://t.co/jVCaLXbPSc
0	RT @Barikios: シンゴジラ、大ヒットしてくれと僕が願うのは、邦画特有の御涙頂戴、アイドル起用、家族愛、恋愛要素、テンポの悪さ、これら全てを徹底的に排除したこの映画がヒットすれば、今後の邦画がこれらの悪癖から脱却してくれるのではという一縷の希望を託しているからなのだ。
0	RT @wakarana_i: 海外に住んでた人の顔あるある https://t.co/VdlGogKTZx
0	RT @avogado6: 毎日逃げてきた自分が、未来の自分を殺していく。 https://t.co/NiUDVcj8RZ
0	RT @utadahikaru: というわけでMステに出まーす！8年ぶりかあ https://t.co/Adj6MYE7kf
0	RT @ikuyoan: 黒魔術の行き着くところを描きました https://t.co/YJrbqr582X
0	RT @utadahikaru: キングダムハーツ2.8のトレーラー公開されてる！https://t.co/x92IVfBKVb
1	RT @hideshione: プレゼンスライドの作り方： １）衝撃の結論を１枚作る ２）その他重要スライドを沢山作る ３）重要スライドを３つに絞る ４）素敵なオープニングを１枚作る ５）表紙を作る ６）結論をコピーする ７）並べて「黄金の７枚」の完成 表紙／オープニング／結論…
0	RT @oricon: 史上初！全国民放ラジオ101局が宇多田ヒカル特番 https://t.co/bk77kGy9H3 …   #宇多田ヒカル @utadahikaru #音楽 #ニュース https://t.co/Mh0FznnrGX
1	RT @fukazume_taro: 藤原紀香さんが「水素は二人の生活に欠かせない健康の切り札」と引き出物に8万円の水素発生機を用意したらしいんだけど、「なるほど、Hが二人の生活に欠かせない健康の切り札とはトンチがきいてるな！がはは！」とか思ってしまったので「君の名は。」に感動…
1	RT @simoyaka: 700人にアンケートを取りました。男ウケのいい趣味決定版です！ https://t.co/DGKAQBe6bO
0	RT @mafumicoffee: @koredemokuraei ご来店ンンンンンンンッッッ！！！アザザァァァアアアアアアスッッッ！！！またァァァァァァァァァァァァァァアアアアアアアアアアアアアアアアアアアッッッ！！！是非ィィィィィイイイイイイイッッッ！！！お待ち申し上げてお…
1	RT @ushi3_jp: 仕事辞めるときに「そんなんじゃ他の会社行ってもやってけないぞ」って言われた場合 相手が転職歴なし→お前転職したことねえじゃん 相手が転職歴あり→やってけてんじゃん で終わるので気にしないでいい
1	RT @fukazume_taro: 「『ルパン三世　カリオストロの城』１５回目でも１２・４％！根強い人気」という記事に視聴率の推移が出てたんだけど、１２回目１２・１％、１３回目１２・７％、１４回目１４・７％だったので、まず間違いなく毎回同じ人が見てる。
0	RT @Ertai_twit: 教育でメシを食ってる人間の端くれとして、駅の萌えキャラ程度で大騒ぎする奴らには先に新聞の広告や電車内のこれを何とかしろと言いたい。 「子・供・が・見・て・い・る・ん・だ・よ・！」 https://t.co/jXgWtMxMAL
0	RT @utadahikaru: 「Fantôme」私にとって発売週から初めての3週連続首位だって。びっくり。デビューから18年で休業明けでこんなことあると思わなかった。ひさびさの…ｱﾘｶﾞﾀﾋﾞｰﾑ!!(ﾉ･_･)‥‥…━━━━━☆ﾋﾟｰｰ
-1	RT @IllmaticXanadu: 全然乃木坂のコアなファンでは無いけれど、実家が超ハードコアな貧乏で、自身が入学した美大の学費をバイト代で払い、弟の学費も払い、乃木坂に入ったキッカケが「ロケ弁が食べられる」からで、父親の借金を全額返済し、もう芸能界に未練は無いと引退を発表…
0	RT @maxut5: スターライト速報 -遊戯王OCG情報まとめ- : 【遊戯王ARC-V実況まとめ】128話　遊矢&amp;零児vs赤馬零王！ズァークが目覚め始め・・・！？ https://t.co/5g3dYd7an5 #遊戯王 https://t.co/NOISe8zPvU
1	RT @lonchan_girl03: この写真すごい。60週間のトレーニングのBefore/Afterらしい。お尻の位置が全然違う。正面から見ても、まるで別人。 https://t.co/igWuCv0WP3
1	RT @T_I_SHOW: イケメン「人は見た目じゃない」 高学歴「学歴は関係ない」 大手社員「大手企業に行くことよりやりたい仕事をしなさい」 金持ち「お金より大事なものがある」 リア充「1人のが自由で楽」 マッチョ「裏切る事のない唯一無二の親友、それが筋肉！」  マッチョは信…
0	RT @_ma_chi_ko: 男子大学生に言いたいことは「俺太れない体質なんだよね」って言ってた元運動部の腹筋バキバキ族は、25を過ぎたら突然中年のようなだらしない体型になり見る影もなくなるということです
0	RT @h4_k2nd: Google翻訳が強化されたと聞いてあの名セリフを再翻訳してみたら関係ない人が死にました https://t.co/WkM8cgujEc
0	RT @usk_numero: これが #rebuildfm で言ってたGoogle翻訳の進化か https://t.co/b87STXxEI5
0	RT @cook_hideyoshi: 男を落とすために押さえておくべき3つの袋があります。 「胃袋」「玉袋」、そして「お袋」です。財布の袋は結婚した後に握りましょう。  https://t.co/ttLhVErrUp
0	RT @U_Plus_2588: ホストのマニュアル、本物の男を作れそう。 https://t.co/rMtT36DzPY
1	RT @Tora_Nerd: この一連のツイート個人的に今年一番面白いかもしれない https://t.co/sa9ghNw6HA
0	RT @InsideCHIKIRIN: 明日、大阪は最高気温13度、最低気温7度ですが、東京は最高気温4度、最低気温2度です。出張者の方、服装に注意です！　（あたしだよ）
0	RT @pochi_levitra20: 何人もの異性と同時進行してても、一人気になる相手が出来ると、だんだん他の相手と一緒にいても楽しくなくなってきて、時間も勿体なく感じるようになるから、逆にたくさんの相手と会いたくなってる時は、結局その中の誰に対しても満足出来てないという事…
0	RT @coldtopic: バックオフィスの仕事はインベーダーゲームで、ひたすらタスクが降ってくるんですよね、他方新規はステージゲームで死んでトライを繰り返しながら先へ進む感じです　と言って解ってくれる人とくれない人がいる
0	RT @orange_disney1: A Musical feat. Disney Princess https://t.co/n25yOts9K4
1	RT @knim_c: 転職理由、素直に環境がクソだった的なこと言うと「それを変えていこうとは思わなかったの？」と詰めてくる人事が何人かいたけど短い人生、健気な24歳の娘がどうやって変えてくんだよ、たしかにそこで変えれたら文句無しの美談だけど、おっさんガイアの夜明け見すぎて脳み…
-1	RT @subwayjp: サブウェイから人気サンドイッチの１００円引きクーポンプレゼント！凸ノ高秀さんのモテサブ漫画を読めば、サブウェイオーダーは怖くない！クーポン使ってオリジナルモテサブオーダーに挑戦しよう☆ https://t.co/xTRLwXJR9Q https://…
1	RT @kokoropinpin: 性交中の様子をMRIで撮影した映像すごい https://t.co/C4qxvMi0r7
1	RT @docuwo: 経産省「プレミアムフライデーをやります」 ワイ「何それ？」 経産省「月末の金曜の仕事を15時までにして、早く帰る分買い物したり病院行ったり、旅行行ったりして消費を促進します」 ワイ「その客が来るであろう小売業と旅行業界と医療従事者は？」 経産省「働いて下…
0	RT @arcueid_brunest: さっきマックで中年サラリーマンが  「忘年会で逃げ恥ダンスを踊ることになった……」 「うわ、お気の毒に……メンバーは？」 「俺、課長、部長、それに社長」 「豪華ですね」 「あぁ……それで、なんて銘打ってると思う？」 「さぁ、想像もつかな…
1	RT @ano_ano_ano: 社会学者・小熊英二「男性が年収８００万を長時間労働で稼ごうとするよりも、男女が適正な労働時間で４００万ずつ稼ぐ方が、現代の経済状況に適合している」  小熊慶應大学教授の年収は幾らか？  脱ポピュリズム　「昭和の社会」と決別を  https://…
0	RT @Messiah_ore: 恋愛相談をされた時に。 https://t.co/DxbAbwk87L
0	RT @DDTOREE: 嘘つけ https://t.co/yFqQRDMaCF
0	RT @ujiqn: 喜んでもらえるかな…… https://t.co/QeHT3PyJKp
0	RT @shin___geki: ちょっと凝ったお年玉入れ作った。 https://t.co/SU0S3E5lDJ
1	RT @Messiah_ore: なかなか指摘しづらかったことも、俺が代わりにしてあげるからもう大丈夫。 https://t.co/QIfw9vUctz
0	RT @SB_RENA: ❤️2016.12.31❤️ (*´∀`)YouTubeありました✨ 是非見てください👉🏻  RIZIN 2016 RENA vs ハンナ・タイソン https://t.co/aVypTfmEDb
-1	RT @Canary_Kun: ふっふっふ、いいですがみなさん。  年金制度が実質的に破綻した瞬間から、価値観は逆転し  二世帯、三世帯で住む、子だくさん家庭が最強になります。  ツライくなるのは、面倒を見てくれる人がいなくなる、独身・子無し・一人っ子の核家族 https://…
-1	RT @men_q3: なんて恐ろしいキャッチコピーなんだ･･･。 ベルメゾンは人類をどうしたいのか。 https://t.co/1diAONS4WL
0	RT @join_ninomae: この埼玉りそなのパンフの画像こわない？ http://t.co/dtuVYpj5bG
0	RT @nanamurananako: 30代女子同僚と話し合って決めた理想的タラレバキャストは以下のとおり 倫子：尾野真千子（35）香：片瀬那奈（35）小雪：真木よう子（35） どうだお前ら文句あるか！全員美人だけど超共感するだろぉぉぉ！  #東京タラレバ娘 https://…
0	RT @Messiah_ore: 10,000のフレーズから、40個を厳選。  お待たせ。 俺スタンプが完成したよ。  https://t.co/487CRlfIRt https://t.co/ld9O6Xf8sn
0	RT @k_rafby: マースで働きたい。/働きがいのある企業ランキング・トップ50 ボーナス年3回の超高収益企業も！ https://t.co/KbZMnQgPIp
1	RT @Trickster_EP: バイト先の女の人が、彼氏に奢ってもらった金額分をずっと貯金してて、そのお金で一年目の記念日に50万以上する時計をプレゼントしたんだけど、彼氏が「俺はたった一年でこんなに貢いだのか」って絶望してそのまま別れた話最高に好き
1	RT @resonate_t: アメリカ人ギャルは尻トレを欠かさない。しかもジムに行くとみんな普通にNike のbooty shorts (正式名称はpro training shorts？)一枚でトレーニングしているので目のやり場に困る。特にequinoxとかハイパー高級ジム…
1	RT @eur_med: すごくポジティブな人出てきた https://t.co/FkdUPHwLAw
0	RT @gmm_____s: 小学4年生でこれはセンスありすぎる… https://t.co/uiegG2FTl5
-1	RT @InsideCHIKIRIN: ちゃんと「生き方」を学んできていないと、人生が大きなトラブルに見舞われた時、「何もかも一気にやる気を無くす」「周りの人に怒り散らす」「誰かに依存して思考停止する」くらいしか選択肢が見つけられなくなる。
0	RT @nakau1: 日米snow会談 https://t.co/tvxXUtbpTN
-1	RT @cynanyc: みんな溺れる東芝に冷たいけど、かつて東芝日曜劇場とサザエさんという国民的人気番組を一社提供で長年守ってくれたテレビ界の大恩人ということも忘れないでほしい。この2つの番組でどれだけ多くの日本人が月曜日を思い出して暗い気持ちになったか。いやそうじゃなくて。
1	RT @tsu_feet: (...聞こえますか...私は今あなたの心に直接語りかけています...京都旅行へは3/3から3/12の間に行くのです...東山エリアに宿をとって夜の花灯路を好きな人と2人で散策するのです...情緒と幻想に満ちた最高の京都で素敵な思い出が作れることでし…
1	RT @k_rafby: 社会人になって色々な趣味を模索したけど個人的なオススメは月に最低一度でもちょっと良いお店のランチの開拓すること。夜は高くてもランチだとお手頃な良いお店が多いし、コースだとそれなりに時間使うので達成感もご褒美感もある。お店を知っていると接待、飲み会、デー…
1	RT @badassceo: そこのモテたい男！筋トレしたらモテ期が2回くるよ！何もしなくても向こうから来るハーレム状態！ ①ジムで間違ったフォームで筋トレしてる人を見ると指導せずにいられないおじさんにモテる ②街中でガタイが良い人を見ると何の脈絡もなく「柔道？ラグビー？」と聞…
0	RT @PieroCrazy: 男性を信じられないという女性の相談内容をキレッキレの内容で論破する住職の回答 https://t.co/5EBKFjwRsL
0	RT @nitorisasami: https://t.co/CGZUeA8u3L
1	RT @papupapuriko: 実家との仲が良好で近い、世帯年収が1000万以上、妻側の会社の福利厚生がしっかりしててマタハラがない、夫が家事に協力的、これぐらい恵まれた条件がないと、働く女が東京で子育てに踏み切れないってハードモードすぎると、周りの話を聞いててつくづく思う
1	RT @papupapuriko: 結婚したい相手とはとりあえず旅行(できれば海外旅行)に一緒に行けばだいたいわかる。柔軟性、好奇心、ストレス耐性、サバイバル能力、リスク管理、金銭感覚、優先順位のつけ方、話し合いの態度、こういったものが一気に見える。そしてこれらはすべて結婚生活…
1	RT @koba31okm: 男女での海外旅行って、ほとんどの男は単に女へのサービスで行ってるんだろうに、そんなこともわからず偉そうに「好奇心」とか言っちゃってるのかなりヤバいだろ。
0	RT @jalannet: 【乃木坂温泉オリジナルグッズが当たる！】 「#VR乃木坂温泉」が付いた投稿をリツイート＆じゃらん公式アカウント（@jalannet）をフォローするだけ！詳細は→https://t.co/gMmuM8FBMP #乃木坂 https://t.co/cNO…
1	RT @cook_hideyoshi: 「仕事の報酬は仕事やで！」と言いながら社内出世を目指してバリバリやってる人にとって、会社の飲み会は「偉い人とのコネクションを得られる」という明確なメリットがあった。 一方で、「仕事の報酬はお賃金」と言って淡々と働いてる人にとっては、会社の…
-1	RT @noeta_n: 女「彼氏欲しい」 ぼく「友達にも恋人欲しいって人がいる」 女「どんな人？」 ぼく「背が低くて小太り、年齢は20半ばで年収は200万位、結婚したら働きたくないらしい」 女「なにそれｗｗｗｗ流石に無理だわｗｗｗｗ」 ぼく「お前やぞ」 女「」
1	RT @thankyoukurata: 120年ぶりに民法が改正される。 ・敷金が借り主に返される ・借りてる部屋が年月と共に変化しても綺麗にする義務がない ・契約の取り決めに消費者が一方的に損する項目があっても有効とならない みたいなことが明記される。騙されそうになったら「民…
1	RT @meguro_staff: 大阪のHOTEL MYTH BSにお伺いさせて頂きました。  部屋が綺麗とか、近鉄日本橋駅から近いとか、お伝えしたいことはあるのですが、何よりも値段があまりにも安くて驚きました。  大阪でラブホをお探しの方はぜひご利用下さいませ。  http…
1	RT @avshimiken: すごい商品みつけた！笑  人が自然とムラムラする匂い(フェロモン)を配合したミスト。  確かに…頭の中のエロカテゴリーに紐づけられている匂い！  相模ゴム工業 ALL YOU NEED IS LOVE ヒトフェロモン入り https://t.co…
0	RT @cook_hideyoshi: はてなブログに投稿しました #はてなブログ  エロ動画を淡々と紹介するMastodonインスタンス【マスタベドン】を作ってみた。 - 俺の遺言を聴いてほしい https://t.co/L0NCfqzdwA https://t.co/n8U…
1	RT @miochanp: withの佐々木希の結婚インタビューが素敵すぎる。なんか、私のような妬み嫉みで出来てる人間にも、すっっごい幸せ伝わってきた。 https://t.co/I8bVltrmgP
1	RT @kawauchi_co: 「週4時間だけ働く」著者のティムフェリスのTED、めちゃくちゃ勉強になった…。日本語を始め5ヶ国語を短期間で身に付けた方法、カナヅチが大人になってから泳げるようになった方法、とにかく再現性が高くて超効率的。これが無料で観られる幸せ… https…
0	RT @yasagi: 💰 これっくらいの 💰 お給料で 💰 電気代 水道代 💰 ちょいとガス代 💰 食費 家賃に 💰 源泉徴収 💰 住民税 💰 自動車税 💰 NHK 💰 自治会費 💰 元気だけど 保険料 💰 貰えないけど 年金
0	RT @gigandect: こんなの笑うでしょ… https://t.co/hlkfUcr1gK
1	RT @capital_u_: 結婚相手に望むことを列挙してみる ・大卒以上 ・優しい ・普通〜ぽっちゃり(＝ガリガリでない) ・私を楽しませて系女子でない ・僕は結構無口なのでそれを許容してくれる ・たまに贅沢な外食をしたいのでそれを許容してくれる ・共働き(実家が裕福で支援…
1	RT @george_10g: でも幸せならOKです https://t.co/uHvvcHAGWF
0	RT @hina_tann0011: 昨日美容部員さんとお話してて 「あなたお風呂上りは化粧水からつけてるでしょう？」って聞かれ、イエスと答えたら「乳液をたっぷりコットンにつけ、拭き取るようにクルクルまわしてから化粧水をつけなさい」といわれやってみたらこのザマ。前日にピーリング…
-1	RT @kazuo57: 女が付き合っちゃいけない３Bって、「美容師」「バンドマン」「バーテンダー」だと思ってたんだけど、「馬鹿」「貧乏」「暴力」って言われて衝撃受けてる。
1	RT @Kgo_Number10: &gt;キスしてすぐ舌を入れながらおっぱいを触って乳首いじって下に手を伸ばす、なんてセックスしてませんか？  はい、してました。  この素晴らしい論文を読んで、あらためて真摯にセックスに向き合いたいと思います。  https://t.co/S3We…
0	RT @takaratomytoys: ということで、今年もツイッター研修の一環として、新入社員にはツイッターのハトになりきってもらいました。ちゃんと理解できたコイからハトに進化できるという新システムを導入しました↓ https://t.co/jfXXlgDguK
-1	RT @cook_hideyoshi: ツイッターでは「テラス席なんて今時流行らない」とか「まずい飯食わされて萎え」とかたまに見ますが、男が結婚したくなる人って、 会社帰りに買った普通のケーキを喜んでくれたり、ベタな夜景に感動してくれたり、たまに花を買ったら記念写真を撮るような…
